timestamp_utc,exchange,symbol,oi,funding_rate,mark_price
2025-12-14T17:00:00+00:00,hyperliquid,SOL/USDC:USDC,3376945.540000001,1.19067e-05,129.745
2025-12-14T18:00:00+00:00,hyperliquid,SOL/USDC:USDC,3377866.14,-1.7562e-06,129.935
2025-12-14T19:00:00+00:00,hyperliquid,SOL/USDC:USDC,3388394.020000001,6.7047e-06,130.515
2025-12-14T20:00:00+00:00,hyperliquid,SOL/USDC:USDC,3393990.2800000017,-1.497e-06,130.175
2025-12-14T21:00:00+00:00,hyperliquid,SOL/USDC:USDC,3395637.1000000006,-6.2591e-06,129.885
2025-12-14T22:00:00+00:00,hyperliquid,SOL/USDC:USDC,3396659.5000000014,1.7838e-06,129.885
2025-12-14T23:00:00+00:00,hyperliquid,SOL/USDC:USDC,3384071.08,1.25e-05,130.195
2025-12-15T00:00:00+00:00,hyperliquid,SOL/USDC:USDC,3377356.160000001,1.07604e-05,129.675
2025-12-15T01:00:00+00:00,hyperliquid,SOL/USDC:USDC,3383433.3799999994,-5.956e-07,130.085
2025-12-15T02:00:00+00:00,hyperliquid,SOL/USDC:USDC,3382848.0399999996,8.2739e-06,131.235
2025-12-15T03:00:00+00:00,hyperliquid,SOL/USDC:USDC,3375743.920000003,-4.6359e-06,131.235
2025-12-15T04:00:00+00:00,hyperliquid,SOL/USDC:USDC,3381947.0399999996,5.7853e-06,131.135
2025-12-15T05:00:00+00:00,hyperliquid,SOL/USDC:USDC,3375264.86,1.25e-05,131.745
2025-12-15T06:00:00+00:00,hyperliquid,SOL/USDC:USDC,3397608.060000001,1.25e-05,131.945
2025-12-15T07:00:00+00:00,hyperliquid,SOL/USDC:USDC,3387041.6000000006,1.25e-05,132.585
2025-12-15T08:00:00+00:00,hyperliquid,SOL/USDC:USDC,3389067.700000001,7.9874e-06,132.225
2025-12-15T09:00:00+00:00,hyperliquid,SOL/USDC:USDC,3392228.620000001,1.11609e-05,132.275
2025-12-15T10:00:00+00:00,hyperliquid,SOL/USDC:USDC,3384395.6800000006,1.25e-05,132.695
2025-12-15T11:00:00+00:00,hyperliquid,SOL/USDC:USDC,3406132.08,1.09671e-05,132.475
2025-12-15T12:00:00+00:00,hyperliquid,SOL/USDC:USDC,3431597.0000000005,1.25e-05,132.145
2025-12-15T13:00:00+00:00,hyperliquid,SOL/USDC:USDC,3421938.02,1.25e-05,132.775
2025-12-15T14:00:00+00:00,hyperliquid,SOL/USDC:USDC,3413659.22,1.25e-05,132.785
2025-12-15T15:00:00+00:00,hyperliquid,SOL/USDC:USDC,3426920.9600000046,-6.3937e-06,130.005
2025-12-15T16:00:00+00:00,hyperliquid,SOL/USDC:USDC,3419564.0599999977,1.25e-05,126.615
2025-12-15T17:00:00+00:00,hyperliquid,SOL/USDC:USDC,3469690.2000000007,1.25e-05,126.565
2025-12-15T18:00:00+00:00,hyperliquid,SOL/USDC:USDC,3532702.7199999997,4.7875e-06,124.935
2025-12-15T19:00:00+00:00,hyperliquid,SOL/USDC:USDC,3566278.399999999,1.25e-05,125.115
2025-12-15T20:00:00+00:00,hyperliquid,SOL/USDC:USDC,3609102.5799999973,1.25e-05,124.495
2025-12-15T21:00:00+00:00,hyperliquid,SOL/USDC:USDC,3634644.959999998,1.25e-05,125.095
2025-12-15T22:00:00+00:00,hyperliquid,SOL/USDC:USDC,3625831.42,1.22713e-05,125.745
2025-12-15T23:00:00+00:00,hyperliquid,SOL/USDC:USDC,3618801.1199999987,1.25e-05,126.305
2025-12-16T00:00:00+00:00,hyperliquid,SOL/USDC:USDC,3625543.8199999984,9.1621e-06,127.505
2025-12-16T01:00:00+00:00,hyperliquid,SOL/USDC:USDC,3586678.6200000024,5.3202e-06,126.005
2025-12-16T02:00:00+00:00,hyperliquid,SOL/USDC:USDC,3549019.2800000007,1.25e-05,126.335
2025-12-16T03:00:00+00:00,hyperliquid,SOL/USDC:USDC,3547748.2599999993,1.25e-05,126.655
2025-12-16T04:00:00+00:00,hyperliquid,SOL/USDC:USDC,3546977.279999999,1.22274e-05,126.535
2025-12-16T05:00:00+00:00,hyperliquid,SOL/USDC:USDC,3505674.3000000003,1.25e-05,126.185
2025-12-16T06:00:00+00:00,hyperliquid,SOL/USDC:USDC,3489055.02,1.25e-05,126.305
2025-12-16T07:00:00+00:00,hyperliquid,SOL/USDC:USDC,3488848.000000001,5.6166e-06,127.305
2025-12-16T08:00:00+00:00,hyperliquid,SOL/USDC:USDC,3492004.7999999993,5.3271e-06,125.525
2025-12-16T09:00:00+00:00,hyperliquid,SOL/USDC:USDC,3483833.26,-1.5978e-06,125.84
2025-12-16T10:00:00+00:00,hyperliquid,SOL/USDC:USDC,3490208.18,-1.51457e-05,126.175
2025-12-16T11:00:00+00:00,hyperliquid,SOL/USDC:USDC,3541936.8799999994,1.25e-05,128.38
2025-12-16T12:00:00+00:00,hyperliquid,SOL/USDC:USDC,3550859.0999999987,1.25e-05,128.605
2025-12-16T13:00:00+00:00,hyperliquid,SOL/USDC:USDC,3563980.160000001,1.25e-05,128.435
2025-12-16T14:00:00+00:00,hyperliquid,SOL/USDC:USDC,3548812.4800000014,1.25e-05,127.555
2025-12-16T15:00:00+00:00,hyperliquid,SOL/USDC:USDC,3565260.9799999995,1.8847e-06,128.685
2025-12-16T16:00:00+00:00,hyperliquid,SOL/USDC:USDC,3540698.580000002,1.25e-05,129.545
2025-12-16T17:00:00+00:00,hyperliquid,SOL/USDC:USDC,3540012.98,1.25e-05,128.225
2025-12-16T18:00:00+00:00,hyperliquid,SOL/USDC:USDC,3520312.14,5.2192e-06,127.235
2025-12-16T19:00:00+00:00,hyperliquid,SOL/USDC:USDC,3536688.720000002,1.25e-05,127.785
2025-12-16T20:00:00+00:00,hyperliquid,SOL/USDC:USDC,3521511.679999999,1.25e-05,127.735
2025-12-16T21:00:00+00:00,hyperliquid,SOL/USDC:USDC,3542066.3199999994,-7.8411e-06,128.265
2025-12-16T22:00:00+00:00,hyperliquid,SOL/USDC:USDC,3552634.7599999984,1.25e-05,128.875
2025-12-16T23:00:00+00:00,hyperliquid,SOL/USDC:USDC,3556993.32,-4.4414e-06,128.405
2025-12-17T00:00:00+00:00,hyperliquid,SOL/USDC:USDC,3535080.440000001,9.8931e-06,128.835
2025-12-17T01:00:00+00:00,hyperliquid,SOL/USDC:USDC,3532623.22,1.25e-05,128.805
2025-12-17T02:00:00+00:00,hyperliquid,SOL/USDC:USDC,3511177.8000000007,-4.6702e-06,129.145
2025-12-17T03:00:00+00:00,hyperliquid,SOL/USDC:USDC,3538413.6199999996,1.25e-05,129.435
2025-12-17T04:00:00+00:00,hyperliquid,SOL/USDC:USDC,3497201.8200000003,4.4367e-06,128.235
2025-12-17T05:00:00+00:00,hyperliquid,SOL/USDC:USDC,3503125.0599999996,2.1754e-06,127.665
2025-12-17T06:00:00+00:00,hyperliquid,SOL/USDC:USDC,3488118.6,1.5537e-06,127.575
2025-12-17T07:00:00+00:00,hyperliquid,SOL/USDC:USDC,3502206.940000001,1.25e-05,127.785
2025-12-17T08:00:00+00:00,hyperliquid,SOL/USDC:USDC,3504100.24,4.5207e-06,127.995
2025-12-17T09:00:00+00:00,hyperliquid,SOL/USDC:USDC,3484405.6200000006,1.25e-05,126.875
2025-12-17T12:00:00+00:00,hyperliquid,SOL/USDC:USDC,3458733.8800000004,7.4614e-06,127.685
2025-12-17T13:00:00+00:00,hyperliquid,SOL/USDC:USDC,3436631.1600000006,2.902e-06,127.935
2025-12-17T14:00:00+00:00,hyperliquid,SOL/USDC:USDC,3442614.5799999996,1.25e-05,129.295
2025-12-17T15:00:00+00:00,hyperliquid,SOL/USDC:USDC,3412534.740000001,-2.1453e-06,132.14
2025-12-17T16:00:00+00:00,hyperliquid,SOL/USDC:USDC,3343510.5600000015,1.02141e-05,127.195
2025-12-17T17:00:00+00:00,hyperliquid,SOL/USDC:USDC,3378165.5600000015,9.6633e-06,125.015
2025-12-17T18:00:00+00:00,hyperliquid,SOL/USDC:USDC,3443318.620000001,-1.8567e-05,123.225
2025-12-17T19:00:00+00:00,hyperliquid,SOL/USDC:USDC,3446980.759999999,-1.07921e-05,121.885
2025-12-17T20:00:00+00:00,hyperliquid,SOL/USDC:USDC,3489731.439999999,4.025e-07,122.395
2025-12-17T21:00:00+00:00,hyperliquid,SOL/USDC:USDC,3429780.9800000014,-1.719e-07,122.945
2025-12-17T22:00:00+00:00,hyperliquid,SOL/USDC:USDC,3454792.6399999997,-8.8039e-06,122.265
2025-12-17T23:00:00+00:00,hyperliquid,SOL/USDC:USDC,3463307.74,4.7241e-06,123.295
2025-12-18T00:00:00+00:00,hyperliquid,SOL/USDC:USDC,3422045.36,-1.46811e-05,123.115
2025-12-18T01:00:00+00:00,hyperliquid,SOL/USDC:USDC,3416864.760000002,-6.707e-06,123.425
2025-12-18T02:00:00+00:00,hyperliquid,SOL/USDC:USDC,3411172.2200000007,5.2617e-06,123.125
2025-12-18T03:00:00+00:00,hyperliquid,SOL/USDC:USDC,3422202.1999999997,-1.22132e-05,123.505
2025-12-18T04:00:00+00:00,hyperliquid,SOL/USDC:USDC,3433877.3200000008,1.25e-05,123.835
2025-12-18T05:00:00+00:00,hyperliquid,SOL/USDC:USDC,3437211.8000000007,1.25e-05,123.505
2025-12-18T06:00:00+00:00,hyperliquid,SOL/USDC:USDC,3452221.7000000007,-6.532e-06,122.225
2025-12-18T07:00:00+00:00,hyperliquid,SOL/USDC:USDC,3449032.8800000004,1.16256e-05,122.955
2025-12-18T08:00:00+00:00,hyperliquid,SOL/USDC:USDC,3450951.6599999997,6.2063e-06,122.695
2025-12-18T09:00:00+00:00,hyperliquid,SOL/USDC:USDC,3449340.7800000003,-6.2744e-06,122.925
2025-12-18T10:00:00+00:00,hyperliquid,SOL/USDC:USDC,3448448.0599999996,-1.12336e-05,123.545
2025-12-18T11:00:00+00:00,hyperliquid,SOL/USDC:USDC,3511628.6400000006,-8.562e-06,123.785
2025-12-18T12:00:00+00:00,hyperliquid,SOL/USDC:USDC,3510493.3199999994,1.25e-05,124.155
2025-12-18T13:00:00+00:00,hyperliquid,SOL/USDC:USDC,3508798.6799999992,1.19311e-05,124.115
2025-12-18T14:00:00+00:00,hyperliquid,SOL/USDC:USDC,3539584.08,1.25e-05,126.995
2025-12-18T15:00:00+00:00,hyperliquid,SOL/USDC:USDC,3640719.6399999997,-5.404e-07,125.915
2025-12-18T16:00:00+00:00,hyperliquid,SOL/USDC:USDC,3670631.2399999998,5.787e-06,127.265
2025-12-18T17:00:00+00:00,hyperliquid,SOL/USDC:USDC,3569831.8200000008,-3.313e-06,126.425
2025-12-18T18:00:00+00:00,hyperliquid,SOL/USDC:USDC,3507331.940000002,6.6952e-06,122.975
2025-12-18T19:00:00+00:00,hyperliquid,SOL/USDC:USDC,3507117.96,-3.1275e-05,121.245
2025-12-18T20:00:00+00:00,hyperliquid,SOL/USDC:USDC,3768236.5599999977,-3.10608e-05,118.045
2025-12-18T21:00:00+00:00,hyperliquid,SOL/USDC:USDC,3801295.9399999995,1.4299e-06,117.915
2025-12-18T22:00:00+00:00,hyperliquid,SOL/USDC:USDC,3578348.540000001,5.7884e-06,119.675
2025-12-18T23:00:00+00:00,hyperliquid,SOL/USDC:USDC,3584531.6200000015,9.0796e-06,119.685
2025-12-19T00:00:00+00:00,hyperliquid,SOL/USDC:USDC,3550809.6400000006,1.25e-05,119.515
2025-12-19T01:00:00+00:00,hyperliquid,SOL/USDC:USDC,3544142.4,6.0079e-06,118.265
2025-12-19T02:00:00+00:00,hyperliquid,SOL/USDC:USDC,3535764.0400000014,1.25e-05,118.185
2025-12-19T03:00:00+00:00,hyperliquid,SOL/USDC:USDC,3564148.380000001,1.25e-05,119.005
2025-12-19T04:00:00+00:00,hyperliquid,SOL/USDC:USDC,3502340.620000003,1.25e-05,121.785
2025-12-19T05:00:00+00:00,hyperliquid,SOL/USDC:USDC,3525462.5400000005,1.25e-05,122.435
2025-12-19T06:00:00+00:00,hyperliquid,SOL/USDC:USDC,3521275.8400000003,1.25e-05,122.535
2025-12-19T07:00:00+00:00,hyperliquid,SOL/USDC:USDC,3522373.0200000014,1.25e-05,123.775
2025-12-19T08:00:00+00:00,hyperliquid,SOL/USDC:USDC,3509156.1800000016,1.25e-05,124.475
2025-12-19T09:00:00+00:00,hyperliquid,SOL/USDC:USDC,3482609.0800000005,1.25e-05,124.735
2025-12-19T10:00:00+00:00,hyperliquid,SOL/USDC:USDC,3448617.6,1.25e-05,124.685
2025-12-19T11:00:00+00:00,hyperliquid,SOL/USDC:USDC,3466903.36,1.25e-05,124.685
2025-12-19T12:00:00+00:00,hyperliquid,SOL/USDC:USDC,3522432.259999999,1.25e-05,125.285
2025-12-19T13:00:00+00:00,hyperliquid,SOL/USDC:USDC,3519887.4,1.25e-05,125.895
2025-12-19T14:00:00+00:00,hyperliquid,SOL/USDC:USDC,3530702.639999999,1.25e-05,125.795
2025-12-19T15:00:00+00:00,hyperliquid,SOL/USDC:USDC,3501601.8199999994,1.23913e-05,126.005
2025-12-19T16:00:00+00:00,hyperliquid,SOL/USDC:USDC,3491410.5200000005,4.5295e-06,125.075
2025-12-19T17:00:00+00:00,hyperliquid,SOL/USDC:USDC,3652757.099999999,-9.2614e-06,125.195
2025-12-19T18:00:00+00:00,hyperliquid,SOL/USDC:USDC,3602522.8599999985,5.0594e-06,123.715
2025-12-19T19:00:00+00:00,hyperliquid,SOL/USDC:USDC,3480569.759999998,1.25e-05,124.845
2025-12-19T20:00:00+00:00,hyperliquid,SOL/USDC:USDC,3502429.540000001,1.25e-05,126.275
2025-12-19T21:00:00+00:00,hyperliquid,SOL/USDC:USDC,3503282.7400000007,1.25e-05,127.155
2025-12-19T22:00:00+00:00,hyperliquid,SOL/USDC:USDC,3498959.0799999996,1.25e-05,126.945
2025-12-19T23:00:00+00:00,hyperliquid,SOL/USDC:USDC,3454520.1800000006,1.25e-05,126.695
2025-12-20T00:00:00+00:00,hyperliquid,SOL/USDC:USDC,3444732.5,1.25e-05,126.285
2025-12-20T01:00:00+00:00,hyperliquid,SOL/USDC:USDC,3571699.84,1.25e-05,125.765
2025-12-20T02:00:00+00:00,hyperliquid,SOL/USDC:USDC,3613468.379999999,1.25e-05,125.405
2025-12-20T03:00:00+00:00,hyperliquid,SOL/USDC:USDC,3595664.26,1.25e-05,125.825
2025-12-20T04:00:00+00:00,hyperliquid,SOL/USDC:USDC,3600013.1999999997,1.25e-05,126.225
2025-12-20T05:00:00+00:00,hyperliquid,SOL/USDC:USDC,3593461.579999999,1.2419e-05,126.175
2025-12-20T06:00:00+00:00,hyperliquid,SOL/USDC:USDC,3592678.5000000005,1.25e-05,126.315
2025-12-20T07:00:00+00:00,hyperliquid,SOL/USDC:USDC,3591659.4800000004,1.25e-05,126.265
2025-12-20T08:00:00+00:00,hyperliquid,SOL/USDC:USDC,3594635.2599999984,1.25e-05,126.175
2025-12-20T09:00:00+00:00,hyperliquid,SOL/USDC:USDC,3632781.0799999996,1.25e-05,126.475
2025-12-20T10:00:00+00:00,hyperliquid,SOL/USDC:USDC,3629474.5399999996,1.25e-05,126.265
2025-12-20T11:00:00+00:00,hyperliquid,SOL/USDC:USDC,3631007.14,1.25e-05,125.945
2025-12-20T12:00:00+00:00,hyperliquid,SOL/USDC:USDC,3718377.32,1.25e-05,126.415
2025-12-20T13:00:00+00:00,hyperliquid,SOL/USDC:USDC,3727544.1999999997,1.25e-05,126.275
2025-12-20T14:00:00+00:00,hyperliquid,SOL/USDC:USDC,3705808.0599999996,1.25e-05,126.005
2025-12-20T15:00:00+00:00,hyperliquid,SOL/USDC:USDC,3707330.6399999997,1.25e-05,126.315
2025-12-20T16:00:00+00:00,hyperliquid,SOL/USDC:USDC,3697185.2399999998,1.25e-05,126.465
2025-12-20T17:00:00+00:00,hyperliquid,SOL/USDC:USDC,3708252.7800000003,1.25e-05,126.245
2025-12-20T18:00:00+00:00,hyperliquid,SOL/USDC:USDC,3711956.580000001,1.25e-05,126.015
2025-12-20T19:00:00+00:00,hyperliquid,SOL/USDC:USDC,3714825.9800000014,1.25e-05,125.855
2025-12-20T20:00:00+00:00,hyperliquid,SOL/USDC:USDC,3719508.52,1.25e-05,126.015
2025-12-20T21:00:00+00:00,hyperliquid,SOL/USDC:USDC,3719014.3799999994,1.25e-05,126.415
2025-12-20T22:00:00+00:00,hyperliquid,SOL/USDC:USDC,3718921.7800000007,1.25e-05,126.305
2025-12-20T23:00:00+00:00,hyperliquid,SOL/USDC:USDC,3624596.480000001,1.25e-05,126.015
2025-12-21T00:00:00+00:00,hyperliquid,SOL/USDC:USDC,3643868.0600000005,1.25e-05,125.735
2025-12-21T01:00:00+00:00,hyperliquid,SOL/USDC:USDC,3643161.14,1.25e-05,125.905
2025-12-21T02:00:00+00:00,hyperliquid,SOL/USDC:USDC,3584398.259999999,6.0374e-06,124.885
2025-12-21T03:00:00+00:00,hyperliquid,SOL/USDC:USDC,3538467.78,1.25e-05,124.825
2025-12-21T04:00:00+00:00,hyperliquid,SOL/USDC:USDC,3534842.9399999995,9.8359e-06,125.195
2025-12-21T05:00:00+00:00,hyperliquid,SOL/USDC:USDC,3535134.12,1.25e-05,125.045
2025-12-21T06:00:00+00:00,hyperliquid,SOL/USDC:USDC,3534108.7400000007,1.25e-05,125.205
2025-12-21T07:00:00+00:00,hyperliquid,SOL/USDC:USDC,3530975.42,1.25e-05,125.295
2025-12-21T08:00:00+00:00,hyperliquid,SOL/USDC:USDC,3530952.0200000005,9.7908e-06,125.205
2025-12-21T09:00:00+00:00,hyperliquid,SOL/USDC:USDC,3524437.9000000013,1.25e-05,125.625
2025-12-21T10:00:00+00:00,hyperliquid,SOL/USDC:USDC,3531513.9599999986,6.35e-06,126.325
2025-12-21T11:00:00+00:00,hyperliquid,SOL/USDC:USDC,3632018.3600000013,1.25e-05,125.665
2025-12-21T12:00:00+00:00,hyperliquid,SOL/USDC:USDC,3645932.2,1.25e-05,125.445
2025-12-21T13:00:00+00:00,hyperliquid,SOL/USDC:USDC,3650897.800000001,1.25e-05,125.405
2025-12-21T14:00:00+00:00,hyperliquid,SOL/USDC:USDC,3667338.34,1.25e-05,123.795
2025-12-21T15:00:00+00:00,hyperliquid,SOL/USDC:USDC,3693963.12,1.25e-05,124.305
2025-12-21T16:00:00+00:00,hyperliquid,SOL/USDC:USDC,3702982.060000002,1.25e-05,125.075
2025-12-21T17:00:00+00:00,hyperliquid,SOL/USDC:USDC,3603926.06,-9.5697e-06,125.415
2025-12-21T18:00:00+00:00,hyperliquid,SOL/USDC:USDC,3592703.5399999996,5.0302e-06,125.135
2025-12-21T19:00:00+00:00,hyperliquid,SOL/USDC:USDC,3607006.62,1.25e-05,125.385
2025-12-21T20:00:00+00:00,hyperliquid,SOL/USDC:USDC,3585603.7600000007,2.6337e-06,125.615
2025-12-21T21:00:00+00:00,hyperliquid,SOL/USDC:USDC,3578806.6,8.7293e-06,125.065
2025-12-21T22:00:00+00:00,hyperliquid,SOL/USDC:USDC,3575647.4800000004,2.4149e-06,124.755
2025-12-21T23:00:00+00:00,hyperliquid,SOL/USDC:USDC,3611934.9800000023,1.25e-05,125.995
2025-12-22T00:00:00+00:00,hyperliquid,SOL/USDC:USDC,3605276.9799999995,9.9748e-06,125.995
2025-12-22T01:00:00+00:00,hyperliquid,SOL/USDC:USDC,3579391.68,3.8054e-06,126.515
2025-12-22T02:00:00+00:00,hyperliquid,SOL/USDC:USDC,3561652.0400000014,7.0671e-06,125.875
2025-12-22T03:00:00+00:00,hyperliquid,SOL/USDC:USDC,3581010.7799999993,1.25e-05,125.205
2025-12-22T04:00:00+00:00,hyperliquid,SOL/USDC:USDC,3587219.1600000006,1.25e-05,126.025
2025-12-22T05:00:00+00:00,hyperliquid,SOL/USDC:USDC,3578765.8999999994,9.0497e-06,126.485
2025-12-22T06:00:00+00:00,hyperliquid,SOL/USDC:USDC,3577925.3800000004,9.4976e-06,126.125
2025-12-22T07:00:00+00:00,hyperliquid,SOL/USDC:USDC,3567890.3600000003,-1.3578e-06,125.815
2025-12-22T08:00:00+00:00,hyperliquid,SOL/USDC:USDC,3565559.1199999996,2.4422e-06,126.435
2025-12-22T09:00:00+00:00,hyperliquid,SOL/USDC:USDC,3581087.86,6.6025e-06,125.645
2025-12-22T10:00:00+00:00,hyperliquid,SOL/USDC:USDC,3568699.9200000004,1.05202e-05,126.015
2025-12-22T11:00:00+00:00,hyperliquid,SOL/USDC:USDC,3568949.580000001,1.25e-05,126.735
2025-12-22T12:00:00+00:00,hyperliquid,SOL/USDC:USDC,3556082.020000001,1.25e-05,127.005
2025-12-22T13:00:00+00:00,hyperliquid,SOL/USDC:USDC,3562561.52,7.7606e-06,126.905
2025-12-22T14:00:00+00:00,hyperliquid,SOL/USDC:USDC,3599481.3000000003,1.2786e-06,127.035
2025-12-22T15:00:00+00:00,hyperliquid,SOL/USDC:USDC,3629935.3,-6.483e-06,127.685
2025-12-22T16:00:00+00:00,hyperliquid,SOL/USDC:USDC,3606805.2000000007,9.3778e-06,128.115
2025-12-22T17:00:00+00:00,hyperliquid,SOL/USDC:USDC,3613954.14,1.22761e-05,127.135
2025-12-22T18:00:00+00:00,hyperliquid,SOL/USDC:USDC,3617464.74,1.25e-05,127.005
2025-12-22T19:00:00+00:00,hyperliquid,SOL/USDC:USDC,3618526.879999999,-1.06977e-05,126.395
2025-12-22T20:00:00+00:00,hyperliquid,SOL/USDC:USDC,3756968.72,-2.47839e-05,124.755
2025-12-22T21:00:00+00:00,hyperliquid,SOL/USDC:USDC,3748497.2399999998,-1.98232e-05,124.335
2025-12-22T22:00:00+00:00,hyperliquid,SOL/USDC:USDC,3724302.2600000007,-2.09114e-05,125.085
2025-12-22T23:00:00+00:00,hyperliquid,SOL/USDC:USDC,3712151.159999999,-1.6838e-05,125.605
2025-12-23T00:00:00+00:00,hyperliquid,SOL/USDC:USDC,3734840.6999999983,1.7161e-06,125.735
2025-12-23T01:00:00+00:00,hyperliquid,SOL/USDC:USDC,3744627.5799999996,-1.06807e-05,126.485
2025-12-23T02:00:00+00:00,hyperliquid,SOL/USDC:USDC,3776966.76,-1.7045e-06,126.125
2025-12-23T03:00:00+00:00,hyperliquid,SOL/USDC:USDC,3786912.0000000005,1.25e-05,125.585
2025-12-23T04:00:00+00:00,hyperliquid,SOL/USDC:USDC,3752822.479999999,5.1831e-06,125.505
2025-12-23T05:00:00+00:00,hyperliquid,SOL/USDC:USDC,3747308.92,-1.9544e-06,125.395
2025-12-23T06:00:00+00:00,hyperliquid,SOL/USDC:USDC,3764523.0399999996,6.6072e-06,124.895
2025-12-23T07:00:00+00:00,hyperliquid,SOL/USDC:USDC,3767900.480000001,7.3122e-06,124.345
2025-12-23T08:00:00+00:00,hyperliquid,SOL/USDC:USDC,3700205.400000001,-3.8989e-06,124.145
2025-12-23T09:00:00+00:00,hyperliquid,SOL/USDC:USDC,3704807.879999999,-1.21173e-05,124.23
2025-12-23T10:00:00+00:00,hyperliquid,SOL/USDC:USDC,3707520.539999999,-1.2239e-06,124.085
2025-12-23T11:00:00+00:00,hyperliquid,SOL/USDC:USDC,3697809.779999999,5.078e-07,124.735
2025-12-23T12:00:00+00:00,hyperliquid,SOL/USDC:USDC,3731422.6600000006,6.7205e-06,124.645
2025-12-23T13:00:00+00:00,hyperliquid,SOL/USDC:USDC,3719683.92,4.1386e-06,124.105
2025-12-23T14:00:00+00:00,hyperliquid,SOL/USDC:USDC,3708872.84,-1.00548e-05,123.305
2025-12-23T15:00:00+00:00,hyperliquid,SOL/USDC:USDC,3718158.0599999977,1.3936e-06,122.675
2025-12-23T16:00:00+00:00,hyperliquid,SOL/USDC:USDC,3712125.9999999995,-5.7034e-06,122.975
2025-12-23T17:00:00+00:00,hyperliquid,SOL/USDC:USDC,3695637.519999998,2.8835e-06,124.535
2025-12-23T18:00:00+00:00,hyperliquid,SOL/USDC:USDC,3709786.3,9.8845e-06,123.07
2025-12-23T19:00:00+00:00,hyperliquid,SOL/USDC:USDC,3744587.7399999993,1.25e-05,123.915
2025-12-23T20:00:00+00:00,hyperliquid,SOL/USDC:USDC,3693763.26,5.2027e-06,123.845
2025-12-23T21:00:00+00:00,hyperliquid,SOL/USDC:USDC,3601338.7599999993,-1.30132e-05,124.335
2025-12-23T22:00:00+00:00,hyperliquid,SOL/USDC:USDC,3576617.2200000007,6.8811e-06,124.195
2025-12-23T23:00:00+00:00,hyperliquid,SOL/USDC:USDC,3559968.3,-4.6257e-06,123.525
2025-12-24T00:00:00+00:00,hyperliquid,SOL/USDC:USDC,3607389.8600000003,-2.455e-07,124.155
2025-12-24T01:00:00+00:00,hyperliquid,SOL/USDC:USDC,3625038.54,2.8261e-06,123.835
2025-12-24T02:00:00+00:00,hyperliquid,SOL/USDC:USDC,3628444.3,-3.8012e-06,122.995
2025-12-24T03:00:00+00:00,hyperliquid,SOL/USDC:USDC,3640967.879999998,-8.4046e-06,122.175
2025-12-24T04:00:00+00:00,hyperliquid,SOL/USDC:USDC,3628948.7399999993,-1.4993e-06,122.585
2025-12-24T05:00:00+00:00,hyperliquid,SOL/USDC:USDC,3618030.76,-1.6902e-06,121.715
2025-12-24T06:00:00+00:00,hyperliquid,SOL/USDC:USDC,3617248.86,-1.14736e-05,121.425
2025-12-24T07:00:00+00:00,hyperliquid,SOL/USDC:USDC,3648261.6,8.84e-07,121.565
2025-12-24T08:00:00+00:00,hyperliquid,SOL/USDC:USDC,3676210.4599999995,-1.0136e-06,121.405
2025-12-24T09:00:00+00:00,hyperliquid,SOL/USDC:USDC,3674382.5199999996,5.0948e-06,121.565
2025-12-24T10:00:00+00:00,hyperliquid,SOL/USDC:USDC,3606446.2600000007,1.25e-05,121.405
2025-12-24T11:00:00+00:00,hyperliquid,SOL/USDC:USDC,3550022.5199999996,1.25e-05,121.845
2025-12-24T12:00:00+00:00,hyperliquid,SOL/USDC:USDC,3490922.220000001,1.25e-05,121.985
2025-12-24T13:00:00+00:00,hyperliquid,SOL/USDC:USDC,3484340.6000000015,1.25e-05,122.325
2025-12-24T14:00:00+00:00,hyperliquid,SOL/USDC:USDC,3453662.2400000007,1.25e-05,122.065
2025-12-24T15:00:00+00:00,hyperliquid,SOL/USDC:USDC,3436459.179999999,1.25e-05,121.665
2025-12-24T16:00:00+00:00,hyperliquid,SOL/USDC:USDC,3480116.6999999997,1.25e-05,122.735
2025-12-24T17:00:00+00:00,hyperliquid,SOL/USDC:USDC,3432401.7600000002,1.25e-05,122.745
2025-12-24T18:00:00+00:00,hyperliquid,SOL/USDC:USDC,3432221.2799999993,1.25e-05,122.005
2025-12-24T19:00:00+00:00,hyperliquid,SOL/USDC:USDC,3427513.479999999,1.25e-05,122.355
2025-12-24T20:00:00+00:00,hyperliquid,SOL/USDC:USDC,3422368.0399999996,1.25e-05,122.875
2025-12-24T21:00:00+00:00,hyperliquid,SOL/USDC:USDC,3453432.7200000007,1.25e-05,122.785
2025-12-24T22:00:00+00:00,hyperliquid,SOL/USDC:USDC,3453527.98,1.25e-05,122.995
2025-12-24T23:00:00+00:00,hyperliquid,SOL/USDC:USDC,3501764.320000001,1.25e-05,123.185
2025-12-25T00:00:00+00:00,hyperliquid,SOL/USDC:USDC,3526192.1199999996,1.25e-05,122.395
2025-12-25T01:00:00+00:00,hyperliquid,SOL/USDC:USDC,3501790.380000001,1.25e-05,122.245
2025-12-25T02:00:00+00:00,hyperliquid,SOL/USDC:USDC,3501439.520000001,1.25e-05,122.585
2025-12-25T03:00:00+00:00,hyperliquid,SOL/USDC:USDC,3495137.4999999995,1.25e-05,122.985
2025-12-25T04:00:00+00:00,hyperliquid,SOL/USDC:USDC,3493146.66,1.25e-05,122.725
2025-12-25T05:00:00+00:00,hyperliquid,SOL/USDC:USDC,3493870.100000001,1.25e-05,122.665
2025-12-25T06:00:00+00:00,hyperliquid,SOL/USDC:USDC,3497231.3,1.25e-05,122.375
2025-12-25T07:00:00+00:00,hyperliquid,SOL/USDC:USDC,3493014.5999999996,1.25e-05,122.455
2025-12-25T08:00:00+00:00,hyperliquid,SOL/USDC:USDC,3496032.9000000004,1.25e-05,122.275
2025-12-25T09:00:00+00:00,hyperliquid,SOL/USDC:USDC,3447459.5600000005,1.25e-05,122.065
2025-12-25T10:00:00+00:00,hyperliquid,SOL/USDC:USDC,3446455.4200000004,1.25e-05,122.065
2025-12-25T11:00:00+00:00,hyperliquid,SOL/USDC:USDC,3427419.7000000007,1.25e-05,121.545
2025-12-25T12:00:00+00:00,hyperliquid,SOL/USDC:USDC,3420720.76,1.25e-05,121.615
2025-12-25T13:00:00+00:00,hyperliquid,SOL/USDC:USDC,3427037.6999999997,1.25e-05,121.985
2025-12-25T14:00:00+00:00,hyperliquid,SOL/USDC:USDC,3437435.9200000004,1.25e-05,122.025
2025-12-25T15:00:00+00:00,hyperliquid,SOL/USDC:USDC,3440949.12,1.25e-05,122.075
2025-12-25T16:00:00+00:00,hyperliquid,SOL/USDC:USDC,3780509.4799999995,1.25e-05,123.795
2025-12-25T17:00:00+00:00,hyperliquid,SOL/USDC:USDC,3775924.3000000007,1.25e-05,123.595
2025-12-25T18:00:00+00:00,hyperliquid,SOL/USDC:USDC,3756929.38,1.25e-05,123.325
2025-12-25T19:00:00+00:00,hyperliquid,SOL/USDC:USDC,3738685.28,1.25e-05,124.045
2025-12-25T20:00:00+00:00,hyperliquid,SOL/USDC:USDC,3731937.8199999994,1.25e-05,123.495
2025-12-25T21:00:00+00:00,hyperliquid,SOL/USDC:USDC,3736015.4999999995,1.25e-05,123.295
2025-12-25T22:00:00+00:00,hyperliquid,SOL/USDC:USDC,3751166.94,1.25e-05,123.375
2025-12-25T23:00:00+00:00,hyperliquid,SOL/USDC:USDC,3666686.300000002,1.25e-05,121.515
2025-12-26T00:00:00+00:00,hyperliquid,SOL/USDC:USDC,3774562.799999999,1.25e-05,119.965
2025-12-26T01:00:00+00:00,hyperliquid,SOL/USDC:USDC,3842850.079999999,1.25e-05,120.315
2025-12-26T02:00:00+00:00,hyperliquid,SOL/USDC:USDC,3924059.1400000006,1.25e-05,120.875
2025-12-26T03:00:00+00:00,hyperliquid,SOL/USDC:USDC,3771235.9399999995,1.25e-05,123.505
2025-12-26T04:00:00+00:00,hyperliquid,SOL/USDC:USDC,3690777.8400000012,1.25e-05,122.295
2025-12-26T05:00:00+00:00,hyperliquid,SOL/USDC:USDC,3688538.3599999994,1.25e-05,122.785
2025-12-26T06:00:00+00:00,hyperliquid,SOL/USDC:USDC,3693684.04,1.25e-05,123.305
2025-12-26T07:00:00+00:00,hyperliquid,SOL/USDC:USDC,3667694.4999999995,1.25e-05,123.515
2025-12-26T08:00:00+00:00,hyperliquid,SOL/USDC:USDC,3671105.239999999,1.25e-05,122.895
2025-12-26T09:00:00+00:00,hyperliquid,SOL/USDC:USDC,3627684.0000000005,1.25e-05,122.655
2025-12-26T10:00:00+00:00,hyperliquid,SOL/USDC:USDC,3620918.7399999993,1.25e-05,123.72
2025-12-26T11:00:00+00:00,hyperliquid,SOL/USDC:USDC,3635350.099999999,1.25e-05,123.685
2025-12-26T12:00:00+00:00,hyperliquid,SOL/USDC:USDC,3638467.3200000008,1.25e-05,123.855
2025-12-26T13:00:00+00:00,hyperliquid,SOL/USDC:USDC,3631323.3400000003,1.25e-05,123.935
2025-12-26T14:00:00+00:00,hyperliquid,SOL/USDC:USDC,3613435.7799999975,1.25e-05,124.745
2025-12-26T15:00:00+00:00,hyperliquid,SOL/USDC:USDC,3743982.2800000003,-3.28122e-05,121.135
2025-12-26T16:00:00+00:00,hyperliquid,SOL/USDC:USDC,3656618.5599999996,1.25e-05,121.705
2025-12-26T17:00:00+00:00,hyperliquid,SOL/USDC:USDC,3669422.4000000004,1.25e-05,121.365
2025-12-26T18:00:00+00:00,hyperliquid,SOL/USDC:USDC,3666217.3199999994,1.25e-05,121.945
2025-12-26T19:00:00+00:00,hyperliquid,SOL/USDC:USDC,3647217.1999999997,1.25e-05,122.045
2025-12-26T20:00:00+00:00,hyperliquid,SOL/USDC:USDC,3640333.1200000006,1.25e-05,122.235
2025-12-26T21:00:00+00:00,hyperliquid,SOL/USDC:USDC,3622493.7199999997,1.25e-05,122.465
2025-12-26T22:00:00+00:00,hyperliquid,SOL/USDC:USDC,3598945.319999999,1.25e-05,122.095
2025-12-26T23:00:00+00:00,hyperliquid,SOL/USDC:USDC,3594684.0599999996,1.25e-05,122.415
2025-12-27T00:00:00+00:00,hyperliquid,SOL/USDC:USDC,3600306.8,1.25e-05,122.245
2025-12-27T01:00:00+00:00,hyperliquid,SOL/USDC:USDC,3660332.3599999994,1.25e-05,122.075
2025-12-27T02:00:00+00:00,hyperliquid,SOL/USDC:USDC,3664332.139999999,1.25e-05,122.235
2025-12-27T03:00:00+00:00,hyperliquid,SOL/USDC:USDC,3669117.8999999994,1.25e-05,122.295
2025-12-27T04:00:00+00:00,hyperliquid,SOL/USDC:USDC,3657332.7399999998,1.25e-05,123.445
2025-12-27T05:00:00+00:00,hyperliquid,SOL/USDC:USDC,3650341.1999999997,1.25e-05,122.995
2025-12-27T06:00:00+00:00,hyperliquid,SOL/USDC:USDC,3662369.08,1.25e-05,123.055
2025-12-27T07:00:00+00:00,hyperliquid,SOL/USDC:USDC,3657155.92,1.25e-05,123.185
2025-12-27T08:00:00+00:00,hyperliquid,SOL/USDC:USDC,3656037.9399999995,1.25e-05,123.185
2025-12-27T09:00:00+00:00,hyperliquid,SOL/USDC:USDC,3659470.7399999998,1.25e-05,122.885
2025-12-27T10:00:00+00:00,hyperliquid,SOL/USDC:USDC,3692401.3200000003,1.25e-05,122.925
2025-12-27T11:00:00+00:00,hyperliquid,SOL/USDC:USDC,3660717.0800000005,1.25e-05,122.895
2025-12-27T12:00:00+00:00,hyperliquid,SOL/USDC:USDC,3685838.46,1.25e-05,123.085
2025-12-27T13:00:00+00:00,hyperliquid,SOL/USDC:USDC,3670785.74,1.25e-05,122.925
2025-12-27T14:00:00+00:00,hyperliquid,SOL/USDC:USDC,3674394.0999999996,1.25e-05,122.975
2025-12-27T15:00:00+00:00,hyperliquid,SOL/USDC:USDC,3668718.0800000005,1.25e-05,123.255
2025-12-27T16:00:00+00:00,hyperliquid,SOL/USDC:USDC,3659446.22,1.25e-05,123.345
2025-12-27T17:00:00+00:00,hyperliquid,SOL/USDC:USDC,3681323.2,1.25e-05,122.975
2025-12-27T18:00:00+00:00,hyperliquid,SOL/USDC:USDC,3707784.440000001,1.25e-05,123.305
2025-12-27T19:00:00+00:00,hyperliquid,SOL/USDC:USDC,3711838.08,1.25e-05,123.145
2025-12-27T20:00:00+00:00,hyperliquid,SOL/USDC:USDC,3727279.22,1.25e-05,123.295
2025-12-27T21:00:00+00:00,hyperliquid,SOL/USDC:USDC,3740568.5399999986,1.25e-05,123.525
2025-12-27T22:00:00+00:00,hyperliquid,SOL/USDC:USDC,3739076.0599999987,1.25e-05,124.605
2025-12-27T23:00:00+00:00,hyperliquid,SOL/USDC:USDC,3695622.4199999995,1.25e-05,124.015
2025-12-28T00:00:00+00:00,hyperliquid,SOL/USDC:USDC,3747975.0599999977,1.25e-05,124.785
2025-12-28T01:00:00+00:00,hyperliquid,SOL/USDC:USDC,3748860.919999999,1.25e-05,124.415
2025-12-28T02:00:00+00:00,hyperliquid,SOL/USDC:USDC,3709800.2199999997,2.5934e-06,123.895
2025-12-28T03:00:00+00:00,hyperliquid,SOL/USDC:USDC,3723516.3200000003,1.25e-05,124.195
2025-12-28T04:00:00+00:00,hyperliquid,SOL/USDC:USDC,3726067.0399999996,1.25e-05,124.015
2025-12-28T05:00:00+00:00,hyperliquid,SOL/USDC:USDC,3729973.380000001,1.25e-05,123.945
2025-12-28T06:00:00+00:00,hyperliquid,SOL/USDC:USDC,3676392.7400000007,8.784e-06,123.735
2025-12-28T07:00:00+00:00,hyperliquid,SOL/USDC:USDC,3680608.8400000003,1.25e-05,124.005
2025-12-28T08:00:00+00:00,hyperliquid,SOL/USDC:USDC,3674236.3799999994,1.4652e-06,124.185
2025-12-28T09:00:00+00:00,hyperliquid,SOL/USDC:USDC,3647563.94,1.22121e-05,124.195
2025-12-28T10:00:00+00:00,hyperliquid,SOL/USDC:USDC,3645981.56,1.25e-05,123.995
2025-12-28T11:00:00+00:00,hyperliquid,SOL/USDC:USDC,3711694.82,1.25e-05,124.52
2025-12-28T12:00:00+00:00,hyperliquid,SOL/USDC:USDC,3696631.7199999997,-2.298e-07,124.605
2025-12-28T13:00:00+00:00,hyperliquid,SOL/USDC:USDC,3691161.2800000007,1.25e-05,124.395
2025-12-28T14:00:00+00:00,hyperliquid,SOL/USDC:USDC,3691362.0,1.18378e-05,124.625
2025-12-28T15:00:00+00:00,hyperliquid,SOL/USDC:USDC,3695204.58,1.25e-05,124.515
2025-12-28T16:00:00+00:00,hyperliquid,SOL/USDC:USDC,3711705.9200000013,1.25e-05,124.455
2025-12-28T17:00:00+00:00,hyperliquid,SOL/USDC:USDC,3707509.5,6.5164e-06,124.335
2025-12-28T18:00:00+00:00,hyperliquid,SOL/USDC:USDC,3784035.54,1.25e-05,124.405
2025-12-28T19:00:00+00:00,hyperliquid,SOL/USDC:USDC,3748525.1000000015,1.25e-05,123.255
2025-12-28T20:00:00+00:00,hyperliquid,SOL/USDC:USDC,3763427.5199999996,1.25e-05,123.275
2025-12-28T21:00:00+00:00,hyperliquid,SOL/USDC:USDC,3756793.32,1.25e-05,123.415
2025-12-28T22:00:00+00:00,hyperliquid,SOL/USDC:USDC,3747199.5199999996,1.25e-05,123.795
2025-12-28T23:00:00+00:00,hyperliquid,SOL/USDC:USDC,3754184.019999999,1.25e-05,124.235
2025-12-29T00:00:00+00:00,hyperliquid,SOL/USDC:USDC,3746832.5800000024,1.25e-05,125.065
2025-12-29T01:00:00+00:00,hyperliquid,SOL/USDC:USDC,3846244.6400000015,1.25e-05,126.825
2025-12-29T02:00:00+00:00,hyperliquid,SOL/USDC:USDC,3894190.6600000015,9.3601e-06,128.815
2025-12-29T03:00:00+00:00,hyperliquid,SOL/USDC:USDC,3872538.620000001,7.0875e-06,128.735
2025-12-29T04:00:00+00:00,hyperliquid,SOL/USDC:USDC,3867773.239999998,1.25e-05,128.615
2025-12-29T05:00:00+00:00,hyperliquid,SOL/USDC:USDC,3968753.46,1.22559e-05,128.445
2025-12-29T06:00:00+00:00,hyperliquid,SOL/USDC:USDC,3966746.240000003,1.02944e-05,127.575
2025-12-29T07:00:00+00:00,hyperliquid,SOL/USDC:USDC,3851242.3399999994,1.25e-05,127.805
2025-12-29T08:00:00+00:00,hyperliquid,SOL/USDC:USDC,3833324.5799999996,2.7709e-06,127.865
2025-12-29T09:00:00+00:00,hyperliquid,SOL/USDC:USDC,3843935.880000001,1.25e-05,127.745
2025-12-29T10:00:00+00:00,hyperliquid,SOL/USDC:USDC,3826964.62,1.25e-05,125.965
2025-12-29T11:00:00+00:00,hyperliquid,SOL/USDC:USDC,3870469.9599999995,1.25e-05,125.585
2025-12-29T12:00:00+00:00,hyperliquid,SOL/USDC:USDC,3858444.2600000002,1.25e-05,125.265
2025-12-29T13:00:00+00:00,hyperliquid,SOL/USDC:USDC,4158297.4600000014,4.42e-08,123.555
2025-12-29T14:00:00+00:00,hyperliquid,SOL/USDC:USDC,4106075.879999999,-1.69748e-05,123.085
2025-12-29T15:00:00+00:00,hyperliquid,SOL/USDC:USDC,4108681.5799999996,1.25e-05,123.255
2025-12-29T16:00:00+00:00,hyperliquid,SOL/USDC:USDC,4112667.6,1.25e-05,123.365
2025-12-29T17:00:00+00:00,hyperliquid,SOL/USDC:USDC,4032955.8799999994,1.25e-05,123.475
2025-12-29T18:00:00+00:00,hyperliquid,SOL/USDC:USDC,4066904.5399999986,1.25e-05,123.675
2025-12-29T19:00:00+00:00,hyperliquid,SOL/USDC:USDC,4070335.3,1.25e-05,123.045
2025-12-29T20:00:00+00:00,hyperliquid,SOL/USDC:USDC,4073800.5000000005,1.25e-05,122.875
2025-12-29T21:00:00+00:00,hyperliquid,SOL/USDC:USDC,4064860.440000001,1.25e-05,123.245
2025-12-29T22:00:00+00:00,hyperliquid,SOL/USDC:USDC,4062381.7599999993,1.25e-05,123.235
2025-12-29T23:00:00+00:00,hyperliquid,SOL/USDC:USDC,4070006.8200000008,1.25e-05,123.275
2025-12-30T00:00:00+00:00,hyperliquid,SOL/USDC:USDC,4065091.9599999995,1.25e-05,123.205
2025-12-30T01:00:00+00:00,hyperliquid,SOL/USDC:USDC,4020070.68,1.25e-05,122.965
2025-12-30T02:00:00+00:00,hyperliquid,SOL/USDC:USDC,4023014.04,1.25e-05,123.095
2025-12-30T03:00:00+00:00,hyperliquid,SOL/USDC:USDC,3986075.74,1.25e-05,122.965
2025-12-30T04:00:00+00:00,hyperliquid,SOL/USDC:USDC,3942767.9999999977,1.25e-05,123.875
2025-12-30T05:00:00+00:00,hyperliquid,SOL/USDC:USDC,3947549.619999999,1.25e-05,123.955
2025-12-30T06:00:00+00:00,hyperliquid,SOL/USDC:USDC,3941098.2600000002,1.25e-05,123.425
2025-12-30T07:00:00+00:00,hyperliquid,SOL/USDC:USDC,3929052.74,1.25e-05,123.895
2025-12-30T08:00:00+00:00,hyperliquid,SOL/USDC:USDC,3938443.7999999984,1.25e-05,124.115
2025-12-30T09:00:00+00:00,hyperliquid,SOL/USDC:USDC,3886552.0,1.25e-05,124.745
2025-12-30T10:00:00+00:00,hyperliquid,SOL/USDC:USDC,3877907.3400000003,1.25e-05,124.895
2025-12-30T11:00:00+00:00,hyperliquid,SOL/USDC:USDC,3894381.6799999997,1.25e-05,124.505
2025-12-30T12:00:00+00:00,hyperliquid,SOL/USDC:USDC,3809887.8800000004,1.25e-05,124.405
2025-12-30T13:00:00+00:00,hyperliquid,SOL/USDC:USDC,3836446.54,1.25e-05,124.265
2025-12-30T14:00:00+00:00,hyperliquid,SOL/USDC:USDC,3846678.7200000016,1.25e-05,124.175
2025-12-30T15:00:00+00:00,hyperliquid,SOL/USDC:USDC,3735495.859999999,1.25e-05,124.805
2025-12-30T16:00:00+00:00,hyperliquid,SOL/USDC:USDC,3743377.660000001,1.25e-05,125.27
2025-12-30T17:00:00+00:00,hyperliquid,SOL/USDC:USDC,3773149.759999999,1.25e-05,125.685
2025-12-30T18:00:00+00:00,hyperliquid,SOL/USDC:USDC,3731332.54,1.25e-05,124.575
2025-12-30T19:00:00+00:00,hyperliquid,SOL/USDC:USDC,3735584.099999998,1.25e-05,124.415
2025-12-30T20:00:00+00:00,hyperliquid,SOL/USDC:USDC,3742844.259999999,1.25e-05,124.475
2025-12-30T21:00:00+00:00,hyperliquid,SOL/USDC:USDC,3764600.8799999985,1.25e-05,124.065
2025-12-30T22:00:00+00:00,hyperliquid,SOL/USDC:USDC,3766980.000000001,1.25e-05,123.935
2025-12-30T23:00:00+00:00,hyperliquid,SOL/USDC:USDC,3808194.600000001,1.25e-05,124.495
2025-12-31T00:00:00+00:00,hyperliquid,SOL/USDC:USDC,3770973.7599999984,1.25e-05,124.755
2025-12-31T01:00:00+00:00,hyperliquid,SOL/USDC:USDC,3760502.34,1.25e-05,124.855
2025-12-31T02:00:00+00:00,hyperliquid,SOL/USDC:USDC,3766966.659999999,1.1404e-05,125.345
2025-12-31T03:00:00+00:00,hyperliquid,SOL/USDC:USDC,3772303.02,1.25e-05,125.965
2025-12-31T04:00:00+00:00,hyperliquid,SOL/USDC:USDC,3767982.1999999997,1.25e-05,125.815
2025-12-31T05:00:00+00:00,hyperliquid,SOL/USDC:USDC,3771243.2999999993,9.8167e-06,125.415
2025-12-31T06:00:00+00:00,hyperliquid,SOL/USDC:USDC,3768074.1799999992,1.1653e-05,125.605
2025-12-31T07:00:00+00:00,hyperliquid,SOL/USDC:USDC,3776991.8799999994,8.9936e-06,125.825
2025-12-31T08:00:00+00:00,hyperliquid,SOL/USDC:USDC,3777716.66,1.25e-05,125.975
2025-12-31T09:00:00+00:00,hyperliquid,SOL/USDC:USDC,3804950.7999999993,1.16279e-05,125.625
2025-12-31T10:00:00+00:00,hyperliquid,SOL/USDC:USDC,3792980.3599999994,-5.0251e-06,126.265
2025-12-31T11:00:00+00:00,hyperliquid,SOL/USDC:USDC,3800479.8600000003,1.25e-05,126.185
2025-12-31T12:00:00+00:00,hyperliquid,SOL/USDC:USDC,3773050.52,1.25e-05,126.665
2025-12-31T13:00:00+00:00,hyperliquid,SOL/USDC:USDC,3765529.18,1.25e-05,126.135
2025-12-31T14:00:00+00:00,hyperliquid,SOL/USDC:USDC,3771258.4999999995,1.3055e-06,126.415
2025-12-31T15:00:00+00:00,hyperliquid,SOL/USDC:USDC,3779735.2399999993,1.25e-05,125.725
2025-12-31T16:00:00+00:00,hyperliquid,SOL/USDC:USDC,3742356.3,1.25e-05,125.705
2025-12-31T17:00:00+00:00,hyperliquid,SOL/USDC:USDC,3701799.080000001,1.25e-05,124.745
2025-12-31T18:00:00+00:00,hyperliquid,SOL/USDC:USDC,3708296.6,1.25e-05,124.875
2025-12-31T19:00:00+00:00,hyperliquid,SOL/USDC:USDC,3720333.08,1.04846e-05,124.785
2025-12-31T20:00:00+00:00,hyperliquid,SOL/USDC:USDC,3694066.2800000017,1.25e-05,124.395
2025-12-31T21:00:00+00:00,hyperliquid,SOL/USDC:USDC,3805144.3,1.25e-05,124.255
2025-12-31T22:00:00+00:00,hyperliquid,SOL/USDC:USDC,3830364.2,1.25e-05,124.315
2025-12-31T23:00:00+00:00,hyperliquid,SOL/USDC:USDC,3838370.0800000005,1.25e-05,124.855
2026-01-01T00:00:00+00:00,hyperliquid,SOL/USDC:USDC,3841333.34,1.25e-05,124.615
2026-01-01T01:00:00+00:00,hyperliquid,SOL/USDC:USDC,3843987.3400000003,1.25e-05,125.135
2026-01-01T02:00:00+00:00,hyperliquid,SOL/USDC:USDC,3800865.359999999,1.25e-05,124.855
2026-01-01T03:00:00+00:00,hyperliquid,SOL/USDC:USDC,3802491.76,1.25e-05,125.115
2026-01-01T04:00:00+00:00,hyperliquid,SOL/USDC:USDC,3799254.96,1.25e-05,125.085
2026-01-01T05:00:00+00:00,hyperliquid,SOL/USDC:USDC,3775011.92,1.13159e-05,124.965
2026-01-01T06:00:00+00:00,hyperliquid,SOL/USDC:USDC,3778295.34,1.25e-05,125.245
2026-01-01T07:00:00+00:00,hyperliquid,SOL/USDC:USDC,3778672.3200000003,1.25e-05,124.825
2026-01-01T08:00:00+00:00,hyperliquid,SOL/USDC:USDC,3767399.959999999,1.25e-05,124.235
2026-01-01T09:00:00+00:00,hyperliquid,SOL/USDC:USDC,3770787.0600000005,1.25e-05,124.645
2026-01-01T10:00:00+00:00,hyperliquid,SOL/USDC:USDC,3768624.9399999995,-3.948e-06,124.965
2026-01-01T11:00:00+00:00,hyperliquid,SOL/USDC:USDC,3763649.54,1.25e-05,124.985
2026-01-01T12:00:00+00:00,hyperliquid,SOL/USDC:USDC,3767601.7600000002,1.25e-05,125.165
2026-01-01T13:00:00+00:00,hyperliquid,SOL/USDC:USDC,3778972.4200000004,1.25e-05,124.855
2026-01-01T14:00:00+00:00,hyperliquid,SOL/USDC:USDC,3768938.880000001,1.25e-05,124.655
2026-01-01T15:00:00+00:00,hyperliquid,SOL/USDC:USDC,3770049.2800000003,1.25e-05,124.705
2026-01-01T16:00:00+00:00,hyperliquid,SOL/USDC:USDC,3758466.88,6.6056e-06,124.845
2026-01-01T17:00:00+00:00,hyperliquid,SOL/USDC:USDC,3800049.76,1.25e-05,124.335
2026-01-01T18:00:00+00:00,hyperliquid,SOL/USDC:USDC,3835759.3600000003,1.08326e-05,125.225
2026-01-01T19:00:00+00:00,hyperliquid,SOL/USDC:USDC,3829342.98,-1.5729e-06,125.305
2026-01-01T20:00:00+00:00,hyperliquid,SOL/USDC:USDC,3866863.799999999,1.25e-05,125.685
2026-01-01T21:00:00+00:00,hyperliquid,SOL/USDC:USDC,3847342.7199999997,1.25e-05,125.355
2026-01-01T22:00:00+00:00,hyperliquid,SOL/USDC:USDC,3826221.08,1.25e-05,125.435
2026-01-01T23:00:00+00:00,hyperliquid,SOL/USDC:USDC,3833559.960000001,1.25e-05,126.145
2026-01-02T00:00:00+00:00,hyperliquid,SOL/USDC:USDC,3884794.2600000007,3.6143e-06,127.025
2026-01-02T01:00:00+00:00,hyperliquid,SOL/USDC:USDC,3878686.14,1.25e-05,126.865
2026-01-02T02:00:00+00:00,hyperliquid,SOL/USDC:USDC,3874734.2199999997,1.25e-05,126.145
2026-01-02T03:00:00+00:00,hyperliquid,SOL/USDC:USDC,3840263.7,1.25e-05,126.445
2026-01-02T04:00:00+00:00,hyperliquid,SOL/USDC:USDC,3856260.2199999997,1.25e-05,127.645
2026-01-02T05:00:00+00:00,hyperliquid,SOL/USDC:USDC,3853711.4,1.25e-05,126.955
2026-01-02T06:00:00+00:00,hyperliquid,SOL/USDC:USDC,3837738.2600000007,1.25e-05,127.325
2026-01-02T07:00:00+00:00,hyperliquid,SOL/USDC:USDC,3853662.04,8.657e-07,127.315
2026-01-02T08:00:00+00:00,hyperliquid,SOL/USDC:USDC,3846017.1400000006,1.25e-05,127.115
2026-01-02T09:00:00+00:00,hyperliquid,SOL/USDC:USDC,3853788.16,4.4521e-06,127.865
2026-01-02T10:00:00+00:00,hyperliquid,SOL/USDC:USDC,3902475.5,1.25e-05,129.645
2026-01-02T11:00:00+00:00,hyperliquid,SOL/USDC:USDC,3875173.540000002,1.25e-05,128.755
2026-01-02T12:00:00+00:00,hyperliquid,SOL/USDC:USDC,3846444.9600000004,1.25e-05,128.105
2026-01-02T13:00:00+00:00,hyperliquid,SOL/USDC:USDC,3873723.579999999,1.3748e-06,128.245
2026-01-02T14:00:00+00:00,hyperliquid,SOL/USDC:USDC,3870656.52,1.14633e-05,128.295
2026-01-02T15:00:00+00:00,hyperliquid,SOL/USDC:USDC,3783565.92,1.25e-05,129.005
2026-01-02T16:00:00+00:00,hyperliquid,SOL/USDC:USDC,3785637.0800000015,9.2774e-06,128.735
2026-01-02T17:00:00+00:00,hyperliquid,SOL/USDC:USDC,3805575.6400000015,2.564e-06,130.945
2026-01-02T18:00:00+00:00,hyperliquid,SOL/USDC:USDC,3805978.3200000003,1.08323e-05,131.495
2026-01-02T19:00:00+00:00,hyperliquid,SOL/USDC:USDC,3793195.6799999992,1.25e-05,130.735
2026-01-02T20:00:00+00:00,hyperliquid,SOL/USDC:USDC,3785232.6399999997,6.1026e-06,131.645
2026-01-02T21:00:00+00:00,hyperliquid,SOL/USDC:USDC,3772776.7599999993,-1.49254e-05,131.195
2026-01-02T22:00:00+00:00,hyperliquid,SOL/USDC:USDC,3750567.3800000018,9.159e-07,131.855
2026-01-02T23:00:00+00:00,hyperliquid,SOL/USDC:USDC,3767558.960000001,6.2996e-06,132.525
2026-01-03T00:00:00+00:00,hyperliquid,SOL/USDC:USDC,3720399.84,7.6997e-06,132.305
2026-01-03T01:00:00+00:00,hyperliquid,SOL/USDC:USDC,3710384.9199999995,5.5798e-06,132.425
2026-01-03T02:00:00+00:00,hyperliquid,SOL/USDC:USDC,3723037.959999999,-6.2616e-06,132.305
2026-01-03T03:00:00+00:00,hyperliquid,SOL/USDC:USDC,3741505.54,1.25e-05,132.885
2026-01-03T04:00:00+00:00,hyperliquid,SOL/USDC:USDC,3749636.2800000003,1.19086e-05,132.725
2026-01-03T05:00:00+00:00,hyperliquid,SOL/USDC:USDC,3738959.4800000014,1.25e-05,132.355
2026-01-03T06:00:00+00:00,hyperliquid,SOL/USDC:USDC,3720045.940000002,1.25e-05,131.845
2026-01-03T07:00:00+00:00,hyperliquid,SOL/USDC:USDC,3738291.360000001,3.3676e-06,131.175
2026-01-03T08:00:00+00:00,hyperliquid,SOL/USDC:USDC,3733952.6200000006,1.8078e-06,130.095
2026-01-03T09:00:00+00:00,hyperliquid,SOL/USDC:USDC,3727574.4600000004,5.8604e-06,130.625
2026-01-03T10:00:00+00:00,hyperliquid,SOL/USDC:USDC,3749454.38,1.25e-05,131.115
2026-01-03T11:00:00+00:00,hyperliquid,SOL/USDC:USDC,3749759.3000000007,1.25e-05,130.915
2026-01-03T12:00:00+00:00,hyperliquid,SOL/USDC:USDC,3772444.8200000003,5.57e-08,130.625
2026-01-03T13:00:00+00:00,hyperliquid,SOL/USDC:USDC,3766820.2600000002,1.25e-05,130.835
2026-01-03T14:00:00+00:00,hyperliquid,SOL/USDC:USDC,3780843.1199999996,7.0643e-06,131.31
2026-01-03T15:00:00+00:00,hyperliquid,SOL/USDC:USDC,3790606.080000001,1.25e-05,131.895
2026-01-03T16:00:00+00:00,hyperliquid,SOL/USDC:USDC,3811946.120000002,1.25e-05,131.555
2026-01-03T17:00:00+00:00,hyperliquid,SOL/USDC:USDC,3793960.4800000004,1.25e-05,131.765
2026-01-03T18:00:00+00:00,hyperliquid,SOL/USDC:USDC,3796798.480000002,1.25e-05,131.785
2026-01-03T19:00:00+00:00,hyperliquid,SOL/USDC:USDC,3793271.1800000006,1.25e-05,131.855
2026-01-03T20:00:00+00:00,hyperliquid,SOL/USDC:USDC,3768794.88,8.2246e-06,131.685
2026-01-03T21:00:00+00:00,hyperliquid,SOL/USDC:USDC,3785870.519999999,1.25e-05,131.835
2026-01-03T22:00:00+00:00,hyperliquid,SOL/USDC:USDC,3870793.3800000004,1.25e-05,132.725
2026-01-03T23:00:00+00:00,hyperliquid,SOL/USDC:USDC,3924294.04,1.25e-05,133.355
2026-01-04T00:00:00+00:00,hyperliquid,SOL/USDC:USDC,3931533.579999999,1.25e-05,133.335
2026-01-04T01:00:00+00:00,hyperliquid,SOL/USDC:USDC,3936109.2200000007,1.25e-05,134.365
2026-01-04T02:00:00+00:00,hyperliquid,SOL/USDC:USDC,4044732.919999999,1.03001e-05,133.935
2026-01-04T03:00:00+00:00,hyperliquid,SOL/USDC:USDC,4057846.84,1.00344e-05,133.755
2026-01-04T04:00:00+00:00,hyperliquid,SOL/USDC:USDC,4097779.2800000003,-1.065e-06,134.465
2026-01-04T05:00:00+00:00,hyperliquid,SOL/USDC:USDC,4139109.6399999997,-6.7535e-06,134.325
2026-01-04T06:00:00+00:00,hyperliquid,SOL/USDC:USDC,4123182.96,-5.6466e-06,134.435
2026-01-04T07:00:00+00:00,hyperliquid,SOL/USDC:USDC,4119152.4600000014,1.07778e-05,133.845
2026-01-04T08:00:00+00:00,hyperliquid,SOL/USDC:USDC,4112207.820000001,1.25e-05,133.725
2026-01-04T09:00:00+00:00,hyperliquid,SOL/USDC:USDC,4074483.9200000004,-4.7308e-06,134.115
2026-01-04T10:00:00+00:00,hyperliquid,SOL/USDC:USDC,4069132.0200000005,-6.599e-07,134.415
2026-01-04T11:00:00+00:00,hyperliquid,SOL/USDC:USDC,4152543.94,5.6043e-06,134.565
2026-01-04T12:00:00+00:00,hyperliquid,SOL/USDC:USDC,4126333.08,-8.6901e-06,134.365
2026-01-04T13:00:00+00:00,hyperliquid,SOL/USDC:USDC,4127657.3600000013,-8.8814e-06,134.135
2026-01-04T14:00:00+00:00,hyperliquid,SOL/USDC:USDC,4131021.38,4.2061e-06,134.555
2026-01-04T15:00:00+00:00,hyperliquid,SOL/USDC:USDC,4195279.699999998,1.1233e-05,135.105
2026-01-04T16:00:00+00:00,hyperliquid,SOL/USDC:USDC,4175432.340000001,3.9445e-06,134.925
2026-01-04T17:00:00+00:00,hyperliquid,SOL/USDC:USDC,4205842.620000002,1.25e-05,135.155
2026-01-04T18:00:00+00:00,hyperliquid,SOL/USDC:USDC,4303821.680000002,1.25e-05,134.755
2026-01-04T19:00:00+00:00,hyperliquid,SOL/USDC:USDC,4334310.659999998,1.25e-05,134.105
2026-01-04T20:00:00+00:00,hyperliquid,SOL/USDC:USDC,4287128.619999998,1.25e-05,133.405
2026-01-04T21:00:00+00:00,hyperliquid,SOL/USDC:USDC,4299275.640000001,1.25e-05,133.935
2026-01-04T22:00:00+00:00,hyperliquid,SOL/USDC:USDC,4294313.9,5.4203e-06,133.845
2026-01-04T23:00:00+00:00,hyperliquid,SOL/USDC:USDC,4285530.140000002,1.397e-07,134.445
2026-01-05T00:00:00+00:00,hyperliquid,SOL/USDC:USDC,4275291.319999999,1.25e-05,134.685
2026-01-05T01:00:00+00:00,hyperliquid,SOL/USDC:USDC,4318568.959999997,6.9622e-06,135.315
2026-01-05T02:00:00+00:00,hyperliquid,SOL/USDC:USDC,4286417.719999998,1.25e-05,136.985
2026-01-05T03:00:00+00:00,hyperliquid,SOL/USDC:USDC,4283532.6400000015,1.25e-05,136.765
2026-01-05T04:00:00+00:00,hyperliquid,SOL/USDC:USDC,4287162.620000001,1.25e-05,136.655
2026-01-05T05:00:00+00:00,hyperliquid,SOL/USDC:USDC,4230367.940000002,1.25e-05,135.525
2026-01-05T06:00:00+00:00,hyperliquid,SOL/USDC:USDC,4239260.860000003,1.25e-05,135.265
2026-01-05T07:00:00+00:00,hyperliquid,SOL/USDC:USDC,4235312.999999998,-7.108e-06,135.435
2026-01-05T08:00:00+00:00,hyperliquid,SOL/USDC:USDC,4238602.02,8.3703e-06,135.395
2026-01-05T09:00:00+00:00,hyperliquid,SOL/USDC:USDC,4242386.600000002,1.3813e-06,135.175
2026-01-05T10:00:00+00:00,hyperliquid,SOL/USDC:USDC,4243467.539999999,1.449e-06,135.475
2026-01-05T11:00:00+00:00,hyperliquid,SOL/USDC:USDC,4252875.760000003,3.9963e-06,135.675
2026-01-05T12:00:00+00:00,hyperliquid,SOL/USDC:USDC,4261131.500000002,8.7814e-06,135.665
2026-01-05T13:00:00+00:00,hyperliquid,SOL/USDC:USDC,4226453.779999998,-1.91006e-05,134.965
2026-01-05T14:00:00+00:00,hyperliquid,SOL/USDC:USDC,4176880.919999998,8.9125e-06,133.825
2026-01-05T15:00:00+00:00,hyperliquid,SOL/USDC:USDC,4143332.4599999986,1.25e-05,134.685
2026-01-05T16:00:00+00:00,hyperliquid,SOL/USDC:USDC,4088209.880000001,1.25e-05,136.115
2026-01-05T17:00:00+00:00,hyperliquid,SOL/USDC:USDC,4105297.7800000003,1.25e-05,135.295
2026-01-05T18:00:00+00:00,hyperliquid,SOL/USDC:USDC,4051295.500000001,1.25e-05,136.025
2026-01-05T19:00:00+00:00,hyperliquid,SOL/USDC:USDC,4059993.02,1.25e-05,137.245
2026-01-05T20:00:00+00:00,hyperliquid,SOL/USDC:USDC,4069916.5999999987,1.25e-05,138.115
2026-01-05T21:00:00+00:00,hyperliquid,SOL/USDC:USDC,4107982.9600000014,1.25e-05,137.975
2026-01-05T22:00:00+00:00,hyperliquid,SOL/USDC:USDC,4109636.92,-1.7768e-06,138.365
2026-01-05T23:00:00+00:00,hyperliquid,SOL/USDC:USDC,4090148.859999998,1.452e-07,138.695
2026-01-06T00:00:00+00:00,hyperliquid,SOL/USDC:USDC,4070655.879999999,-1.3339e-06,137.915
2026-01-06T01:00:00+00:00,hyperliquid,SOL/USDC:USDC,4057062.7199999993,1.25e-05,137.885
2026-01-06T02:00:00+00:00,hyperliquid,SOL/USDC:USDC,4062942.139999999,6.9039e-06,137.725
2026-01-06T03:00:00+00:00,hyperliquid,SOL/USDC:USDC,4112954.5799999996,1.25e-05,137.565
2026-01-06T04:00:00+00:00,hyperliquid,SOL/USDC:USDC,4110553.8400000003,1.25e-05,138.455
2026-01-06T05:00:00+00:00,hyperliquid,SOL/USDC:USDC,4124083.120000001,1.0865e-05,138.415
2026-01-06T06:00:00+00:00,hyperliquid,SOL/USDC:USDC,4112324.980000001,1.25e-05,139.575
2026-01-06T07:00:00+00:00,hyperliquid,SOL/USDC:USDC,4091663.02,2.084e-07,138.895
2026-01-06T08:00:00+00:00,hyperliquid,SOL/USDC:USDC,4197145.78,1.0873e-05,137.595
2026-01-06T09:00:00+00:00,hyperliquid,SOL/USDC:USDC,4202537.920000001,7.544e-06,137.655
2026-01-06T10:00:00+00:00,hyperliquid,SOL/USDC:USDC,4203843.420000002,-8.2369e-06,137.545
2026-01-06T11:00:00+00:00,hyperliquid,SOL/USDC:USDC,4242593.759999998,1.0998e-05,137.625
2026-01-06T12:00:00+00:00,hyperliquid,SOL/USDC:USDC,4290174.800000001,1.25e-05,139.415
2026-01-06T13:00:00+00:00,hyperliquid,SOL/USDC:USDC,4291275.9399999995,1.25e-05,138.945
2026-01-06T14:00:00+00:00,hyperliquid,SOL/USDC:USDC,4272066.139999996,1.25e-05,139.165
2026-01-06T15:00:00+00:00,hyperliquid,SOL/USDC:USDC,4305369.64,1.25e-05,141.965
2026-01-06T16:00:00+00:00,hyperliquid,SOL/USDC:USDC,4414148.0,1.25e-05,141.895
2026-01-06T17:00:00+00:00,hyperliquid,SOL/USDC:USDC,4266769.32,1.25e-05,138.675
2026-01-06T18:00:00+00:00,hyperliquid,SOL/USDC:USDC,4275840.880000005,1.25e-05,136.825
2026-01-06T19:00:00+00:00,hyperliquid,SOL/USDC:USDC,4336608.120000001,1.25e-05,137.515
2026-01-06T20:00:00+00:00,hyperliquid,SOL/USDC:USDC,4325256.420000002,1.25e-05,137.965
2026-01-06T21:00:00+00:00,hyperliquid,SOL/USDC:USDC,4319198.079999998,1.22279e-05,138.855
2026-01-06T22:00:00+00:00,hyperliquid,SOL/USDC:USDC,4385674.799999999,1.25e-05,140.495
2026-01-06T23:00:00+00:00,hyperliquid,SOL/USDC:USDC,4368696.140000001,1.25e-05,140.245
2026-01-07T00:00:00+00:00,hyperliquid,SOL/USDC:USDC,4361115.479999998,1.25e-05,140.855
2026-01-07T01:00:00+00:00,hyperliquid,SOL/USDC:USDC,4327606.800000001,1.25e-05,140.185
2026-01-07T02:00:00+00:00,hyperliquid,SOL/USDC:USDC,4293348.400000001,1.25e-05,138.955
2026-01-07T03:00:00+00:00,hyperliquid,SOL/USDC:USDC,4236891.720000003,1.25e-05,140.015
2026-01-07T04:00:00+00:00,hyperliquid,SOL/USDC:USDC,4217177.919999999,1.25e-05,139.455
2026-01-07T05:00:00+00:00,hyperliquid,SOL/USDC:USDC,4243752.920000002,1.25e-05,138.685
2026-01-07T06:00:00+00:00,hyperliquid,SOL/USDC:USDC,4126086.479999999,1.25e-05,138.545
2026-01-07T07:00:00+00:00,hyperliquid,SOL/USDC:USDC,4123804.28,1.25e-05,138.885
2026-01-07T08:00:00+00:00,hyperliquid,SOL/USDC:USDC,4105154.100000002,-2.36542e-05,139.365
2026-01-07T09:00:00+00:00,hyperliquid,SOL/USDC:USDC,4155243.02,-4.6914e-06,139.195
2026-01-07T10:00:00+00:00,hyperliquid,SOL/USDC:USDC,4109953.600000001,9.7392e-06,136.795
2026-01-07T11:00:00+00:00,hyperliquid,SOL/USDC:USDC,4153985.4200000013,1.25e-05,137.575
2026-01-07T12:00:00+00:00,hyperliquid,SOL/USDC:USDC,4175519.360000001,1.25e-05,137.865
2026-01-07T13:00:00+00:00,hyperliquid,SOL/USDC:USDC,4211542.88,1.25e-05,137.945
2026-01-07T14:00:00+00:00,hyperliquid,SOL/USDC:USDC,4409458.839999999,1.25e-05,137.845
2026-01-07T15:00:00+00:00,hyperliquid,SOL/USDC:USDC,4398126.06,1.25e-05,137.665
2026-01-07T16:00:00+00:00,hyperliquid,SOL/USDC:USDC,4406945.840000002,1.25e-05,135.97
2026-01-07T17:00:00+00:00,hyperliquid,SOL/USDC:USDC,4391252.020000003,1.25e-05,135.505
2026-01-07T18:00:00+00:00,hyperliquid,SOL/USDC:USDC,4465012.999999999,-2.28e-08,135.335
2026-01-07T19:00:00+00:00,hyperliquid,SOL/USDC:USDC,4483903.079999999,1.25e-05,135.165
2026-01-07T20:00:00+00:00,hyperliquid,SOL/USDC:USDC,4452060.700000001,1.25e-05,135.835
2026-01-07T21:00:00+00:00,hyperliquid,SOL/USDC:USDC,4460567.919999998,1.25e-05,135.825
2026-01-07T22:00:00+00:00,hyperliquid,SOL/USDC:USDC,4465409.660000002,1.06239e-05,135.955
2026-01-07T23:00:00+00:00,hyperliquid,SOL/USDC:USDC,4456456.14,1.03912e-05,136.235
2026-01-08T00:00:00+00:00,hyperliquid,SOL/USDC:USDC,4443734.059999999,1.25e-05,136.165
2026-01-08T01:00:00+00:00,hyperliquid,SOL/USDC:USDC,4446301.880000007,1.25e-05,136.845
2026-01-08T02:00:00+00:00,hyperliquid,SOL/USDC:USDC,4448944.62,1.25e-05,136.715
2026-01-08T03:00:00+00:00,hyperliquid,SOL/USDC:USDC,4436922.400000001,-4.0616e-06,137.525
2026-01-08T04:00:00+00:00,hyperliquid,SOL/USDC:USDC,4434351.4799999995,1.25e-05,136.925
2026-01-08T05:00:00+00:00,hyperliquid,SOL/USDC:USDC,4413381.959999998,-4.2012e-06,137.585
2026-01-08T06:00:00+00:00,hyperliquid,SOL/USDC:USDC,4400797.0,1.5657e-06,136.59
2026-01-08T07:00:00+00:00,hyperliquid,SOL/USDC:USDC,4446386.879999999,-5.7172e-06,134.365
2026-01-08T08:00:00+00:00,hyperliquid,SOL/USDC:USDC,4425183.16,1.7861e-06,135.995
2026-01-08T09:00:00+00:00,hyperliquid,SOL/USDC:USDC,4434238.699999998,3.3823e-06,135.175
2026-01-08T10:00:00+00:00,hyperliquid,SOL/USDC:USDC,4367033.880000004,-1.99096e-05,134.185
2026-01-08T11:00:00+00:00,hyperliquid,SOL/USDC:USDC,4316742.979999999,-2.38197e-05,135.025
2026-01-08T12:00:00+00:00,hyperliquid,SOL/USDC:USDC,4274547.68,-1.83945e-05,134.655
2026-01-08T13:00:00+00:00,hyperliquid,SOL/USDC:USDC,4241540.719999998,-1.16138e-05,133.985
2026-01-08T14:00:00+00:00,hyperliquid,SOL/USDC:USDC,4215944.239999998,-3.661e-06,134.155
2026-01-08T15:00:00+00:00,hyperliquid,SOL/USDC:USDC,4175985.879999999,1.25e-05,133.765
2026-01-08T16:00:00+00:00,hyperliquid,SOL/USDC:USDC,4645363.1,1.25e-05,136.745
2026-01-08T17:00:00+00:00,hyperliquid,SOL/USDC:USDC,4977362.980000006,1.25e-05,138.505
2026-01-08T18:00:00+00:00,hyperliquid,SOL/USDC:USDC,4977724.0600000005,1.25e-05,138.615
2026-01-08T19:00:00+00:00,hyperliquid,SOL/USDC:USDC,4946721.04,1.25e-05,137.935
2026-01-08T20:00:00+00:00,hyperliquid,SOL/USDC:USDC,4930831.839999999,1.25e-05,137.315
2026-01-08T21:00:00+00:00,hyperliquid,SOL/USDC:USDC,4949973.82,1.25e-05,137.945
2026-01-08T22:00:00+00:00,hyperliquid,SOL/USDC:USDC,5072949.599999999,1.25e-05,139.915
2026-01-08T23:00:00+00:00,hyperliquid,SOL/USDC:USDC,4781458.160000003,1.25e-05,138.795
2026-01-09T00:00:00+00:00,hyperliquid,SOL/USDC:USDC,4713270.700000001,1.25e-05,138.505
2026-01-09T01:00:00+00:00,hyperliquid,SOL/USDC:USDC,4749808.760000001,1.25e-05,139.275
2026-01-09T02:00:00+00:00,hyperliquid,SOL/USDC:USDC,4735770.179999999,1.25e-05,138.275
2026-01-09T03:00:00+00:00,hyperliquid,SOL/USDC:USDC,4736597.52,1.25e-05,138.915
2026-01-09T04:00:00+00:00,hyperliquid,SOL/USDC:USDC,4728430.04,1.25e-05,140.825
2026-01-09T05:00:00+00:00,hyperliquid,SOL/USDC:USDC,4711832.499999998,1.25e-05,139.885
2026-01-09T06:00:00+00:00,hyperliquid,SOL/USDC:USDC,4708414.120000001,1.25e-05,139.86
2026-01-09T07:00:00+00:00,hyperliquid,SOL/USDC:USDC,4724280.679999998,1.25e-05,140.595
2026-01-09T08:00:00+00:00,hyperliquid,SOL/USDC:USDC,4699151.119999996,1.25e-05,139.515
2026-01-09T09:00:00+00:00,hyperliquid,SOL/USDC:USDC,4489861.8199999975,1.25e-05,138.7
2026-01-09T10:00:00+00:00,hyperliquid,SOL/USDC:USDC,4806066.699999999,1.25e-05,138.425
2026-01-09T11:00:00+00:00,hyperliquid,SOL/USDC:USDC,5070229.62,1.25e-05,138.805
2026-01-09T12:00:00+00:00,hyperliquid,SOL/USDC:USDC,5078444.099999998,1.25e-05,138.325
2026-01-09T13:00:00+00:00,hyperliquid,SOL/USDC:USDC,5080476.339999999,1.25e-05,137.825
2026-01-09T14:00:00+00:00,hyperliquid,SOL/USDC:USDC,5174028.08,1.25e-05,138.495
2026-01-09T15:00:00+00:00,hyperliquid,SOL/USDC:USDC,5197785.819999999,1.25e-05,136.785
2026-01-09T16:00:00+00:00,hyperliquid,SOL/USDC:USDC,4970933.080000003,1.25e-05,138.835
2026-01-09T17:00:00+00:00,hyperliquid,SOL/USDC:USDC,4939718.96,1.25e-05,139.825
2026-01-09T18:00:00+00:00,hyperliquid,SOL/USDC:USDC,4916331.719999998,1.25e-05,138.285
2026-01-09T19:00:00+00:00,hyperliquid,SOL/USDC:USDC,4895632.740000001,1.25e-05,136.625
2026-01-09T20:00:00+00:00,hyperliquid,SOL/USDC:USDC,4898599.519999999,1.25e-05,135.585
2026-01-09T21:00:00+00:00,hyperliquid,SOL/USDC:USDC,4864455.499999999,1.25e-05,135.565
2026-01-09T22:00:00+00:00,hyperliquid,SOL/USDC:USDC,4880645.580000002,1.25e-05,135.935
2026-01-09T23:00:00+00:00,hyperliquid,SOL/USDC:USDC,4883745.7,1.25e-05,136.045
2026-01-10T00:00:00+00:00,hyperliquid,SOL/USDC:USDC,4926737.139999999,4.7476e-06,135.845
2026-01-10T01:00:00+00:00,hyperliquid,SOL/USDC:USDC,4929902.6,-1.8781e-06,135.875
2026-01-10T02:00:00+00:00,hyperliquid,SOL/USDC:USDC,4944602.2,1.25e-05,136.435
2026-01-10T03:00:00+00:00,hyperliquid,SOL/USDC:USDC,4895259.7,1.25e-05,136.385
2026-01-10T04:00:00+00:00,hyperliquid,SOL/USDC:USDC,4869883.0600000005,9.456e-06,136.085
2026-01-10T05:00:00+00:00,hyperliquid,SOL/USDC:USDC,4880815.6,7.4818e-06,135.855
2026-01-10T06:00:00+00:00,hyperliquid,SOL/USDC:USDC,4876834.600000001,5.5527e-06,135.835
2026-01-10T07:00:00+00:00,hyperliquid,SOL/USDC:USDC,4858609.419999999,3.4871e-06,135.985
2026-01-10T08:00:00+00:00,hyperliquid,SOL/USDC:USDC,4804344.4,5.8666e-06,136.055
2026-01-10T09:00:00+00:00,hyperliquid,SOL/USDC:USDC,4803743.800000003,-6.2585e-06,136.205
2026-01-10T10:00:00+00:00,hyperliquid,SOL/USDC:USDC,4801310.7,5.0505e-06,136.475
2026-01-10T11:00:00+00:00,hyperliquid,SOL/USDC:USDC,4803004.22,5.649e-06,136.825
2026-01-10T12:00:00+00:00,hyperliquid,SOL/USDC:USDC,4940403.479999999,1.25e-05,136.605
2026-01-10T13:00:00+00:00,hyperliquid,SOL/USDC:USDC,4860677.22,1.25e-05,136.555
2026-01-10T14:00:00+00:00,hyperliquid,SOL/USDC:USDC,4851937.059999999,1.25e-05,136.235
2026-01-10T15:00:00+00:00,hyperliquid,SOL/USDC:USDC,4845486.459999999,1.25e-05,136.155
2026-01-10T16:00:00+00:00,hyperliquid,SOL/USDC:USDC,4851939.539999998,1.25e-05,136.385
2026-01-10T17:00:00+00:00,hyperliquid,SOL/USDC:USDC,4840085.1000000015,1.25e-05,136.435
2026-01-10T18:00:00+00:00,hyperliquid,SOL/USDC:USDC,4842287.659999999,1.16806e-05,136.175
2026-01-10T19:00:00+00:00,hyperliquid,SOL/USDC:USDC,4842108.48,1.25e-05,136.135
2026-01-10T20:00:00+00:00,hyperliquid,SOL/USDC:USDC,4842719.159999998,7.9653e-06,136.165
2026-01-10T21:00:00+00:00,hyperliquid,SOL/USDC:USDC,4846137.180000001,1.25e-05,135.985
2026-01-10T22:00:00+00:00,hyperliquid,SOL/USDC:USDC,4844513.419999999,8.7785e-06,135.645
2026-01-10T23:00:00+00:00,hyperliquid,SOL/USDC:USDC,4994647.62,1.25e-05,135.605
2026-01-11T00:00:00+00:00,hyperliquid,SOL/USDC:USDC,4996575.400000001,1.25e-05,135.805
2026-01-11T01:00:00+00:00,hyperliquid,SOL/USDC:USDC,4991495.54,1.25e-05,136.345
2026-01-11T02:00:00+00:00,hyperliquid,SOL/USDC:USDC,5000038.4,1.25e-05,136.275
2026-01-11T03:00:00+00:00,hyperliquid,SOL/USDC:USDC,5003178.900000001,1.25e-05,135.995
2026-01-11T04:00:00+00:00,hyperliquid,SOL/USDC:USDC,5008208.78,1.25e-05,136.205
2026-01-11T05:00:00+00:00,hyperliquid,SOL/USDC:USDC,5020260.719999998,1.25e-05,136.125
2026-01-11T06:00:00+00:00,hyperliquid,SOL/USDC:USDC,5037220.38,1.25e-05,136.225
2026-01-11T07:00:00+00:00,hyperliquid,SOL/USDC:USDC,5040341.319999999,1.25e-05,136.145
2026-01-11T08:00:00+00:00,hyperliquid,SOL/USDC:USDC,5032652.74,1.25e-05,136.195
2026-01-11T09:00:00+00:00,hyperliquid,SOL/USDC:USDC,5028990.28,1.25e-05,136.765
2026-01-11T10:00:00+00:00,hyperliquid,SOL/USDC:USDC,5035009.439999999,1.25e-05,136.495
2026-01-11T11:00:00+00:00,hyperliquid,SOL/USDC:USDC,5035845.94,1.25e-05,136.555
2026-01-11T12:00:00+00:00,hyperliquid,SOL/USDC:USDC,5034250.42,1.25e-05,136.545
2026-01-11T13:00:00+00:00,hyperliquid,SOL/USDC:USDC,5069203.54,1.25e-05,137.085
2026-01-11T14:00:00+00:00,hyperliquid,SOL/USDC:USDC,5080786.399999999,1.25e-05,137.245
2026-01-11T15:00:00+00:00,hyperliquid,SOL/USDC:USDC,5067454.179999999,1.25e-05,139.325
2026-01-11T16:00:00+00:00,hyperliquid,SOL/USDC:USDC,4729710.5600000005,3.3579e-06,138.755
2026-01-11T17:00:00+00:00,hyperliquid,SOL/USDC:USDC,4920765.800000002,-3.96046e-05,139.935
2026-01-11T18:00:00+00:00,hyperliquid,SOL/USDC:USDC,4898913.020000001,-5.4881e-06,139.425
2026-01-11T19:00:00+00:00,hyperliquid,SOL/USDC:USDC,4832267.559999999,-4.9132e-06,139.905
2026-01-11T20:00:00+00:00,hyperliquid,SOL/USDC:USDC,4550882.96,2.1989e-06,139.155
2026-01-11T21:00:00+00:00,hyperliquid,SOL/USDC:USDC,4621194.819999997,1.25e-05,138.245
2026-01-11T22:00:00+00:00,hyperliquid,SOL/USDC:USDC,4685495.319999998,1.25e-05,138.425
2026-01-11T23:00:00+00:00,hyperliquid,SOL/USDC:USDC,4722740.859999998,1.25e-05,138.245
2026-01-12T00:00:00+00:00,hyperliquid,SOL/USDC:USDC,4782144.560000001,1.25e-05,139.395
2026-01-12T01:00:00+00:00,hyperliquid,SOL/USDC:USDC,4743860.140000003,1.25e-05,141.005
2026-01-12T02:00:00+00:00,hyperliquid,SOL/USDC:USDC,4756522.880000004,4.3239e-06,140.985
2026-01-12T03:00:00+00:00,hyperliquid,SOL/USDC:USDC,4791164.680000004,7.308e-06,142.605
2026-01-12T04:00:00+00:00,hyperliquid,SOL/USDC:USDC,4848183.3999999985,-5.762e-07,142.625
2026-01-12T05:00:00+00:00,hyperliquid,SOL/USDC:USDC,4854523.760000002,3.5041e-06,142.635
2026-01-12T06:00:00+00:00,hyperliquid,SOL/USDC:USDC,4858477.439999999,-4.2594e-06,142.545
2026-01-12T07:00:00+00:00,hyperliquid,SOL/USDC:USDC,4725465.500000002,1.25e-05,141.935
2026-01-12T08:00:00+00:00,hyperliquid,SOL/USDC:USDC,4730984.100000001,1.14769e-05,141.305
2026-01-12T09:00:00+00:00,hyperliquid,SOL/USDC:USDC,4639258.420000001,4.7611e-06,139.925
2026-01-12T10:00:00+00:00,hyperliquid,SOL/USDC:USDC,4491574.139999999,-9.1654e-06,139.525
2026-01-12T11:00:00+00:00,hyperliquid,SOL/USDC:USDC,4437986.0000000065,-5.0414e-06,139.285
2026-01-12T12:00:00+00:00,hyperliquid,SOL/USDC:USDC,4433280.52,-1.23846e-05,139.955
2026-01-12T13:00:00+00:00,hyperliquid,SOL/USDC:USDC,4429620.840000003,-2.9394e-06,139.625
2026-01-12T14:00:00+00:00,hyperliquid,SOL/USDC:USDC,4416526.42,-4.08e-08,139.745
2026-01-12T15:00:00+00:00,hyperliquid,SOL/USDC:USDC,4428142.58,1.01518e-05,140.295
2026-01-12T16:00:00+00:00,hyperliquid,SOL/USDC:USDC,4640274.939999998,1.25e-05,142.585
2026-01-12T17:00:00+00:00,hyperliquid,SOL/USDC:USDC,4593295.800000003,1.25e-05,143.055
2026-01-12T18:00:00+00:00,hyperliquid,SOL/USDC:USDC,4393559.259999997,1.25e-05,141.815
2026-01-12T19:00:00+00:00,hyperliquid,SOL/USDC:USDC,5117247.080000002,-3.3323e-05,140.945
2026-01-12T20:00:00+00:00,hyperliquid,SOL/USDC:USDC,5112571.0,-2.81521e-05,140.83
2026-01-12T21:00:00+00:00,hyperliquid,SOL/USDC:USDC,5017560.9799999995,-4.12583e-05,139.995
2026-01-12T22:00:00+00:00,hyperliquid,SOL/USDC:USDC,4948566.120000005,-2.35857e-05,139.185
2026-01-12T23:00:00+00:00,hyperliquid,SOL/USDC:USDC,4848470.859999998,-1.80871e-05,139.145
2026-01-13T00:00:00+00:00,hyperliquid,SOL/USDC:USDC,4763332.879999999,1.25e-05,139.115
2026-01-13T01:00:00+00:00,hyperliquid,SOL/USDC:USDC,4774458.76,-1.8027e-06,139.255
2026-01-13T02:00:00+00:00,hyperliquid,SOL/USDC:USDC,4766955.960000003,-3.4896e-06,138.865
2026-01-13T03:00:00+00:00,hyperliquid,SOL/USDC:USDC,4764853.620000002,1.25e-05,138.305
2026-01-13T04:00:00+00:00,hyperliquid,SOL/USDC:USDC,4769496.1,5.8274e-06,138.775
2026-01-13T05:00:00+00:00,hyperliquid,SOL/USDC:USDC,4767584.18,1.25e-05,139.185
2026-01-13T06:00:00+00:00,hyperliquid,SOL/USDC:USDC,4529802.540000001,1.25e-05,139.915
2026-01-13T07:00:00+00:00,hyperliquid,SOL/USDC:USDC,4596890.7799999975,1.25e-05,140.515
2026-01-13T08:00:00+00:00,hyperliquid,SOL/USDC:USDC,4656613.0200000005,1.25e-05,140.085
2026-01-13T09:00:00+00:00,hyperliquid,SOL/USDC:USDC,5098787.919999998,1.25e-05,141.645
2026-01-13T10:00:00+00:00,hyperliquid,SOL/USDC:USDC,5409143.879999999,1.25e-05,141.945
2026-01-13T11:00:00+00:00,hyperliquid,SOL/USDC:USDC,5329749.760000001,1.25e-05,142.125
2026-01-13T12:00:00+00:00,hyperliquid,SOL/USDC:USDC,5333005.059999999,1.25e-05,141.965
2026-01-13T13:00:00+00:00,hyperliquid,SOL/USDC:USDC,5332248.140000001,1.25e-05,142.135
2026-01-13T14:00:00+00:00,hyperliquid,SOL/USDC:USDC,5338181.040000003,1.25e-05,141.985
2026-01-13T15:00:00+00:00,hyperliquid,SOL/USDC:USDC,5390565.499999999,1.25e-05,141.595
2026-01-13T16:00:00+00:00,hyperliquid,SOL/USDC:USDC,5324775.44,1.25e-05,143.875
2026-01-13T17:00:00+00:00,hyperliquid,SOL/USDC:USDC,5267342.200000001,1.25e-05,143.275
2026-01-13T18:00:00+00:00,hyperliquid,SOL/USDC:USDC,5224284.8,1.25e-05,142.765
2026-01-13T19:00:00+00:00,hyperliquid,SOL/USDC:USDC,5229868.600000001,1.25e-05,143.465
2026-01-13T20:00:00+00:00,hyperliquid,SOL/USDC:USDC,5293211.859999995,1.25e-05,144.315
2026-01-13T21:00:00+00:00,hyperliquid,SOL/USDC:USDC,5284912.340000002,1.25e-05,143.745
2026-01-13T22:00:00+00:00,hyperliquid,SOL/USDC:USDC,5263198.159999998,1.25e-05,143.465
2026-01-13T23:00:00+00:00,hyperliquid,SOL/USDC:USDC,5123646.899999998,1.25e-05,147.555
2026-01-14T00:00:00+00:00,hyperliquid,SOL/USDC:USDC,4517263.440000004,1.25e-05,145.735
2026-01-14T01:00:00+00:00,hyperliquid,SOL/USDC:USDC,4518324.22,1.25e-05,144.945
2026-01-14T02:00:00+00:00,hyperliquid,SOL/USDC:USDC,4453914.500000002,1.25e-05,145.575
2026-01-14T03:00:00+00:00,hyperliquid,SOL/USDC:USDC,4460353.24,1.25e-05,145.385
2026-01-14T04:00:00+00:00,hyperliquid,SOL/USDC:USDC,4444429.8,1.25e-05,146.285
2026-01-14T05:00:00+00:00,hyperliquid,SOL/USDC:USDC,4408469.140000002,1.00302e-05,144.665
2026-01-14T06:00:00+00:00,hyperliquid,SOL/USDC:USDC,4457221.640000002,-1.04463e-05,144.265
2026-01-14T07:00:00+00:00,hyperliquid,SOL/USDC:USDC,4402052.14,1.25e-05,144.625
2026-01-14T08:00:00+00:00,hyperliquid,SOL/USDC:USDC,4400573.8599999985,1.09984e-05,144.795
2026-01-14T09:00:00+00:00,hyperliquid,SOL/USDC:USDC,4390493.98,1.25e-05,144.82
2026-01-14T10:00:00+00:00,hyperliquid,SOL/USDC:USDC,4387338.72,9.6857e-06,145.445
2026-01-14T11:00:00+00:00,hyperliquid,SOL/USDC:USDC,4388071.56,1.04841e-05,144.565
2026-01-14T12:00:00+00:00,hyperliquid,SOL/USDC:USDC,4692947.18,-1.38417e-05,143.595
2026-01-14T13:00:00+00:00,hyperliquid,SOL/USDC:USDC,4653655.18,-2.3531e-06,144.455
2026-01-14T14:00:00+00:00,hyperliquid,SOL/USDC:USDC,4527895.820000005,1.16673e-05,144.475
2026-01-14T15:00:00+00:00,hyperliquid,SOL/USDC:USDC,4689099.100000005,1.25e-05,146.445
2026-01-14T16:00:00+00:00,hyperliquid,SOL/USDC:USDC,4819770.300000002,1.25e-05,147.195
2026-01-14T17:00:00+00:00,hyperliquid,SOL/USDC:USDC,4830078.339999998,1.25e-05,146.775
2026-01-14T18:00:00+00:00,hyperliquid,SOL/USDC:USDC,4819668.280000001,1.25e-05,145.875
2026-01-14T19:00:00+00:00,hyperliquid,SOL/USDC:USDC,4866130.939999999,1.25e-05,146.245
2026-01-14T20:00:00+00:00,hyperliquid,SOL/USDC:USDC,4870186.259999998,1.25e-05,146.665
2026-01-14T21:00:00+00:00,hyperliquid,SOL/USDC:USDC,4933638.38,1.25e-05,147.505
2026-01-14T22:00:00+00:00,hyperliquid,SOL/USDC:USDC,5075088.260000002,1.25e-05,146.885
2026-01-14T23:00:00+00:00,hyperliquid,SOL/USDC:USDC,5322520.520000001,1.99732e-05,146.505
2026-01-15T00:00:00+00:00,hyperliquid,SOL/USDC:USDC,5266276.820000001,1.25e-05,146.565
2026-01-15T01:00:00+00:00,hyperliquid,SOL/USDC:USDC,5237184.1800000025,1.25e-05,146.255
2026-01-15T02:00:00+00:00,hyperliquid,SOL/USDC:USDC,5212187.600000001,1.25e-05,145.305
2026-01-15T03:00:00+00:00,hyperliquid,SOL/USDC:USDC,5227229.120000003,1.25e-05,144.525
2026-01-15T04:00:00+00:00,hyperliquid,SOL/USDC:USDC,5206497.359999999,1.25e-05,143.475
2026-01-15T05:00:00+00:00,hyperliquid,SOL/USDC:USDC,5228803.860000002,1.25e-05,144.505
2026-01-15T06:00:00+00:00,hyperliquid,SOL/USDC:USDC,5209305.86,1.25e-05,144.685
2026-01-15T07:00:00+00:00,hyperliquid,SOL/USDC:USDC,5201553.9799999995,1.25e-05,144.315
2026-01-15T08:00:00+00:00,hyperliquid,SOL/USDC:USDC,5210907.540000002,1.25e-05,144.995
2026-01-15T09:00:00+00:00,hyperliquid,SOL/USDC:USDC,5199338.180000001,1.25e-05,144.825
2026-01-15T10:00:00+00:00,hyperliquid,SOL/USDC:USDC,5220523.379999998,1.25e-05,145.555
2026-01-15T11:00:00+00:00,hyperliquid,SOL/USDC:USDC,5253122.580000001,1.25e-05,145.505
2026-01-15T12:00:00+00:00,hyperliquid,SOL/USDC:USDC,5286970.6,1.25e-05,144.835
2026-01-15T13:00:00+00:00,hyperliquid,SOL/USDC:USDC,5339520.780000002,1.25e-05,145.045
2026-01-15T14:00:00+00:00,hyperliquid,SOL/USDC:USDC,5390488.159999999,1.25e-05,145.305
2026-01-15T15:00:00+00:00,hyperliquid,SOL/USDC:USDC,5413521.440000002,1.25e-05,144.235
2026-01-15T16:00:00+00:00,hyperliquid,SOL/USDC:USDC,5468511.840000008,1.25e-05,143.245
2026-01-15T17:00:00+00:00,hyperliquid,SOL/USDC:USDC,5495839.680000001,1.25e-05,143.865
2026-01-15T18:00:00+00:00,hyperliquid,SOL/USDC:USDC,5473791.260000003,1.25e-05,142.955
2026-01-15T19:00:00+00:00,hyperliquid,SOL/USDC:USDC,5477720.34,1.25e-05,141.355
2026-01-15T20:00:00+00:00,hyperliquid,SOL/USDC:USDC,5515193.9399999995,1.25e-05,141.555
2026-01-15T21:00:00+00:00,hyperliquid,SOL/USDC:USDC,5538086.4,1.25e-05,141.575
2026-01-15T22:00:00+00:00,hyperliquid,SOL/USDC:USDC,5560375.919999998,1.25e-05,142.165
2026-01-15T23:00:00+00:00,hyperliquid,SOL/USDC:USDC,5554873.999999999,1.25e-05,142.395
2026-01-16T00:00:00+00:00,hyperliquid,SOL/USDC:USDC,5554414.26,1.25e-05,142.435
2026-01-16T01:00:00+00:00,hyperliquid,SOL/USDC:USDC,5558748.36,1.25e-05,142.515
2026-01-16T02:00:00+00:00,hyperliquid,SOL/USDC:USDC,5534172.760000002,1.25e-05,142.23
2026-01-16T03:00:00+00:00,hyperliquid,SOL/USDC:USDC,5530680.3,1.25e-05,142.235
2026-01-16T04:00:00+00:00,hyperliquid,SOL/USDC:USDC,5513336.060000001,1.25e-05,142.015
2026-01-16T05:00:00+00:00,hyperliquid,SOL/USDC:USDC,5488407.079999999,1.25e-05,141.795
2026-01-16T06:00:00+00:00,hyperliquid,SOL/USDC:USDC,5496558.520000001,1.25e-05,143.225
2026-01-16T07:00:00+00:00,hyperliquid,SOL/USDC:USDC,5502829.859999999,1.25e-05,143.285
2026-01-16T08:00:00+00:00,hyperliquid,SOL/USDC:USDC,5480517.600000002,1.25e-05,143.015
2026-01-16T09:00:00+00:00,hyperliquid,SOL/USDC:USDC,5491248.0200000005,1.25e-05,143.245
2026-01-16T10:00:00+00:00,hyperliquid,SOL/USDC:USDC,5485542.280000001,1.25e-05,143.165
2026-01-16T11:00:00+00:00,hyperliquid,SOL/USDC:USDC,5495652.459999999,1.25e-05,143.115
2026-01-16T12:00:00+00:00,hyperliquid,SOL/USDC:USDC,5494774.860000003,1.25e-05,143.245
2026-01-16T13:00:00+00:00,hyperliquid,SOL/USDC:USDC,5516938.06,1.25e-05,143.625
2026-01-16T14:00:00+00:00,hyperliquid,SOL/USDC:USDC,5530196.4,1.25e-05,143.195
2026-01-16T15:00:00+00:00,hyperliquid,SOL/USDC:USDC,5555854.3,1.25e-05,142.955
2026-01-16T16:00:00+00:00,hyperliquid,SOL/USDC:USDC,5543063.3999999985,1.25e-05,141.04
2026-01-16T17:00:00+00:00,hyperliquid,SOL/USDC:USDC,5552244.360000001,1.25e-05,141.865
2026-01-16T18:00:00+00:00,hyperliquid,SOL/USDC:USDC,5550169.64,1.25e-05,143.335
2026-01-16T19:00:00+00:00,hyperliquid,SOL/USDC:USDC,5538716.540000003,1.25e-05,143.425
2026-01-16T20:00:00+00:00,hyperliquid,SOL/USDC:USDC,5537718.819999999,1.25e-05,144.145
2026-01-16T21:00:00+00:00,hyperliquid,SOL/USDC:USDC,5509527.519999997,1.25e-05,144.805
2026-01-16T22:00:00+00:00,hyperliquid,SOL/USDC:USDC,5499625.66,1.25e-05,145.135
2026-01-16T23:00:00+00:00,hyperliquid,SOL/USDC:USDC,5471734.220000001,1.25e-05,145.115
2026-01-17T00:00:00+00:00,hyperliquid,SOL/USDC:USDC,5464319.0,1.25e-05,144.965
2026-01-17T01:00:00+00:00,hyperliquid,SOL/USDC:USDC,5438827.200000002,1.25e-05,144.435
2026-01-17T02:00:00+00:00,hyperliquid,SOL/USDC:USDC,5441441.88,1.25e-05,144.665
2026-01-17T03:00:00+00:00,hyperliquid,SOL/USDC:USDC,5448144.0600000005,1.25e-05,144.635
2026-01-17T04:00:00+00:00,hyperliquid,SOL/USDC:USDC,5447740.52,1.25e-05,144.425
2026-01-17T05:00:00+00:00,hyperliquid,SOL/USDC:USDC,5444303.5600000005,1.25e-05,144.295
2026-01-17T06:00:00+00:00,hyperliquid,SOL/USDC:USDC,5445640.400000003,1.25e-05,144.045
2026-01-17T07:00:00+00:00,hyperliquid,SOL/USDC:USDC,5443945.0,1.25e-05,143.835
2026-01-17T08:00:00+00:00,hyperliquid,SOL/USDC:USDC,5444010.620000006,1.25e-05,143.72
2026-01-17T09:00:00+00:00,hyperliquid,SOL/USDC:USDC,5451447.239999997,1.25e-05,144.175
2026-01-17T10:00:00+00:00,hyperliquid,SOL/USDC:USDC,5489569.580000002,1.25e-05,144.485
2026-01-17T11:00:00+00:00,hyperliquid,SOL/USDC:USDC,5495527.180000002,1.25e-05,143.925
2026-01-17T12:00:00+00:00,hyperliquid,SOL/USDC:USDC,5484816.919999999,1.25e-05,143.905
2026-01-17T13:00:00+00:00,hyperliquid,SOL/USDC:USDC,5482673.9,1.25e-05,143.705
2026-01-17T14:00:00+00:00,hyperliquid,SOL/USDC:USDC,5488374.8,1.25e-05,143.925
2026-01-17T15:00:00+00:00,hyperliquid,SOL/USDC:USDC,5500874.379999999,1.25e-05,143.885
2026-01-17T16:00:00+00:00,hyperliquid,SOL/USDC:USDC,5529624.640000001,1.25e-05,144.145
2026-01-17T17:00:00+00:00,hyperliquid,SOL/USDC:USDC,5543627.840000001,1.25e-05,143.845
2026-01-17T18:00:00+00:00,hyperliquid,SOL/USDC:USDC,5539890.700000001,1.25e-05,144.095
2026-01-17T19:00:00+00:00,hyperliquid,SOL/USDC:USDC,5562331.1400000015,1.25e-05,144.275
2026-01-17T20:00:00+00:00,hyperliquid,SOL/USDC:USDC,5566810.459999999,1.25e-05,144.275
2026-01-17T21:00:00+00:00,hyperliquid,SOL/USDC:USDC,5583094.44,1.25e-05,144.535
2026-01-17T22:00:00+00:00,hyperliquid,SOL/USDC:USDC,5581508.600000001,1.25e-05,144.235
2026-01-17T23:00:00+00:00,hyperliquid,SOL/USDC:USDC,5589471.540000001,1.25e-05,143.895
2026-01-18T00:00:00+00:00,hyperliquid,SOL/USDC:USDC,5571746.3,1.25e-05,143.715
2026-01-18T01:00:00+00:00,hyperliquid,SOL/USDC:USDC,5542885.44,1.25e-05,143.165
2026-01-18T02:00:00+00:00,hyperliquid,SOL/USDC:USDC,5420474.0600000005,1.25e-05,142.755
2026-01-18T03:00:00+00:00,hyperliquid,SOL/USDC:USDC,5387580.279999999,1.25e-05,142.545
2026-01-18T04:00:00+00:00,hyperliquid,SOL/USDC:USDC,5386495.619999998,1.25e-05,142.715
2026-01-18T05:00:00+00:00,hyperliquid,SOL/USDC:USDC,5387187.559999999,1.25e-05,142.755
2026-01-18T06:00:00+00:00,hyperliquid,SOL/USDC:USDC,5389332.1400000015,1.25e-05,142.775
2026-01-18T07:00:00+00:00,hyperliquid,SOL/USDC:USDC,5388604.000000001,1.25e-05,142.595
2026-01-18T08:00:00+00:00,hyperliquid,SOL/USDC:USDC,5379921.399999999,1.25e-05,142.145
2026-01-18T09:00:00+00:00,hyperliquid,SOL/USDC:USDC,5354152.399999999,1.25e-05,142.425
2026-01-18T10:00:00+00:00,hyperliquid,SOL/USDC:USDC,5349201.58,1.25e-05,142.505
2026-01-18T11:00:00+00:00,hyperliquid,SOL/USDC:USDC,5349484.600000001,1.25e-05,142.315
2026-01-18T12:00:00+00:00,hyperliquid,SOL/USDC:USDC,5350269.0600000005,1.25e-05,142.255
2026-01-18T13:00:00+00:00,hyperliquid,SOL/USDC:USDC,5349258.44,1.25e-05,142.185
2026-01-18T14:00:00+00:00,hyperliquid,SOL/USDC:USDC,5353748.800000004,1.25e-05,142.175
2026-01-18T15:00:00+00:00,hyperliquid,SOL/USDC:USDC,5346028.439999998,1.25e-05,141.715
2026-01-18T16:00:00+00:00,hyperliquid,SOL/USDC:USDC,5345632.9799999995,1.25e-05,141.765
2026-01-18T17:00:00+00:00,hyperliquid,SOL/USDC:USDC,5352484.440000001,1.25e-05,142.035
2026-01-18T18:00:00+00:00,hyperliquid,SOL/USDC:USDC,5351992.739999999,1.25e-05,142.275
2026-01-18T19:00:00+00:00,hyperliquid,SOL/USDC:USDC,5370408.4399999995,1.25e-05,142.925
2026-01-18T20:00:00+00:00,hyperliquid,SOL/USDC:USDC,5317155.520000001,1.25e-05,142.185
2026-01-18T21:00:00+00:00,hyperliquid,SOL/USDC:USDC,5346472.56,1.25e-05,142.425
2026-01-18T22:00:00+00:00,hyperliquid,SOL/USDC:USDC,5349103.4,1.25e-05,142.655
2026-01-18T23:00:00+00:00,hyperliquid,SOL/USDC:USDC,5362100.399999999,1.25e-05,142.735
2026-01-19T00:00:00+00:00,hyperliquid,SOL/USDC:USDC,5194019.44,1.25e-05,135.11
2026-01-19T01:00:00+00:00,hyperliquid,SOL/USDC:USDC,4694731.5200000005,1.25e-05,133.695
2026-01-19T02:00:00+00:00,hyperliquid,SOL/USDC:USDC,4664851.639999998,5.983e-06,133.505
2026-01-19T03:00:00+00:00,hyperliquid,SOL/USDC:USDC,4654856.56,-7.5037e-06,133.715
2026-01-19T04:00:00+00:00,hyperliquid,SOL/USDC:USDC,4650590.179999999,-1.21629e-05,133.625
2026-01-19T05:00:00+00:00,hyperliquid,SOL/USDC:USDC,4641580.739999999,1.1549e-06,133.635
2026-01-19T06:00:00+00:00,hyperliquid,SOL/USDC:USDC,4675100.400000001,-9.5232e-06,133.255
2026-01-19T07:00:00+00:00,hyperliquid,SOL/USDC:USDC,4662981.460000001,-7.982e-06,133.255
2026-01-19T08:00:00+00:00,hyperliquid,SOL/USDC:USDC,4632021.440000001,-4.3586e-05,133.225
2026-01-19T09:00:00+00:00,hyperliquid,SOL/USDC:USDC,4557591.539999993,2.9465e-06,133.745
2026-01-19T10:00:00+00:00,hyperliquid,SOL/USDC:USDC,4520208.500000003,9.862e-07,133.605
2026-01-19T11:00:00+00:00,hyperliquid,SOL/USDC:USDC,4519261.64,-2.899e-06,133.655
2026-01-19T12:00:00+00:00,hyperliquid,SOL/USDC:USDC,4479822.360000001,-4.9804e-06,133.985
2026-01-19T13:00:00+00:00,hyperliquid,SOL/USDC:USDC,4549734.18,1.25e-05,134.025
2026-01-19T14:00:00+00:00,hyperliquid,SOL/USDC:USDC,4556594.780000002,1.25e-05,133.695
2026-01-19T15:00:00+00:00,hyperliquid,SOL/USDC:USDC,4566464.019999998,1.07025e-05,133.585
2026-01-19T16:00:00+00:00,hyperliquid,SOL/USDC:USDC,4586287.2,1.25e-05,133.515
2026-01-19T17:00:00+00:00,hyperliquid,SOL/USDC:USDC,4589222.940000001,1.25e-05,134.325
2026-01-19T18:00:00+00:00,hyperliquid,SOL/USDC:USDC,4617364.32,1.25e-05,134.245
2026-01-19T19:00:00+00:00,hyperliquid,SOL/USDC:USDC,4612067.82,1.25e-05,134.365
2026-01-19T20:00:00+00:00,hyperliquid,SOL/USDC:USDC,4596426.720000001,1.25e-05,134.525
2026-01-19T21:00:00+00:00,hyperliquid,SOL/USDC:USDC,4595609.940000004,1.25e-05,134.805
2026-01-19T22:00:00+00:00,hyperliquid,SOL/USDC:USDC,4576719.319999997,1.25e-05,133.975
2026-01-19T23:00:00+00:00,hyperliquid,SOL/USDC:USDC,4532261.439999998,-7.2566e-06,133.285
2026-01-20T00:00:00+00:00,hyperliquid,SOL/USDC:USDC,4505953.659999996,7.4181e-06,133.325
2026-01-20T01:00:00+00:00,hyperliquid,SOL/USDC:USDC,4473903.88,1.7607e-06,133.545
2026-01-20T02:00:00+00:00,hyperliquid,SOL/USDC:USDC,4448607.639999999,1.09732e-05,133.765
2026-01-20T03:00:00+00:00,hyperliquid,SOL/USDC:USDC,4436530.539999998,4.0243e-06,133.715
2026-01-20T04:00:00+00:00,hyperliquid,SOL/USDC:USDC,4410020.280000002,8.4572e-06,134.135
2026-01-20T05:00:00+00:00,hyperliquid,SOL/USDC:USDC,4391297.180000003,-9.107e-06,133.125
2026-01-20T06:00:00+00:00,hyperliquid,SOL/USDC:USDC,4481497.300000003,-3.3153e-06,132.825
2026-01-20T07:00:00+00:00,hyperliquid,SOL/USDC:USDC,4823269.719999999,-2.52193e-05,131.205
2026-01-20T08:00:00+00:00,hyperliquid,SOL/USDC:USDC,4659357.840000002,1.25e-05,130.555
2026-01-20T09:00:00+00:00,hyperliquid,SOL/USDC:USDC,4628284.519999998,-1.1846e-06,128.945
2026-01-20T10:00:00+00:00,hyperliquid,SOL/USDC:USDC,4650691.8,-8.9999e-06,128.735
2026-01-20T11:00:00+00:00,hyperliquid,SOL/USDC:USDC,4640777.56,-9.7934e-06,128.875
2026-01-20T12:00:00+00:00,hyperliquid,SOL/USDC:USDC,4599050.9399999995,1.8565e-06,128.805
2026-01-20T13:00:00+00:00,hyperliquid,SOL/USDC:USDC,4586819.200000002,-9.0372e-06,129.275
2026-01-20T14:00:00+00:00,hyperliquid,SOL/USDC:USDC,4544420.1800000025,-3.5e-06,128.585
2026-01-20T15:00:00+00:00,hyperliquid,SOL/USDC:USDC,4441956.460000004,1.9168e-06,128.675
2026-01-20T16:00:00+00:00,hyperliquid,SOL/USDC:USDC,4345974.5600000005,-4.0466e-06,127.93
2026-01-20T17:00:00+00:00,hyperliquid,SOL/USDC:USDC,4314178.139999996,1.25e-05,126.995
2026-01-20T18:00:00+00:00,hyperliquid,SOL/USDC:USDC,4578144.319999998,1.25e-05,127.375
2026-01-20T19:00:00+00:00,hyperliquid,SOL/USDC:USDC,4892904.880000003,1.25e-05,127.265
2026-01-20T20:00:00+00:00,hyperliquid,SOL/USDC:USDC,4908074.639999997,1.25e-05,127.065
2026-01-20T21:00:00+00:00,hyperliquid,SOL/USDC:USDC,4970678.000000001,1.25e-05,127.765
2026-01-20T22:00:00+00:00,hyperliquid,SOL/USDC:USDC,4985522.6000000015,1.25e-05,127.075
2026-01-20T23:00:00+00:00,hyperliquid,SOL/USDC:USDC,4891432.3599999985,1.25e-05,125.995
2026-01-21T00:00:00+00:00,hyperliquid,SOL/USDC:USDC,4823803.539999999,1.25e-05,126.105
2026-01-21T01:00:00+00:00,hyperliquid,SOL/USDC:USDC,4850592.540000004,1.25e-05,127.325
2026-01-21T02:00:00+00:00,hyperliquid,SOL/USDC:USDC,4813369.259999995,1.25e-05,127.455
2026-01-21T03:00:00+00:00,hyperliquid,SOL/USDC:USDC,4827252.159999998,1.25e-05,126.895
2026-01-21T04:00:00+00:00,hyperliquid,SOL/USDC:USDC,4843859.520000001,1.25e-05,127.595
2026-01-21T05:00:00+00:00,hyperliquid,SOL/USDC:USDC,4859019.959999998,1.25e-05,127.735
2026-01-21T06:00:00+00:00,hyperliquid,SOL/USDC:USDC,4866187.360000001,1.25e-05,128.305
2026-01-21T07:00:00+00:00,hyperliquid,SOL/USDC:USDC,4855368.66,1.25e-05,128.085
2026-01-21T08:00:00+00:00,hyperliquid,SOL/USDC:USDC,4841939.460000001,1.25e-05,127.485
2026-01-21T09:00:00+00:00,hyperliquid,SOL/USDC:USDC,4843669.84,6.4551e-06,127.175
2026-01-21T10:00:00+00:00,hyperliquid,SOL/USDC:USDC,4848980.019999998,1.25e-05,127.55
2026-01-21T11:00:00+00:00,hyperliquid,SOL/USDC:USDC,4855442.0200000005,1.25e-05,127.585
2026-01-21T12:00:00+00:00,hyperliquid,SOL/USDC:USDC,4847573.38,1.25e-05,127.035
2026-01-21T13:00:00+00:00,hyperliquid,SOL/USDC:USDC,4810729.339999998,1.25e-05,127.405
2026-01-21T14:00:00+00:00,hyperliquid,SOL/USDC:USDC,4819601.3400000045,1.25e-05,127.135
2026-01-21T15:00:00+00:00,hyperliquid,SOL/USDC:USDC,4952802.960000006,1.25e-05,129.355
2026-01-21T16:00:00+00:00,hyperliquid,SOL/USDC:USDC,4952804.260000001,1.25e-05,130.295
2026-01-21T17:00:00+00:00,hyperliquid,SOL/USDC:USDC,5304917.040000001,-9.992e-07,126.08
2026-01-21T18:00:00+00:00,hyperliquid,SOL/USDC:USDC,5249382.519999999,1.25e-05,126.755
2026-01-21T19:00:00+00:00,hyperliquid,SOL/USDC:USDC,5256514.739999998,1.25e-05,127.605
2026-01-21T20:00:00+00:00,hyperliquid,SOL/USDC:USDC,5311046.3399999915,1.25e-05,131.175
2026-01-21T21:00:00+00:00,hyperliquid,SOL/USDC:USDC,5294640.360000003,1.25e-05,130.785
2026-01-21T22:00:00+00:00,hyperliquid,SOL/USDC:USDC,5237890.3599999985,1.25e-05,130.975
2026-01-21T23:00:00+00:00,hyperliquid,SOL/USDC:USDC,5158157.260000002,1.25e-05,130.555
2026-01-22T00:00:00+00:00,hyperliquid,SOL/USDC:USDC,5150404.399999997,1.25e-05,129.685
2026-01-22T01:00:00+00:00,hyperliquid,SOL/USDC:USDC,5143644.919999982,7.9303e-06,129.865
2026-01-22T02:00:00+00:00,hyperliquid,SOL/USDC:USDC,5118597.420000002,1.0138e-05,130.255
2026-01-22T03:00:00+00:00,hyperliquid,SOL/USDC:USDC,5103575.680000001,2.4817e-06,129.855
2026-01-22T04:00:00+00:00,hyperliquid,SOL/USDC:USDC,5064237.360000002,6.5221e-06,129.775
2026-01-22T05:00:00+00:00,hyperliquid,SOL/USDC:USDC,5071929.040000002,1.02468e-05,130.315
2026-01-22T06:00:00+00:00,hyperliquid,SOL/USDC:USDC,5071769.9799999995,-2.2079e-06,130.075
2026-01-22T07:00:00+00:00,hyperliquid,SOL/USDC:USDC,5078578.92,1.25e-05,130.325
2026-01-22T08:00:00+00:00,hyperliquid,SOL/USDC:USDC,5091134.9,-1.4693e-06,129.825
2026-01-22T09:00:00+00:00,hyperliquid,SOL/USDC:USDC,5092304.960000002,8.8154e-06,129.825
2026-01-22T10:00:00+00:00,hyperliquid,SOL/USDC:USDC,5108039.92,5.653e-07,130.105
2026-01-22T11:00:00+00:00,hyperliquid,SOL/USDC:USDC,5102814.52,9.9136e-06,130.025
2026-01-22T12:00:00+00:00,hyperliquid,SOL/USDC:USDC,5104831.42,-7.3596e-06,130.005
2026-01-22T13:00:00+00:00,hyperliquid,SOL/USDC:USDC,5087595.12,-1.99282e-05,130.035
2026-01-22T14:00:00+00:00,hyperliquid,SOL/USDC:USDC,5092492.679999998,-3.627e-06,129.195
2026-01-22T15:00:00+00:00,hyperliquid,SOL/USDC:USDC,5185071.619999997,-3.20035e-05,128.015
2026-01-22T16:00:00+00:00,hyperliquid,SOL/USDC:USDC,5086544.640000009,-2.64487e-05,127.565
2026-01-22T17:00:00+00:00,hyperliquid,SOL/USDC:USDC,5034302.119999998,-1.00675e-05,127.935
2026-01-22T18:00:00+00:00,hyperliquid,SOL/USDC:USDC,5002067.920000005,1.5564e-06,128.465
2026-01-22T19:00:00+00:00,hyperliquid,SOL/USDC:USDC,5019915.740000002,-1.2669e-06,127.615
2026-01-22T20:00:00+00:00,hyperliquid,SOL/USDC:USDC,5011310.420000002,2.8283e-06,129.205
2026-01-22T21:00:00+00:00,hyperliquid,SOL/USDC:USDC,4974582.66,3.1784e-06,128.555
2026-01-22T22:00:00+00:00,hyperliquid,SOL/USDC:USDC,4976272.339999997,-3.7621e-06,128.185
2026-01-22T23:00:00+00:00,hyperliquid,SOL/USDC:USDC,4971113.880000003,1.25e-05,128.255
2026-01-23T00:00:00+00:00,hyperliquid,SOL/USDC:USDC,4970021.739999999,1.20945e-05,128.295
2026-01-23T01:00:00+00:00,hyperliquid,SOL/USDC:USDC,4972607.86,-1.877e-06,128.415
2026-01-23T02:00:00+00:00,hyperliquid,SOL/USDC:USDC,5011324.519999996,1.25e-05,128.815
2026-01-23T03:00:00+00:00,hyperliquid,SOL/USDC:USDC,5014101.019999998,1.25e-05,128.165
2026-01-23T04:00:00+00:00,hyperliquid,SOL/USDC:USDC,5039862.840000003,1.25e-05,128.675
2026-01-23T05:00:00+00:00,hyperliquid,SOL/USDC:USDC,5058146.779999998,1.25e-05,129.005
2026-01-23T06:00:00+00:00,hyperliquid,SOL/USDC:USDC,5061256.520000001,1.25e-05,128.645
2026-01-23T07:00:00+00:00,hyperliquid,SOL/USDC:USDC,4766642.199999996,-0.000123143,127.375
2026-01-23T08:00:00+00:00,hyperliquid,SOL/USDC:USDC,4700499.1599999815,-5.20228e-05,127.725
2026-01-23T09:00:00+00:00,hyperliquid,SOL/USDC:USDC,4626770.839999995,-4.84612e-05,127.165
2026-01-23T10:00:00+00:00,hyperliquid,SOL/USDC:USDC,4619254.26,-4.02791e-05,126.975
2026-01-23T11:00:00+00:00,hyperliquid,SOL/USDC:USDC,4620712.219999999,-3.48159e-05,127.175
2026-01-23T12:00:00+00:00,hyperliquid,SOL/USDC:USDC,4595363.780000001,-2.21185e-05,127.405
2026-01-23T13:00:00+00:00,hyperliquid,SOL/USDC:USDC,4592735.039999999,-1.96499e-05,127.205
2026-01-23T14:00:00+00:00,hyperliquid,SOL/USDC:USDC,4584783.380000004,-2.31104e-05,126.655
2026-01-23T15:00:00+00:00,hyperliquid,SOL/USDC:USDC,4656973.4,-2.64165e-05,126.185
2026-01-23T16:00:00+00:00,hyperliquid,SOL/USDC:USDC,4617565.1,-2.8407e-06,127.925
2026-01-23T17:00:00+00:00,hyperliquid,SOL/USDC:USDC,4612262.540000001,-2.31858e-05,128.135
2026-01-23T18:00:00+00:00,hyperliquid,SOL/USDC:USDC,4559585.939999996,-5.6555e-06,128.365
2026-01-23T19:00:00+00:00,hyperliquid,SOL/USDC:USDC,4550562.399999998,-5.3641e-06,128.685
2026-01-23T20:00:00+00:00,hyperliquid,SOL/USDC:USDC,4671568.0200000005,-1.91389e-05,127.825
2026-01-23T21:00:00+00:00,hyperliquid,SOL/USDC:USDC,4628609.199999998,-1.438e-05,127.055
2026-01-23T22:00:00+00:00,hyperliquid,SOL/USDC:USDC,4627091.459999999,-2.1083e-05,127.255
2026-01-23T23:00:00+00:00,hyperliquid,SOL/USDC:USDC,4621371.420000001,-2.93176e-05,127.415
2026-01-24T00:00:00+00:00,hyperliquid,SOL/USDC:USDC,4611537.739999999,-1.80146e-05,127.375
2026-01-24T01:00:00+00:00,hyperliquid,SOL/USDC:USDC,4613658.919999999,-1.85877e-05,127.265
2026-01-24T02:00:00+00:00,hyperliquid,SOL/USDC:USDC,4611152.7,-2.31606e-05,127.465
2026-01-24T03:00:00+00:00,hyperliquid,SOL/USDC:USDC,4610013.6,-1.58264e-05,127.515
2026-01-24T04:00:00+00:00,hyperliquid,SOL/USDC:USDC,4592226.64,-1.66552e-05,127.795
2026-01-24T05:00:00+00:00,hyperliquid,SOL/USDC:USDC,4593710.860000001,-2.7664e-06,127.785
2026-01-24T06:00:00+00:00,hyperliquid,SOL/USDC:USDC,4592132.9399999995,-1.7795e-05,127.735
2026-01-24T07:00:00+00:00,hyperliquid,SOL/USDC:USDC,4596551.100000001,-1.11975e-05,127.575
2026-01-24T08:00:00+00:00,hyperliquid,SOL/USDC:USDC,4590745.0,-9.211e-07,127.055
2026-01-24T09:00:00+00:00,hyperliquid,SOL/USDC:USDC,4585289.199999998,6.1883e-06,127.265
2026-01-24T10:00:00+00:00,hyperliquid,SOL/USDC:USDC,4585346.0,2.5855e-06,127.035
2026-01-24T11:00:00+00:00,hyperliquid,SOL/USDC:USDC,4589485.32,6.1173e-06,127.115
2026-01-24T12:00:00+00:00,hyperliquid,SOL/USDC:USDC,4590209.699999999,4.0377e-06,127.095
2026-01-24T13:00:00+00:00,hyperliquid,SOL/USDC:USDC,4604737.179999998,-4.1654e-06,127.215
2026-01-24T14:00:00+00:00,hyperliquid,SOL/USDC:USDC,4608785.760000001,-5.5969e-06,126.825
2026-01-24T15:00:00+00:00,hyperliquid,SOL/USDC:USDC,4576169.56,3.9313e-06,127.145
2026-01-24T16:00:00+00:00,hyperliquid,SOL/USDC:USDC,4558881.260000001,-1.18362e-05,126.775
2026-01-24T17:00:00+00:00,hyperliquid,SOL/USDC:USDC,4569935.4,-1.43673e-05,126.945
2026-01-24T18:00:00+00:00,hyperliquid,SOL/USDC:USDC,4572208.420000001,-1.81509e-05,127.165
2026-01-24T19:00:00+00:00,hyperliquid,SOL/USDC:USDC,4574797.400000001,-1.85474e-05,127.345
2026-01-24T20:00:00+00:00,hyperliquid,SOL/USDC:USDC,4575833.239999999,-1.94108e-05,127.245
2026-01-24T21:00:00+00:00,hyperliquid,SOL/USDC:USDC,4575531.639999999,-1.60546e-05,127.215
2026-01-24T22:00:00+00:00,hyperliquid,SOL/USDC:USDC,4576654.539999999,-6.601e-06,127.085
2026-01-24T23:00:00+00:00,hyperliquid,SOL/USDC:USDC,4570512.179999996,-2.68662e-05,127.615
2026-01-25T00:00:00+00:00,hyperliquid,SOL/USDC:USDC,4615670.2799999975,-2.80641e-05,127.165
2026-01-25T01:00:00+00:00,hyperliquid,SOL/USDC:USDC,4599770.559999999,-2.30948e-05,127.315
2026-01-25T02:00:00+00:00,hyperliquid,SOL/USDC:USDC,4587424.180000001,-7.5158e-06,127.185
2026-01-25T03:00:00+00:00,hyperliquid,SOL/USDC:USDC,4585428.5,-9.7242e-06,127.025
2026-01-25T04:00:00+00:00,hyperliquid,SOL/USDC:USDC,4580448.280000002,-1.57283e-05,126.605
2026-01-25T05:00:00+00:00,hyperliquid,SOL/USDC:USDC,4582246.42,-1.29944e-05,126.685
2026-01-25T06:00:00+00:00,hyperliquid,SOL/USDC:USDC,4593920.299999999,9.1055e-06,126.835
2026-01-25T07:00:00+00:00,hyperliquid,SOL/USDC:USDC,4593525.08,-7.0952e-06,126.565
2026-01-25T08:00:00+00:00,hyperliquid,SOL/USDC:USDC,4594031.039999999,-8.9728e-06,126.465
2026-01-25T09:00:00+00:00,hyperliquid,SOL/USDC:USDC,4586600.86,4.3781e-06,126.285
2026-01-25T10:00:00+00:00,hyperliquid,SOL/USDC:USDC,4518161.96,1.25e-05,126.675
2026-01-25T11:00:00+00:00,hyperliquid,SOL/USDC:USDC,4502950.68,1.25e-05,126.825
2026-01-25T12:00:00+00:00,hyperliquid,SOL/USDC:USDC,4501768.379999999,1.2356e-05,126.715
2026-01-25T13:00:00+00:00,hyperliquid,SOL/USDC:USDC,4485539.779999999,1.25e-05,127.035
2026-01-25T14:00:00+00:00,hyperliquid,SOL/USDC:USDC,4464999.199999998,1.25e-05,126.905
2026-01-25T15:00:00+00:00,hyperliquid,SOL/USDC:USDC,4471184.1400000015,8.4276e-06,125.885
2026-01-25T16:00:00+00:00,hyperliquid,SOL/USDC:USDC,4469502.660000001,-1.93082e-05,125.285
2026-01-25T17:00:00+00:00,hyperliquid,SOL/USDC:USDC,4458663.920000001,-1.17477e-05,122.865
2026-01-25T18:00:00+00:00,hyperliquid,SOL/USDC:USDC,4596518.400000001,-2.40318e-05,121.965
2026-01-25T19:00:00+00:00,hyperliquid,SOL/USDC:USDC,4602167.86,-1.73508e-05,121.665
2026-01-25T20:00:00+00:00,hyperliquid,SOL/USDC:USDC,5070007.679999997,-9.55799e-05,117.59
2026-01-25T21:00:00+00:00,hyperliquid,SOL/USDC:USDC,5119415.000000001,-4.63359e-05,118.435
2026-01-25T22:00:00+00:00,hyperliquid,SOL/USDC:USDC,5085187.219999996,-4.01948e-05,118.405
2026-01-25T23:00:00+00:00,hyperliquid,SOL/USDC:USDC,5101547.2399999965,-4.62708e-05,117.66
2026-01-26T00:00:00+00:00,hyperliquid,SOL/USDC:USDC,5117143.2200000025,-3.7255e-05,118.515
2026-01-26T01:00:00+00:00,hyperliquid,SOL/USDC:USDC,5124340.5600000005,-2.73479e-05,119.545
2026-01-26T02:00:00+00:00,hyperliquid,SOL/USDC:USDC,4950400.580000013,1.25e-05,122.005
2026-01-26T03:00:00+00:00,hyperliquid,SOL/USDC:USDC,4845193.639999999,8.4924e-06,121.975
2026-01-26T04:00:00+00:00,hyperliquid,SOL/USDC:USDC,4772673.0600000005,1.25e-05,121.715
2026-01-26T05:00:00+00:00,hyperliquid,SOL/USDC:USDC,4725788.200000002,4.8863e-06,122.565
2026-01-26T06:00:00+00:00,hyperliquid,SOL/USDC:USDC,4708475.840000004,2.2269e-06,122.415
2026-01-26T07:00:00+00:00,hyperliquid,SOL/USDC:USDC,4709104.600000001,7.1975e-06,122.315
2026-01-26T08:00:00+00:00,hyperliquid,SOL/USDC:USDC,4705135.800000002,1.25e-05,122.805
2026-01-26T09:00:00+00:00,hyperliquid,SOL/USDC:USDC,4618013.1800000025,1.25e-05,122.535
2026-01-26T10:00:00+00:00,hyperliquid,SOL/USDC:USDC,4606810.680000002,6.9899e-06,121.965
2026-01-26T11:00:00+00:00,hyperliquid,SOL/USDC:USDC,4593976.560000001,7.3983e-06,122.505
2026-01-26T12:00:00+00:00,hyperliquid,SOL/USDC:USDC,4594804.6,1.25e-05,122.675
2026-01-26T13:00:00+00:00,hyperliquid,SOL/USDC:USDC,4595629.1800000025,3.1653e-06,122.695
2026-01-26T14:00:00+00:00,hyperliquid,SOL/USDC:USDC,4583501.68,1.25e-05,123.065
2026-01-26T15:00:00+00:00,hyperliquid,SOL/USDC:USDC,4567664.479999998,-8.7764e-06,123.295
2026-01-26T16:00:00+00:00,hyperliquid,SOL/USDC:USDC,4710761.14,-1.62465e-05,123.605
2026-01-26T17:00:00+00:00,hyperliquid,SOL/USDC:USDC,4579716.440000001,-5.136e-07,124.325
2026-01-26T18:00:00+00:00,hyperliquid,SOL/USDC:USDC,4583733.080000001,4.0831e-06,124.215
2026-01-26T19:00:00+00:00,hyperliquid,SOL/USDC:USDC,4563554.359999997,7.4521e-06,125.055
2026-01-26T20:00:00+00:00,hyperliquid,SOL/USDC:USDC,4531131.959999999,8.0777e-06,124.215
2026-01-26T21:00:00+00:00,hyperliquid,SOL/USDC:USDC,4493110.779999998,-1.42769e-05,123.605
2026-01-26T22:00:00+00:00,hyperliquid,SOL/USDC:USDC,4469887.939999996,-4.0563e-06,124.405
2026-01-26T23:00:00+00:00,hyperliquid,SOL/USDC:USDC,4473502.499999994,-1.7516e-06,124.235
2026-01-27T00:00:00+00:00,hyperliquid,SOL/USDC:USDC,4450912.039999999,9.4721e-06,124.135
2026-01-27T01:00:00+00:00,hyperliquid,SOL/USDC:USDC,4447902.679999999,4.22e-07,123.855
2026-01-27T02:00:00+00:00,hyperliquid,SOL/USDC:USDC,4459021.920000002,1.25e-05,124.515
2026-01-27T03:00:00+00:00,hyperliquid,SOL/USDC:USDC,4443489.840000001,9.947e-06,124.985
2026-01-27T04:00:00+00:00,hyperliquid,SOL/USDC:USDC,4423629.8,3.2994e-06,124.395
2026-01-27T05:00:00+00:00,hyperliquid,SOL/USDC:USDC,4421178.04,4.5482e-06,124.415
2026-01-27T06:00:00+00:00,hyperliquid,SOL/USDC:USDC,4423466.860000001,-3.4855e-06,124.495
2026-01-27T07:00:00+00:00,hyperliquid,SOL/USDC:USDC,4456669.02,6.1127e-06,124.065
2026-01-27T08:00:00+00:00,hyperliquid,SOL/USDC:USDC,4487256.500000003,1.25e-05,124.585
2026-01-27T09:00:00+00:00,hyperliquid,SOL/USDC:USDC,4478209.400000002,4.6005e-06,123.925
2026-01-27T10:00:00+00:00,hyperliquid,SOL/USDC:USDC,4467170.200000002,1.25e-05,123.895
2026-01-27T11:00:00+00:00,hyperliquid,SOL/USDC:USDC,4478235.420000001,1.25e-05,123.725
2026-01-27T12:00:00+00:00,hyperliquid,SOL/USDC:USDC,4476851.24,1.25e-05,124.035
2026-01-27T13:00:00+00:00,hyperliquid,SOL/USDC:USDC,4476326.0600000005,5.9966e-06,123.775
2026-01-27T14:00:00+00:00,hyperliquid,SOL/USDC:USDC,4464489.68,1.09405e-05,123.195
2026-01-27T15:00:00+00:00,hyperliquid,SOL/USDC:USDC,4455892.440000001,8.2686e-06,123.505
2026-01-27T16:00:00+00:00,hyperliquid,SOL/USDC:USDC,4468726.859999995,1.25e-05,125.235
2026-01-27T17:00:00+00:00,hyperliquid,SOL/USDC:USDC,4459470.3599999985,1.25e-05,126.035
2026-01-27T18:00:00+00:00,hyperliquid,SOL/USDC:USDC,4482202.260000002,-3.878e-07,123.955
2026-01-27T19:00:00+00:00,hyperliquid,SOL/USDC:USDC,4467560.079999999,1.12382e-05,125.735
2026-01-27T20:00:00+00:00,hyperliquid,SOL/USDC:USDC,4457666.039999999,1.25e-05,125.755
2026-01-27T21:00:00+00:00,hyperliquid,SOL/USDC:USDC,4466280.920000001,1.2364e-05,127.195
2026-01-27T22:00:00+00:00,hyperliquid,SOL/USDC:USDC,4488819.799999999,1.6868e-06,127.305
2026-01-27T23:00:00+00:00,hyperliquid,SOL/USDC:USDC,4495783.959999999,1.03615e-05,127.415
2026-01-28T00:00:00+00:00,hyperliquid,SOL/USDC:USDC,4506655.800000001,1.25e-05,127.125
2026-01-28T01:00:00+00:00,hyperliquid,SOL/USDC:USDC,4520664.700000003,6.0001e-06,127.165
2026-01-28T02:00:00+00:00,hyperliquid,SOL/USDC:USDC,4503823.6,-1.9338e-06,126.975
2026-01-28T03:00:00+00:00,hyperliquid,SOL/USDC:USDC,4494132.2,-4.8581e-06,127.115
2026-01-28T04:00:00+00:00,hyperliquid,SOL/USDC:USDC,4488096.06,1.25e-05,126.955
2026-01-28T05:00:00+00:00,hyperliquid,SOL/USDC:USDC,4483647.599999999,4.5865e-06,126.875
2026-01-28T06:00:00+00:00,hyperliquid,SOL/USDC:USDC,4473149.979999999,-1.0352e-06,126.75
2026-01-28T07:00:00+00:00,hyperliquid,SOL/USDC:USDC,4517450.1000000015,1.25e-05,127.245
2026-01-28T08:00:00+00:00,hyperliquid,SOL/USDC:USDC,4510484.999999999,7.7906e-06,127.065
2026-01-28T09:00:00+00:00,hyperliquid,SOL/USDC:USDC,4479856.639999998,1.25e-05,126.705
2026-01-28T10:00:00+00:00,hyperliquid,SOL/USDC:USDC,4469758.099999999,1.25e-05,127.375
2026-01-28T11:00:00+00:00,hyperliquid,SOL/USDC:USDC,4443692.219999999,1.25e-05,127.335
2026-01-28T12:00:00+00:00,hyperliquid,SOL/USDC:USDC,4429340.879999999,1.25e-05,127.865
2026-01-28T13:00:00+00:00,hyperliquid,SOL/USDC:USDC,4421933.399999999,1.25e-05,127.225
2026-01-28T14:00:00+00:00,hyperliquid,SOL/USDC:USDC,4420123.459999998,1.25e-05,127.155
2026-01-28T15:00:00+00:00,hyperliquid,SOL/USDC:USDC,4416199.9,1.25e-05,126.975
2026-01-28T16:00:00+00:00,hyperliquid,SOL/USDC:USDC,4408450.160000007,1.25e-05,126.055
2026-01-28T17:00:00+00:00,hyperliquid,SOL/USDC:USDC,4392871.460000002,4.9669e-06,126.235
2026-01-28T18:00:00+00:00,hyperliquid,SOL/USDC:USDC,4396414.66,1.25e-05,126.085
2026-01-28T19:00:00+00:00,hyperliquid,SOL/USDC:USDC,4402873.02,8.7367e-06,125.995
2026-01-28T20:00:00+00:00,hyperliquid,SOL/USDC:USDC,4459013.500000001,1.25e-05,126.185
2026-01-28T21:00:00+00:00,hyperliquid,SOL/USDC:USDC,4453314.519999997,9.807e-07,125.04
2026-01-28T22:00:00+00:00,hyperliquid,SOL/USDC:USDC,4447375.739999999,2.387e-06,125.515
2026-01-28T23:00:00+00:00,hyperliquid,SOL/USDC:USDC,4452470.699999999,3.4341e-06,125.675
2026-01-29T00:00:00+00:00,hyperliquid,SOL/USDC:USDC,4438321.479999999,7.5894e-06,125.335
2026-01-29T01:00:00+00:00,hyperliquid,SOL/USDC:USDC,4445864.859999998,-1.1613e-06,125.155
2026-01-29T02:00:00+00:00,hyperliquid,SOL/USDC:USDC,4522570.480000005,-4.60017e-05,124.215
2026-01-29T03:00:00+00:00,hyperliquid,SOL/USDC:USDC,4468143.699999999,-2.00154e-05,123.235
2026-01-29T04:00:00+00:00,hyperliquid,SOL/USDC:USDC,4490816.500000001,-1.13107e-05,123.045
2026-01-29T05:00:00+00:00,hyperliquid,SOL/USDC:USDC,4482364.619999999,2.2501e-06,123.485
2026-01-29T06:00:00+00:00,hyperliquid,SOL/USDC:USDC,4463374.040000002,-1.3354e-06,123.235
2026-01-29T07:00:00+00:00,hyperliquid,SOL/USDC:USDC,4470672.120000001,7.5165e-06,123.645
2026-01-29T08:00:00+00:00,hyperliquid,SOL/USDC:USDC,4474582.720000001,9.0388e-06,123.565
2026-01-29T09:00:00+00:00,hyperliquid,SOL/USDC:USDC,4471318.340000001,3.7021e-06,123.275
2026-01-29T10:00:00+00:00,hyperliquid,SOL/USDC:USDC,4495562.6400000015,-5.094e-06,122.915
2026-01-29T11:00:00+00:00,hyperliquid,SOL/USDC:USDC,4507333.659999999,7.6908e-06,123.105
2026-01-29T12:00:00+00:00,hyperliquid,SOL/USDC:USDC,4551839.260000002,2.4777e-06,122.845
2026-01-29T13:00:00+00:00,hyperliquid,SOL/USDC:USDC,4569611.38,1.25e-05,122.865
2026-01-29T14:00:00+00:00,hyperliquid,SOL/USDC:USDC,4573266.919999999,8.8163e-06,122.915
2026-01-29T15:00:00+00:00,hyperliquid,SOL/USDC:USDC,4617145.300000004,-3.4339e-05,119.995
2026-01-29T16:00:00+00:00,hyperliquid,SOL/USDC:USDC,4802765.940000004,-1.94523e-05,117.335
2026-01-29T17:00:00+00:00,hyperliquid,SOL/USDC:USDC,4709112.900000004,-6.3929e-06,118.735
2026-01-29T18:00:00+00:00,hyperliquid,SOL/USDC:USDC,4692375.740000002,-4.5322e-06,117.725
2026-01-29T19:00:00+00:00,hyperliquid,SOL/USDC:USDC,5080422.160000001,-5.97155e-05,115.885
2026-01-29T20:00:00+00:00,hyperliquid,SOL/USDC:USDC,4948517.42,1.22011e-05,116.805
2026-01-29T21:00:00+00:00,hyperliquid,SOL/USDC:USDC,5193281.940000006,-3.65794e-05,117.225
2026-01-29T22:00:00+00:00,hyperliquid,SOL/USDC:USDC,5048111.499999998,-5.15321e-05,117.425
2026-01-29T23:00:00+00:00,hyperliquid,SOL/USDC:USDC,5033866.839999997,-3.08082e-05,117.535
2026-01-30T00:00:00+00:00,hyperliquid,SOL/USDC:USDC,4991976.960000002,-1.72779e-05,117.835
2026-01-30T01:00:00+00:00,hyperliquid,SOL/USDC:USDC,5030259.120000001,-3.92038e-05,117.465
2026-01-30T02:00:00+00:00,hyperliquid,SOL/USDC:USDC,4948113.7,-2.52421e-05,115.125
2026-01-30T03:00:00+00:00,hyperliquid,SOL/USDC:USDC,5029155.379999999,-4.62898e-05,113.705
2026-01-30T04:00:00+00:00,hyperliquid,SOL/USDC:USDC,5110851.06,-4.67918e-05,114.505
2026-01-30T05:00:00+00:00,hyperliquid,SOL/USDC:USDC,4953545.340000001,-3.36066e-05,115.535
2026-01-30T06:00:00+00:00,hyperliquid,SOL/USDC:USDC,4951493.08,-2.25604e-05,115.195
2026-01-30T07:00:00+00:00,hyperliquid,SOL/USDC:USDC,4936832.340000001,-1.32201e-05,114.025
2026-01-30T08:00:00+00:00,hyperliquid,SOL/USDC:USDC,5224188.46,-8.3161e-06,115.395
2026-01-30T09:00:00+00:00,hyperliquid,SOL/USDC:USDC,5224613.880000001,8.313e-07,115.465
2026-01-30T10:00:00+00:00,hyperliquid,SOL/USDC:USDC,5314699.4799999995,1.00219e-05,115.255
2026-01-30T11:00:00+00:00,hyperliquid,SOL/USDC:USDC,5193335.939999999,2.6505e-06,115.875
2026-01-30T12:00:00+00:00,hyperliquid,SOL/USDC:USDC,5440337.420000002,1.25e-05,117.095
2026-01-30T13:00:00+00:00,hyperliquid,SOL/USDC:USDC,5396362.719999997,1.25e-05,116.215
2026-01-30T14:00:00+00:00,hyperliquid,SOL/USDC:USDC,5586099.180000003,1.25e-05,115.965
2026-01-30T15:00:00+00:00,hyperliquid,SOL/USDC:USDC,5579873.54,1.25e-05,116.175
2026-01-30T16:00:00+00:00,hyperliquid,SOL/USDC:USDC,5754340.099999999,1.25e-05,116.685
2026-01-30T17:00:00+00:00,hyperliquid,SOL/USDC:USDC,5722472.499999999,1.25e-05,116.755
2026-01-30T18:00:00+00:00,hyperliquid,SOL/USDC:USDC,5719405.0600000005,1.25e-05,116.555
2026-01-30T19:00:00+00:00,hyperliquid,SOL/USDC:USDC,6167773.480000005,1.25e-05,118.585
2026-01-30T20:00:00+00:00,hyperliquid,SOL/USDC:USDC,6133165.06,1.25e-05,118.075
2026-01-30T21:00:00+00:00,hyperliquid,SOL/USDC:USDC,6115881.08,1.25e-05,117.135
2026-01-30T22:00:00+00:00,hyperliquid,SOL/USDC:USDC,6113958.5200000005,1.25e-05,117.435
2026-01-30T23:00:00+00:00,hyperliquid,SOL/USDC:USDC,6116665.0600000005,1.25e-05,117.325
2026-01-31T00:00:00+00:00,hyperliquid,SOL/USDC:USDC,6115465.579999999,1.25e-05,117.575
2026-01-31T01:00:00+00:00,hyperliquid,SOL/USDC:USDC,6114462.819999999,1.25e-05,117.595
2026-01-31T02:00:00+00:00,hyperliquid,SOL/USDC:USDC,6112927.860000001,1.25e-05,117.985
2026-01-31T03:00:00+00:00,hyperliquid,SOL/USDC:USDC,6120643.12,1.25e-05,118.425
2026-01-31T04:00:00+00:00,hyperliquid,SOL/USDC:USDC,6118118.900000001,1.25e-05,118.435
2026-01-31T05:00:00+00:00,hyperliquid,SOL/USDC:USDC,6096936.120000002,1.0725e-05,118.275
2026-01-31T06:00:00+00:00,hyperliquid,SOL/USDC:USDC,6102694.12,5.4166e-06,118.53
2026-01-31T07:00:00+00:00,hyperliquid,SOL/USDC:USDC,6102182.76,5.2824e-06,118.455
2026-01-31T08:00:00+00:00,hyperliquid,SOL/USDC:USDC,6049038.220000001,9.268e-07,117.435
2026-01-31T09:00:00+00:00,hyperliquid,SOL/USDC:USDC,6056769.92,-2.62577e-05,115.585
2026-01-31T10:00:00+00:00,hyperliquid,SOL/USDC:USDC,6035804.740000001,-9.3446e-06,116.335
2026-01-31T11:00:00+00:00,hyperliquid,SOL/USDC:USDC,6032764.960000001,-1.39133e-05,116.605
2026-01-31T12:00:00+00:00,hyperliquid,SOL/USDC:USDC,6015603.300000005,-2.34146e-05,115.935
2026-01-31T13:00:00+00:00,hyperliquid,SOL/USDC:USDC,5967521.700000002,-1.13098e-05,115.075
2026-01-31T14:00:00+00:00,hyperliquid,SOL/USDC:USDC,5709191.36,-2.47586e-05,114.125
2026-01-31T15:00:00+00:00,hyperliquid,SOL/USDC:USDC,5098993.899999997,-8.54955e-05,108.825
2026-01-31T16:00:00+00:00,hyperliquid,SOL/USDC:USDC,5040706.160000001,-6.61233e-05,108.645
2026-01-31T17:00:00+00:00,hyperliquid,SOL/USDC:USDC,5063245.560000002,-8.47412e-05,106.135
2026-01-31T18:00:00+00:00,hyperliquid,SOL/USDC:USDC,5260811.119999997,-1.9221e-05,103.365
2026-01-31T19:00:00+00:00,hyperliquid,SOL/USDC:USDC,4896955.579999993,-0.0001006509,101.925
2026-01-31T20:00:00+00:00,hyperliquid,SOL/USDC:USDC,4807520.279999999,-0.0001266533,101.565
2026-01-31T21:00:00+00:00,hyperliquid,SOL/USDC:USDC,4754146.480000003,-0.00010954,102.375
2026-01-31T22:00:00+00:00,hyperliquid,SOL/USDC:USDC,4638717.94,-9.5534e-05,103.525
2026-01-31T23:00:00+00:00,hyperliquid,SOL/USDC:USDC,4718130.420000002,-8.254e-05,103.945
2026-02-01T00:00:00+00:00,hyperliquid,SOL/USDC:USDC,4689766.699999996,-6.45996e-05,105.315
2026-02-01T01:00:00+00:00,hyperliquid,SOL/USDC:USDC,4688978.26,-4.30762e-05,105.405
2026-02-01T02:00:00+00:00,hyperliquid,SOL/USDC:USDC,4652370.5,-3.02868e-05,104.91
2026-02-01T03:00:00+00:00,hyperliquid,SOL/USDC:USDC,4656378.980000002,-1.80716e-05,105.495
2026-02-01T04:00:00+00:00,hyperliquid,SOL/USDC:USDC,4647712.44,-2.01208e-05,104.825
2026-02-01T05:00:00+00:00,hyperliquid,SOL/USDC:USDC,4641251.000000002,-1.62264e-05,105.155
2026-02-01T06:00:00+00:00,hyperliquid,SOL/USDC:USDC,4626897.739999998,-2.41119e-05,104.805
2026-02-01T07:00:00+00:00,hyperliquid,SOL/USDC:USDC,4620423.260000001,-1.24169e-05,105.025
2026-02-01T08:00:00+00:00,hyperliquid,SOL/USDC:USDC,4624949.880000002,-6.627e-07,105.195
2026-02-01T09:00:00+00:00,hyperliquid,SOL/USDC:USDC,4616064.1800000025,-3.937e-06,105.355
2026-02-01T10:00:00+00:00,hyperliquid,SOL/USDC:USDC,4611166.76,-1.3296e-06,105.555
2026-02-01T11:00:00+00:00,hyperliquid,SOL/USDC:USDC,4592261.799999999,-2.10376e-05,103.825
2026-02-01T12:00:00+00:00,hyperliquid,SOL/USDC:USDC,4540740.639999999,-2.54277e-05,104.785
2026-02-01T13:00:00+00:00,hyperliquid,SOL/USDC:USDC,4487717.200000002,-1.90242e-05,105.325
2026-02-01T14:00:00+00:00,hyperliquid,SOL/USDC:USDC,4325599.359999999,-3.35709e-05,104.275
2026-02-01T15:00:00+00:00,hyperliquid,SOL/USDC:USDC,4344712.98,-6.82284e-05,102.745
2026-02-01T16:00:00+00:00,hyperliquid,SOL/USDC:USDC,4344784.940000002,-5.29888e-05,101.545
2026-02-01T17:00:00+00:00,hyperliquid,SOL/USDC:USDC,4313260.160000005,-4.42632e-05,101.59
2026-02-01T18:00:00+00:00,hyperliquid,SOL/USDC:USDC,4313655.439999998,-2.28889e-05,102.505
2026-02-01T19:00:00+00:00,hyperliquid,SOL/USDC:USDC,4336664.18,-3.95803e-05,103.285
2026-02-01T20:00:00+00:00,hyperliquid,SOL/USDC:USDC,4319290.339999998,-3.75736e-05,101.685
2026-02-01T21:00:00+00:00,hyperliquid,SOL/USDC:USDC,4326192.579999998,-4.45047e-05,101.445
2026-02-01T22:00:00+00:00,hyperliquid,SOL/USDC:USDC,4315575.299999999,-4.83038e-05,100.795
2026-02-01T23:00:00+00:00,hyperliquid,SOL/USDC:USDC,4309935.779999998,-5.7105e-05,100.915
2026-02-02T00:00:00+00:00,hyperliquid,SOL/USDC:USDC,4328475.099999998,-3.53066e-05,100.715
2026-02-02T01:00:00+00:00,hyperliquid,SOL/USDC:USDC,4314479.819999999,-5.50496e-05,102.425
2026-02-02T02:00:00+00:00,hyperliquid,SOL/USDC:USDC,4310099.02,-2.97316e-05,101.955
2026-02-02T03:00:00+00:00,hyperliquid,SOL/USDC:USDC,4304701.94,-3.32005e-05,100.605
2026-02-02T04:00:00+00:00,hyperliquid,SOL/USDC:USDC,4347932.999999993,-4.50314e-05,99.6
2026-02-02T05:00:00+00:00,hyperliquid,SOL/USDC:USDC,4345113.979999998,-1.03922e-05,100.255
2026-02-02T06:00:00+00:00,hyperliquid,SOL/USDC:USDC,4370858.579999996,-2.87619e-05,97.6035
2026-02-02T07:00:00+00:00,hyperliquid,SOL/USDC:USDC,4371612.460000002,-1.1844e-05,100.595
2026-02-02T08:00:00+00:00,hyperliquid,SOL/USDC:USDC,4375304.039999998,-4.3284e-06,101.585
2026-02-02T09:00:00+00:00,hyperliquid,SOL/USDC:USDC,4363634.47999999,-9.0586e-06,101.495
2026-02-02T10:00:00+00:00,hyperliquid,SOL/USDC:USDC,4324204.080000003,-2.783e-07,102.855
2026-02-02T11:00:00+00:00,hyperliquid,SOL/USDC:USDC,4310603.760000002,-1.4382e-06,102.975
2026-02-02T12:00:00+00:00,hyperliquid,SOL/USDC:USDC,4318400.520000003,-5.8611e-06,102.805
2026-02-02T13:00:00+00:00,hyperliquid,SOL/USDC:USDC,4323015.259999996,-2.62465e-05,103.005
2026-02-02T14:00:00+00:00,hyperliquid,SOL/USDC:USDC,4412611.72,-3.77404e-05,103.235
2026-02-02T15:00:00+00:00,hyperliquid,SOL/USDC:USDC,4530260.720000006,-6.51708e-05,103.845
2026-02-02T16:00:00+00:00,hyperliquid,SOL/USDC:USDC,4558885.5200000005,-5.70174e-05,104.545
2026-02-02T17:00:00+00:00,hyperliquid,SOL/USDC:USDC,4540404.819999997,-5.02747e-05,105.155
2026-02-02T18:00:00+00:00,hyperliquid,SOL/USDC:USDC,4527156.500000001,-6.34911e-05,104.655
2026-02-02T19:00:00+00:00,hyperliquid,SOL/USDC:USDC,4472167.880000001,-2.77085e-05,104.555
2026-02-02T22:00:00+00:00,hyperliquid,SOL/USDC:USDC,4411608.74000001,-3.50246e-05,104.755
2026-02-02T23:00:00+00:00,hyperliquid,SOL/USDC:USDC,4412935.019999996,-4.78555e-05,104.755
2026-02-03T00:00:00+00:00,hyperliquid,SOL/USDC:USDC,4416700.04,-4.15239e-05,104.395
2026-02-03T01:00:00+00:00,hyperliquid,SOL/USDC:USDC,4391681.060000001,-3.38852e-05,103.955
2026-02-03T02:00:00+00:00,hyperliquid,SOL/USDC:USDC,4395522.919999998,-3.39741e-05,104.065
2026-02-03T03:00:00+00:00,hyperliquid,SOL/USDC:USDC,4432250.98,-6.06217e-05,102.425
2026-02-03T04:00:00+00:00,hyperliquid,SOL/USDC:USDC,4434216.760000002,-3.70176e-05,103.905
2026-02-03T05:00:00+00:00,hyperliquid,SOL/USDC:USDC,4428464.139999998,-3.13231e-05,104.495
2026-02-03T06:00:00+00:00,hyperliquid,SOL/USDC:USDC,4429155.340000002,-2.72749e-05,103.605
2026-02-03T07:00:00+00:00,hyperliquid,SOL/USDC:USDC,4456931.02,-2.87179e-05,103.845
2026-02-03T08:00:00+00:00,hyperliquid,SOL/USDC:USDC,4419871.879999999,-1.41887e-05,104.575
2026-02-03T09:00:00+00:00,hyperliquid,SOL/USDC:USDC,4389588.599999994,-2.36694e-05,104.085
2026-02-03T10:00:00+00:00,hyperliquid,SOL/USDC:USDC,4377227.760000001,-4.54151e-05,102.955
2026-02-03T11:00:00+00:00,hyperliquid,SOL/USDC:USDC,4368432.46,-3.74378e-05,102.885
2026-02-03T12:00:00+00:00,hyperliquid,SOL/USDC:USDC,4361421.960000001,-3.59807e-05,102.885
2026-02-03T13:00:00+00:00,hyperliquid,SOL/USDC:USDC,4337021.760000001,-2.25008e-05,102.865
2026-02-03T14:00:00+00:00,hyperliquid,SOL/USDC:USDC,4324140.039999999,-2.01713e-05,103.335
2026-02-03T15:00:00+00:00,hyperliquid,SOL/USDC:USDC,4298696.900000002,-2.28267e-05,100.565
2026-02-03T16:00:00+00:00,hyperliquid,SOL/USDC:USDC,4323062.899999997,-2.58067e-05,102.055
2026-02-03T17:00:00+00:00,hyperliquid,SOL/USDC:USDC,4361641.6000000015,-2.1625e-05,100.835
2026-02-03T18:00:00+00:00,hyperliquid,SOL/USDC:USDC,4445632.820000007,-4.11232e-05,99.2805
2026-02-03T19:00:00+00:00,hyperliquid,SOL/USDC:USDC,4479542.459999997,-3.76953e-05,96.7905
2026-02-03T20:00:00+00:00,hyperliquid,SOL/USDC:USDC,4731908.980000007,-6.94351e-05,98.9255
2026-02-03T21:00:00+00:00,hyperliquid,SOL/USDC:USDC,4659870.219999999,-6.68443e-05,100.875
2026-02-03T22:00:00+00:00,hyperliquid,SOL/USDC:USDC,4570537.600000004,-5.21927e-05,99.9625
2026-02-03T23:00:00+00:00,hyperliquid,SOL/USDC:USDC,4528588.699999997,-4.99385e-05,98.3895
2026-02-04T00:00:00+00:00,hyperliquid,SOL/USDC:USDC,4522528.900000001,-4.50352e-05,97.5695
2026-02-04T01:00:00+00:00,hyperliquid,SOL/USDC:USDC,4513973.619999998,-2.65054e-05,98.3075
2026-02-04T02:00:00+00:00,hyperliquid,SOL/USDC:USDC,4657244.840000002,-2.47968e-05,98.9605
2026-02-04T03:00:00+00:00,hyperliquid,SOL/USDC:USDC,4623480.740000002,-4.71513e-05,97.9745
2026-02-04T04:00:00+00:00,hyperliquid,SOL/USDC:USDC,4625918.860000005,-2.9817e-05,98.9345
2026-02-04T05:00:00+00:00,hyperliquid,SOL/USDC:USDC,4605720.800000001,-2.47534e-05,98.0485
2026-02-04T06:00:00+00:00,hyperliquid,SOL/USDC:USDC,4591596.820000001,-8.48026e-05,96.8945
2026-02-04T07:00:00+00:00,hyperliquid,SOL/USDC:USDC,4690960.039999999,-5.13026e-05,97.9515
2026-02-04T08:00:00+00:00,hyperliquid,SOL/USDC:USDC,4784973.639999997,-1.385e-06,97.7895
2026-02-04T09:00:00+00:00,hyperliquid,SOL/USDC:USDC,4829954.759999996,-1.22432e-05,97.6695
2026-02-04T10:00:00+00:00,hyperliquid,SOL/USDC:USDC,4831816.840000003,1.3202e-06,97.0645
2026-02-04T11:00:00+00:00,hyperliquid,SOL/USDC:USDC,4827110.360000003,-1.6242e-05,96.9575
2026-02-04T12:00:00+00:00,hyperliquid,SOL/USDC:USDC,4841393.600000002,-5.6478e-06,96.1945
2026-02-04T13:00:00+00:00,hyperliquid,SOL/USDC:USDC,4975790.3199999975,-4.4925e-06,96.2135
2026-02-04T14:00:00+00:00,hyperliquid,SOL/USDC:USDC,4988904.880000003,-3.15868e-05,94.6055
2026-02-04T15:00:00+00:00,hyperliquid,SOL/USDC:USDC,4960118.419999994,-4.64172e-05,92.95
2026-02-04T16:00:00+00:00,hyperliquid,SOL/USDC:USDC,5038114.100000002,-5.82489e-05,92.558
2026-02-04T17:00:00+00:00,hyperliquid,SOL/USDC:USDC,4868699.859999989,-5.71245e-05,91.4505
2026-02-04T18:00:00+00:00,hyperliquid,SOL/USDC:USDC,4759818.439999998,-5.15682e-05,91.2055
2026-02-04T19:00:00+00:00,hyperliquid,SOL/USDC:USDC,4726692.379999993,-1.11115e-05,92.738
2026-02-04T20:00:00+00:00,hyperliquid,SOL/USDC:USDC,4778542.820000001,-1.98755e-05,94.0715
2026-02-04T21:00:00+00:00,hyperliquid,SOL/USDC:USDC,4731556.579999996,-1.2733e-05,93.1355
2026-02-04T22:00:00+00:00,hyperliquid,SOL/USDC:USDC,4701473.599999999,-2.22261e-05,90.9055
2026-02-04T23:00:00+00:00,hyperliquid,SOL/USDC:USDC,4667734.220000008,-1.41583e-05,90.7495
2026-02-05T00:00:00+00:00,hyperliquid,SOL/USDC:USDC,4517693.779999996,1.07636e-05,92.0625
2026-02-05T01:00:00+00:00,hyperliquid,SOL/USDC:USDC,4498048.880000004,4.752e-07,91.6305
2026-02-05T02:00:00+00:00,hyperliquid,SOL/USDC:USDC,4453464.180000001,1.25e-05,92.0895
2026-02-05T03:00:00+00:00,hyperliquid,SOL/USDC:USDC,4427587.340000002,9.1032e-06,91.0795
2026-02-05T04:00:00+00:00,hyperliquid,SOL/USDC:USDC,4382780.380000003,6.7818e-06,91.2005
2026-02-05T05:00:00+00:00,hyperliquid,SOL/USDC:USDC,4395263.019999999,3.6658e-06,91.1905
2026-02-05T06:00:00+00:00,hyperliquid,SOL/USDC:USDC,4399230.240000005,1.25e-05,91.0905
2026-02-05T07:00:00+00:00,hyperliquid,SOL/USDC:USDC,4411938.959999997,1.25e-05,90.86
2026-02-05T08:00:00+00:00,hyperliquid,SOL/USDC:USDC,4401595.06,8.4067e-06,90.8505
2026-02-05T09:00:00+00:00,hyperliquid,SOL/USDC:USDC,4401086.50000001,1.25e-05,91.8705
2026-02-05T10:00:00+00:00,hyperliquid,SOL/USDC:USDC,4372165.8,1.25e-05,92.4815
2026-02-05T11:00:00+00:00,hyperliquid,SOL/USDC:USDC,4412178.720000004,1.25e-05,90.4895
2026-02-05T12:00:00+00:00,hyperliquid,SOL/USDC:USDC,4170062.7800000003,-3.60397e-05,90.1505
2026-02-05T13:00:00+00:00,hyperliquid,SOL/USDC:USDC,4123516.419999999,-1.20679e-05,89.4275
2026-02-05T14:00:00+00:00,hyperliquid,SOL/USDC:USDC,4035911.8799999957,1.25e-05,89.7825
2026-02-05T15:00:00+00:00,hyperliquid,SOL/USDC:USDC,4040460.760000001,-2.92888e-05,88.3455
2026-02-05T16:00:00+00:00,hyperliquid,SOL/USDC:USDC,3983398.559999998,-1.54375e-05,84.5605
2026-02-05T17:00:00+00:00,hyperliquid,SOL/USDC:USDC,4053701.5599999996,-3.58641e-05,85.0495
2026-02-05T18:00:00+00:00,hyperliquid,SOL/USDC:USDC,4078420.039999998,-4.49382e-05,82.8765
2026-02-05T19:00:00+00:00,hyperliquid,SOL/USDC:USDC,4086220.9800000032,-6.86661e-05,82.3785
2026-02-05T20:00:00+00:00,hyperliquid,SOL/USDC:USDC,4092113.2599999965,-5.24489e-05,81.9195
2026-02-05T21:00:00+00:00,hyperliquid,SOL/USDC:USDC,4071280.7999999956,-5.95786e-05,79.123
2026-02-05T22:00:00+00:00,hyperliquid,SOL/USDC:USDC,4230992.500000001,-3.72319e-05,78.985
2026-02-05T23:00:00+00:00,hyperliquid,SOL/USDC:USDC,4108849.9800000004,-3.1051e-06,79.7595
2026-02-06T00:00:00+00:00,hyperliquid,SOL/USDC:USDC,3766791.1799999974,-7.78633e-05,78.2355
2026-02-06T01:00:00+00:00,hyperliquid,SOL/USDC:USDC,3895505.9999999995,-0.0001023361,76.186
2026-02-06T02:00:00+00:00,hyperliquid,SOL/USDC:USDC,4422127.060000004,1.25e-05,80.128
2026-02-06T03:00:00+00:00,hyperliquid,SOL/USDC:USDC,3906536.2599999974,-9.43844e-05,76.8955
2026-02-06T04:00:00+00:00,hyperliquid,SOL/USDC:USDC,3986739.2800000003,-8.32211e-05,76.34
2026-02-06T05:00:00+00:00,hyperliquid,SOL/USDC:USDC,3940187.919999999,-0.0001034882,77.8915
2026-02-06T06:00:00+00:00,hyperliquid,SOL/USDC:USDC,3896077.8000000035,-0.0001160066,81.1015
2026-02-06T07:00:00+00:00,hyperliquid,SOL/USDC:USDC,3975546.8000000017,-0.0001241743,79.0735
2026-02-06T08:00:00+00:00,hyperliquid,SOL/USDC:USDC,4010902.060000011,-0.0001622354,79.3915
2026-02-06T09:00:00+00:00,hyperliquid,SOL/USDC:USDC,4109909.5800000015,-4.93679e-05,79.1375
2026-02-06T10:00:00+00:00,hyperliquid,SOL/USDC:USDC,4105067.9800000004,-8.54629e-05,81.1365
2026-02-06T11:00:00+00:00,hyperliquid,SOL/USDC:USDC,4094175.2399999998,-6.61143e-05,80.417
2026-02-06T12:00:00+00:00,hyperliquid,SOL/USDC:USDC,4109207.02,-7.03333e-05,81.0625
2026-02-06T13:00:00+00:00,hyperliquid,SOL/USDC:USDC,4081592.000000004,-8.2294e-05,81.661
2026-02-06T14:00:00+00:00,hyperliquid,SOL/USDC:USDC,4043446.980000001,-7.55913e-05,83.0495
2026-02-06T15:00:00+00:00,hyperliquid,SOL/USDC:USDC,3978701.7999999984,-2.96338e-05,83.7635
2026-02-06T16:00:00+00:00,hyperliquid,SOL/USDC:USDC,4030626.2000000016,-7.25525e-05,84.134
2026-02-06T17:00:00+00:00,hyperliquid,SOL/USDC:USDC,4036265.4600000028,-0.0001254277,86.1375
2026-02-06T18:00:00+00:00,hyperliquid,SOL/USDC:USDC,4043276.239999999,-0.0001412349,86.6035
2026-02-06T19:00:00+00:00,hyperliquid,SOL/USDC:USDC,4020029.44,-0.0001291606,86.0735
2026-02-06T20:00:00+00:00,hyperliquid,SOL/USDC:USDC,4041778.240000001,-0.0001204065,86.9355
2026-02-06T21:00:00+00:00,hyperliquid,SOL/USDC:USDC,3983880.9000000013,-5.79249e-05,87.0765
2026-02-06T22:00:00+00:00,hyperliquid,SOL/USDC:USDC,3955731.18,-7.4474e-05,87.9095
2026-02-06T23:00:00+00:00,hyperliquid,SOL/USDC:USDC,3876119.7999999993,-8.40411e-05,89.0065
2026-02-07T00:00:00+00:00,hyperliquid,SOL/USDC:USDC,3895473.6199999987,-6.39255e-05,86.714
2026-02-07T01:00:00+00:00,hyperliquid,SOL/USDC:USDC,3912212.080000001,-4.5929e-05,86.405
2026-02-07T02:00:00+00:00,hyperliquid,SOL/USDC:USDC,3884964.6999999997,-5.11811e-05,86.8435
2026-02-07T03:00:00+00:00,hyperliquid,SOL/USDC:USDC,3876636.739999999,-7.39366e-05,87.4045
2026-02-07T04:00:00+00:00,hyperliquid,SOL/USDC:USDC,3848248.0800000005,-5.48238e-05,88.0485
2026-02-07T05:00:00+00:00,hyperliquid,SOL/USDC:USDC,3819150.5599999996,-6.68949e-05,87.7895
2026-02-07T06:00:00+00:00,hyperliquid,SOL/USDC:USDC,3808779.5600000005,-4.41749e-05,87.7425
2026-02-07T07:00:00+00:00,hyperliquid,SOL/USDC:USDC,3817374.619999999,-4.72039e-05,86.38
2026-02-07T08:00:00+00:00,hyperliquid,SOL/USDC:USDC,3775380.1399999973,-2.94345e-05,85.1655
2026-02-07T09:00:00+00:00,hyperliquid,SOL/USDC:USDC,3783736.3000000003,-2.41594e-05,85.3875
2026-02-07T10:00:00+00:00,hyperliquid,SOL/USDC:USDC,3767531.019999999,-2.00348e-05,85.1905
2026-02-07T11:00:00+00:00,hyperliquid,SOL/USDC:USDC,3763789.8600000003,-1.65122e-05,84.9615
2026-02-07T12:00:00+00:00,hyperliquid,SOL/USDC:USDC,3746094.139999998,-2.252e-05,84.9455
2026-02-07T13:00:00+00:00,hyperliquid,SOL/USDC:USDC,3734612.5199999996,-2.15103e-05,86.4445
2026-02-07T14:00:00+00:00,hyperliquid,SOL/USDC:USDC,3732454.6999999993,-4.60169e-05,85.9995
2026-02-07T15:00:00+00:00,hyperliquid,SOL/USDC:USDC,3725852.2399999998,-3.49462e-05,85.7825
2026-02-07T16:00:00+00:00,hyperliquid,SOL/USDC:USDC,3706703.839999999,-2.54612e-05,86.5165
2026-02-07T17:00:00+00:00,hyperliquid,SOL/USDC:USDC,3736066.340000001,-2.11253e-05,86.9775
2026-02-07T18:00:00+00:00,hyperliquid,SOL/USDC:USDC,3747393.6799999992,-3.5205e-05,87.5405
2026-02-07T19:00:00+00:00,hyperliquid,SOL/USDC:USDC,3717951.5000000005,-2.53774e-05,88.5185
2026-02-07T20:00:00+00:00,hyperliquid,SOL/USDC:USDC,3739951.6399999997,-4.60996e-05,88.3335
2026-02-07T21:00:00+00:00,hyperliquid,SOL/USDC:USDC,3726425.599999999,-4.01896e-05,88.8045
2026-02-07T22:00:00+00:00,hyperliquid,SOL/USDC:USDC,3699419.8800000004,-6.49423e-05,88.1005
2026-02-07T23:00:00+00:00,hyperliquid,SOL/USDC:USDC,3677129.28,-4.87554e-05,88.0865
2026-02-08T00:00:00+00:00,hyperliquid,SOL/USDC:USDC,3652499.1799999992,-6.81082e-05,87.3195
2026-02-08T01:00:00+00:00,hyperliquid,SOL/USDC:USDC,3644649.419999998,-3.94001e-05,87.3085
2026-02-08T02:00:00+00:00,hyperliquid,SOL/USDC:USDC,3626662.700000001,-3.787e-05,87.7365
2026-02-08T03:00:00+00:00,hyperliquid,SOL/USDC:USDC,3613048.2199999997,-3.87408e-05,87.3025
2026-02-08T04:00:00+00:00,hyperliquid,SOL/USDC:USDC,3603412.3799999994,-4.14879e-05,86.8355
2026-02-08T05:00:00+00:00,hyperliquid,SOL/USDC:USDC,3599876.539999998,-6.07237e-05,87.2075
2026-02-08T06:00:00+00:00,hyperliquid,SOL/USDC:USDC,3601261.1599999988,-4.72158e-05,87.2155
2026-02-08T07:00:00+00:00,hyperliquid,SOL/USDC:USDC,3592471.859999999,-5.05943e-05,87.1595
2026-02-08T08:00:00+00:00,hyperliquid,SOL/USDC:USDC,3587849.2599999984,-5.25042e-05,87.246
2026-02-08T09:00:00+00:00,hyperliquid,SOL/USDC:USDC,3631125.48,-3.48435e-05,88.4365
2026-02-08T10:00:00+00:00,hyperliquid,SOL/USDC:USDC,3642683.1400000006,-2.94477e-05,87.7355
2026-02-08T11:00:00+00:00,hyperliquid,SOL/USDC:USDC,3616695.4199999995,-3.18443e-05,86.844
2026-02-08T12:00:00+00:00,hyperliquid,SOL/USDC:USDC,3569628.34,-3.61923e-05,88.0495
2026-02-08T13:00:00+00:00,hyperliquid,SOL/USDC:USDC,3539060.1200000006,-3.70305e-05,88.2155
2026-02-08T14:00:00+00:00,hyperliquid,SOL/USDC:USDC,3552108.4799999995,-3.90452e-05,88.4175
2026-02-08T15:00:00+00:00,hyperliquid,SOL/USDC:USDC,3578296.0000000005,-1.30631e-05,88.545
2026-02-08T16:00:00+00:00,hyperliquid,SOL/USDC:USDC,3578545.019999999,-2.9143e-05,87.434
2026-02-08T17:00:00+00:00,hyperliquid,SOL/USDC:USDC,3601977.9999999986,-5.81516e-05,86.4075
2026-02-08T18:00:00+00:00,hyperliquid,SOL/USDC:USDC,3604600.5799999996,-7.44188e-05,86.954
2026-02-08T19:00:00+00:00,hyperliquid,SOL/USDC:USDC,3612411.8800000004,-1.42406e-05,87.8945
2026-02-08T20:00:00+00:00,hyperliquid,SOL/USDC:USDC,3630335.06,-3.2087e-05,87.9655
2026-02-08T21:00:00+00:00,hyperliquid,SOL/USDC:USDC,3599357.9599999986,-1.24252e-05,86.874
2026-02-08T22:00:00+00:00,hyperliquid,SOL/USDC:USDC,3629059.94,-3.38262e-05,86.5785
2026-02-08T23:00:00+00:00,hyperliquid,SOL/USDC:USDC,3624023.1200000006,-2.90163e-05,87.2055
2026-02-09T00:00:00+00:00,hyperliquid,SOL/USDC:USDC,3601984.5399999996,-3.49813e-05,87.022
2026-02-09T01:00:00+00:00,hyperliquid,SOL/USDC:USDC,3599559.5,-2.56799e-05,87.032
2026-02-09T02:00:00+00:00,hyperliquid,SOL/USDC:USDC,3603653.1600000015,-2.21341e-05,86.1655
2026-02-09T03:00:00+00:00,hyperliquid,SOL/USDC:USDC,3596123.1600000006,-1.19702e-05,87.01
2026-02-09T04:00:00+00:00,hyperliquid,SOL/USDC:USDC,3584443.839999999,-2.07278e-05,87.4715
2026-02-09T05:00:00+00:00,hyperliquid,SOL/USDC:USDC,3586878.6599999988,-1.9832e-05,86.8775
2026-02-09T06:00:00+00:00,hyperliquid,SOL/USDC:USDC,3588658.2799999993,-2.54786e-05,86.83
2026-02-09T07:00:00+00:00,hyperliquid,SOL/USDC:USDC,3622324.1999999993,-3.93484e-05,86.1075
2026-02-09T08:00:00+00:00,hyperliquid,SOL/USDC:USDC,3640653.8400000012,-3.93547e-05,85.3885
2026-02-09T09:00:00+00:00,hyperliquid,SOL/USDC:USDC,3673864.6200000006,-3.19189e-05,84.6365
2026-02-09T10:00:00+00:00,hyperliquid,SOL/USDC:USDC,3709753.88,-3.36636e-05,84.0755
2026-02-09T11:00:00+00:00,hyperliquid,SOL/USDC:USDC,3713553.9399999985,-9.6074e-06,83.5055
2026-02-09T12:00:00+00:00,hyperliquid,SOL/USDC:USDC,3672450.699999999,-1.84e-05,83.5065
2026-02-09T13:00:00+00:00,hyperliquid,SOL/USDC:USDC,3709667.9999999986,-3.57012e-05,83.901
2026-02-09T14:00:00+00:00,hyperliquid,SOL/USDC:USDC,3717814.059999998,-2.80963e-05,83.866
2026-02-09T15:00:00+00:00,hyperliquid,SOL/USDC:USDC,3637335.919999998,-2.679e-06,85.4655
2026-02-09T16:00:00+00:00,hyperliquid,SOL/USDC:USDC,3658449.26,-3.04904e-05,85.1175
2026-02-09T17:00:00+00:00,hyperliquid,SOL/USDC:USDC,3637830.1800000006,-2.8821e-05,85.937
2026-02-09T18:00:00+00:00,hyperliquid,SOL/USDC:USDC,3641665.3800000018,-2.058e-06,87.7565
2026-02-09T19:00:00+00:00,hyperliquid,SOL/USDC:USDC,3602160.1600000006,-2.58327e-05,87.3495
2026-02-09T20:00:00+00:00,hyperliquid,SOL/USDC:USDC,3593434.7999999984,-3.28444e-05,87.6265
2026-02-09T21:00:00+00:00,hyperliquid,SOL/USDC:USDC,3587630.1599999988,-1.78125e-05,87.6855
2026-02-09T22:00:00+00:00,hyperliquid,SOL/USDC:USDC,3572259.6400000006,-4.34376e-05,87.1515
2026-02-09T23:00:00+00:00,hyperliquid,SOL/USDC:USDC,3572515.22,-2.49651e-05,87.0075
2026-02-10T00:00:00+00:00,hyperliquid,SOL/USDC:USDC,3561121.4199999995,-1.27626e-05,86.7635
2026-02-10T01:00:00+00:00,hyperliquid,SOL/USDC:USDC,3555145.3000000017,8.2657e-06,86.5695
2026-02-10T02:00:00+00:00,hyperliquid,SOL/USDC:USDC,3543564.9000000004,-1.68216e-05,87.164
2026-02-10T03:00:00+00:00,hyperliquid,SOL/USDC:USDC,3537653.619999999,-6.2117e-06,86.7745
2026-02-10T04:00:00+00:00,hyperliquid,SOL/USDC:USDC,3494746.739999998,-2.34003e-05,85.7775
2026-02-10T05:00:00+00:00,hyperliquid,SOL/USDC:USDC,3505283.219999997,-2.52114e-05,86.486
2026-02-10T06:00:00+00:00,hyperliquid,SOL/USDC:USDC,3509713.4799999995,-2.37157e-05,85.8575
2026-02-10T07:00:00+00:00,hyperliquid,SOL/USDC:USDC,3480267.3799999994,-1.07878e-05,84.7485
2026-02-10T08:00:00+00:00,hyperliquid,SOL/USDC:USDC,3460714.6999999993,-1.15116e-05,84.6975
2026-02-10T09:00:00+00:00,hyperliquid,SOL/USDC:USDC,3449492.92,-6.6439e-06,84.747
2026-02-10T10:00:00+00:00,hyperliquid,SOL/USDC:USDC,3458222.619999999,-6.4565e-06,84.6405
2026-02-10T11:00:00+00:00,hyperliquid,SOL/USDC:USDC,3441788.279999995,-2.61343e-05,84.0465
2026-02-10T12:00:00+00:00,hyperliquid,SOL/USDC:USDC,3439453.6599999997,-1.62644e-05,84.0005
2026-02-10T13:00:00+00:00,hyperliquid,SOL/USDC:USDC,3448598.920000002,-1.27639e-05,83.8485
2026-02-10T14:00:00+00:00,hyperliquid,SOL/USDC:USDC,3426427.1399999997,-2.62932e-05,84.4145
2026-02-10T15:00:00+00:00,hyperliquid,SOL/USDC:USDC,3426432.98,-1.2096e-06,83.672
2026-02-10T16:00:00+00:00,hyperliquid,SOL/USDC:USDC,3449817.4600000004,1.25e-05,84.2255
2026-02-10T17:00:00+00:00,hyperliquid,SOL/USDC:USDC,3434272.779999999,8.5964e-06,84.2735
2026-02-10T18:00:00+00:00,hyperliquid,SOL/USDC:USDC,3449353.2600000002,1.25e-05,84.7205
2026-02-10T19:00:00+00:00,hyperliquid,SOL/USDC:USDC,3416236.499999999,2.0861e-06,83.0185
2026-02-10T20:00:00+00:00,hyperliquid,SOL/USDC:USDC,3398266.7200000007,1.2672e-06,83.0875
2026-02-10T21:00:00+00:00,hyperliquid,SOL/USDC:USDC,3416880.719999999,7.4456e-06,82.7845
2026-02-10T22:00:00+00:00,hyperliquid,SOL/USDC:USDC,3402685.4400000004,-2.4858e-06,82.5455
2026-02-10T23:00:00+00:00,hyperliquid,SOL/USDC:USDC,3407419.159999999,-5.3128e-06,82.4875
2026-02-11T00:00:00+00:00,hyperliquid,SOL/USDC:USDC,3410496.280000007,8.0875e-06,82.9055
2026-02-11T01:00:00+00:00,hyperliquid,SOL/USDC:USDC,3381827.5799999987,7.0612e-06,83.4635
2026-02-11T02:00:00+00:00,hyperliquid,SOL/USDC:USDC,3413461.279999997,1.25e-05,83.8445
2026-02-11T03:00:00+00:00,hyperliquid,SOL/USDC:USDC,3355649.7799999956,-2.2667e-06,83.522
2026-02-11T04:00:00+00:00,hyperliquid,SOL/USDC:USDC,3336057.62,-1.17009e-05,83.3245
2026-02-11T05:00:00+00:00,hyperliquid,SOL/USDC:USDC,3284715.2,-2.44119e-05,82.0805
2026-02-11T06:00:00+00:00,hyperliquid,SOL/USDC:USDC,3290373.879999998,-2.07248e-05,81.8065
2026-02-11T07:00:00+00:00,hyperliquid,SOL/USDC:USDC,3280499.1800000006,-2.35871e-05,80.7485
2026-02-11T08:00:00+00:00,hyperliquid,SOL/USDC:USDC,3306413.6,-1.27559e-05,80.9725
2026-02-11T09:00:00+00:00,hyperliquid,SOL/USDC:USDC,3303176.860000001,-1.1558e-05,81.0865
2026-02-11T10:00:00+00:00,hyperliquid,SOL/USDC:USDC,3313524.319999999,-1.68458e-05,80.6555
2026-02-11T11:00:00+00:00,hyperliquid,SOL/USDC:USDC,3310834.7599999993,-8.6688e-06,80.7465
2026-02-11T12:00:00+00:00,hyperliquid,SOL/USDC:USDC,3438693.8200000008,1.25e-05,81.1905
2026-02-11T13:00:00+00:00,hyperliquid,SOL/USDC:USDC,3464011.579999999,9.6648e-06,81.2075
2026-02-11T14:00:00+00:00,hyperliquid,SOL/USDC:USDC,3412563.0199999986,-2.882e-07,81.8035
2026-02-11T15:00:00+00:00,hyperliquid,SOL/USDC:USDC,3376560.559999997,-2.07047e-05,79.9905
2026-02-11T16:00:00+00:00,hyperliquid,SOL/USDC:USDC,3376896.1399999983,-3.567e-05,79.5655
2026-02-11T17:00:00+00:00,hyperliquid,SOL/USDC:USDC,3385048.5999999954,-3.37105e-05,78.2775
2026-02-11T18:00:00+00:00,hyperliquid,SOL/USDC:USDC,3357591.5199999996,-2.06169e-05,78.9495
2026-02-11T19:00:00+00:00,hyperliquid,SOL/USDC:USDC,3362657.86,-1.53448e-05,79.7245
2026-02-11T20:00:00+00:00,hyperliquid,SOL/USDC:USDC,3347392.040000007,-7.0655e-06,79.829
2026-02-11T21:00:00+00:00,hyperliquid,SOL/USDC:USDC,3375039.179999998,-7.2901e-06,79.623
2026-02-11T22:00:00+00:00,hyperliquid,SOL/USDC:USDC,3381726.96,-2.71626e-05,80.1005
2026-02-11T23:00:00+00:00,hyperliquid,SOL/USDC:USDC,3335545.419999997,-3.15912e-05,79.2545
2026-02-12T00:00:00+00:00,hyperliquid,SOL/USDC:USDC,3368147.9199999995,-1.29504e-05,79.4295
2026-02-12T01:00:00+00:00,hyperliquid,SOL/USDC:USDC,3395177.0399999996,-1.26295e-05,80.0955
2026-02-12T02:00:00+00:00,hyperliquid,SOL/USDC:USDC,3399231.8600000083,-3.20219e-05,80.2665
2026-02-12T03:00:00+00:00,hyperliquid,SOL/USDC:USDC,3422754.22,-9.9198e-06,80.2655
2026-02-12T04:00:00+00:00,hyperliquid,SOL/USDC:USDC,3427548.6199999964,-1.97014e-05,80.4335
2026-02-12T05:00:00+00:00,hyperliquid,SOL/USDC:USDC,3409684.499999999,-1.43719e-05,80.3095
2026-02-12T06:00:00+00:00,hyperliquid,SOL/USDC:USDC,3427649.2999999993,-1.06741e-05,80.5735
2026-02-12T07:00:00+00:00,hyperliquid,SOL/USDC:USDC,3440341.12,-1.31783e-05,80.4025
2026-02-12T08:00:00+00:00,hyperliquid,SOL/USDC:USDC,3483587.660000001,8.3327e-06,80.8245
2026-02-12T09:00:00+00:00,hyperliquid,SOL/USDC:USDC,3437912.440000001,-1.54493e-05,80.6005
2026-02-12T10:00:00+00:00,hyperliquid,SOL/USDC:USDC,3415036.519999999,1.25e-05,81.7485
2026-02-12T11:00:00+00:00,hyperliquid,SOL/USDC:USDC,3406618.1200000006,-4.1802e-06,82.0865
2026-02-12T12:00:00+00:00,hyperliquid,SOL/USDC:USDC,3345447.4000000083,-1.79148e-05,81.7995
2026-02-12T13:00:00+00:00,hyperliquid,SOL/USDC:USDC,3341499.34,-2.03781e-05,80.9825
2026-02-12T14:00:00+00:00,hyperliquid,SOL/USDC:USDC,3345808.7,-2.22031e-05,81.6235
2026-02-12T15:00:00+00:00,hyperliquid,SOL/USDC:USDC,3344864.94,-2.32763e-05,81.2975
2026-02-12T16:00:00+00:00,hyperliquid,SOL/USDC:USDC,3314260.5799999996,-2.57931e-05,79.9325
2026-02-12T17:00:00+00:00,hyperliquid,SOL/USDC:USDC,3253928.1199999982,-1.12506e-05,78.3475
2026-02-12T18:00:00+00:00,hyperliquid,SOL/USDC:USDC,3237996.6400000015,-1.75522e-05,77.9395
2026-02-12T19:00:00+00:00,hyperliquid,SOL/USDC:USDC,3424496.48,-3.32364e-05,77.6835
2026-02-12T20:00:00+00:00,hyperliquid,SOL/USDC:USDC,3309335.420000001,-1.18699e-05,77.8585
2026-02-12T21:00:00+00:00,hyperliquid,SOL/USDC:USDC,3331968.579999998,-1.60683e-05,76.974
2026-02-12T22:00:00+00:00,hyperliquid,SOL/USDC:USDC,3306189.8200000026,-7.9287e-06,77.2585
2026-02-12T23:00:00+00:00,hyperliquid,SOL/USDC:USDC,3465344.100000002,1.25e-05,78.1215
2026-02-13T00:00:00+00:00,hyperliquid,SOL/USDC:USDC,3435346.700000001,1.14891e-05,78.4295
2026-02-13T01:00:00+00:00,hyperliquid,SOL/USDC:USDC,3380908.739999999,-3.8418e-06,78.0085
2026-02-13T02:00:00+00:00,hyperliquid,SOL/USDC:USDC,3376578.599999999,-1.03239e-05,78.5475
2026-02-13T03:00:00+00:00,hyperliquid,SOL/USDC:USDC,3348104.8399999985,9.8984e-06,79.1455
2026-02-13T04:00:00+00:00,hyperliquid,SOL/USDC:USDC,3340870.7799999975,-5.213e-07,79.0265
2026-02-13T05:00:00+00:00,hyperliquid,SOL/USDC:USDC,3282524.9999999995,-1.03622e-05,78.5005
2026-02-13T06:00:00+00:00,hyperliquid,SOL/USDC:USDC,3255489.9399999985,-1.069e-05,78.2595
2026-02-13T07:00:00+00:00,hyperliquid,SOL/USDC:USDC,3257219.0399999996,-1.67693e-05,78.6755
2026-02-13T08:00:00+00:00,hyperliquid,SOL/USDC:USDC,3270173.2399999993,-2.2927e-05,78.8485
2026-02-13T09:00:00+00:00,hyperliquid,SOL/USDC:USDC,3242418.64,-1.71744e-05,79.5355
2026-02-13T10:00:00+00:00,hyperliquid,SOL/USDC:USDC,3394215.2600000007,-8.4e-09,79.7615
2026-02-13T11:00:00+00:00,hyperliquid,SOL/USDC:USDC,3384624.3199999984,-1.32987e-05,80.1825
2026-02-13T12:00:00+00:00,hyperliquid,SOL/USDC:USDC,3309730.959999998,-1.52043e-05,80.1695
2026-02-13T13:00:00+00:00,hyperliquid,SOL/USDC:USDC,3312257.3400000045,2.2653e-06,79.9995
2026-02-13T14:00:00+00:00,hyperliquid,SOL/USDC:USDC,3324206.1799999997,1.5257e-06,80.2725
2026-02-13T15:00:00+00:00,hyperliquid,SOL/USDC:USDC,3312060.1,1.19672e-05,81.484
2026-02-13T16:00:00+00:00,hyperliquid,SOL/USDC:USDC,3285802.719999997,1.25e-05,83.212
2026-02-13T17:00:00+00:00,hyperliquid,SOL/USDC:USDC,3284632.760000001,5.0909e-06,84.084
2026-02-13T18:00:00+00:00,hyperliquid,SOL/USDC:USDC,3255087.0399999986,1.25e-05,84.1205
2026-02-13T19:00:00+00:00,hyperliquid,SOL/USDC:USDC,3239237.7800000077,1.25e-05,85.3605
2026-02-13T20:00:00+00:00,hyperliquid,SOL/USDC:USDC,3174561.72,5.3022e-06,84.5195
2026-02-13T21:00:00+00:00,hyperliquid,SOL/USDC:USDC,3216014.2000000007,6.2451e-06,84.7315
2026-02-13T22:00:00+00:00,hyperliquid,SOL/USDC:USDC,3180823.120000001,-1.29795e-05,84.7745
2026-02-13T23:00:00+00:00,hyperliquid,SOL/USDC:USDC,3223717.499999999,-1.37832e-05,84.5185
2026-02-14T00:00:00+00:00,hyperliquid,SOL/USDC:USDC,3233592.799999999,-2.0289e-06,84.2505
2026-02-14T01:00:00+00:00,hyperliquid,SOL/USDC:USDC,3243214.52,-4.281e-06,84.8215
2026-02-14T02:00:00+00:00,hyperliquid,SOL/USDC:USDC,3236981.06,-1.08595e-05,84.7965
2026-02-14T03:00:00+00:00,hyperliquid,SOL/USDC:USDC,3235861.9799999986,-1.78602e-05,84.8785
2026-02-14T04:00:00+00:00,hyperliquid,SOL/USDC:USDC,3262157.379999998,-1.6275e-05,84.9645
2026-02-14T05:00:00+00:00,hyperliquid,SOL/USDC:USDC,3265803.6599999988,-1.48649e-05,84.7145
2026-02-14T06:00:00+00:00,hyperliquid,SOL/USDC:USDC,3266571.279999999,-5.044e-06,84.6195
2026-02-14T07:00:00+00:00,hyperliquid,SOL/USDC:USDC,3272230.96,-4.6296e-06,84.7685
2026-02-14T08:00:00+00:00,hyperliquid,SOL/USDC:USDC,3259998.9000000004,3.624e-07,85.2525
2026-02-14T09:00:00+00:00,hyperliquid,SOL/USDC:USDC,3261504.42,5.421e-07,86.2555
2026-02-14T10:00:00+00:00,hyperliquid,SOL/USDC:USDC,3265992.9799999986,-2.27475e-05,85.7325
2026-02-14T11:00:00+00:00,hyperliquid,SOL/USDC:USDC,3238409.2399999993,-7.9992e-06,85.8785
2026-02-14T12:00:00+00:00,hyperliquid,SOL/USDC:USDC,3241699.8399999975,-1.09085e-05,87.1125
2026-02-14T13:00:00+00:00,hyperliquid,SOL/USDC:USDC,3249737.82,-8.7921e-06,86.5315
2026-02-14T14:00:00+00:00,hyperliquid,SOL/USDC:USDC,3251741.9999999995,-1.17354e-05,86.4545
2026-02-14T15:00:00+00:00,hyperliquid,SOL/USDC:USDC,3270816.54,-1.17956e-05,87.1995
2026-02-14T16:00:00+00:00,hyperliquid,SOL/USDC:USDC,3265816.979999999,-1.16128e-05,87.3015
2026-02-14T17:00:00+00:00,hyperliquid,SOL/USDC:USDC,3248302.3000000003,-2.33585e-05,87.9665
2026-02-14T18:00:00+00:00,hyperliquid,SOL/USDC:USDC,3302672.3599999994,-3.58265e-05,87.9175
2026-02-14T19:00:00+00:00,hyperliquid,SOL/USDC:USDC,3418015.2200000016,-3.91692e-05,87.6995
2026-02-14T20:00:00+00:00,hyperliquid,SOL/USDC:USDC,3434264.84,-3.5054e-05,88.207
2026-02-14T21:00:00+00:00,hyperliquid,SOL/USDC:USDC,3507000.8,-3.77508e-05,88.1245
2026-02-14T22:00:00+00:00,hyperliquid,SOL/USDC:USDC,3490315.5399999977,-3.37397e-05,88.0215
2026-02-14T23:00:00+00:00,hyperliquid,SOL/USDC:USDC,3633821.4999999977,-4.16091e-05,88.4705
2026-02-15T00:00:00+00:00,hyperliquid,SOL/USDC:USDC,3667044.5000000023,-4.55723e-05,87.8315
2026-02-15T01:00:00+00:00,hyperliquid,SOL/USDC:USDC,3676555.8799999985,-2.34263e-05,88.148
2026-02-15T02:00:00+00:00,hyperliquid,SOL/USDC:USDC,3667877.3200000008,-1.66447e-05,88.2665
2026-02-15T03:00:00+00:00,hyperliquid,SOL/USDC:USDC,3661548.1799999983,-1.19097e-05,87.9715
2026-02-15T04:00:00+00:00,hyperliquid,SOL/USDC:USDC,3623317.419999998,-3.9735e-06,88.6565
2026-02-15T05:00:00+00:00,hyperliquid,SOL/USDC:USDC,3656328.940000001,-5.16735e-05,88.8235
2026-02-15T06:00:00+00:00,hyperliquid,SOL/USDC:USDC,3688886.859999999,-4.55324e-05,89.6335
2026-02-15T07:00:00+00:00,hyperliquid,SOL/USDC:USDC,3690569.8000000003,-2.67371e-05,89.3615
2026-02-15T08:00:00+00:00,hyperliquid,SOL/USDC:USDC,3681321.6200000015,-1.2951e-05,90.7705
2026-02-15T09:00:00+00:00,hyperliquid,SOL/USDC:USDC,3656522.1200000015,-2.35065e-05,89.4125
2026-02-15T10:00:00+00:00,hyperliquid,SOL/USDC:USDC,3659966.1,-1.56949e-05,89.982
2026-02-15T11:00:00+00:00,hyperliquid,SOL/USDC:USDC,3662454.46,-2.0961e-05,89.4855
2026-02-15T12:00:00+00:00,hyperliquid,SOL/USDC:USDC,3693532.8200000008,-3.10898e-05,89.1755
2026-02-15T13:00:00+00:00,hyperliquid,SOL/USDC:USDC,3713109.500000003,5.13e-07,87.6305
2026-02-15T14:00:00+00:00,hyperliquid,SOL/USDC:USDC,3797971.4400000004,-3.17665e-05,86.912
2026-02-15T15:00:00+00:00,hyperliquid,SOL/USDC:USDC,3838808.0400000014,-3.12042e-05,87.4065
2026-02-15T16:00:00+00:00,hyperliquid,SOL/USDC:USDC,3864882.0400000005,-4.17472e-05,87.2625
2026-02-15T17:00:00+00:00,hyperliquid,SOL/USDC:USDC,3823190.580000001,-3.0353e-05,87.5155
2026-02-15T18:00:00+00:00,hyperliquid,SOL/USDC:USDC,3797335.1999999993,-2.81781e-05,86.1925
2026-02-15T19:00:00+00:00,hyperliquid,SOL/USDC:USDC,3816768.220000001,-3.54852e-05,86.2065
2026-02-15T20:00:00+00:00,hyperliquid,SOL/USDC:USDC,3854368.7199999997,-4.46641e-05,84.9615
2026-02-15T21:00:00+00:00,hyperliquid,SOL/USDC:USDC,3815253.1600000006,-3.97275e-05,86.0345
2026-02-15T22:00:00+00:00,hyperliquid,SOL/USDC:USDC,3828662.7599999984,-3.86803e-05,86.0415
2026-02-15T23:00:00+00:00,hyperliquid,SOL/USDC:USDC,3830089.020000002,-5.05381e-05,86.0075
2026-02-16T00:00:00+00:00,hyperliquid,SOL/USDC:USDC,3840078.9999999986,-3.32541e-05,86.0835
2026-02-16T01:00:00+00:00,hyperliquid,SOL/USDC:USDC,3879188.8000000007,-4.62563e-05,86.0545
2026-02-16T02:00:00+00:00,hyperliquid,SOL/USDC:USDC,3887084.68,-3.74532e-05,85.7365
2026-02-16T03:00:00+00:00,hyperliquid,SOL/USDC:USDC,3895018.680000001,-4.06371e-05,85.35
2026-02-16T04:00:00+00:00,hyperliquid,SOL/USDC:USDC,3896506.98,-2.6223e-05,85.1015
2026-02-16T05:00:00+00:00,hyperliquid,SOL/USDC:USDC,3876457.259999999,-3.33652e-05,85.6125
2026-02-16T06:00:00+00:00,hyperliquid,SOL/USDC:USDC,3870267.2999999984,-4.16993e-05,84.6905
2026-02-16T07:00:00+00:00,hyperliquid,SOL/USDC:USDC,3877728.9800000004,-3.9851e-05,84.7775
2026-02-16T08:00:00+00:00,hyperliquid,SOL/USDC:USDC,3845008.3200000003,-4.64805e-05,85.0695
2026-02-16T09:00:00+00:00,hyperliquid,SOL/USDC:USDC,3843688.9200000013,-2.29298e-05,85.4255
2026-02-16T10:00:00+00:00,hyperliquid,SOL/USDC:USDC,3808407.600000001,-1.80008e-05,85.9045
2026-02-16T11:00:00+00:00,hyperliquid,SOL/USDC:USDC,3856043.36,-1.60351e-05,85.7195
2026-02-16T12:00:00+00:00,hyperliquid,SOL/USDC:USDC,3869577.6999999983,-1.91434e-05,85.4555
2026-02-16T13:00:00+00:00,hyperliquid,SOL/USDC:USDC,3812147.58,-4.36788e-05,86.3225
2026-02-16T14:00:00+00:00,hyperliquid,SOL/USDC:USDC,3796427.320000001,-2.35286e-05,83.9765
2026-02-16T15:00:00+00:00,hyperliquid,SOL/USDC:USDC,3782548.080000001,-7.9282e-06,84.2905
2026-02-16T16:00:00+00:00,hyperliquid,SOL/USDC:USDC,3714917.219999999,-2.45048e-05,83.1795
2026-02-16T17:00:00+00:00,hyperliquid,SOL/USDC:USDC,3739023.46,-3.39881e-05,84.0845
2026-02-16T18:00:00+00:00,hyperliquid,SOL/USDC:USDC,3748124.699999998,-1.08877e-05,84.6005
2026-02-16T19:00:00+00:00,hyperliquid,SOL/USDC:USDC,3726415.2599999993,-1.28566e-05,84.6105
2026-02-16T20:00:00+00:00,hyperliquid,SOL/USDC:USDC,3691296.44,-4.5615e-06,84.5795
2026-02-16T21:00:00+00:00,hyperliquid,SOL/USDC:USDC,3680012.7199999983,-1.99409e-05,85.0905
2026-02-16T22:00:00+00:00,hyperliquid,SOL/USDC:USDC,3676868.040000001,3.9301e-06,86.0145
2026-02-16T23:00:00+00:00,hyperliquid,SOL/USDC:USDC,3519074.0399999996,1.25e-05,85.7695
2026-02-17T00:00:00+00:00,hyperliquid,SOL/USDC:USDC,3444717.380000001,1.25e-05,86.354
2026-02-17T01:00:00+00:00,hyperliquid,SOL/USDC:USDC,3392834.1600000006,1.18725e-05,86.7355
2026-02-17T02:00:00+00:00,hyperliquid,SOL/USDC:USDC,3383612.5800000005,1.25e-05,86.1695
2026-02-17T03:00:00+00:00,hyperliquid,SOL/USDC:USDC,3376449.9999999986,1.25e-05,87.2305
2026-02-17T04:00:00+00:00,hyperliquid,SOL/USDC:USDC,3370434.520000001,3.2935e-06,86.3245
2026-02-17T05:00:00+00:00,hyperliquid,SOL/USDC:USDC,3316046.92,-3.6202e-06,86.3205
2026-02-17T06:00:00+00:00,hyperliquid,SOL/USDC:USDC,3306999.560000002,-1.05193e-05,86.3195
2026-02-17T07:00:00+00:00,hyperliquid,SOL/USDC:USDC,3297817.16,-1.83466e-05,86.3305
2026-02-17T08:00:00+00:00,hyperliquid,SOL/USDC:USDC,3293530.86,1.8708e-06,86.6055
2026-02-17T09:00:00+00:00,hyperliquid,SOL/USDC:USDC,3254411.52,-1.1858e-05,86.0115
2026-02-17T10:00:00+00:00,hyperliquid,SOL/USDC:USDC,3256219.2399999998,-1.31379e-05,85.8985
2026-02-17T11:00:00+00:00,hyperliquid,SOL/USDC:USDC,3271960.399999999,-3.16823e-05,85.1165
2026-02-17T12:00:00+00:00,hyperliquid,SOL/USDC:USDC,3448339.1000000015,-3.55204e-05,85.0875
2026-02-17T13:00:00+00:00,hyperliquid,SOL/USDC:USDC,3578573.2399999984,-4.11822e-05,84.5225
2026-02-17T14:00:00+00:00,hyperliquid,SOL/USDC:USDC,3628265.44,-3.30865e-05,84.6715
2026-02-17T15:00:00+00:00,hyperliquid,SOL/USDC:USDC,3555394.8599999985,-2.65486e-05,83.2975
2026-02-17T16:00:00+00:00,hyperliquid,SOL/USDC:USDC,3492280.4800000004,-5.3838e-06,84.2275
2026-02-17T17:00:00+00:00,hyperliquid,SOL/USDC:USDC,3503735.219999999,2.841e-06,84.1735
2026-02-17T18:00:00+00:00,hyperliquid,SOL/USDC:USDC,3492911.160000004,-7.1806e-06,83.5925
2026-02-17T19:00:00+00:00,hyperliquid,SOL/USDC:USDC,3557602.3800000018,1.25e-05,85.0995
2026-02-17T20:00:00+00:00,hyperliquid,SOL/USDC:USDC,3533508.0600000005,4.2289e-06,84.9995
2026-02-17T21:00:00+00:00,hyperliquid,SOL/USDC:USDC,3516501.4400000004,-1.9e-07,85.0465
2026-02-17T22:00:00+00:00,hyperliquid,SOL/USDC:USDC,3515681.2600000002,-1.37038e-05,85.2205
2026-02-17T23:00:00+00:00,hyperliquid,SOL/USDC:USDC,3506601.14,-1.40531e-05,84.9455
2026-02-18T00:00:00+00:00,hyperliquid,SOL/USDC:USDC,3513781.9999999995,-3.7784e-06,85.0945
2026-02-18T01:00:00+00:00,hyperliquid,SOL/USDC:USDC,3514238.38,-5.2673e-06,84.9055
2026-02-18T02:00:00+00:00,hyperliquid,SOL/USDC:USDC,3499004.1999999997,-2.9547e-06,84.4245
2026-02-18T03:00:00+00:00,hyperliquid,SOL/USDC:USDC,3497713.7,4.1821e-06,84.718
2026-02-18T04:00:00+00:00,hyperliquid,SOL/USDC:USDC,3499481.0200000005,-4.1096e-06,85.2585
2026-02-18T05:00:00+00:00,hyperliquid,SOL/USDC:USDC,3494836.58,-2.222e-06,85.1005
2026-02-18T06:00:00+00:00,hyperliquid,SOL/USDC:USDC,3487691.0199999996,1.5971e-06,84.8915
2026-02-18T07:00:00+00:00,hyperliquid,SOL/USDC:USDC,3450871.7200000007,-5.236e-07,84.8915
2026-02-18T08:00:00+00:00,hyperliquid,SOL/USDC:USDC,3447157.1999999997,3.075e-06,85.2775
2026-02-18T09:00:00+00:00,hyperliquid,SOL/USDC:USDC,3476236.539999999,-3.6167e-06,85.4095
2026-02-18T10:00:00+00:00,hyperliquid,SOL/USDC:USDC,3468825.880000001,7.89e-07,85.2205
2026-02-18T11:00:00+00:00,hyperliquid,SOL/USDC:USDC,3456699.28,-1.36929e-05,84.1535
2026-02-18T12:00:00+00:00,hyperliquid,SOL/USDC:USDC,3421322.8399999966,-3.8755e-05,82.7995
2026-02-18T13:00:00+00:00,hyperliquid,SOL/USDC:USDC,3418659.5599999987,-4.75641e-05,82.9635
2026-02-18T14:00:00+00:00,hyperliquid,SOL/USDC:USDC,3378537.0999999996,-4.897e-05,82.6555
2026-02-18T15:00:00+00:00,hyperliquid,SOL/USDC:USDC,3406269.400000001,-3.82684e-05,82.725
2026-02-18T16:00:00+00:00,hyperliquid,SOL/USDC:USDC,3423465.5200000014,-3.74919e-05,82.8845
2026-02-18T17:00:00+00:00,hyperliquid,SOL/USDC:USDC,3419002.04,-1.54838e-05,82.4065
2026-02-18T18:00:00+00:00,hyperliquid,SOL/USDC:USDC,3446619.86,-2.08242e-05,82.259
2026-02-18T19:00:00+00:00,hyperliquid,SOL/USDC:USDC,3427075.6,5.0573e-06,81.4435
2026-02-18T20:00:00+00:00,hyperliquid,SOL/USDC:USDC,3477331.7200000007,-2.35261e-05,80.9775
2026-02-18T21:00:00+00:00,hyperliquid,SOL/USDC:USDC,3436440.400000003,-2.34806e-05,81.235
2026-02-18T22:00:00+00:00,hyperliquid,SOL/USDC:USDC,3452380.499999998,-1.8561e-05,81.2085
2026-02-18T23:00:00+00:00,hyperliquid,SOL/USDC:USDC,3504913.4800000004,-3.97851e-05,81.4045
2026-02-19T00:00:00+00:00,hyperliquid,SOL/USDC:USDC,3508352.919999999,-2.75688e-05,81.4835
2026-02-19T01:00:00+00:00,hyperliquid,SOL/USDC:USDC,3554089.959999999,-1.85968e-05,81.6725
2026-02-19T02:00:00+00:00,hyperliquid,SOL/USDC:USDC,3566816.660000002,-4.16594e-05,81.7405
2026-02-19T03:00:00+00:00,hyperliquid,SOL/USDC:USDC,3533627.42,-2.03719e-05,81.5735
2026-02-19T04:00:00+00:00,hyperliquid,SOL/USDC:USDC,3521949.1799999997,-2.82194e-05,81.7285
2026-02-19T05:00:00+00:00,hyperliquid,SOL/USDC:USDC,3525993.0200000005,-1.44299e-05,81.5315
2026-02-19T06:00:00+00:00,hyperliquid,SOL/USDC:USDC,3524358.9599999995,-2.04317e-05,81.8395
2026-02-19T07:00:00+00:00,hyperliquid,SOL/USDC:USDC,3547038.059999998,-1.18069e-05,82.2795
2026-02-19T08:00:00+00:00,hyperliquid,SOL/USDC:USDC,3503936.779999999,-1.11734e-05,82.343
2026-02-19T09:00:00+00:00,hyperliquid,SOL/USDC:USDC,3471284.819999999,-2.49662e-05,81.6825
2026-02-19T10:00:00+00:00,hyperliquid,SOL/USDC:USDC,3499389.2799999993,-2.04757e-05,81.0605
2026-02-19T11:00:00+00:00,hyperliquid,SOL/USDC:USDC,3497576.279999999,-1.37012e-05,81.4855
2026-02-19T12:00:00+00:00,hyperliquid,SOL/USDC:USDC,3506331.4400000004,-1.58125e-05,81.1355
2026-02-19T13:00:00+00:00,hyperliquid,SOL/USDC:USDC,3543725.600000001,3.1748e-06,80.8545
2026-02-19T14:00:00+00:00,hyperliquid,SOL/USDC:USDC,3567247.579999999,-4.7581e-06,79.9235
2026-02-19T15:00:00+00:00,hyperliquid,SOL/USDC:USDC,3584814.259999998,-7.398e-06,80.8215
2026-02-19T16:00:00+00:00,hyperliquid,SOL/USDC:USDC,3594741.14,-1.31741e-05,80.4705
2026-02-19T17:00:00+00:00,hyperliquid,SOL/USDC:USDC,3590306.639999999,-1.721e-06,80.7185
2026-02-19T18:00:00+00:00,hyperliquid,SOL/USDC:USDC,3581110.12,-1.84991e-05,80.4185
2026-02-19T19:00:00+00:00,hyperliquid,SOL/USDC:USDC,3551861.9199999976,-3.5637e-06,81.8695
2026-02-19T20:00:00+00:00,hyperliquid,SOL/USDC:USDC,3573590.479999999,-1.06528e-05,81.8995
2026-02-19T21:00:00+00:00,hyperliquid,SOL/USDC:USDC,3585019.039999999,1.3406e-06,82.0665
2026-02-19T22:00:00+00:00,hyperliquid,SOL/USDC:USDC,3441276.8,1.25e-05,82.0865
2026-02-19T23:00:00+00:00,hyperliquid,SOL/USDC:USDC,3329448.180000001,1.25e-05,82.3295
2026-02-20T00:00:00+00:00,hyperliquid,SOL/USDC:USDC,3286822.4000000004,7.0841e-06,82.4405
2026-02-20T01:00:00+00:00,hyperliquid,SOL/USDC:USDC,3244100.2399999998,1.25e-05,82.9605
2026-02-20T02:00:00+00:00,hyperliquid,SOL/USDC:USDC,3238868.8000000003,-4.9869e-06,82.9175
2026-02-20T03:00:00+00:00,hyperliquid,SOL/USDC:USDC,3221619.8400000003,-3.443e-07,82.9735
2026-02-20T04:00:00+00:00,hyperliquid,SOL/USDC:USDC,3225312.8199999994,-7.184e-06,82.8305
2026-02-20T05:00:00+00:00,hyperliquid,SOL/USDC:USDC,3210090.26,-9.6073e-06,82.6745
2026-02-20T06:00:00+00:00,hyperliquid,SOL/USDC:USDC,3206432.7400000007,-5.7237e-06,83.2185
2026-02-20T07:00:00+00:00,hyperliquid,SOL/USDC:USDC,3222539.059999999,-1.0258e-05,83.6065
2026-02-20T08:00:00+00:00,hyperliquid,SOL/USDC:USDC,3226164.5400000014,-8.5578e-06,83.4455
2026-02-20T09:00:00+00:00,hyperliquid,SOL/USDC:USDC,3235431.660000001,-1.30339e-05,83.7225
2026-02-20T10:00:00+00:00,hyperliquid,SOL/USDC:USDC,3202948.7599999993,9.6e-06,84.1635
2026-02-20T11:00:00+00:00,hyperliquid,SOL/USDC:USDC,3179840.86,1.25e-05,83.9565
2026-02-20T12:00:00+00:00,hyperliquid,SOL/USDC:USDC,3163498.979999998,8.5668e-06,83.4175
2026-02-20T13:00:00+00:00,hyperliquid,SOL/USDC:USDC,3163805.2199999997,-2.141e-06,83.4055
2026-02-20T14:00:00+00:00,hyperliquid,SOL/USDC:USDC,3098279.419999999,-7.2425e-06,82.2165
2026-02-20T15:00:00+00:00,hyperliquid,SOL/USDC:USDC,3113678.9600000014,1.25e-05,84.3885
2026-02-20T16:00:00+00:00,hyperliquid,SOL/USDC:USDC,3147854.48,-9.252e-06,84.4435
2026-02-20T17:00:00+00:00,hyperliquid,SOL/USDC:USDC,3170979.799999999,-7.0171e-06,84.3775
2026-02-20T18:00:00+00:00,hyperliquid,SOL/USDC:USDC,3323460.38,1.16149e-05,84.5965
2026-02-20T19:00:00+00:00,hyperliquid,SOL/USDC:USDC,3298889.9800000032,1.25e-05,85.2305
2026-02-20T20:00:00+00:00,hyperliquid,SOL/USDC:USDC,3292514.1800000006,1.25e-05,84.7475
2026-02-20T21:00:00+00:00,hyperliquid,SOL/USDC:USDC,3254499.620000005,6.4628e-06,84.6265
2026-02-20T22:00:00+00:00,hyperliquid,SOL/USDC:USDC,3260066.9999999995,2.6953e-06,84.4595
2026-02-20T23:00:00+00:00,hyperliquid,SOL/USDC:USDC,3271245.8799999994,9.2333e-06,84.5605
2026-02-21T00:00:00+00:00,hyperliquid,SOL/USDC:USDC,3244671.1399999997,7.1701e-06,84.5975
2026-02-21T01:00:00+00:00,hyperliquid,SOL/USDC:USDC,3261375.2600000002,-2.2678e-06,84.4525
2026-02-21T02:00:00+00:00,hyperliquid,SOL/USDC:USDC,3261624.68,4.0099e-06,84.5735
2026-02-21T03:00:00+00:00,hyperliquid,SOL/USDC:USDC,3265783.660000001,2.1142e-06,84.453
2026-02-21T04:00:00+00:00,hyperliquid,SOL/USDC:USDC,3262804.8400000003,-2.05322e-05,84.2965
2026-02-21T05:00:00+00:00,hyperliquid,SOL/USDC:USDC,3248872.8000000035,-3.5567e-06,84.4215
2026-02-21T06:00:00+00:00,hyperliquid,SOL/USDC:USDC,3249275.8799999985,-1.06437e-05,84.487
2026-02-21T07:00:00+00:00,hyperliquid,SOL/USDC:USDC,3235834.5000000005,-1.25492e-05,84.0205
2026-02-21T08:00:00+00:00,hyperliquid,SOL/USDC:USDC,3251015.8799999985,-1.65269e-05,84.1535
2026-02-21T09:00:00+00:00,hyperliquid,SOL/USDC:USDC,3252951.54,-1.4206e-06,84.6995
2026-02-21T10:00:00+00:00,hyperliquid,SOL/USDC:USDC,3288481.3000000003,-1.4029e-06,84.9155
2026-02-21T11:00:00+00:00,hyperliquid,SOL/USDC:USDC,3294208.6799999992,2.1129e-06,85.163
2026-02-21T12:00:00+00:00,hyperliquid,SOL/USDC:USDC,3307705.9800000004,-5.9213e-06,85.4655
2026-02-21T13:00:00+00:00,hyperliquid,SOL/USDC:USDC,3364263.9799999995,-1.26628e-05,85.2625
2026-02-21T14:00:00+00:00,hyperliquid,SOL/USDC:USDC,3365726.219999999,-1.4264e-05,85.6855
2026-02-21T15:00:00+00:00,hyperliquid,SOL/USDC:USDC,3272425.319999999,1.25e-05,86.3235
2026-02-21T16:00:00+00:00,hyperliquid,SOL/USDC:USDC,3274234.260000001,-3.3351e-06,86.2175
2026-02-21T17:00:00+00:00,hyperliquid,SOL/USDC:USDC,3296873.900000001,-9.46e-07,86.0785
2026-02-21T18:00:00+00:00,hyperliquid,SOL/USDC:USDC,3294434.82,6.8489e-06,86.3095
2026-02-21T19:00:00+00:00,hyperliquid,SOL/USDC:USDC,3314899.68,1.25e-05,86.4305
2026-02-21T20:00:00+00:00,hyperliquid,SOL/USDC:USDC,3314195.440000002,5.7296e-06,86.0755
2026-02-21T21:00:00+00:00,hyperliquid,SOL/USDC:USDC,3281049.720000002,-4.6265e-06,85.4645
2026-02-21T22:00:00+00:00,hyperliquid,SOL/USDC:USDC,3269035.919999999,1.12475e-05,85.7795
2026-02-21T23:00:00+00:00,hyperliquid,SOL/USDC:USDC,3270210.6200000006,-6.636e-07,85.4935
2026-02-22T00:00:00+00:00,hyperliquid,SOL/USDC:USDC,3275264.4599999986,9.6125e-06,85.0505
2026-02-22T01:00:00+00:00,hyperliquid,SOL/USDC:USDC,3253446.699999998,-7.7051e-06,85.1565
2026-02-22T02:00:00+00:00,hyperliquid,SOL/USDC:USDC,3254627.1200000015,-1.89655e-05,85.1985
2026-02-22T03:00:00+00:00,hyperliquid,SOL/USDC:USDC,3250671.2800000003,-6.7159e-06,84.9935
2026-02-22T04:00:00+00:00,hyperliquid,SOL/USDC:USDC,3248057.559999999,-1.47427e-05,85.0695
2026-02-22T05:00:00+00:00,hyperliquid,SOL/USDC:USDC,3279750.8800000018,-2.36714e-05,85.1085
2026-02-22T06:00:00+00:00,hyperliquid,SOL/USDC:USDC,3274939.7200000016,-2.26873e-05,85.0015
2026-02-22T07:00:00+00:00,hyperliquid,SOL/USDC:USDC,3256909.840000003,-1.19757e-05,85.2325
2026-02-22T08:00:00+00:00,hyperliquid,SOL/USDC:USDC,3257760.5200000023,-1.72645e-05,85.1285
2026-02-22T09:00:00+00:00,hyperliquid,SOL/USDC:USDC,3262498.980000003,-1.47229e-05,84.9645
2026-02-22T10:00:00+00:00,hyperliquid,SOL/USDC:USDC,3236002.200000002,-1.08396e-05,85.0215
2026-02-22T11:00:00+00:00,hyperliquid,SOL/USDC:USDC,3234010.900000001,-1.12906e-05,85.27
2026-02-22T12:00:00+00:00,hyperliquid,SOL/USDC:USDC,3231548.9599999995,-2.4166e-05,85.2155
2026-02-22T13:00:00+00:00,hyperliquid,SOL/USDC:USDC,3242621.1599999983,-1.4341e-05,84.4205
2026-02-22T14:00:00+00:00,hyperliquid,SOL/USDC:USDC,3214555.379999998,-9.1821e-06,83.8875
2026-02-22T15:00:00+00:00,hyperliquid,SOL/USDC:USDC,3218974.22,-9.8833e-06,83.5805
2026-02-22T16:00:00+00:00,hyperliquid,SOL/USDC:USDC,3204099.7399999998,4.9354e-06,83.414
2026-02-22T17:00:00+00:00,hyperliquid,SOL/USDC:USDC,3196898.019999999,-4.7465e-06,83.4735
2026-02-22T18:00:00+00:00,hyperliquid,SOL/USDC:USDC,3125518.5399999996,-1.89343e-05,82.9935
2026-02-22T19:00:00+00:00,hyperliquid,SOL/USDC:USDC,3119634.54,-1.57802e-05,83.2325
2026-02-22T20:00:00+00:00,hyperliquid,SOL/USDC:USDC,3119448.0200000005,-1.78362e-05,83.2475
2026-02-22T21:00:00+00:00,hyperliquid,SOL/USDC:USDC,3143664.68,-2.85276e-05,83.0825
2026-02-22T22:00:00+00:00,hyperliquid,SOL/USDC:USDC,3122839.7800000007,-2.57932e-05,83.4895
2026-02-22T23:00:00+00:00,hyperliquid,SOL/USDC:USDC,3112334.54,-1.83248e-05,83.4335
2026-02-23T00:00:00+00:00,hyperliquid,SOL/USDC:USDC,3079531.0399999996,-1.47684e-05,82.6315
2026-02-23T01:00:00+00:00,hyperliquid,SOL/USDC:USDC,3069660.640000002,-1.7574e-05,80.5905
2026-02-23T02:00:00+00:00,hyperliquid,SOL/USDC:USDC,3117781.239999999,-3.05744e-05,77.958
2026-02-23T03:00:00+00:00,hyperliquid,SOL/USDC:USDC,3067874.819999998,-4.46846e-05,77.7855
2026-02-23T04:00:00+00:00,hyperliquid,SOL/USDC:USDC,3084794.9799999986,-3.32629e-05,77.4515
2026-02-23T05:00:00+00:00,hyperliquid,SOL/USDC:USDC,3121995.6199999973,-9.42279e-05,77.2995
2026-02-23T06:00:00+00:00,hyperliquid,SOL/USDC:USDC,3176281.9400000013,-6.93259e-05,77.7215
2026-02-23T07:00:00+00:00,hyperliquid,SOL/USDC:USDC,3241266.5599999963,-2.82171e-05,79.2475
2026-02-23T08:00:00+00:00,hyperliquid,SOL/USDC:USDC,3198171.779999998,-4.0243e-05,79.2365
2026-02-23T09:00:00+00:00,hyperliquid,SOL/USDC:USDC,3149656.4799999995,-4.11227e-05,78.7835
2026-02-23T10:00:00+00:00,hyperliquid,SOL/USDC:USDC,3082310.0199999986,-2.57325e-05,80.4435
2026-02-23T11:00:00+00:00,hyperliquid,SOL/USDC:USDC,3092626.3599999994,-8.2416e-06,80.2375
2026-02-23T12:00:00+00:00,hyperliquid,SOL/USDC:USDC,3128759.6199999996,-2.42979e-05,79.9615
2026-02-23T13:00:00+00:00,hyperliquid,SOL/USDC:USDC,3232538.1000000006,-2.23601e-05,80.6075
2026-02-23T14:00:00+00:00,hyperliquid,SOL/USDC:USDC,3241985.460000003,-4.18109e-05,80.4625
2026-02-23T15:00:00+00:00,hyperliquid,SOL/USDC:USDC,3274887.380000001,-2.75937e-05,80.0765
2026-02-23T16:00:00+00:00,hyperliquid,SOL/USDC:USDC,3303193.440000003,-2.47542e-05,79.2615
2026-02-23T17:00:00+00:00,hyperliquid,SOL/USDC:USDC,3344538.12,-1.28327e-05,79.0415
2026-02-23T18:00:00+00:00,hyperliquid,SOL/USDC:USDC,3268888.5599999977,-1.1506e-05,78.0395
2026-02-23T19:00:00+00:00,hyperliquid,SOL/USDC:USDC,3260208.3000000007,-1.01842e-05,78.5665
2026-02-23T20:00:00+00:00,hyperliquid,SOL/USDC:USDC,3298465.720000001,-2.62302e-05,78.3135
2026-02-23T21:00:00+00:00,hyperliquid,SOL/USDC:USDC,3326037.6999999993,-2.7128e-06,78.2205
2026-02-23T22:00:00+00:00,hyperliquid,SOL/USDC:USDC,3312575.76,-8.2955e-06,78.4675
2026-02-23T23:00:00+00:00,hyperliquid,SOL/USDC:USDC,3316106.1,-1.18029e-05,78.3705
2026-02-24T00:00:00+00:00,hyperliquid,SOL/USDC:USDC,3347623.2000000053,-1.54894e-05,77.9735
2026-02-24T01:00:00+00:00,hyperliquid,SOL/USDC:USDC,3363041.3799999985,-4.9765e-06,78.2175
2026-02-24T02:00:00+00:00,hyperliquid,SOL/USDC:USDC,3314096.1199999996,-8.4788e-06,77.697
2026-02-24T03:00:00+00:00,hyperliquid,SOL/USDC:USDC,3317141.439999997,-4.6934e-06,77.2745
2026-02-24T04:00:00+00:00,hyperliquid,SOL/USDC:USDC,3257285.8800000004,8.12e-06,76.9805
2026-02-24T05:00:00+00:00,hyperliquid,SOL/USDC:USDC,3235760.5199999986,2.4427e-06,76.7545
2026-02-24T06:00:00+00:00,hyperliquid,SOL/USDC:USDC,3255767.24,4.035e-07,76.5075
2026-02-24T07:00:00+00:00,hyperliquid,SOL/USDC:USDC,3230247.180000001,2.789e-06,76.685
2026-02-24T08:00:00+00:00,hyperliquid,SOL/USDC:USDC,3231038.9800000004,-8.4361e-06,76.5085
2026-02-24T09:00:00+00:00,hyperliquid,SOL/USDC:USDC,3224806.4200000004,1.9634e-06,76.9745
2026-02-24T10:00:00+00:00,hyperliquid,SOL/USDC:USDC,3229144.94,6.5422e-06,76.58
2026-02-24T11:00:00+00:00,hyperliquid,SOL/USDC:USDC,3227647.4400000004,-6.1793e-06,76.8125
2026-02-24T12:00:00+00:00,hyperliquid,SOL/USDC:USDC,3220278.7,-1.22014e-05,76.5995
2026-02-24T13:00:00+00:00,hyperliquid,SOL/USDC:USDC,3223851.26,-1.0638e-05,76.5225
2026-02-24T14:00:00+00:00,hyperliquid,SOL/USDC:USDC,3311687.4,-2.36936e-05,76.4745
2026-02-24T15:00:00+00:00,hyperliquid,SOL/USDC:USDC,3464711.759999999,-3.3179e-06,76.883
2026-02-24T16:00:00+00:00,hyperliquid,SOL/USDC:USDC,3459956.099999997,-1.65749e-05,77.611
2026-02-24T17:00:00+00:00,hyperliquid,SOL/USDC:USDC,3533347.3200000087,-3.9366e-06,78.1865
2026-02-24T18:00:00+00:00,hyperliquid,SOL/USDC:USDC,3536035.1999999974,3.2482e-06,78.2105
2026-02-24T19:00:00+00:00,hyperliquid,SOL/USDC:USDC,3534059.379999997,4.5836e-06,78.2505
2026-02-24T20:00:00+00:00,hyperliquid,SOL/USDC:USDC,3529271.4199999976,1.17228e-05,78.5325
2026-02-24T21:00:00+00:00,hyperliquid,SOL/USDC:USDC,3455464.200000001,-1.58373e-05,78.3015
2026-02-24T22:00:00+00:00,hyperliquid,SOL/USDC:USDC,3453973.2800000003,-3.0063e-06,78.7325
2026-02-24T23:00:00+00:00,hyperliquid,SOL/USDC:USDC,3447709.019999998,-7.8733e-06,79.0015
2026-02-25T00:00:00+00:00,hyperliquid,SOL/USDC:USDC,3433959.3799999966,-3.08178e-05,78.9155
2026-02-25T01:00:00+00:00,hyperliquid,SOL/USDC:USDC,3438655.939999998,-1.24328e-05,79.3065
2026-02-25T02:00:00+00:00,hyperliquid,SOL/USDC:USDC,3414307.0,-2.922e-07,82.1525
2026-02-25T03:00:00+00:00,hyperliquid,SOL/USDC:USDC,3479500.4799999967,-1.84545e-05,82.2215
2026-02-25T04:00:00+00:00,hyperliquid,SOL/USDC:USDC,3554938.000000002,-2.68493e-05,81.4125
2026-02-25T05:00:00+00:00,hyperliquid,SOL/USDC:USDC,3498904.8999999994,-8.7998e-06,81.9265
2026-02-25T06:00:00+00:00,hyperliquid,SOL/USDC:USDC,3583543.799999998,-2.30246e-05,81.2925
2026-02-25T07:00:00+00:00,hyperliquid,SOL/USDC:USDC,3602017.38,-2.36614e-05,81.5005
2026-02-25T08:00:00+00:00,hyperliquid,SOL/USDC:USDC,3581914.2,-2.5962e-05,82.0435
2026-02-25T09:00:00+00:00,hyperliquid,SOL/USDC:USDC,3550226.6600000025,-2.0831e-05,82.4325
2026-02-25T10:00:00+00:00,hyperliquid,SOL/USDC:USDC,3548932.0599999996,1.13999e-05,82.6295
2026-02-25T11:00:00+00:00,hyperliquid,SOL/USDC:USDC,3559009.3000000003,-1.71365e-05,82.4455
2026-02-25T12:00:00+00:00,hyperliquid,SOL/USDC:USDC,3566298.480000002,-1.13935e-05,83.2225
2026-02-25T13:00:00+00:00,hyperliquid,SOL/USDC:USDC,3542762.2,8.6824e-06,83.7375
2026-02-25T14:00:00+00:00,hyperliquid,SOL/USDC:USDC,3553031.6,-5.4875e-06,83.9165
2026-02-25T15:00:00+00:00,hyperliquid,SOL/USDC:USDC,3656317.780000001,-1.62204e-05,85.8515
2026-02-25T16:00:00+00:00,hyperliquid,SOL/USDC:USDC,3635623.0399999977,1.18758e-05,86.2855
2026-02-25T17:00:00+00:00,hyperliquid,SOL/USDC:USDC,3761017.0599999977,6.459e-07,87.7705
2026-02-25T18:00:00+00:00,hyperliquid,SOL/USDC:USDC,3827813.5000000033,2.902e-07,88.3655
2026-02-25T19:00:00+00:00,hyperliquid,SOL/USDC:USDC,3835266.160000005,-6.639e-06,88.8355
2026-02-25T20:00:00+00:00,hyperliquid,SOL/USDC:USDC,3836248.6000000015,-8.7291e-06,89.3095
2026-02-25T21:00:00+00:00,hyperliquid,SOL/USDC:USDC,3705152.380000002,-3.9634e-06,89.516
2026-02-25T22:00:00+00:00,hyperliquid,SOL/USDC:USDC,3709754.859999998,-2.1159e-06,90.0695
2026-02-25T23:00:00+00:00,hyperliquid,SOL/USDC:USDC,3690802.680000002,5.2654e-06,88.8765
2026-02-26T00:00:00+00:00,hyperliquid,SOL/USDC:USDC,3661295.0600000005,6.6927e-06,87.8495
2026-02-26T01:00:00+00:00,hyperliquid,SOL/USDC:USDC,3654829.4000000004,1.25e-05,88.5825
2026-02-26T02:00:00+00:00,hyperliquid,SOL/USDC:USDC,3691082.339999998,2.2054e-06,88.3365
2026-02-26T03:00:00+00:00,hyperliquid,SOL/USDC:USDC,3591436.7400000016,1.25e-05,88.1525
2026-02-26T04:00:00+00:00,hyperliquid,SOL/USDC:USDC,3559637.499999999,9.7143e-06,87.8475
2026-02-26T05:00:00+00:00,hyperliquid,SOL/USDC:USDC,3518100.84,6.7435e-06,88.4765
2026-02-26T06:00:00+00:00,hyperliquid,SOL/USDC:USDC,3458932.840000002,1.09071e-05,87.5595
2026-02-26T07:00:00+00:00,hyperliquid,SOL/USDC:USDC,3422437.0200000023,1.25e-05,87.7205
2026-02-26T08:00:00+00:00,hyperliquid,SOL/USDC:USDC,3419488.319999998,1.25e-05,87.288
2026-02-26T09:00:00+00:00,hyperliquid,SOL/USDC:USDC,3470590.04,2.4541e-06,87.2585
2026-02-26T10:00:00+00:00,hyperliquid,SOL/USDC:USDC,3489043.0799999963,-4.8427e-06,88.3585
2026-02-26T11:00:00+00:00,hyperliquid,SOL/USDC:USDC,3535797.1000000006,-2.96837e-05,87.4575
2026-02-26T12:00:00+00:00,hyperliquid,SOL/USDC:USDC,3424208.560000006,-2.03328e-05,86.7055
2026-02-26T13:00:00+00:00,hyperliquid,SOL/USDC:USDC,3387052.6599999997,-1.14431e-05,87.4815
2026-02-26T14:00:00+00:00,hyperliquid,SOL/USDC:USDC,3396768.6800000006,-1.24211e-05,87.4955
2026-02-26T15:00:00+00:00,hyperliquid,SOL/USDC:USDC,3412877.579999999,-1.95408e-05,86.846
2026-02-26T16:00:00+00:00,hyperliquid,SOL/USDC:USDC,3404726.9800000023,-1.608e-05,86.3965
2026-02-26T17:00:00+00:00,hyperliquid,SOL/USDC:USDC,3373670.320000001,-4.6094e-06,84.8365
2026-02-26T18:00:00+00:00,hyperliquid,SOL/USDC:USDC,3333141.2600000035,-9.9358e-06,84.9075
2026-02-26T19:00:00+00:00,hyperliquid,SOL/USDC:USDC,3296716.280000001,9.8601e-06,85.6005
2026-02-26T20:00:00+00:00,hyperliquid,SOL/USDC:USDC,3295804.8199999966,3.1277e-06,86.6195
2026-02-26T21:00:00+00:00,hyperliquid,SOL/USDC:USDC,3272901.359999999,1.22193e-05,86.0505
2026-02-26T22:00:00+00:00,hyperliquid,SOL/USDC:USDC,3243825.7,-7.6889e-06,85.8765
2026-02-26T23:00:00+00:00,hyperliquid,SOL/USDC:USDC,3224671.8800000004,-2.9787e-06,85.9625
2026-02-27T00:00:00+00:00,hyperliquid,SOL/USDC:USDC,3212393.6999999993,5.9471e-06,85.8875
2026-02-27T01:00:00+00:00,hyperliquid,SOL/USDC:USDC,3236530.06,7.9798e-06,85.7095
2026-02-27T02:00:00+00:00,hyperliquid,SOL/USDC:USDC,3233450.9800000004,1.25e-05,86.1855
2026-02-27T03:00:00+00:00,hyperliquid,SOL/USDC:USDC,3238068.9000000004,9.7359e-06,86.5545
2026-02-27T04:00:00+00:00,hyperliquid,SOL/USDC:USDC,3213612.5399999986,1.25e-05,87.5575
2026-02-27T05:00:00+00:00,hyperliquid,SOL/USDC:USDC,3197521.8599999966,1.25e-05,87.6045
2026-02-27T06:00:00+00:00,hyperliquid,SOL/USDC:USDC,3230861.6399999973,2.315e-07,87.4965
2026-02-27T07:00:00+00:00,hyperliquid,SOL/USDC:USDC,3197505.9599999976,-7.0689e-06,87.2385
2026-02-27T08:00:00+00:00,hyperliquid,SOL/USDC:USDC,3306104.519999998,1.25e-05,87.4375
2026-02-27T09:00:00+00:00,hyperliquid,SOL/USDC:USDC,3345362.7199999974,6.5498e-06,87.5535
2026-02-27T10:00:00+00:00,hyperliquid,SOL/USDC:USDC,3263343.6199999982,-6.5373e-06,86.4145
2026-02-27T11:00:00+00:00,hyperliquid,SOL/USDC:USDC,3260589.0,-1.6853e-05,84.7665
2026-02-27T12:00:00+00:00,hyperliquid,SOL/USDC:USDC,3217150.6799999992,-1.82446e-05,83.5475
2026-02-27T13:00:00+00:00,hyperliquid,SOL/USDC:USDC,3237380.1200000006,-1.60043e-05,83.2225
2026-02-27T14:00:00+00:00,hyperliquid,SOL/USDC:USDC,3320402.94,-4.865e-07,82.9815
2026-02-27T15:00:00+00:00,hyperliquid,SOL/USDC:USDC,3413849.7600000002,2.1104e-06,82.5035
2026-02-27T16:00:00+00:00,hyperliquid,SOL/USDC:USDC,3414478.700000001,2.8934e-06,82.5325
2026-02-27T17:00:00+00:00,hyperliquid,SOL/USDC:USDC,3254029.8600000003,-1.54613e-05,81.3825
2026-02-27T18:00:00+00:00,hyperliquid,SOL/USDC:USDC,3329655.160000002,1.25e-05,81.8725
2026-02-27T19:00:00+00:00,hyperliquid,SOL/USDC:USDC,3325538.879999999,5.702e-07,81.3985
2026-02-27T20:00:00+00:00,hyperliquid,SOL/USDC:USDC,3323956.739999998,1.25e-05,81.6145
2026-02-27T21:00:00+00:00,hyperliquid,SOL/USDC:USDC,3326666.8599999985,-3.376e-07,81.3715
2026-02-27T22:00:00+00:00,hyperliquid,SOL/USDC:USDC,3317569.619999999,-6.8856e-06,81.1535
2026-02-27T23:00:00+00:00,hyperliquid,SOL/USDC:USDC,3240959.22,-3.7418e-06,81.4515
2026-02-28T00:00:00+00:00,hyperliquid,SOL/USDC:USDC,3207289.719999998,4.5372e-06,81.8215
2026-02-28T01:00:00+00:00,hyperliquid,SOL/USDC:USDC,3200699.8599999994,-9.7538e-06,82.0235
2026-02-28T02:00:00+00:00,hyperliquid,SOL/USDC:USDC,3211574.639999999,-5.3624e-06,81.6675
2026-02-28T03:00:00+00:00,hyperliquid,SOL/USDC:USDC,3211159.48,-2.52324e-05,81.9635
2026-02-28T04:00:00+00:00,hyperliquid,SOL/USDC:USDC,3213286.8999999985,-1.62789e-05,81.7215
2026-02-28T05:00:00+00:00,hyperliquid,SOL/USDC:USDC,3222676.54,-2.00084e-05,81.5895
2026-02-28T06:00:00+00:00,hyperliquid,SOL/USDC:USDC,3237471.0799999996,-1.27621e-05,81.4895
2026-02-28T07:00:00+00:00,hyperliquid,SOL/USDC:USDC,3336045.2200000007,-4.23778e-05,77.8165
2026-02-28T08:00:00+00:00,hyperliquid,SOL/USDC:USDC,3467924.38,-5.45333e-05,78.3865
2026-02-28T09:00:00+00:00,hyperliquid,SOL/USDC:USDC,3385919.240000002,-2.19695e-05,78.1415
2026-02-28T10:00:00+00:00,hyperliquid,SOL/USDC:USDC,3432098.979999999,-2.20268e-05,78.2215
2026-02-28T11:00:00+00:00,hyperliquid,SOL/USDC:USDC,3650590.220000001,9.7556e-06,79.2265
2026-02-28T12:00:00+00:00,hyperliquid,SOL/USDC:USDC,3633796.4199999995,-1.89729e-05,78.7715
2026-02-28T13:00:00+00:00,hyperliquid,SOL/USDC:USDC,3603711.640000001,-1.6817e-05,78.8655
2026-02-28T14:00:00+00:00,hyperliquid,SOL/USDC:USDC,3613040.0999999987,-1.10609e-05,80.752
2026-02-28T15:00:00+00:00,hyperliquid,SOL/USDC:USDC,3550260.560000001,-9.4498e-06,80.2915
2026-02-28T16:00:00+00:00,hyperliquid,SOL/USDC:USDC,3510792.160000001,-1.06449e-05,80.6645
2026-02-28T17:00:00+00:00,hyperliquid,SOL/USDC:USDC,3509922.8999999994,-5.6205e-06,81.0105
2026-02-28T18:00:00+00:00,hyperliquid,SOL/USDC:USDC,3532360.780000002,-6.535e-06,81.3015
2026-02-28T19:00:00+00:00,hyperliquid,SOL/USDC:USDC,3552213.58,-3.1775e-06,82.2685
2026-02-28T20:00:00+00:00,hyperliquid,SOL/USDC:USDC,3460967.360000001,-3.28064e-05,81.9705
2026-02-28T21:00:00+00:00,hyperliquid,SOL/USDC:USDC,3443132.880000001,-1.90396e-05,84.4105
2026-02-28T22:00:00+00:00,hyperliquid,SOL/USDC:USDC,3454995.8200000008,-1.45002e-05,84.6065
2026-02-28T23:00:00+00:00,hyperliquid,SOL/USDC:USDC,3432412.5599999963,-2.98695e-05,84.3675
2026-03-01T00:00:00+00:00,hyperliquid,SOL/USDC:USDC,3455499.7399999993,-1.42642e-05,84.4975
2026-03-01T01:00:00+00:00,hyperliquid,SOL/USDC:USDC,3431518.839999998,-4.6673e-06,84.8125
2026-03-01T02:00:00+00:00,hyperliquid,SOL/USDC:USDC,3492365.6599999964,-4.8467e-06,87.4195
2026-03-01T03:00:00+00:00,hyperliquid,SOL/USDC:USDC,3471713.1599999964,1.849e-06,88.094
2026-03-01T04:00:00+00:00,hyperliquid,SOL/USDC:USDC,3480826.6199999987,1.11636e-05,88.0825
2026-03-01T05:00:00+00:00,hyperliquid,SOL/USDC:USDC,3525420.199999999,5.8806e-06,87.6045
2026-03-01T06:00:00+00:00,hyperliquid,SOL/USDC:USDC,3521745.139999997,6.7076e-06,87.2265
2026-03-01T07:00:00+00:00,hyperliquid,SOL/USDC:USDC,3534333.1199999987,7.5086e-06,86.613
2026-03-01T08:00:00+00:00,hyperliquid,SOL/USDC:USDC,3538849.9399999995,4.5605e-06,86.526
2026-03-01T09:00:00+00:00,hyperliquid,SOL/USDC:USDC,3556520.439999995,-1.56938e-05,85.0305
2026-03-01T10:00:00+00:00,hyperliquid,SOL/USDC:USDC,3579433.2399999984,-2.04944e-05,84.9905
2026-03-01T11:00:00+00:00,hyperliquid,SOL/USDC:USDC,3585070.4599999986,-8.6683e-06,85.2155
2026-03-01T12:00:00+00:00,hyperliquid,SOL/USDC:USDC,3587541.8799999985,-1.74414e-05,85.2125
2026-03-01T13:00:00+00:00,hyperliquid,SOL/USDC:USDC,3631387.4799999995,-2.55668e-05,84.8975
2026-03-01T14:00:00+00:00,hyperliquid,SOL/USDC:USDC,3704408.7200000007,-3.49266e-05,86.0505
2026-03-01T15:00:00+00:00,hyperliquid,SOL/USDC:USDC,3722508.739999998,3.461e-06,86.0565
2026-03-01T16:00:00+00:00,hyperliquid,SOL/USDC:USDC,3722829.279999997,-1.4659e-05,85.5865
2026-03-01T17:00:00+00:00,hyperliquid,SOL/USDC:USDC,3586393.4400000013,-2.11466e-05,83.6965
2026-03-01T18:00:00+00:00,hyperliquid,SOL/USDC:USDC,3520909.7400000007,3.8086e-06,83.999
2026-03-01T19:00:00+00:00,hyperliquid,SOL/USDC:USDC,3488354.5,5.9049e-06,83.932
2026-03-01T20:00:00+00:00,hyperliquid,SOL/USDC:USDC,3462043.879999999,-1.5814e-05,83.068
2026-03-01T21:00:00+00:00,hyperliquid,SOL/USDC:USDC,3381671.340000001,1.3458e-06,82.0485
2026-03-01T22:00:00+00:00,hyperliquid,SOL/USDC:USDC,3339931.3799999994,5.8238e-06,82.7885
2026-03-01T23:00:00+00:00,hyperliquid,SOL/USDC:USDC,3355854.220000002,-1.6899e-06,82.8655
2026-03-02T00:00:00+00:00,hyperliquid,SOL/USDC:USDC,3380878.719999999,5.0768e-06,83.4955
2026-03-02T01:00:00+00:00,hyperliquid,SOL/USDC:USDC,3384775.6000000006,1.25e-05,85.2255
2026-03-02T02:00:00+00:00,hyperliquid,SOL/USDC:USDC,3280269.3200000003,1.14657e-05,84.7305
2026-03-02T03:00:00+00:00,hyperliquid,SOL/USDC:USDC,3255755.859999998,-1.4025e-05,83.9115
2026-03-02T04:00:00+00:00,hyperliquid,SOL/USDC:USDC,3262098.3800000013,-2.3522e-06,84.6765
2026-03-02T05:00:00+00:00,hyperliquid,SOL/USDC:USDC,3259912.499999999,-9.4201e-06,84.2105
2026-03-02T06:00:00+00:00,hyperliquid,SOL/USDC:USDC,3247039.919999999,-5.4238e-06,84.0855
2026-03-02T07:00:00+00:00,hyperliquid,SOL/USDC:USDC,3247616.1999999993,-7.7975e-06,83.1805
2026-03-02T08:00:00+00:00,hyperliquid,SOL/USDC:USDC,3267299.599999998,-9.0439e-06,82.5755
2026-03-02T09:00:00+00:00,hyperliquid,SOL/USDC:USDC,3285788.959999999,7.933e-07,83.3245
2026-03-02T10:00:00+00:00,hyperliquid,SOL/USDC:USDC,3293887.539999999,2.1926e-06,83.7965
2026-03-02T11:00:00+00:00,hyperliquid,SOL/USDC:USDC,3423814.999999999,1.25e-05,83.7375
2026-03-02T12:00:00+00:00,hyperliquid,SOL/USDC:USDC,3366905.9799999986,-3.2304e-06,83.7715
2026-03-02T13:00:00+00:00,hyperliquid,SOL/USDC:USDC,3381520.9799999977,-2.18271e-05,83.5075
2026-03-02T14:00:00+00:00,hyperliquid,SOL/USDC:USDC,3398291.8800000004,-2.84945e-05,82.9795
2026-03-02T15:00:00+00:00,hyperliquid,SOL/USDC:USDC,3345278.759999997,-5.1331e-06,86.1525
2026-03-02T16:00:00+00:00,hyperliquid,SOL/USDC:USDC,3311013.2800000007,9.9682e-06,88.5965
2026-03-02T17:00:00+00:00,hyperliquid,SOL/USDC:USDC,3346936.6999999946,1.02425e-05,88.6565
2026-03-02T18:00:00+00:00,hyperliquid,SOL/USDC:USDC,3288241.8,-4.354e-06,87.1235
2026-03-02T19:00:00+00:00,hyperliquid,SOL/USDC:USDC,3288874.3599999985,3.5224e-06,87.082
2026-03-02T20:00:00+00:00,hyperliquid,SOL/USDC:USDC,3319710.999999997,-1.3351e-06,87.8045
2026-03-02T21:00:00+00:00,hyperliquid,SOL/USDC:USDC,3278706.939999999,-4.4896e-06,87.3435
2026-03-02T22:00:00+00:00,hyperliquid,SOL/USDC:USDC,3281508.419999999,-1.15264e-05,87.5635
2026-03-02T23:00:00+00:00,hyperliquid,SOL/USDC:USDC,3339830.4599999986,1.9209e-06,87.8195
2026-03-03T00:00:00+00:00,hyperliquid,SOL/USDC:USDC,3339768.1799999992,-3.20425e-05,86.6865
2026-03-03T01:00:00+00:00,hyperliquid,SOL/USDC:USDC,3313726.6599999955,-2.59349e-05,86.7225
2026-03-03T02:00:00+00:00,hyperliquid,SOL/USDC:USDC,3331022.8399999994,-4.45363e-05,85.6635
2026-03-03T03:00:00+00:00,hyperliquid,SOL/USDC:USDC,3209083.7600000002,-1.23643e-05,86.1675
2026-03-03T04:00:00+00:00,hyperliquid,SOL/USDC:USDC,3217344.959999998,-2.35335e-05,86.2955
2026-03-03T05:00:00+00:00,hyperliquid,SOL/USDC:USDC,3229949.140000001,-8.7613e-06,85.7285
2026-03-03T06:00:00+00:00,hyperliquid,SOL/USDC:USDC,3189387.4200000004,-1.12896e-05,85.7905
2026-03-03T07:00:00+00:00,hyperliquid,SOL/USDC:USDC,3190038.44,-1.51575e-05,85.717
2026-03-03T08:00:00+00:00,hyperliquid,SOL/USDC:USDC,3234810.379999999,8.3806e-06,85.507
2026-03-03T09:00:00+00:00,hyperliquid,SOL/USDC:USDC,3210617.0200000047,8.74e-08,84.3285
2026-03-03T10:00:00+00:00,hyperliquid,SOL/USDC:USDC,3190189.34,-4.6534e-06,84.0485
2026-03-03T11:00:00+00:00,hyperliquid,SOL/USDC:USDC,3214522.279999998,7.6075e-06,84.0335
2026-03-03T12:00:00+00:00,hyperliquid,SOL/USDC:USDC,3207943.279999998,1.25e-05,84.439
2026-03-03T13:00:00+00:00,hyperliquid,SOL/USDC:USDC,3204828.1599999964,-5.2651e-06,84.0275
2026-03-03T14:00:00+00:00,hyperliquid,SOL/USDC:USDC,3190574.339999995,-1.05529e-05,83.3875
2026-03-03T15:00:00+00:00,hyperliquid,SOL/USDC:USDC,3229491.38,-3.5198e-06,83.2965
2026-03-03T16:00:00+00:00,hyperliquid,SOL/USDC:USDC,3237835.079999998,-4.8135e-06,84.869
2026-03-03T17:00:00+00:00,hyperliquid,SOL/USDC:USDC,3188154.1999999983,5.6157e-06,84.8115
2026-03-03T18:00:00+00:00,hyperliquid,SOL/USDC:USDC,3181150.720000002,7.4044e-06,85.1005
2026-03-03T19:00:00+00:00,hyperliquid,SOL/USDC:USDC,3160023.2800000003,-7.5e-06,85.1865
2026-03-03T20:00:00+00:00,hyperliquid,SOL/USDC:USDC,3198916.84,-7.3157e-06,85.1375
2026-03-03T21:00:00+00:00,hyperliquid,SOL/USDC:USDC,3155995.019999999,-1.43833e-05,84.5705
2026-03-03T22:00:00+00:00,hyperliquid,SOL/USDC:USDC,3185673.5199999986,-8.6887e-06,85.4435
2026-03-03T23:00:00+00:00,hyperliquid,SOL/USDC:USDC,3201402.1600000006,-1.1485e-05,86.2085
2026-03-04T00:00:00+00:00,hyperliquid,SOL/USDC:USDC,3241207.7000000016,-3.7799e-06,86.8385
2026-03-04T01:00:00+00:00,hyperliquid,SOL/USDC:USDC,3271286.500000001,2.7802e-06,86.7375
2026-03-04T02:00:00+00:00,hyperliquid,SOL/USDC:USDC,3309239.2600000007,-5.2247e-06,87.0655
2026-03-04T03:00:00+00:00,hyperliquid,SOL/USDC:USDC,3285275.7599999993,-3.12744e-05,86.9485
2026-03-04T04:00:00+00:00,hyperliquid,SOL/USDC:USDC,3282496.2599999984,-2.9818e-05,85.5925
2026-03-04T05:00:00+00:00,hyperliquid,SOL/USDC:USDC,3260524.9200000013,-2.25491e-05,85.277
2026-03-04T06:00:00+00:00,hyperliquid,SOL/USDC:USDC,3245603.5599999977,-2.03373e-05,85.4475
2026-03-04T07:00:00+00:00,hyperliquid,SOL/USDC:USDC,3232269.600000001,3.5875e-06,85.7435
2026-03-04T08:00:00+00:00,hyperliquid,SOL/USDC:USDC,3235642.2199999983,-1.697e-06,87.188
2026-03-04T09:00:00+00:00,hyperliquid,SOL/USDC:USDC,3254808.74,1.25e-05,89.34
2026-03-04T10:00:00+00:00,hyperliquid,SOL/USDC:USDC,3200374.2600000016,1.25e-05,90.6385
2026-03-04T11:00:00+00:00,hyperliquid,SOL/USDC:USDC,3208232.539999997,1.25e-05,90.1095
2026-03-04T12:00:00+00:00,hyperliquid,SOL/USDC:USDC,3216785.4200000004,1.25e-05,89.7835
2026-03-04T13:00:00+00:00,hyperliquid,SOL/USDC:USDC,3180680.0,-3.6204e-06,89.3765
2026-03-04T14:00:00+00:00,hyperliquid,SOL/USDC:USDC,3191384.679999999,-7.419e-07,89.976
2026-03-04T15:00:00+00:00,hyperliquid,SOL/USDC:USDC,3170426.5399999986,1.25e-05,90.5335
2026-03-04T16:00:00+00:00,hyperliquid,SOL/USDC:USDC,3172709.0400000014,1.14143e-05,92.9215
2026-03-04T17:00:00+00:00,hyperliquid,SOL/USDC:USDC,3146401.1999999974,-2.0144e-06,91.4965
2026-03-04T18:00:00+00:00,hyperliquid,SOL/USDC:USDC,3053617.9999999986,-3.4996e-06,91.5385
2026-03-04T19:00:00+00:00,hyperliquid,SOL/USDC:USDC,3089674.879999999,7.9074e-06,92.3305
2026-03-04T20:00:00+00:00,hyperliquid,SOL/USDC:USDC,3075948.619999999,8.0551e-06,93.3015
2026-03-04T21:00:00+00:00,hyperliquid,SOL/USDC:USDC,3154671.3999999976,-4.233e-07,92.6545
2026-03-04T22:00:00+00:00,hyperliquid,SOL/USDC:USDC,3130262.559999999,7.1247e-06,92.7315
2026-03-04T23:00:00+00:00,hyperliquid,SOL/USDC:USDC,3130188.8199999994,-9.7437e-06,91.2635
2026-03-05T00:00:00+00:00,hyperliquid,SOL/USDC:USDC,3119076.1599999988,-5.9448e-06,90.9465
2026-03-05T01:00:00+00:00,hyperliquid,SOL/USDC:USDC,3116350.4000000036,-2.95462e-05,90.6595
2026-03-05T02:00:00+00:00,hyperliquid,SOL/USDC:USDC,3134429.24,-1.21825e-05,90.1595
2026-03-05T03:00:00+00:00,hyperliquid,SOL/USDC:USDC,3137643.7800000007,-1.64404e-05,90.2285
2026-03-05T04:00:00+00:00,hyperliquid,SOL/USDC:USDC,3197240.6600000006,-2.20743e-05,89.9
2026-03-05T05:00:00+00:00,hyperliquid,SOL/USDC:USDC,3222242.4199999985,1.18061e-05,90.5455
2026-03-05T06:00:00+00:00,hyperliquid,SOL/USDC:USDC,3197883.439999997,-4.2498e-06,90.042
2026-03-05T07:00:00+00:00,hyperliquid,SOL/USDC:USDC,3197203.1600000006,-4.0246e-06,90.8755
2026-03-05T08:00:00+00:00,hyperliquid,SOL/USDC:USDC,3183185.32,-1.13388e-05,90.0925
2026-03-05T09:00:00+00:00,hyperliquid,SOL/USDC:USDC,3200118.7599999993,1.25e-05,90.831
2026-03-05T10:00:00+00:00,hyperliquid,SOL/USDC:USDC,3201569.16,1.25e-05,91.1315
2026-03-05T11:00:00+00:00,hyperliquid,SOL/USDC:USDC,3186114.3400000012,9.0249e-06,92.5435
2026-03-05T12:00:00+00:00,hyperliquid,SOL/USDC:USDC,3149037.9600000004,-5.2127e-06,91.7425
2026-03-05T13:00:00+00:00,hyperliquid,SOL/USDC:USDC,3146792.6400000006,3.4031e-06,91.6075
2026-03-05T14:00:00+00:00,hyperliquid,SOL/USDC:USDC,3155027.2199999993,-2.47132e-05,90.7595
2026-03-05T15:00:00+00:00,hyperliquid,SOL/USDC:USDC,3191486.759999999,2.7832e-06,90.7295
2026-03-05T16:00:00+00:00,hyperliquid,SOL/USDC:USDC,3229121.740000002,-1.4226e-05,89.2495
2026-03-05T18:00:00+00:00,hyperliquid,SOL/USDC:USDC,3291625.2999999984,4.687e-06,88.2955
2026-03-05T20:00:00+00:00,hyperliquid,SOL/USDC:USDC,3339896.619999999,1.25e-05,88.9995
2026-03-05T21:00:00+00:00,hyperliquid,SOL/USDC:USDC,3341391.159999999,1.25e-05,89.2875
2026-03-05T22:00:00+00:00,hyperliquid,SOL/USDC:USDC,3284815.999999994,1.25e-05,89.1885
2026-03-05T23:00:00+00:00,hyperliquid,SOL/USDC:USDC,3367338.26,-6.2586e-06,89.0285
2026-03-06T00:00:00+00:00,hyperliquid,SOL/USDC:USDC,3405878.0,-1.97644e-05,88.7615
2026-03-06T01:00:00+00:00,hyperliquid,SOL/USDC:USDC,3408569.4800000014,-2.14e-08,88.8275
2026-03-06T02:00:00+00:00,hyperliquid,SOL/USDC:USDC,3365322.600000002,6.0104e-06,89.0195
2026-03-06T03:00:00+00:00,hyperliquid,SOL/USDC:USDC,3380157.1199999996,4.0754e-06,88.4665
2026-03-06T04:00:00+00:00,hyperliquid,SOL/USDC:USDC,3356310.6800000016,-5.983e-06,88.4255
2026-03-06T05:00:00+00:00,hyperliquid,SOL/USDC:USDC,3350919.6799999992,-5.4748e-06,88.0305
2026-03-06T06:00:00+00:00,hyperliquid,SOL/USDC:USDC,3319303.1400000015,-1.28936e-05,87.8245
2026-03-06T07:00:00+00:00,hyperliquid,SOL/USDC:USDC,3299162.400000001,8.894e-07,88.1975
2026-03-06T08:00:00+00:00,hyperliquid,SOL/USDC:USDC,3321856.6199999987,1.12546e-05,88.4795
2026-03-06T09:00:00+00:00,hyperliquid,SOL/USDC:USDC,3304113.6200000024,-1.54e-06,88.3565
2026-03-06T10:00:00+00:00,hyperliquid,SOL/USDC:USDC,3264432.3000000007,-6.9512e-06,87.3735
2026-03-06T11:00:00+00:00,hyperliquid,SOL/USDC:USDC,3226998.6999999983,-2.082e-06,87.5925
2026-03-06T12:00:00+00:00,hyperliquid,SOL/USDC:USDC,3250358.0600000005,-1.01117e-05,87.071
2026-03-06T13:00:00+00:00,hyperliquid,SOL/USDC:USDC,3210329.839999999,-1.4667e-06,86.4875
2026-03-06T14:00:00+00:00,hyperliquid,SOL/USDC:USDC,3260617.7200000025,-2.94871e-05,85.5555
2026-03-06T15:00:00+00:00,hyperliquid,SOL/USDC:USDC,3275165.68,-4.26984e-05,84.428
2026-03-06T16:00:00+00:00,hyperliquid,SOL/USDC:USDC,3307999.059999999,-3.24017e-05,84.4435
2026-03-06T17:00:00+00:00,hyperliquid,SOL/USDC:USDC,3280662.0399999996,-2.64183e-05,84.3435
2026-03-06T18:00:00+00:00,hyperliquid,SOL/USDC:USDC,3272232.020000004,-1.6257e-05,84.5635
2026-03-06T19:00:00+00:00,hyperliquid,SOL/USDC:USDC,3265194.2600000007,-1.53911e-05,85.3405
2026-03-06T20:00:00+00:00,hyperliquid,SOL/USDC:USDC,3243142.8800000004,-1.11728e-05,85.1205
2026-03-06T21:00:00+00:00,hyperliquid,SOL/USDC:USDC,3216649.58,-4.8585e-06,84.9885
2026-03-06T22:00:00+00:00,hyperliquid,SOL/USDC:USDC,3250898.7800000003,-1.90639e-05,84.7115
2026-03-06T23:00:00+00:00,hyperliquid,SOL/USDC:USDC,3247345.4199999985,-1.46905e-05,84.8515
2026-03-07T00:00:00+00:00,hyperliquid,SOL/USDC:USDC,3304982.7600000007,-2.70238e-05,84.4885
2026-03-07T01:00:00+00:00,hyperliquid,SOL/USDC:USDC,3293745.979999999,-1.78998e-05,84.8275
2026-03-07T02:00:00+00:00,hyperliquid,SOL/USDC:USDC,3278574.599999999,-1.22908e-05,84.6025
2026-03-07T03:00:00+00:00,hyperliquid,SOL/USDC:USDC,3264904.3999999985,-1.19163e-05,84.6605
2026-03-07T04:00:00+00:00,hyperliquid,SOL/USDC:USDC,3278786.1,2.954e-07,84.4735
2026-03-07T05:00:00+00:00,hyperliquid,SOL/USDC:USDC,3330653.58,-1.53949e-05,84.2415
2026-03-07T06:00:00+00:00,hyperliquid,SOL/USDC:USDC,3340379.6799999992,-2.04103e-05,84.1935
2026-03-07T07:00:00+00:00,hyperliquid,SOL/USDC:USDC,3371664.359999998,-4.3398e-06,83.9635
2026-03-07T08:00:00+00:00,hyperliquid,SOL/USDC:USDC,3347389.7199999997,-9.2191e-06,84.2095
2026-03-07T09:00:00+00:00,hyperliquid,SOL/USDC:USDC,3348641.1599999988,-6.1452e-06,84.186
2026-03-07T10:00:00+00:00,hyperliquid,SOL/USDC:USDC,3342136.920000001,-9.6738e-06,84.5355
2026-03-07T11:00:00+00:00,hyperliquid,SOL/USDC:USDC,3323201.699999998,-2.00407e-05,84.3335
2026-03-07T12:00:00+00:00,hyperliquid,SOL/USDC:USDC,3354151.679999999,-4.673e-07,84.6065
2026-03-07T13:00:00+00:00,hyperliquid,SOL/USDC:USDC,3305638.700000002,-2.0475e-05,84.3695
2026-03-07T14:00:00+00:00,hyperliquid,SOL/USDC:USDC,3342884.4599999995,-1.27239e-05,83.9955
2026-03-07T15:00:00+00:00,hyperliquid,SOL/USDC:USDC,3323727.8600000017,-1.57878e-05,84.0545
2026-03-07T16:00:00+00:00,hyperliquid,SOL/USDC:USDC,3333467.0799999987,-2.69444e-05,83.5925
2026-03-07T17:00:00+00:00,hyperliquid,SOL/USDC:USDC,3363444.0000000014,-1.74343e-05,83.6535
2026-03-07T18:00:00+00:00,hyperliquid,SOL/USDC:USDC,3361874.699999998,-3.65151e-05,83.0075
2026-03-07T19:00:00+00:00,hyperliquid,SOL/USDC:USDC,3302167.1400000006,-1.75414e-05,83.2205
2026-03-07T20:00:00+00:00,hyperliquid,SOL/USDC:USDC,3300717.620000004,-1.93095e-05,82.6255
2026-03-07T21:00:00+00:00,hyperliquid,SOL/USDC:USDC,3333116.919999999,-4.17077e-05,82.8655
2026-03-07T22:00:00+00:00,hyperliquid,SOL/USDC:USDC,3286530.26,-8.1684e-06,83.2475
2026-03-07T23:00:00+00:00,hyperliquid,SOL/USDC:USDC,3401560.2600000007,-3.2112e-05,82.9415
2026-03-08T00:00:00+00:00,hyperliquid,SOL/USDC:USDC,3392158.7199999997,-2.63811e-05,83.3455
2026-03-08T01:00:00+00:00,hyperliquid,SOL/USDC:USDC,3381662.36,-3.68542e-05,82.9565
2026-03-08T02:00:00+00:00,hyperliquid,SOL/USDC:USDC,3378358.0000000005,-3.16233e-05,82.8395
2026-03-08T03:00:00+00:00,hyperliquid,SOL/USDC:USDC,3364175.039999999,-4.12989e-05,82.2335
2026-03-08T04:00:00+00:00,hyperliquid,SOL/USDC:USDC,3370693.8400000003,-3.95414e-05,82.2535
2026-03-08T05:00:00+00:00,hyperliquid,SOL/USDC:USDC,3343465.2200000007,-3.69919e-05,81.9695
2026-03-08T06:00:00+00:00,hyperliquid,SOL/USDC:USDC,3392528.920000001,-3.77961e-05,82.4785
2026-03-08T07:00:00+00:00,hyperliquid,SOL/USDC:USDC,3308142.1200000006,-1.02506e-05,82.3715
2026-03-08T08:00:00+00:00,hyperliquid,SOL/USDC:USDC,3320886.2000000034,-5.8678e-06,82.8115
2026-03-08T09:00:00+00:00,hyperliquid,SOL/USDC:USDC,3317856.2400000026,-1.88827e-05,82.7765
2026-03-08T10:00:00+00:00,hyperliquid,SOL/USDC:USDC,3315769.499999998,-1.02301e-05,83.1875
2026-03-08T11:00:00+00:00,hyperliquid,SOL/USDC:USDC,3324968.42,-1.12757e-05,83.5105
2026-03-08T12:00:00+00:00,hyperliquid,SOL/USDC:USDC,3346692.339999999,-9.5347e-06,82.7945
2026-03-08T13:00:00+00:00,hyperliquid,SOL/USDC:USDC,3321262.700000001,-2.15383e-05,82.2465
2026-03-08T14:00:00+00:00,hyperliquid,SOL/USDC:USDC,3255487.5799999987,-1.2301e-05,81.9645
2026-03-08T15:00:00+00:00,hyperliquid,SOL/USDC:USDC,3244463.76,-2.03955e-05,82.2725
2026-03-08T16:00:00+00:00,hyperliquid,SOL/USDC:USDC,3237178.3399999994,-1.40536e-05,81.9535
2026-03-08T17:00:00+00:00,hyperliquid,SOL/USDC:USDC,3272333.84,-2.27555e-05,81.4615
2026-03-08T18:00:00+00:00,hyperliquid,SOL/USDC:USDC,3238925.3000000003,-2.08361e-05,81.5685
2026-03-08T19:00:00+00:00,hyperliquid,SOL/USDC:USDC,3298335.9599999986,-3.63247e-05,81.4465
2026-03-08T20:00:00+00:00,hyperliquid,SOL/USDC:USDC,3350864.42,-2.96924e-05,82.3205
2026-03-08T21:00:00+00:00,hyperliquid,SOL/USDC:USDC,3334273.16,-3.5808e-05,82.2745
2026-03-08T22:00:00+00:00,hyperliquid,SOL/USDC:USDC,3318645.839999997,-2.81332e-05,81.5505
2026-03-08T23:00:00+00:00,hyperliquid,SOL/USDC:USDC,3212100.299999998,1.0764e-05,81.9785
2026-03-09T00:00:00+00:00,hyperliquid,SOL/USDC:USDC,3252835.120000001,-1.18649e-05,81.6315
2026-03-09T01:00:00+00:00,hyperliquid,SOL/USDC:USDC,3192964.020000017,8.8636e-06,82.2585
2026-03-09T02:00:00+00:00,hyperliquid,SOL/USDC:USDC,3215144.960000001,9.9274e-06,82.2195
2026-03-09T03:00:00+00:00,hyperliquid,SOL/USDC:USDC,3263491.2399999998,1.25e-05,83.1405
2026-03-09T04:00:00+00:00,hyperliquid,SOL/USDC:USDC,3255629.0599999996,1.18751e-05,83.2535
2026-03-09T05:00:00+00:00,hyperliquid,SOL/USDC:USDC,3231410.3600000013,1.25e-05,83.1405
2026-03-09T06:00:00+00:00,hyperliquid,SOL/USDC:USDC,3214621.879999999,1.25e-05,84.1705
2026-03-09T07:00:00+00:00,hyperliquid,SOL/USDC:USDC,3186929.339999998,-1.18519e-05,82.9435
2026-03-09T08:00:00+00:00,hyperliquid,SOL/USDC:USDC,3248729.060000002,-1.02209e-05,83.0945
2026-03-09T09:00:00+00:00,hyperliquid,SOL/USDC:USDC,3194482.28,1.25e-05,83.6105
2026-03-09T10:00:00+00:00,hyperliquid,SOL/USDC:USDC,3184844.179999999,-6.0088e-06,84.0625
2026-03-09T11:00:00+00:00,hyperliquid,SOL/USDC:USDC,3195442.6200000006,-1.32143e-05,83.7895
2026-03-09T12:00:00+00:00,hyperliquid,SOL/USDC:USDC,3172740.3000000017,-2.04987e-05,83.7135
2026-03-09T13:00:00+00:00,hyperliquid,SOL/USDC:USDC,3164438.000000001,-7.5251e-06,84.0815
2026-03-09T14:00:00+00:00,hyperliquid,SOL/USDC:USDC,3199545.4999999986,6.546e-07,85.3465
2026-03-09T15:00:00+00:00,hyperliquid,SOL/USDC:USDC,3265422.139999999,-1.23318e-05,85.2805
2026-03-09T16:00:00+00:00,hyperliquid,SOL/USDC:USDC,3265720.540000003,-1.40733e-05,84.9805
2026-03-09T17:00:00+00:00,hyperliquid,SOL/USDC:USDC,3252384.5400000014,-2.2879e-06,85.0255
2026-03-09T18:00:00+00:00,hyperliquid,SOL/USDC:USDC,3255981.6399999997,-7.3742e-06,84.823
2026-03-09T19:00:00+00:00,hyperliquid,SOL/USDC:USDC,3253169.799999999,1.3746e-06,85.2405
2026-03-09T20:00:00+00:00,hyperliquid,SOL/USDC:USDC,3170207.9399999995,3.6088e-06,86.1295
2026-03-09T21:00:00+00:00,hyperliquid,SOL/USDC:USDC,3162089.9399999985,4.832e-06,85.9995
2026-03-09T22:00:00+00:00,hyperliquid,SOL/USDC:USDC,3174453.6400000015,2.4668e-06,86.0125
2026-03-09T23:00:00+00:00,hyperliquid,SOL/USDC:USDC,3150489.2799999984,-5.0839e-06,85.6005
2026-03-10T00:00:00+00:00,hyperliquid,SOL/USDC:USDC,3138258.980000001,1.25e-05,84.8935
2026-03-10T01:00:00+00:00,hyperliquid,SOL/USDC:USDC,3149473.7800000003,1.25e-05,85.5985
2026-03-10T02:00:00+00:00,hyperliquid,SOL/USDC:USDC,3149488.460000003,1.17915e-05,85.7265
2026-03-10T03:00:00+00:00,hyperliquid,SOL/USDC:USDC,3091351.0400000005,1.25e-05,86.6625
2026-03-10T04:00:00+00:00,hyperliquid,SOL/USDC:USDC,3097019.0999999996,1.25e-05,85.6735
2026-03-10T05:00:00+00:00,hyperliquid,SOL/USDC:USDC,3102714.280000001,1.01917e-05,86.6695
2026-03-10T06:00:00+00:00,hyperliquid,SOL/USDC:USDC,3101867.54,6.2503e-06,86.2565
2026-03-10T07:00:00+00:00,hyperliquid,SOL/USDC:USDC,3101008.84,-8.527e-06,86.2725
2026-03-10T08:00:00+00:00,hyperliquid,SOL/USDC:USDC,3127107.86,1.25e-05,86.8775
2026-03-10T09:00:00+00:00,hyperliquid,SOL/USDC:USDC,3131444.24,-2.7701e-06,86.7245
2026-03-10T10:00:00+00:00,hyperliquid,SOL/USDC:USDC,3138286.579999998,-1.6757e-06,87.2795
2026-03-10T11:00:00+00:00,hyperliquid,SOL/USDC:USDC,3157766.4399999995,-4.664e-07,86.8485
2026-03-10T12:00:00+00:00,hyperliquid,SOL/USDC:USDC,3154829.0599999996,7.0363e-06,86.7625
2026-03-10T13:00:00+00:00,hyperliquid,SOL/USDC:USDC,3130928.6999999997,-4.9779e-06,86.6665
2026-03-10T14:00:00+00:00,hyperliquid,SOL/USDC:USDC,3159297.2400000016,-9.6689e-06,85.8455
2026-03-10T15:00:00+00:00,hyperliquid,SOL/USDC:USDC,3129568.5599999977,1.25e-05,88.3645
2026-03-10T16:00:00+00:00,hyperliquid,SOL/USDC:USDC,3241597.359999996,1.25e-05,88.3085
2026-03-10T17:00:00+00:00,hyperliquid,SOL/USDC:USDC,3237002.360000001,1.25e-05,88.5435
2026-03-10T18:00:00+00:00,hyperliquid,SOL/USDC:USDC,3183295.419999999,-1.34633e-05,87.8255
2026-03-10T19:00:00+00:00,hyperliquid,SOL/USDC:USDC,3147521.7199999983,-3.61988e-05,86.1255
2026-03-10T20:00:00+00:00,hyperliquid,SOL/USDC:USDC,3101995.359999998,-1.16565e-05,85.9745
2026-03-10T21:00:00+00:00,hyperliquid,SOL/USDC:USDC,3077809.199999998,-1.42119e-05,86.1525
2026-03-10T22:00:00+00:00,hyperliquid,SOL/USDC:USDC,3076413.44,-1.15372e-05,85.7375
2026-03-10T23:00:00+00:00,hyperliquid,SOL/USDC:USDC,3064616.7799999975,-9.7121e-06,85.5535
2026-03-11T00:00:00+00:00,hyperliquid,SOL/USDC:USDC,3061096.559999998,-2.4554e-05,85.6185
2026-03-11T01:00:00+00:00,hyperliquid,SOL/USDC:USDC,3043388.339999999,-1.94995e-05,86.1135
2026-03-11T02:00:00+00:00,hyperliquid,SOL/USDC:USDC,3061324.04,-8.4619e-06,86.0995
2026-03-11T03:00:00+00:00,hyperliquid,SOL/USDC:USDC,3097237.7799999975,-2.37235e-05,85.9335
2026-03-11T04:00:00+00:00,hyperliquid,SOL/USDC:USDC,3103789.899999999,-2.73012e-05,85.5455
2026-03-11T05:00:00+00:00,hyperliquid,SOL/USDC:USDC,3091117.6799999992,-1.87157e-05,86.815
2026-03-11T06:00:00+00:00,hyperliquid,SOL/USDC:USDC,3103687.78,-3.22209e-05,85.6635
2026-03-11T07:00:00+00:00,hyperliquid,SOL/USDC:USDC,3106057.7399999993,-1.93648e-05,85.9635
2026-03-11T08:00:00+00:00,hyperliquid,SOL/USDC:USDC,3103212.059999999,-1.23587e-05,85.4085
2026-03-11T09:00:00+00:00,hyperliquid,SOL/USDC:USDC,3119640.9600000014,-2.67052e-05,85.3665
2026-03-11T10:00:00+00:00,hyperliquid,SOL/USDC:USDC,3118818.0000000005,-2.32311e-05,84.8215
2026-03-11T11:00:00+00:00,hyperliquid,SOL/USDC:USDC,3143266.7600000002,-1.23072e-05,85.0225
2026-03-11T12:00:00+00:00,hyperliquid,SOL/USDC:USDC,3127294.5000000005,-2.08562e-05,84.5615
2026-03-11T13:00:00+00:00,hyperliquid,SOL/USDC:USDC,3124925.5,-2.78703e-05,85.0945
2026-03-11T14:00:00+00:00,hyperliquid,SOL/USDC:USDC,3125487.5000000005,-4.5645e-06,86.1375
2026-03-11T15:00:00+00:00,hyperliquid,SOL/USDC:USDC,3143614.260000001,3.702e-07,86.4215
2026-03-11T16:00:00+00:00,hyperliquid,SOL/USDC:USDC,3080410.0799999987,4.105e-06,85.5455
2026-03-11T17:00:00+00:00,hyperliquid,SOL/USDC:USDC,3083417.8000000007,2.491e-06,86.6745
2026-03-11T18:00:00+00:00,hyperliquid,SOL/USDC:USDC,3057706.6599999988,1.25e-05,87.2485
2026-03-11T19:00:00+00:00,hyperliquid,SOL/USDC:USDC,3097801.0199999986,-1.8112e-06,87.5475
2026-03-11T20:00:00+00:00,hyperliquid,SOL/USDC:USDC,3102381.7199999993,2.7789e-06,87.0695
2026-03-11T21:00:00+00:00,hyperliquid,SOL/USDC:USDC,3107785.219999999,4.3719e-06,87.3295
2026-03-11T22:00:00+00:00,hyperliquid,SOL/USDC:USDC,3135898.22,6.8739e-06,87.4835
2026-03-11T23:00:00+00:00,hyperliquid,SOL/USDC:USDC,3143438.46,5.4812e-06,87.1445
2026-03-12T00:00:00+00:00,hyperliquid,SOL/USDC:USDC,3159238.260000001,-1.86185e-05,86.4865
2026-03-12T01:00:00+00:00,hyperliquid,SOL/USDC:USDC,3146409.3200000008,-3.02079e-05,86.4935
2026-03-12T02:00:00+00:00,hyperliquid,SOL/USDC:USDC,3134970.3000000017,-3.50396e-05,85.9425
2026-03-12T03:00:00+00:00,hyperliquid,SOL/USDC:USDC,3122098.399999999,-2.58489e-05,85.2515
2026-03-12T04:00:00+00:00,hyperliquid,SOL/USDC:USDC,3153984.5199999996,-4.1188e-05,85.074
2026-03-12T05:00:00+00:00,hyperliquid,SOL/USDC:USDC,3173637.62,-4.74288e-05,85.0645
2026-03-12T06:00:00+00:00,hyperliquid,SOL/USDC:USDC,3180452.959999998,-3.62008e-05,84.9275
2026-03-12T07:00:00+00:00,hyperliquid,SOL/USDC:USDC,3178432.26,-1.05415e-05,85.4525
2026-03-12T08:00:00+00:00,hyperliquid,SOL/USDC:USDC,3161249.7200000007,2.1351e-06,85.8625
2026-03-12T09:00:00+00:00,hyperliquid,SOL/USDC:USDC,3169144.0599999987,7.0855e-06,85.8055
2026-03-12T10:00:00+00:00,hyperliquid,SOL/USDC:USDC,3164599.5599999996,3.1401e-06,86.2045
2026-03-12T11:00:00+00:00,hyperliquid,SOL/USDC:USDC,3158864.860000002,1.00858e-05,86.6785
2026-03-12T12:00:00+00:00,hyperliquid,SOL/USDC:USDC,3182810.2600000026,1.25e-05,86.6275
2026-03-12T13:00:00+00:00,hyperliquid,SOL/USDC:USDC,3181270.1799999974,4.7785e-06,87.2205
2026-03-12T14:00:00+00:00,hyperliquid,SOL/USDC:USDC,3180321.7599999965,1.25e-05,87.1985
2026-03-12T15:00:00+00:00,hyperliquid,SOL/USDC:USDC,3168665.5600000005,-2.10183e-05,85.4925
2026-03-12T16:00:00+00:00,hyperliquid,SOL/USDC:USDC,3105961.1199999996,1.905e-07,85.894
2026-03-12T17:00:00+00:00,hyperliquid,SOL/USDC:USDC,3095846.180000001,1.4402e-06,86.6625
2026-03-12T18:00:00+00:00,hyperliquid,SOL/USDC:USDC,3094836.0799999996,5.6331e-06,86.5745
2026-03-12T19:00:00+00:00,hyperliquid,SOL/USDC:USDC,3105031.08,-1.2407e-06,85.8105
2026-03-12T20:00:00+00:00,hyperliquid,SOL/USDC:USDC,3139876.9200000023,-6.7392e-06,86.7005
2026-03-12T21:00:00+00:00,hyperliquid,SOL/USDC:USDC,3120569.180000001,5.8283e-06,86.4885
2026-03-12T22:00:00+00:00,hyperliquid,SOL/USDC:USDC,3113390.58,3.5085e-06,86.5245
2026-03-12T23:00:00+00:00,hyperliquid,SOL/USDC:USDC,3119251.0600000005,-2.3107e-06,86.3825
2026-03-13T00:00:00+00:00,hyperliquid,SOL/USDC:USDC,3134568.9400000023,2.2412e-06,86.7305
2026-03-13T01:00:00+00:00,hyperliquid,SOL/USDC:USDC,3063745.4200000013,1.25e-05,90.0235
2026-03-13T02:00:00+00:00,hyperliquid,SOL/USDC:USDC,3118110.8,1.23043e-05,90.2625
2026-03-13T03:00:00+00:00,hyperliquid,SOL/USDC:USDC,3128156.5000000023,1.25e-05,89.2125
2026-03-13T04:00:00+00:00,hyperliquid,SOL/USDC:USDC,3137594.76,1.25e-05,89.6545
2026-03-13T05:00:00+00:00,hyperliquid,SOL/USDC:USDC,3126720.699999998,-2.277e-06,89.2285
2026-03-13T06:00:00+00:00,hyperliquid,SOL/USDC:USDC,3116638.539999999,-1.13826e-05,88.8755
2026-03-13T07:00:00+00:00,hyperliquid,SOL/USDC:USDC,3122406.5799999987,-5.3408e-06,88.5025
2026-03-13T08:00:00+00:00,hyperliquid,SOL/USDC:USDC,3176723.279999996,1.7196e-06,88.4755
2026-03-13T09:00:00+00:00,hyperliquid,SOL/USDC:USDC,3169463.3399999966,5.368e-06,89.3115
2026-03-13T10:00:00+00:00,hyperliquid,SOL/USDC:USDC,3214490.8999999976,1.25e-05,89.6495
2026-03-13T11:00:00+00:00,hyperliquid,SOL/USDC:USDC,3145448.979999998,7.7378e-06,90.2485
2026-03-13T12:00:00+00:00,hyperliquid,SOL/USDC:USDC,3123408.3399999975,1.25e-05,90.4845
2026-03-13T13:00:00+00:00,hyperliquid,SOL/USDC:USDC,3137571.079999996,9.36e-06,91.0675
2026-03-13T14:00:00+00:00,hyperliquid,SOL/USDC:USDC,3159424.939999999,1.25e-05,92.0695
2026-03-13T15:00:00+00:00,hyperliquid,SOL/USDC:USDC,3174491.6999999983,1.25e-05,90.4495
2026-03-13T16:00:00+00:00,hyperliquid,SOL/USDC:USDC,3143677.439999999,6.1217e-06,89.5925
2026-03-13T17:00:00+00:00,hyperliquid,SOL/USDC:USDC,3141818.7999999993,-2.9468e-06,89.5495
2026-03-13T18:00:00+00:00,hyperliquid,SOL/USDC:USDC,3139814.1199999982,-7.5466e-06,88.7545
2026-03-13T19:00:00+00:00,hyperliquid,SOL/USDC:USDC,3121264.599999998,-1.78382e-05,88.7605
2026-03-13T20:00:00+00:00,hyperliquid,SOL/USDC:USDC,3148087.0799999996,-2.40355e-05,88.7915
2026-03-13T21:00:00+00:00,hyperliquid,SOL/USDC:USDC,3155645.1,-1.30141e-05,89.0485
2026-03-13T22:00:00+00:00,hyperliquid,SOL/USDC:USDC,3161307.579999997,-1.9331e-05,88.2815
2026-03-13T23:00:00+00:00,hyperliquid,SOL/USDC:USDC,3162298.0999999973,-2.1273e-05,87.8285
2026-03-14T00:00:00+00:00,hyperliquid,SOL/USDC:USDC,3211571.2399999998,-2.01837e-05,88.0445
2026-03-14T01:00:00+00:00,hyperliquid,SOL/USDC:USDC,3192635.719999999,-1.40882e-05,88.0055
2026-03-14T02:00:00+00:00,hyperliquid,SOL/USDC:USDC,3198685.1399999955,-2.29163e-05,88.1495
2026-03-14T03:00:00+00:00,hyperliquid,SOL/USDC:USDC,3201834.419999997,-2.13173e-05,88.1985
2026-03-14T04:00:00+00:00,hyperliquid,SOL/USDC:USDC,3199731.1999999993,-2.7347e-05,88.3495
2026-03-14T05:00:00+00:00,hyperliquid,SOL/USDC:USDC,3190567.519999999,-1.52265e-05,88.1775
2026-03-14T06:00:00+00:00,hyperliquid,SOL/USDC:USDC,3182955.7399999984,-1.41641e-05,87.9895
2026-03-14T07:00:00+00:00,hyperliquid,SOL/USDC:USDC,3178984.2999999993,-3.3015e-05,87.2415
2026-03-14T08:00:00+00:00,hyperliquid,SOL/USDC:USDC,3183973.419999999,-3.13824e-05,87.2505
2026-03-14T09:00:00+00:00,hyperliquid,SOL/USDC:USDC,3186768.1399999973,-1.83395e-05,87.0935
2026-03-14T10:00:00+00:00,hyperliquid,SOL/USDC:USDC,3184114.499999997,-4.29562e-05,86.7965
2026-03-14T11:00:00+00:00,hyperliquid,SOL/USDC:USDC,3208813.4600000004,-4.0262e-05,86.5795
2026-03-14T12:00:00+00:00,hyperliquid,SOL/USDC:USDC,3242487.800000001,-2.11633e-05,86.8845
2026-03-14T13:00:00+00:00,hyperliquid,SOL/USDC:USDC,3247689.14,-2.39168e-05,87.0165
2026-03-14T14:00:00+00:00,hyperliquid,SOL/USDC:USDC,3230472.9999999986,-1.77446e-05,87.058
2026-03-14T15:00:00+00:00,hyperliquid,SOL/USDC:USDC,3190646.08,-3.03173e-05,86.6635
2026-03-14T16:00:00+00:00,hyperliquid,SOL/USDC:USDC,3180429.32,-6.2282e-06,86.6595
2026-03-14T17:00:00+00:00,hyperliquid,SOL/USDC:USDC,3172046.3000000007,-1.16206e-05,86.9695
2026-03-14T18:00:00+00:00,hyperliquid,SOL/USDC:USDC,3176866.98,-1.30952e-05,86.7895
2026-03-14T19:00:00+00:00,hyperliquid,SOL/USDC:USDC,3181195.9799999977,-2.26384e-05,86.8655
2026-03-14T20:00:00+00:00,hyperliquid,SOL/USDC:USDC,3200820.9199999985,-2.8615e-05,86.8995
2026-03-14T21:00:00+00:00,hyperliquid,SOL/USDC:USDC,3210350.319999999,-9.2633e-06,86.9705
2026-03-14T22:00:00+00:00,hyperliquid,SOL/USDC:USDC,3197917.26,-1.47459e-05,87.2315
2026-03-14T23:00:00+00:00,hyperliquid,SOL/USDC:USDC,3215708.74,-2.07679e-05,87.4705
2026-03-15T00:00:00+00:00,hyperliquid,SOL/USDC:USDC,3212937.040000001,-7.0342e-06,87.8605
2026-03-15T01:00:00+00:00,hyperliquid,SOL/USDC:USDC,3221126.82,-9.8269e-06,87.7475
2026-03-15T02:00:00+00:00,hyperliquid,SOL/USDC:USDC,3199468.5999999987,-6.2165e-06,88.0075
2026-03-15T03:00:00+00:00,hyperliquid,SOL/USDC:USDC,3208848.240000001,-7.5109e-06,88.2875
2026-03-15T04:00:00+00:00,hyperliquid,SOL/USDC:USDC,3213855.5800000005,-1.42026e-05,87.8565
2026-03-15T05:00:00+00:00,hyperliquid,SOL/USDC:USDC,3209943.6599999997,2.2567e-06,88.2175
2026-03-15T06:00:00+00:00,hyperliquid,SOL/USDC:USDC,3247815.0599999987,-2.12461e-05,88.2785
2026-03-15T07:00:00+00:00,hyperliquid,SOL/USDC:USDC,3229433.000000001,6.0787e-06,88.3185
2026-03-15T08:00:00+00:00,hyperliquid,SOL/USDC:USDC,3218686.6000000006,1.25e-05,88.1515
2026-03-15T09:00:00+00:00,hyperliquid,SOL/USDC:USDC,3190376.0400000014,1.12983e-05,88.6695
2026-03-15T10:00:00+00:00,hyperliquid,SOL/USDC:USDC,3197661.1599999988,6.0718e-06,88.5175
2026-03-15T11:00:00+00:00,hyperliquid,SOL/USDC:USDC,3188767.480000001,3.2962e-06,88.4025
2026-03-15T12:00:00+00:00,hyperliquid,SOL/USDC:USDC,3195124.6000000006,1.174e-07,88.3615
2026-03-15T13:00:00+00:00,hyperliquid,SOL/USDC:USDC,3201070.1800000006,-2.89e-07,88.3055
2026-03-15T14:00:00+00:00,hyperliquid,SOL/USDC:USDC,3186607.2599999993,-6.0526e-06,87.6585
2026-03-15T15:00:00+00:00,hyperliquid,SOL/USDC:USDC,3172702.5599999987,5.6176e-06,87.9595
2026-03-15T16:00:00+00:00,hyperliquid,SOL/USDC:USDC,3187534.660000001,-1.13328e-05,87.7785
2026-03-15T17:00:00+00:00,hyperliquid,SOL/USDC:USDC,3182228.120000001,-1.18649e-05,87.5005
2026-03-15T18:00:00+00:00,hyperliquid,SOL/USDC:USDC,3175281.079999999,2.5562e-06,88.3945
2026-03-15T19:00:00+00:00,hyperliquid,SOL/USDC:USDC,3188498.2599999993,-1.03216e-05,87.8875
2026-03-15T20:00:00+00:00,hyperliquid,SOL/USDC:USDC,3200475.9799999986,1.5684e-06,88.068
2026-03-15T21:00:00+00:00,hyperliquid,SOL/USDC:USDC,3180222.1999999983,-6.66e-06,88.7285
2026-03-15T22:00:00+00:00,hyperliquid,SOL/USDC:USDC,3133008.619999997,1.25e-05,90.2645
2026-03-15T23:00:00+00:00,hyperliquid,SOL/USDC:USDC,3158569.639999997,1.25e-05,92.789
2026-03-16T00:00:00+00:00,hyperliquid,SOL/USDC:USDC,3104576.659999999,1.25e-05,92.7735
2026-03-16T01:00:00+00:00,hyperliquid,SOL/USDC:USDC,3158098.4599999986,5.1335e-06,91.9185
2026-03-16T02:00:00+00:00,hyperliquid,SOL/USDC:USDC,3181286.5600000005,1.25e-05,92.0815
2026-03-16T03:00:00+00:00,hyperliquid,SOL/USDC:USDC,3226746.6199999987,-7.2862e-06,91.3535
2026-03-16T04:00:00+00:00,hyperliquid,SOL/USDC:USDC,3240829.6199999973,1.15159e-05,93.3295
2026-03-16T05:00:00+00:00,hyperliquid,SOL/USDC:USDC,3257207.1000000006,4.3975e-06,93.465
2026-03-16T06:00:00+00:00,hyperliquid,SOL/USDC:USDC,3308561.1600000006,1.25e-05,93.7405
2026-03-16T07:00:00+00:00,hyperliquid,SOL/USDC:USDC,3317739.92,8.249e-06,93.5325
2026-03-16T08:00:00+00:00,hyperliquid,SOL/USDC:USDC,3328785.7199999983,4.8151e-06,93.8335
2026-03-16T09:00:00+00:00,hyperliquid,SOL/USDC:USDC,3334972.999999998,4.516e-06,92.8265
2026-03-16T10:00:00+00:00,hyperliquid,SOL/USDC:USDC,3301914.579999997,1.25e-05,93.352
2026-03-16T11:00:00+00:00,hyperliquid,SOL/USDC:USDC,3279284.699999999,8.6897e-06,93.8425
2026-03-16T12:00:00+00:00,hyperliquid,SOL/USDC:USDC,3290951.339999998,6.6956e-06,93.7735
2026-03-16T13:00:00+00:00,hyperliquid,SOL/USDC:USDC,3309520.719999998,5.4839e-06,93.8245
2026-03-16T14:00:00+00:00,hyperliquid,SOL/USDC:USDC,3366338.019999999,-6.0384e-06,93.8875
2026-03-16T15:00:00+00:00,hyperliquid,SOL/USDC:USDC,3364121.659999999,-1.94985e-05,93.4115
2026-03-16T16:00:00+00:00,hyperliquid,SOL/USDC:USDC,3421464.0999999996,-2.82507e-05,93.0865
2026-03-16T17:00:00+00:00,hyperliquid,SOL/USDC:USDC,3415423.260000001,-3.01741e-05,93.9645
2026-03-16T18:00:00+00:00,hyperliquid,SOL/USDC:USDC,3432662.539999999,-2.7407e-06,94.063
2026-03-16T19:00:00+00:00,hyperliquid,SOL/USDC:USDC,3449804.38,-3.5589e-06,94.4285
2026-03-16T20:00:00+00:00,hyperliquid,SOL/USDC:USDC,3483762.0399999986,1.25e-05,95.1045
2026-03-16T21:00:00+00:00,hyperliquid,SOL/USDC:USDC,3415098.200000002,6.255e-07,95.9125
2026-03-16T22:00:00+00:00,hyperliquid,SOL/USDC:USDC,3379439.600000003,-1.1653e-06,96.3235
2026-03-16T23:00:00+00:00,hyperliquid,SOL/USDC:USDC,3378676.079999999,-3.7273e-06,95.8005
2026-03-17T00:00:00+00:00,hyperliquid,SOL/USDC:USDC,3384537.2400000007,-1.54155e-05,95.7065
2026-03-17T01:00:00+00:00,hyperliquid,SOL/USDC:USDC,3378702.019999999,7.0619e-06,95.3875
2026-03-17T02:00:00+00:00,hyperliquid,SOL/USDC:USDC,3363616.8199999994,-1.22855e-05,95.6495
2026-03-17T03:00:00+00:00,hyperliquid,SOL/USDC:USDC,3404458.059999998,-2.6085e-05,95.0635
2026-03-17T04:00:00+00:00,hyperliquid,SOL/USDC:USDC,3387137.9799999995,-8.376e-06,94.1705
2026-03-17T05:00:00+00:00,hyperliquid,SOL/USDC:USDC,3351884.4599999986,-2.33944e-05,93.5295
2026-03-17T06:00:00+00:00,hyperliquid,SOL/USDC:USDC,3333259.84,-7.8096e-06,93.6295
2026-03-17T07:00:00+00:00,hyperliquid,SOL/USDC:USDC,3395872.5600000005,-1.90505e-05,94.0155
2026-03-17T08:00:00+00:00,hyperliquid,SOL/USDC:USDC,3355318.2800000017,6.2774e-06,94.7325
2026-03-17T09:00:00+00:00,hyperliquid,SOL/USDC:USDC,3343107.38,-2.4364e-06,94.3655
2026-03-17T10:00:00+00:00,hyperliquid,SOL/USDC:USDC,3356113.419999999,-1.05863e-05,93.5225
2026-03-17T11:00:00+00:00,hyperliquid,SOL/USDC:USDC,3328960.7399999998,-5.8173e-06,93.6945
2026-03-17T12:00:00+00:00,hyperliquid,SOL/USDC:USDC,3333762.64,-1.11864e-05,93.7075
2026-03-17T13:00:00+00:00,hyperliquid,SOL/USDC:USDC,3341542.2399999998,-7.8853e-06,93.5815
2026-03-17T14:00:00+00:00,hyperliquid,SOL/USDC:USDC,3367971.199999999,1.8519e-06,93.7365
2026-03-17T15:00:00+00:00,hyperliquid,SOL/USDC:USDC,3360788.2200000025,1.25e-05,94.4345
2026-03-17T16:00:00+00:00,hyperliquid,SOL/USDC:USDC,3376244.739999999,-1.44442e-05,93.8125
2026-03-17T17:00:00+00:00,hyperliquid,SOL/USDC:USDC,3334857.88,-6.4171e-06,94.5525
2026-03-17T18:00:00+00:00,hyperliquid,SOL/USDC:USDC,3311821.3599999985,-2.6012e-06,95.0945
2026-03-17T19:00:00+00:00,hyperliquid,SOL/USDC:USDC,3302517.5,-6.6731e-06,94.589
2026-03-17T20:00:00+00:00,hyperliquid,SOL/USDC:USDC,3301027.5999999996,-1.38247e-05,94.4265
2026-03-17T21:00:00+00:00,hyperliquid,SOL/USDC:USDC,3292307.4600000004,-1.21847e-05,94.9665
2026-03-17T22:00:00+00:00,hyperliquid,SOL/USDC:USDC,3342574.42,1.25e-05,95.4615
2026-03-17T23:00:00+00:00,hyperliquid,SOL/USDC:USDC,3285392.1399999997,-1.01248e-05,95.1995
2026-03-18T00:00:00+00:00,hyperliquid,SOL/USDC:USDC,3314556.319999996,-1.81363e-05,94.6205
2026-03-18T01:00:00+00:00,hyperliquid,SOL/USDC:USDC,3308736.5599999996,-3.3413e-06,94.7065
2026-03-18T02:00:00+00:00,hyperliquid,SOL/USDC:USDC,3316150.8199999994,-2.9214e-06,94.4085
2026-03-18T03:00:00+00:00,hyperliquid,SOL/USDC:USDC,3274966.4199999985,-1.04627e-05,94.9675
2026-03-18T04:00:00+00:00,hyperliquid,SOL/USDC:USDC,3270589.46,8.3659e-06,94.9645
2026-03-18T05:00:00+00:00,hyperliquid,SOL/USDC:USDC,3282565.5199999986,-2.02421e-05,94.1775
2026-03-18T06:00:00+00:00,hyperliquid,SOL/USDC:USDC,3316722.1599999983,-2.75253e-05,93.9675
2026-03-18T07:00:00+00:00,hyperliquid,SOL/USDC:USDC,3292007.6400000015,-1.86489e-05,94.2165
2026-03-18T08:00:00+00:00,hyperliquid,SOL/USDC:USDC,3292401.2199999997,2.2475e-06,94.0705
2026-03-18T09:00:00+00:00,hyperliquid,SOL/USDC:USDC,3301702.2600000007,-1.10399e-05,93.9125
2026-03-18T10:00:00+00:00,hyperliquid,SOL/USDC:USDC,3303398.559999999,-2.32605e-05,94.1845
2026-03-18T11:00:00+00:00,hyperliquid,SOL/USDC:USDC,3402920.8999999994,-2.6766e-05,93.6855
2026-03-18T12:00:00+00:00,hyperliquid,SOL/USDC:USDC,3357009.3399999994,-2.83186e-05,91.7265
2026-03-18T13:00:00+00:00,hyperliquid,SOL/USDC:USDC,3378999.599999998,-2.03627e-05,89.9225
2026-03-18T14:00:00+00:00,hyperliquid,SOL/USDC:USDC,3433344.539999992,-4.25533e-05,90.0765
2026-03-18T15:00:00+00:00,hyperliquid,SOL/USDC:USDC,3513681.8799999994,-2.8603e-06,89.0015
2026-03-18T16:00:00+00:00,hyperliquid,SOL/USDC:USDC,3481381.2800000017,-7.2735e-06,88.9365
2026-03-18T17:00:00+00:00,hyperliquid,SOL/USDC:USDC,3491857.459999999,-1.17268e-05,88.8325
2026-03-18T18:00:00+00:00,hyperliquid,SOL/USDC:USDC,3528785.3599999985,1.3488e-06,90.7265
2026-03-18T19:00:00+00:00,hyperliquid,SOL/USDC:USDC,3534418.6600000006,-1.70503e-05,89.7625
2026-03-18T20:00:00+00:00,hyperliquid,SOL/USDC:USDC,3530255.18,-8.0957e-06,89.6945
2026-03-18T21:00:00+00:00,hyperliquid,SOL/USDC:USDC,3581174.080000002,3.6298e-06,90.3195
2026-03-18T22:00:00+00:00,hyperliquid,SOL/USDC:USDC,3488631.5999999996,-1.7181e-06,90.2175
2026-03-18T23:00:00+00:00,hyperliquid,SOL/USDC:USDC,3466353.7600000016,-5.214e-06,90.0055
2026-03-19T00:00:00+00:00,hyperliquid,SOL/USDC:USDC,3469933.9,2.4454e-06,89.7935
2026-03-19T01:00:00+00:00,hyperliquid,SOL/USDC:USDC,3465844.259999999,-1.63528e-05,90.1405
2026-03-19T02:00:00+00:00,hyperliquid,SOL/USDC:USDC,3472332.6,-4.2107e-06,90.2115
2026-03-19T03:00:00+00:00,hyperliquid,SOL/USDC:USDC,3501210.160000001,-1.83404e-05,89.9165
2026-03-19T04:00:00+00:00,hyperliquid,SOL/USDC:USDC,3387932.359999999,-2.8787e-06,90.0495
2026-03-19T05:00:00+00:00,hyperliquid,SOL/USDC:USDC,3390195.979999999,-1.81351e-05,89.8045
2026-03-19T06:00:00+00:00,hyperliquid,SOL/USDC:USDC,3420696.0599999973,-3.43432e-05,89.6235
2026-03-19T07:00:00+00:00,hyperliquid,SOL/USDC:USDC,3495941.1399999997,-2.81758e-05,89.8985
2026-03-19T08:00:00+00:00,hyperliquid,SOL/USDC:USDC,3504794.0199999986,-1.26473e-05,89.535
2026-03-19T09:00:00+00:00,hyperliquid,SOL/USDC:USDC,3506954.840000001,-3.8356e-06,89.4735
2026-03-19T10:00:00+00:00,hyperliquid,SOL/USDC:USDC,3453720.9599999967,4.0771e-06,90.0795
2026-03-19T11:00:00+00:00,hyperliquid,SOL/USDC:USDC,3443767.8799999966,-7.411e-07,89.7455
2026-03-19T12:00:00+00:00,hyperliquid,SOL/USDC:USDC,3521899.7800000003,-1.73095e-05,89.3615
2026-03-19T13:00:00+00:00,hyperliquid,SOL/USDC:USDC,3629327.759999996,-1.57264e-05,87.8055
2026-03-19T14:00:00+00:00,hyperliquid,SOL/USDC:USDC,3597841.300000001,4.5996e-06,88.4865
2026-03-19T15:00:00+00:00,hyperliquid,SOL/USDC:USDC,3665027.6999999993,-4.4146e-06,88.1755
2026-03-19T16:00:00+00:00,hyperliquid,SOL/USDC:USDC,3596331.279999997,5.6353e-06,87.4095
2026-03-19T17:00:00+00:00,hyperliquid,SOL/USDC:USDC,3553699.7400000007,9.9867e-06,87.6085
2026-03-19T18:00:00+00:00,hyperliquid,SOL/USDC:USDC,3469594.58,1.18427e-05,88.0895
2026-03-19T19:00:00+00:00,hyperliquid,SOL/USDC:USDC,3478268.6599999983,5.6598e-06,88.3865
2026-03-19T20:00:00+00:00,hyperliquid,SOL/USDC:USDC,3491034.299999998,-2.1843e-06,88.8335
2026-03-19T21:00:00+00:00,hyperliquid,SOL/USDC:USDC,3476964.859999997,7.0618e-06,89.1195
2026-03-19T22:00:00+00:00,hyperliquid,SOL/USDC:USDC,3463748.4800000023,1.24333e-05,89.0735
2026-03-19T23:00:00+00:00,hyperliquid,SOL/USDC:USDC,3414719.5600000005,4.0595e-06,89.0065
2026-03-20T00:00:00+00:00,hyperliquid,SOL/USDC:USDC,3398543.539999999,1.17938e-05,88.8715
2026-03-20T01:00:00+00:00,hyperliquid,SOL/USDC:USDC,3311073.420000001,1.25e-05,89.6535
2026-03-20T02:00:00+00:00,hyperliquid,SOL/USDC:USDC,3298915.1799999997,6.15e-06,89.4525
2026-03-20T03:00:00+00:00,hyperliquid,SOL/USDC:USDC,3296792.179999998,-2.0016e-06,89.2225
2026-03-20T04:00:00+00:00,hyperliquid,SOL/USDC:USDC,3294084.059999999,2.2462e-06,89.5065
2026-03-20T05:00:00+00:00,hyperliquid,SOL/USDC:USDC,3288686.8800000013,-9.6692e-06,89.1915
2026-03-20T06:00:00+00:00,hyperliquid,SOL/USDC:USDC,3290489.560000004,-4.7966e-06,89.278
2026-03-20T07:00:00+00:00,hyperliquid,SOL/USDC:USDC,3295235.119999998,-1.06209e-05,88.5105
2026-03-20T08:00:00+00:00,hyperliquid,SOL/USDC:USDC,3359571.239999998,-1.70827e-05,89.3445
2026-03-20T09:00:00+00:00,hyperliquid,SOL/USDC:USDC,3444057.860000001,-2.42523e-05,89.4805
2026-03-20T10:00:00+00:00,hyperliquid,SOL/USDC:USDC,3439252.4199999985,-3.7591e-05,88.8875
2026-03-20T11:00:00+00:00,hyperliquid,SOL/USDC:USDC,3479745.7399999998,-4.5645e-05,89.2595
2026-03-20T12:00:00+00:00,hyperliquid,SOL/USDC:USDC,3470613.5000000023,-2.82257e-05,89.1145
2026-03-20T13:00:00+00:00,hyperliquid,SOL/USDC:USDC,3479989.7000000007,-3.71663e-05,89.1655
2026-03-20T14:00:00+00:00,hyperliquid,SOL/USDC:USDC,3504365.519999998,-3.6289e-05,88.6525
2026-03-20T15:00:00+00:00,hyperliquid,SOL/USDC:USDC,3540845.459999998,-1.62487e-05,88.9305
2026-03-20T16:00:00+00:00,hyperliquid,SOL/USDC:USDC,3529737.2799999993,-4.263e-06,88.9465
2026-03-20T17:00:00+00:00,hyperliquid,SOL/USDC:USDC,3527086.92,4.17e-07,88.9265
2026-03-20T18:00:00+00:00,hyperliquid,SOL/USDC:USDC,3511350.6999999983,-1.47429e-05,88.8415
2026-03-20T19:00:00+00:00,hyperliquid,SOL/USDC:USDC,3515498.3599999975,-1.56776e-05,88.6675
2026-03-20T20:00:00+00:00,hyperliquid,SOL/USDC:USDC,3503473.779999999,-4.4738e-06,89.0295
2026-03-20T21:00:00+00:00,hyperliquid,SOL/USDC:USDC,3488597.520000001,-7.8141e-06,88.9165
2026-03-20T22:00:00+00:00,hyperliquid,SOL/USDC:USDC,3499015.5800000005,4.7982e-06,89.7245
2026-03-20T23:00:00+00:00,hyperliquid,SOL/USDC:USDC,3523305.7199999997,1.25e-05,90.042
2026-03-21T00:00:00+00:00,hyperliquid,SOL/USDC:USDC,3501121.54,5.3133e-06,89.8995
2026-03-21T01:00:00+00:00,hyperliquid,SOL/USDC:USDC,3508968.22,2.416e-07,90.0155
2026-03-21T02:00:00+00:00,hyperliquid,SOL/USDC:USDC,3510310.1999999993,-3.624e-07,89.7995
2026-03-21T03:00:00+00:00,hyperliquid,SOL/USDC:USDC,3584919.68,1.11486e-05,90.3015
2026-03-21T04:00:00+00:00,hyperliquid,SOL/USDC:USDC,3557096.5600000024,1.09084e-05,90.653
2026-03-21T05:00:00+00:00,hyperliquid,SOL/USDC:USDC,3552763.180000004,1.64e-06,90.3895
2026-03-21T06:00:00+00:00,hyperliquid,SOL/USDC:USDC,3555130.1399999987,4.5701e-06,90.0755
2026-03-21T07:00:00+00:00,hyperliquid,SOL/USDC:USDC,3551940.7599999984,-7.936e-07,90.1575
2026-03-21T08:00:00+00:00,hyperliquid,SOL/USDC:USDC,3564643.5199999996,-4.824e-06,90.0495
2026-03-21T09:00:00+00:00,hyperliquid,SOL/USDC:USDC,3565820.2600000002,2.0026e-06,90.0035
2026-03-21T10:00:00+00:00,hyperliquid,SOL/USDC:USDC,3578383.5999999996,-3.6328e-06,90.1255
2026-03-21T11:00:00+00:00,hyperliquid,SOL/USDC:USDC,3568981.14,-7.9151e-06,89.8985
2026-03-21T12:00:00+00:00,hyperliquid,SOL/USDC:USDC,3568674.8999999985,3.9096e-06,89.9505
2026-03-21T13:00:00+00:00,hyperliquid,SOL/USDC:USDC,3572614.52,-1.29633e-05,90.0965
2026-03-21T14:00:00+00:00,hyperliquid,SOL/USDC:USDC,3572937.08,-1.01742e-05,89.9805
2026-03-21T15:00:00+00:00,hyperliquid,SOL/USDC:USDC,3567289.3399999994,-1.12796e-05,89.5785
2026-03-21T16:00:00+00:00,hyperliquid,SOL/USDC:USDC,3547681.2600000002,-1.51836e-05,89.7725
2026-03-21T17:00:00+00:00,hyperliquid,SOL/USDC:USDC,3541843.2799999993,-2.47946e-05,89.6075
2026-03-21T18:00:00+00:00,hyperliquid,SOL/USDC:USDC,3535651.94,-1.44376e-05,89.5625
2026-03-21T19:00:00+00:00,hyperliquid,SOL/USDC:USDC,3534937.0599999996,-8.2766e-06,89.7995
2026-03-21T20:00:00+00:00,hyperliquid,SOL/USDC:USDC,3534060.66,-1.53865e-05,89.8055
2026-03-21T21:00:00+00:00,hyperliquid,SOL/USDC:USDC,3547133.579999998,-1.47159e-05,90.0635
2026-03-21T22:00:00+00:00,hyperliquid,SOL/USDC:USDC,3543162.639999999,-2.3624e-05,89.8135
2026-03-21T23:00:00+00:00,hyperliquid,SOL/USDC:USDC,3548714.26,-1.74717e-05,89.7415
2026-03-22T00:00:00+00:00,hyperliquid,SOL/USDC:USDC,3482991.940000002,-2.46144e-05,86.3915
2026-03-22T01:00:00+00:00,hyperliquid,SOL/USDC:USDC,3470622.3400000012,-2.54279e-05,87.537
2026-03-22T02:00:00+00:00,hyperliquid,SOL/USDC:USDC,3481563.4800000014,-2.40906e-05,87.5425
2026-03-22T03:00:00+00:00,hyperliquid,SOL/USDC:USDC,3502125.56,-1.93159e-05,87.9005
2026-03-22T04:00:00+00:00,hyperliquid,SOL/USDC:USDC,3436096.299999999,-2.64694e-05,88.6855
2026-03-22T05:00:00+00:00,hyperliquid,SOL/USDC:USDC,3446118.7800000007,-3.28191e-05,88.8235
2026-03-22T06:00:00+00:00,hyperliquid,SOL/USDC:USDC,3445378.9200000004,-3.91906e-05,88.2925
2026-03-22T07:00:00+00:00,hyperliquid,SOL/USDC:USDC,3472957.6,-2.73606e-05,88.2095
2026-03-22T08:00:00+00:00,hyperliquid,SOL/USDC:USDC,3456996.140000001,-2.71419e-05,87.4075
2026-03-22T09:00:00+00:00,hyperliquid,SOL/USDC:USDC,3605875.0599999996,-3.45521e-05,87.3305
2026-03-22T10:00:00+00:00,hyperliquid,SOL/USDC:USDC,3602042.04,-4.00972e-05,87.2695
2026-03-22T11:00:00+00:00,hyperliquid,SOL/USDC:USDC,3619190.8399999994,-4.30312e-05,87.2455
2026-03-22T12:00:00+00:00,hyperliquid,SOL/USDC:USDC,3640910.139999999,-4.67423e-05,86.875
2026-03-22T13:00:00+00:00,hyperliquid,SOL/USDC:USDC,3705279.3000000007,-4.84512e-05,87.3035
2026-03-22T14:00:00+00:00,hyperliquid,SOL/USDC:USDC,3747599.68,-4.84285e-05,87.1525
2026-03-22T15:00:00+00:00,hyperliquid,SOL/USDC:USDC,3741585.039999999,-3.06317e-05,87.2005
2026-03-22T16:00:00+00:00,hyperliquid,SOL/USDC:USDC,3748415.7999999993,-1.94784e-05,87.4515
2026-03-22T17:00:00+00:00,hyperliquid,SOL/USDC:USDC,3744391.420000001,-1.8557e-05,87.3725
2026-03-22T18:00:00+00:00,hyperliquid,SOL/USDC:USDC,3744116.3599999985,-2.37889e-05,87.0765
2026-03-22T19:00:00+00:00,hyperliquid,SOL/USDC:USDC,3714699.1600000025,-1.69304e-05,86.8785
2026-03-22T20:00:00+00:00,hyperliquid,SOL/USDC:USDC,3718117.6200000024,-1.02013e-05,86.9775
2026-03-22T21:00:00+00:00,hyperliquid,SOL/USDC:USDC,3734815.5800000005,-8.0866e-06,86.5415
2026-03-22T22:00:00+00:00,hyperliquid,SOL/USDC:USDC,3683326.2999999984,-2.25242e-05,85.6235
2026-03-22T23:00:00+00:00,hyperliquid,SOL/USDC:USDC,3621162.080000003,5.5909e-06,86.7655
2026-03-23T00:00:00+00:00,hyperliquid,SOL/USDC:USDC,3559703.880000002,-4.9791e-06,86.1785
2026-03-23T01:00:00+00:00,hyperliquid,SOL/USDC:USDC,3589603.6000000006,-2.5957e-05,85.7325
2026-03-23T02:00:00+00:00,hyperliquid,SOL/USDC:USDC,3597548.3399999985,-2.23006e-05,86.0565
2026-03-23T03:00:00+00:00,hyperliquid,SOL/USDC:USDC,3582685.1800000095,1.25e-05,87.1285
2026-03-23T04:00:00+00:00,hyperliquid,SOL/USDC:USDC,3584567.24,7.9871e-06,86.3765
2026-03-23T05:00:00+00:00,hyperliquid,SOL/USDC:USDC,3556490.5000000023,1.25e-05,86.998
2026-03-23T06:00:00+00:00,hyperliquid,SOL/USDC:USDC,3542473.4799999977,2.4458e-06,86.8895
2026-03-23T07:00:00+00:00,hyperliquid,SOL/USDC:USDC,3525891.539999998,-6.8179e-06,85.5505
2026-03-23T08:00:00+00:00,hyperliquid,SOL/USDC:USDC,3619311.400000001,-3.48681e-05,85.9995
2026-03-23T09:00:00+00:00,hyperliquid,SOL/USDC:USDC,3693227.9799999986,-2.83456e-05,85.8325
2026-03-23T10:00:00+00:00,hyperliquid,SOL/USDC:USDC,3707850.8799999994,-2.80396e-05,85.7195
2026-03-23T11:00:00+00:00,hyperliquid,SOL/USDC:USDC,3749116.8200000003,-1.68153e-05,86.1175
2026-03-23T12:00:00+00:00,hyperliquid,SOL/USDC:USDC,3483550.340000005,-2.9434e-06,88.357
2026-03-23T13:00:00+00:00,hyperliquid,SOL/USDC:USDC,3522487.8400000012,-1.5002e-06,90.0445
2026-03-23T14:00:00+00:00,hyperliquid,SOL/USDC:USDC,3540058.8000000017,1.25e-05,91.4795
2026-03-23T15:00:00+00:00,hyperliquid,SOL/USDC:USDC,3546595.5600000015,5.008e-07,92.0185
2026-03-23T16:00:00+00:00,hyperliquid,SOL/USDC:USDC,3534602.6400000025,-1.14648e-05,90.0895
2026-03-23T17:00:00+00:00,hyperliquid,SOL/USDC:USDC,3536513.3999999994,-1.18795e-05,90.3835
2026-03-23T18:00:00+00:00,hyperliquid,SOL/USDC:USDC,3566265.2999999984,-3.70091e-05,91.2665
2026-03-23T19:00:00+00:00,hyperliquid,SOL/USDC:USDC,3657684.1999999993,-2.95349e-05,91.5745
2026-03-23T20:00:00+00:00,hyperliquid,SOL/USDC:USDC,3708477.959999997,-3.35444e-05,91.2405
2026-03-23T21:00:00+00:00,hyperliquid,SOL/USDC:USDC,3736920.959999997,-2.46895e-05,91.6905
2026-03-23T22:00:00+00:00,hyperliquid,SOL/USDC:USDC,3765423.219999998,-2.51913e-05,91.4705
2026-03-23T23:00:00+00:00,hyperliquid,SOL/USDC:USDC,3799355.7799999975,-1.84383e-05,91.3905
2026-03-24T00:00:00+00:00,hyperliquid,SOL/USDC:USDC,3710051.4400000004,-2.5054e-06,91.4645
2026-03-24T01:00:00+00:00,hyperliquid,SOL/USDC:USDC,3702313.119999999,1.02745e-05,90.9055
2026-03-24T02:00:00+00:00,hyperliquid,SOL/USDC:USDC,3679193.579999996,-1.29004e-05,90.3395
2026-03-24T03:00:00+00:00,hyperliquid,SOL/USDC:USDC,3671676.6599999983,-2.33574e-05,90.02
2026-03-24T04:00:00+00:00,hyperliquid,SOL/USDC:USDC,3660328.4,-1.23958e-05,90.3795
2026-03-24T05:00:00+00:00,hyperliquid,SOL/USDC:USDC,3644619.2399999984,-7.8339e-06,90.1705
2026-03-24T06:00:00+00:00,hyperliquid,SOL/USDC:USDC,3660998.78,-1.69751e-05,90.1925
2026-03-24T07:00:00+00:00,hyperliquid,SOL/USDC:USDC,3626357.34,6.8379e-06,90.4715
2026-03-24T08:00:00+00:00,hyperliquid,SOL/USDC:USDC,3684338.680000004,1.25e-05,91.4915
2026-03-24T09:00:00+00:00,hyperliquid,SOL/USDC:USDC,3633056.339999999,1.25e-05,91.5465
2026-03-24T10:00:00+00:00,hyperliquid,SOL/USDC:USDC,3602789.88,1.25e-05,91.9285
2026-03-24T11:00:00+00:00,hyperliquid,SOL/USDC:USDC,3540347.360000001,2.1802e-06,91.6395
2026-03-24T12:00:00+00:00,hyperliquid,SOL/USDC:USDC,3524608.8799999985,-1.01189e-05,91.6425
2026-03-24T13:00:00+00:00,hyperliquid,SOL/USDC:USDC,3561560.8599999985,-9.8732e-06,91.6185
2026-03-24T14:00:00+00:00,hyperliquid,SOL/USDC:USDC,3583338.6599999997,7.294e-06,89.9625
2026-03-24T15:00:00+00:00,hyperliquid,SOL/USDC:USDC,3566725.4199999976,1.25e-05,89.7435
2026-03-24T16:00:00+00:00,hyperliquid,SOL/USDC:USDC,3537379.380000001,-4.6708e-06,89.5495
2026-03-24T17:00:00+00:00,hyperliquid,SOL/USDC:USDC,3543363.8000000045,-6.6038e-06,89.1025
2026-03-24T18:00:00+00:00,hyperliquid,SOL/USDC:USDC,3628006.520000001,-1.30969e-05,89.1125
2026-03-24T19:00:00+00:00,hyperliquid,SOL/USDC:USDC,3607552.439999999,-1.51018e-05,88.8815
2026-03-24T20:00:00+00:00,hyperliquid,SOL/USDC:USDC,3609389.3199999994,-8.061e-06,88.6685
2026-03-24T21:00:00+00:00,hyperliquid,SOL/USDC:USDC,3646495.659999998,8.5061e-06,90.0955
2026-03-24T22:00:00+00:00,hyperliquid,SOL/USDC:USDC,3696822.679999999,1.25e-05,90.3275
2026-03-24T23:00:00+00:00,hyperliquid,SOL/USDC:USDC,3659581.3799999985,8.1617e-06,90.2545
2026-03-25T00:00:00+00:00,hyperliquid,SOL/USDC:USDC,3646711.8000000007,1.25e-05,90.8295
2026-03-25T01:00:00+00:00,hyperliquid,SOL/USDC:USDC,3527845.4599999995,1.2061e-05,91.2215
2026-03-25T02:00:00+00:00,hyperliquid,SOL/USDC:USDC,3509513.9400000037,1.25e-05,90.9245
2026-03-25T03:00:00+00:00,hyperliquid,SOL/USDC:USDC,3504817.1000000006,8.6847e-06,91.0595
2026-03-25T04:00:00+00:00,hyperliquid,SOL/USDC:USDC,3565610.0200000014,1.25e-05,91.6325
2026-03-25T05:00:00+00:00,hyperliquid,SOL/USDC:USDC,3566959.9599999986,1.15717e-05,92.0035
2026-03-25T06:00:00+00:00,hyperliquid,SOL/USDC:USDC,3558435.1399999987,1.25e-05,92.4355
2026-03-25T07:00:00+00:00,hyperliquid,SOL/USDC:USDC,3554523.279999999,1.25e-05,92.3645
2026-03-25T08:00:00+00:00,hyperliquid,SOL/USDC:USDC,3465187.6400000015,1.25e-05,91.8125
2026-03-25T09:00:00+00:00,hyperliquid,SOL/USDC:USDC,3447768.2000000016,1.25e-05,92.3765
2026-03-25T10:00:00+00:00,hyperliquid,SOL/USDC:USDC,3418425.799999999,1.25e-05,92.5475
2026-03-25T11:00:00+00:00,hyperliquid,SOL/USDC:USDC,3410905.48,1.25e-05,92.6185
2026-03-25T12:00:00+00:00,hyperliquid,SOL/USDC:USDC,3417869.2800000026,-9.2762e-06,92.9995
2026-03-25T13:00:00+00:00,hyperliquid,SOL/USDC:USDC,3449025.2800000003,-1.08982e-05,93.1435
2026-03-25T14:00:00+00:00,hyperliquid,SOL/USDC:USDC,3440904.319999999,-6.0387e-06,92.7845
2026-03-25T15:00:00+00:00,hyperliquid,SOL/USDC:USDC,3442156.919999999,2.2427e-06,91.9975
2026-03-25T16:00:00+00:00,hyperliquid,SOL/USDC:USDC,3431253.359999998,6.8306e-06,91.7755
2026-03-25T17:00:00+00:00,hyperliquid,SOL/USDC:USDC,3474056.400000001,-7.2333e-06,92.2375
2026-03-25T18:00:00+00:00,hyperliquid,SOL/USDC:USDC,3458347.6000000006,-1.6945e-06,91.7135
2026-03-25T19:00:00+00:00,hyperliquid,SOL/USDC:USDC,3477159.58,-5.9761e-06,91.5925
2026-03-25T20:00:00+00:00,hyperliquid,SOL/USDC:USDC,3487294.2200000007,-4.0705e-06,91.6195
2026-03-25T21:00:00+00:00,hyperliquid,SOL/USDC:USDC,3496063.4000000004,-7.899e-06,91.3505
2026-03-25T22:00:00+00:00,hyperliquid,SOL/USDC:USDC,3509376.059999999,-8.6092e-06,91.2645
2026-03-25T23:00:00+00:00,hyperliquid,SOL/USDC:USDC,3532271.3400000003,1.2718e-06,91.7605
2026-03-26T00:00:00+00:00,hyperliquid,SOL/USDC:USDC,3506982.7399999993,7.1514e-06,91.6265
2026-03-26T01:00:00+00:00,hyperliquid,SOL/USDC:USDC,3511651.5599999996,-5.4865e-06,91.7815
2026-03-26T02:00:00+00:00,hyperliquid,SOL/USDC:USDC,3509248.84,-2.04605e-05,91.7705
2026-03-26T03:00:00+00:00,hyperliquid,SOL/USDC:USDC,3474386.799999999,-2.56298e-05,90.8465
2026-03-26T04:00:00+00:00,hyperliquid,SOL/USDC:USDC,3499211.7800000017,-2.359e-05,90.9005
2026-03-26T05:00:00+00:00,hyperliquid,SOL/USDC:USDC,3558315.840000001,-2.43752e-05,90.7665
2026-03-26T06:00:00+00:00,hyperliquid,SOL/USDC:USDC,3660936.3599999994,-5.49484e-05,89.0715
2026-03-26T07:00:00+00:00,hyperliquid,SOL/USDC:USDC,3523077.4399999995,-3.13412e-05,89.0205
2026-03-26T08:00:00+00:00,hyperliquid,SOL/USDC:USDC,3460060.7,-1.18445e-05,88.9945
2026-03-26T09:00:00+00:00,hyperliquid,SOL/USDC:USDC,3454143.2199999993,-1.87103e-05,88.6835
2026-03-26T10:00:00+00:00,hyperliquid,SOL/USDC:USDC,3448143.500000001,-2.73568e-05,88.0375
2026-03-26T11:00:00+00:00,hyperliquid,SOL/USDC:USDC,3453159.38,-1.85387e-05,87.9075
2026-03-26T12:00:00+00:00,hyperliquid,SOL/USDC:USDC,3757492.2200000016,-5.2964e-05,87.4575
2026-03-26T13:00:00+00:00,hyperliquid,SOL/USDC:USDC,3745191.660000007,-1.82714e-05,87.5675
2026-03-26T14:00:00+00:00,hyperliquid,SOL/USDC:USDC,3717610.0400000014,-1.84217e-05,87.9525
2026-03-26T15:00:00+00:00,hyperliquid,SOL/USDC:USDC,3834271.4599999986,-3.54931e-05,87.403
2026-03-26T16:00:00+00:00,hyperliquid,SOL/USDC:USDC,3774263.2399999998,-8.1979e-06,87.4915
2026-03-26T17:00:00+00:00,hyperliquid,SOL/USDC:USDC,3764074.700000001,-8.8032e-06,87.2115
2026-03-26T18:00:00+00:00,hyperliquid,SOL/USDC:USDC,3762392.160000003,-3.8504e-06,86.6255
2026-03-26T19:00:00+00:00,hyperliquid,SOL/USDC:USDC,3810582.1400000006,-2.08569e-05,85.9365
2026-03-26T20:00:00+00:00,hyperliquid,SOL/USDC:USDC,3789395.4199999985,-3.32212e-05,85.5065
2026-03-26T21:00:00+00:00,hyperliquid,SOL/USDC:USDC,3765894.779999999,-5.11845e-05,86.2055
2026-03-26T22:00:00+00:00,hyperliquid,SOL/USDC:USDC,3773036.5199999977,-3.8883e-05,86.6385
2026-03-26T23:00:00+00:00,hyperliquid,SOL/USDC:USDC,3829298.640000015,-3.92047e-05,86.8315
2026-03-27T00:00:00+00:00,hyperliquid,SOL/USDC:USDC,3856056.98,-1.5703e-05,86.4205
2026-03-27T01:00:00+00:00,hyperliquid,SOL/USDC:USDC,3868954.539999999,-8.9503e-06,86.5675
2026-03-27T02:00:00+00:00,hyperliquid,SOL/USDC:USDC,3862083.1399999987,-7.1049e-06,86.9045
2026-03-27T03:00:00+00:00,hyperliquid,SOL/USDC:USDC,3849144.9600000004,-2.20503e-05,86.6565
2026-03-27T04:00:00+00:00,hyperliquid,SOL/USDC:USDC,3836922.9999999967,-3.8394e-05,86.0445
2026-03-27T05:00:00+00:00,hyperliquid,SOL/USDC:USDC,3997190.8400000012,-5.05368e-05,86.0905
2026-03-27T06:00:00+00:00,hyperliquid,SOL/USDC:USDC,4080978.3399999994,-6.42533e-05,85.9435
2026-03-27T07:00:00+00:00,hyperliquid,SOL/USDC:USDC,4087018.4999999995,-6.36479e-05,85.9815
2026-03-27T08:00:00+00:00,hyperliquid,SOL/USDC:USDC,4125566.8799999948,-6.13388e-05,85.9065
2026-03-27T09:00:00+00:00,hyperliquid,SOL/USDC:USDC,4034123.8799999976,-5.41601e-05,84.9415
2026-03-27T10:00:00+00:00,hyperliquid,SOL/USDC:USDC,3956685.3,-4.84789e-05,85.0525
2026-03-27T11:00:00+00:00,hyperliquid,SOL/USDC:USDC,3876069.1599999997,-6.6795e-05,82.9885
2026-03-27T12:00:00+00:00,hyperliquid,SOL/USDC:USDC,3904739.2199999997,-6.39906e-05,83.288
2026-03-27T13:00:00+00:00,hyperliquid,SOL/USDC:USDC,3925098.080000002,-5.37988e-05,83.0705
2026-03-27T14:00:00+00:00,hyperliquid,SOL/USDC:USDC,3914714.599999994,-5.30292e-05,83.0615
2026-03-27T15:00:00+00:00,hyperliquid,SOL/USDC:USDC,3967567.36,-5.16035e-05,83.1595
2026-03-27T16:00:00+00:00,hyperliquid,SOL/USDC:USDC,3944253.4799999944,-6.95194e-05,83.2105
2026-03-27T17:00:00+00:00,hyperliquid,SOL/USDC:USDC,3932745.82,-3.95859e-05,82.9195
2026-03-27T18:00:00+00:00,hyperliquid,SOL/USDC:USDC,3929841.22,-4.15297e-05,82.1985
2026-03-27T19:00:00+00:00,hyperliquid,SOL/USDC:USDC,3962724.3,-3.96796e-05,82.2215
2026-03-27T20:00:00+00:00,hyperliquid,SOL/USDC:USDC,3953639.3200000008,-3.81699e-05,82.8205
2026-03-27T21:00:00+00:00,hyperliquid,SOL/USDC:USDC,3952486.339999999,-2.46265e-05,82.8315
2026-03-27T22:00:00+00:00,hyperliquid,SOL/USDC:USDC,3947956.460000002,-3.60135e-05,82.7185
2026-03-27T23:00:00+00:00,hyperliquid,SOL/USDC:USDC,3947012.68,-3.79351e-05,82.6645
2026-03-28T00:00:00+00:00,hyperliquid,SOL/USDC:USDC,3954511.04,-3.54213e-05,83.0005
2026-03-28T01:00:00+00:00,hyperliquid,SOL/USDC:USDC,3950613.92,-2.16469e-05,82.7405
2026-03-28T02:00:00+00:00,hyperliquid,SOL/USDC:USDC,3938077.359999999,-2.61256e-05,82.7845
2026-03-28T03:00:00+00:00,hyperliquid,SOL/USDC:USDC,3937407.500000001,-2.52849e-05,82.5355
2026-03-28T04:00:00+00:00,hyperliquid,SOL/USDC:USDC,3937292.6799999997,-3.44738e-05,82.4865
2026-03-28T05:00:00+00:00,hyperliquid,SOL/USDC:USDC,3939347.7399999993,-2.81766e-05,82.4495
2026-03-28T06:00:00+00:00,hyperliquid,SOL/USDC:USDC,3950157.06,-2.1202e-05,82.7115
2026-03-28T07:00:00+00:00,hyperliquid,SOL/USDC:USDC,3955651.559999999,-3.10457e-05,83.2345
2026-03-28T08:00:00+00:00,hyperliquid,SOL/USDC:USDC,3951227.52,-2.73042e-05,83.5395
2026-03-28T09:00:00+00:00,hyperliquid,SOL/USDC:USDC,3843895.5200000023,6.258e-07,83.2555
2026-03-28T10:00:00+00:00,hyperliquid,SOL/USDC:USDC,3845903.2399999993,4.2271e-06,83.0005
2026-03-28T11:00:00+00:00,hyperliquid,SOL/USDC:USDC,3795558.339999998,-1.27338e-05,82.8545
2026-03-28T12:00:00+00:00,hyperliquid,SOL/USDC:USDC,3801083.9600000014,-1.2879e-06,82.8955
2026-03-28T13:00:00+00:00,hyperliquid,SOL/USDC:USDC,3707391.6600000025,5.3521e-06,82.7185
2026-03-28T14:00:00+00:00,hyperliquid,SOL/USDC:USDC,3680227.400000001,-2.61724e-05,83.0395
2026-03-28T15:00:00+00:00,hyperliquid,SOL/USDC:USDC,3677677.84,-1.68009e-05,83.2365
2026-03-28T16:00:00+00:00,hyperliquid,SOL/USDC:USDC,3653715.4,-2.86262e-05,83.6945
2026-03-28T17:00:00+00:00,hyperliquid,SOL/USDC:USDC,3656586.8799999994,-1.96991e-05,83.5865
2026-03-28T18:00:00+00:00,hyperliquid,SOL/USDC:USDC,3676164.7399999993,-2.06267e-05,83.3195
2026-03-28T19:00:00+00:00,hyperliquid,SOL/USDC:USDC,3694579.36,-2.6533e-05,83.3415
2026-03-28T20:00:00+00:00,hyperliquid,SOL/USDC:USDC,3691759.78,-2.9247e-05,83.3265
2026-03-28T21:00:00+00:00,hyperliquid,SOL/USDC:USDC,3700394.0999999996,-4.3523e-05,83.3595
2026-03-28T22:00:00+00:00,hyperliquid,SOL/USDC:USDC,3709417.7600000002,-5.96801e-05,82.5745
2026-03-28T23:00:00+00:00,hyperliquid,SOL/USDC:USDC,3750005.1399999987,-5.98393e-05,82.6665
2026-03-29T00:00:00+00:00,hyperliquid,SOL/USDC:USDC,3750238.359999999,-4.49245e-05,82.1565
2026-03-29T01:00:00+00:00,hyperliquid,SOL/USDC:USDC,3768656.84,-3.65323e-05,82.1705
2026-03-29T02:00:00+00:00,hyperliquid,SOL/USDC:USDC,3757318.9400000004,-4.63053e-05,82.4005
2026-03-29T03:00:00+00:00,hyperliquid,SOL/USDC:USDC,3756888.4200000013,-3.1799e-05,82.7495
2026-03-29T04:00:00+00:00,hyperliquid,SOL/USDC:USDC,3773328.4999999995,-3.69703e-05,82.8505
2026-03-29T05:00:00+00:00,hyperliquid,SOL/USDC:USDC,3788888.1999999997,-3.95174e-05,82.6355
2026-03-29T06:00:00+00:00,hyperliquid,SOL/USDC:USDC,3793249.239999998,-3.97335e-05,82.6305
2026-03-29T07:00:00+00:00,hyperliquid,SOL/USDC:USDC,3819895.2600000007,-3.87177e-05,82.2275
2026-03-29T08:00:00+00:00,hyperliquid,SOL/USDC:USDC,3822626.2799999984,-2.64149e-05,82.3265
2026-03-29T09:00:00+00:00,hyperliquid,SOL/USDC:USDC,3823314.2599999993,-2.81674e-05,82.4305
2026-03-29T10:00:00+00:00,hyperliquid,SOL/USDC:USDC,3827519.399999999,-2.16252e-05,82.2515
2026-03-29T11:00:00+00:00,hyperliquid,SOL/USDC:USDC,3831325.1399999987,-1.8021e-05,82.1715
2026-03-29T12:00:00+00:00,hyperliquid,SOL/USDC:USDC,3840576.319999998,-2.05172e-05,82.5445
2026-03-29T13:00:00+00:00,hyperliquid,SOL/USDC:USDC,3846290.340000001,-2.62953e-05,82.3585
2026-03-29T14:00:00+00:00,hyperliquid,SOL/USDC:USDC,3850500.8599999994,-2.0979e-05,81.8795
2026-03-29T15:00:00+00:00,hyperliquid,SOL/USDC:USDC,3848128.74,-3.90586e-05,82.007
2026-03-29T16:00:00+00:00,hyperliquid,SOL/USDC:USDC,3871002.0399999996,-3.66074e-05,81.7275
2026-03-29T17:00:00+00:00,hyperliquid,SOL/USDC:USDC,3867874.159999999,-3.56812e-05,81.6315
2026-03-29T18:00:00+00:00,hyperliquid,SOL/USDC:USDC,3853238.7199999993,-3.46182e-05,81.4665
2026-03-29T19:00:00+00:00,hyperliquid,SOL/USDC:USDC,3859959.92,-1.7564e-05,81.7265
2026-03-29T20:00:00+00:00,hyperliquid,SOL/USDC:USDC,3875083.359999997,-3.391e-05,81.6955
2026-03-29T21:00:00+00:00,hyperliquid,SOL/USDC:USDC,3885022.1399999997,-2.20294e-05,81.9045
2026-03-29T22:00:00+00:00,hyperliquid,SOL/USDC:USDC,3878453.279999999,-5.04691e-05,81.6365
2026-03-29T23:00:00+00:00,hyperliquid,SOL/USDC:USDC,3803571.120000003,-4.13012e-05,81.1555
2026-03-30T00:00:00+00:00,hyperliquid,SOL/USDC:USDC,3731153.68,-3.46695e-05,81.266
2026-03-30T01:00:00+00:00,hyperliquid,SOL/USDC:USDC,3702435.740000011,-3.9047e-06,82.1595
2026-03-30T02:00:00+00:00,hyperliquid,SOL/USDC:USDC,3679420.9399999995,-6.1625e-06,82.766
2026-03-30T03:00:00+00:00,hyperliquid,SOL/USDC:USDC,3653729.2800000007,-2.6378e-06,83.2405
2026-03-30T04:00:00+00:00,hyperliquid,SOL/USDC:USDC,3632850.580000001,-1.5556e-06,83.3015
2026-03-30T05:00:00+00:00,hyperliquid,SOL/USDC:USDC,3636186.72,9.735e-07,83.9045
2026-03-30T06:00:00+00:00,hyperliquid,SOL/USDC:USDC,3606363.020000001,-3.0636e-06,83.7665
2026-03-30T07:00:00+00:00,hyperliquid,SOL/USDC:USDC,3762651.5599999996,-4.71394e-05,83.3695
2026-03-30T08:00:00+00:00,hyperliquid,SOL/USDC:USDC,3744380.98,-7.939e-06,84.0995
2026-03-30T09:00:00+00:00,hyperliquid,SOL/USDC:USDC,3578481.2199999997,1.25e-05,84.3945
2026-03-30T10:00:00+00:00,hyperliquid,SOL/USDC:USDC,3541185.639999998,4.8506e-06,84.1135
2026-03-30T11:00:00+00:00,hyperliquid,SOL/USDC:USDC,3561159.6199999982,2.9927e-06,83.9105
2026-03-30T12:00:00+00:00,hyperliquid,SOL/USDC:USDC,3590470.119999997,-1.16612e-05,84.2725
2026-03-30T13:00:00+00:00,hyperliquid,SOL/USDC:USDC,3584216.88,1.24606e-05,84.4225
2026-03-30T14:00:00+00:00,hyperliquid,SOL/USDC:USDC,3605698.700000001,-1.43764e-05,84.0605
2026-03-30T15:00:00+00:00,hyperliquid,SOL/USDC:USDC,3711903.3200000003,-2.38842e-05,84.3265
2026-03-30T16:00:00+00:00,hyperliquid,SOL/USDC:USDC,3717980.179999998,-2.76578e-05,84.2585
2026-03-30T17:00:00+00:00,hyperliquid,SOL/USDC:USDC,3731592.179999999,-3.50736e-05,84.1475
2026-03-30T18:00:00+00:00,hyperliquid,SOL/USDC:USDC,3734825.559999998,-3.31399e-05,83.3365
2026-03-30T19:00:00+00:00,hyperliquid,SOL/USDC:USDC,3729004.579999999,-4.29697e-05,82.5555
2026-03-30T20:00:00+00:00,hyperliquid,SOL/USDC:USDC,3757193.2800000007,-2.99898e-05,82.4155
2026-03-30T21:00:00+00:00,hyperliquid,SOL/USDC:USDC,3731755.5199999996,-1.31194e-05,82.7135
2026-03-30T22:00:00+00:00,hyperliquid,SOL/USDC:USDC,3748734.060000001,-1.54538e-05,83.1055
2026-03-30T23:00:00+00:00,hyperliquid,SOL/USDC:USDC,3724035.980000002,-2.26213e-05,82.2945
2026-03-31T00:00:00+00:00,hyperliquid,SOL/USDC:USDC,3738054.079999999,-1.18116e-05,82.4655
2026-03-31T01:00:00+00:00,hyperliquid,SOL/USDC:USDC,3765390.5999999996,5.5509e-06,82.8335
2026-03-31T02:00:00+00:00,hyperliquid,SOL/USDC:USDC,3681578.960000001,3.6854e-06,83.6055
2026-03-31T03:00:00+00:00,hyperliquid,SOL/USDC:USDC,3677953.18,9.8655e-06,83.7075
2026-03-31T04:00:00+00:00,hyperliquid,SOL/USDC:USDC,3656513.14,3.8068e-06,83.4405
2026-03-31T05:00:00+00:00,hyperliquid,SOL/USDC:USDC,3635711.2399999993,-8.1176e-06,83.1105
2026-03-31T06:00:00+00:00,hyperliquid,SOL/USDC:USDC,3675045.499999999,-6.2722e-06,83.5365
2026-03-31T07:00:00+00:00,hyperliquid,SOL/USDC:USDC,3656581.159999999,5.0423e-06,83.3115
2026-03-31T08:00:00+00:00,hyperliquid,SOL/USDC:USDC,3697162.579999999,-1.05069e-05,82.9205
2026-03-31T09:00:00+00:00,hyperliquid,SOL/USDC:USDC,3732250.859999998,-2.48923e-05,82.2275
2026-03-31T10:00:00+00:00,hyperliquid,SOL/USDC:USDC,3783461.8399999985,-2.79706e-05,80.5305
2026-03-31T11:00:00+00:00,hyperliquid,SOL/USDC:USDC,3811498.3399999985,-4.9254e-05,80.3505
2026-03-31T12:00:00+00:00,hyperliquid,SOL/USDC:USDC,3840312.1399999983,-1.70582e-05,80.9715
2026-03-31T13:00:00+00:00,hyperliquid,SOL/USDC:USDC,3837987.239999998,-1.87573e-05,80.8175
2026-03-31T14:00:00+00:00,hyperliquid,SOL/USDC:USDC,3769950.0399999963,1.05982e-05,82.0035
2026-03-31T15:00:00+00:00,hyperliquid,SOL/USDC:USDC,3775608.7200000025,-2.41048e-05,80.8865
2026-03-31T16:00:00+00:00,hyperliquid,SOL/USDC:USDC,3734678.9599999995,1.988e-07,81.0825
2026-03-31T17:00:00+00:00,hyperliquid,SOL/USDC:USDC,3765519.459999998,4.9684e-06,82.5305
2026-03-31T18:00:00+00:00,hyperliquid,SOL/USDC:USDC,3682520.8599999985,3.89e-07,82.4075
2026-03-31T19:00:00+00:00,hyperliquid,SOL/USDC:USDC,3651392.78,1.25e-05,82.8685
2026-03-31T20:00:00+00:00,hyperliquid,SOL/USDC:USDC,3642460.2399999984,1.3804e-06,82.6385
2026-03-31T21:00:00+00:00,hyperliquid,SOL/USDC:USDC,3657907.1400000006,1.25e-05,82.9055
2026-03-31T22:00:00+00:00,hyperliquid,SOL/USDC:USDC,3583893.360000001,1.25e-05,82.7805
2026-03-31T23:00:00+00:00,hyperliquid,SOL/USDC:USDC,3587490.3600000003,-7.238e-07,82.6915
2026-04-01T00:00:00+00:00,hyperliquid,SOL/USDC:USDC,3529001.9799999995,1.25e-05,83.0725
2026-04-01T01:00:00+00:00,hyperliquid,SOL/USDC:USDC,3523331.3999999994,1.25e-05,83.3415
2026-04-01T02:00:00+00:00,hyperliquid,SOL/USDC:USDC,3523530.979999999,-1.5562e-06,82.7745
2026-04-01T03:00:00+00:00,hyperliquid,SOL/USDC:USDC,3529833.0200000005,5.323e-07,82.8385
2026-04-01T04:00:00+00:00,hyperliquid,SOL/USDC:USDC,3515281.1399999987,1.25e-05,83.4535
2026-04-01T05:00:00+00:00,hyperliquid,SOL/USDC:USDC,3633577.3399999985,1.25e-05,83.4095
2026-04-01T06:00:00+00:00,hyperliquid,SOL/USDC:USDC,3596235.680000003,1.25e-05,84.0825
2026-04-01T07:00:00+00:00,hyperliquid,SOL/USDC:USDC,3616272.519999999,1.25e-05,84.5545
2026-04-01T08:00:00+00:00,hyperliquid,SOL/USDC:USDC,3613650.620000002,1.25e-05,83.8525
2026-04-01T09:00:00+00:00,hyperliquid,SOL/USDC:USDC,3579995.1199999982,-1.19968e-05,83.6495
2026-04-01T10:00:00+00:00,hyperliquid,SOL/USDC:USDC,3551852.000000002,-1.86383e-05,83.3205
2026-04-01T11:00:00+00:00,hyperliquid,SOL/USDC:USDC,3525972.0199999977,-1.0222e-05,83.3655
2026-04-01T12:00:00+00:00,hyperliquid,SOL/USDC:USDC,3530507.6399999973,-2.60521e-05,83.1115
2026-04-01T13:00:00+00:00,hyperliquid,SOL/USDC:USDC,3515564.4399999958,-3.06358e-05,82.7295
2026-04-01T14:00:00+00:00,hyperliquid,SOL/USDC:USDC,3514581.3999999957,-1.58386e-05,82.6445
2026-04-01T15:00:00+00:00,hyperliquid,SOL/USDC:USDC,3597473.280000001,-1.65099e-05,83.3415
2026-04-01T16:00:00+00:00,hyperliquid,SOL/USDC:USDC,3554362.58,1.25e-05,83.5325
2026-04-01T17:00:00+00:00,hyperliquid,SOL/USDC:USDC,3524290.639999988,-1.31201e-05,85.9675
2026-04-01T18:00:00+00:00,hyperliquid,SOL/USDC:USDC,3493977.4399999976,-3.65755e-05,84.0855
2026-04-01T19:00:00+00:00,hyperliquid,SOL/USDC:USDC,3332247.4399999985,-1.02521e-05,83.6765
2026-04-01T20:00:00+00:00,hyperliquid,SOL/USDC:USDC,3363891.8600000003,-3.9349e-06,83.6925
2026-04-01T21:00:00+00:00,hyperliquid,SOL/USDC:USDC,3412955.1399999983,-6.2482e-06,82.4595
2026-04-01T22:00:00+00:00,hyperliquid,SOL/USDC:USDC,3417797.8200000008,-3.706e-06,81.6585
2026-04-01T23:00:00+00:00,hyperliquid,SOL/USDC:USDC,3433012.8000000003,-7.0162e-06,81.2505
2026-04-02T00:00:00+00:00,hyperliquid,SOL/USDC:USDC,3469070.680000001,7.7981e-06,81.0815
2026-04-02T01:00:00+00:00,hyperliquid,SOL/USDC:USDC,3446858.8600000003,-9.1943e-06,81.2215
2026-04-02T02:00:00+00:00,hyperliquid,SOL/USDC:USDC,3556079.080000001,-2.93861e-05,79.1385
2026-04-02T03:00:00+00:00,hyperliquid,SOL/USDC:USDC,3565823.760000003,-2.8964e-05,78.7875
2026-04-02T04:00:00+00:00,hyperliquid,SOL/USDC:USDC,3542783.1800000006,-1.19803e-05,79.0475
2026-04-02T05:00:00+00:00,hyperliquid,SOL/USDC:USDC,3599972.7400000007,-4.0374e-06,78.9625
2026-04-02T06:00:00+00:00,hyperliquid,SOL/USDC:USDC,3600371.4200000013,-6.7161e-06,79.1435
2026-04-02T07:00:00+00:00,hyperliquid,SOL/USDC:USDC,3620626.999999999,-1.43473e-05,79.0435
2026-04-02T08:00:00+00:00,hyperliquid,SOL/USDC:USDC,3598742.999999998,4.3184e-06,79.4775
2026-04-02T09:00:00+00:00,hyperliquid,SOL/USDC:USDC,3579230.0000000037,7.7695e-06,78.9815
2026-04-02T10:00:00+00:00,hyperliquid,SOL/USDC:USDC,3590893.4400000065,8.9061e-06,79.1855
2026-04-02T11:00:00+00:00,hyperliquid,SOL/USDC:USDC,3605839.86,-8.3904e-06,78.8655
2026-04-02T12:00:00+00:00,hyperliquid,SOL/USDC:USDC,3593234.279999998,1.25e-05,78.283
2026-04-02T13:00:00+00:00,hyperliquid,SOL/USDC:USDC,3598169.3,-1.02138e-05,77.828
2026-04-02T14:00:00+00:00,hyperliquid,SOL/USDC:USDC,3673460.4599999962,-7.7879e-06,77.6195
2026-04-02T15:00:00+00:00,hyperliquid,SOL/USDC:USDC,3612262.2599999965,9.575e-06,79.0305
2026-04-02T16:00:00+00:00,hyperliquid,SOL/USDC:USDC,3603698.5600000005,1.20497e-05,79.0325
2026-04-02T17:00:00+00:00,hyperliquid,SOL/USDC:USDC,3653856.940000002,1.25e-05,78.9235
2026-04-02T18:00:00+00:00,hyperliquid,SOL/USDC:USDC,3557931.139999998,2.0843e-06,78.617
2026-04-02T19:00:00+00:00,hyperliquid,SOL/USDC:USDC,3717512.6200000015,1.25e-05,79.1335
2026-04-02T20:00:00+00:00,hyperliquid,SOL/USDC:USDC,3594825.3799999985,3.2869e-06,78.7525
2026-04-02T21:00:00+00:00,hyperliquid,SOL/USDC:USDC,3693311.759999998,1.25e-05,79.1725
2026-04-02T22:00:00+00:00,hyperliquid,SOL/USDC:USDC,3591499.4400000004,-1.44335e-05,78.9465
2026-04-02T23:00:00+00:00,hyperliquid,SOL/USDC:USDC,3584499.5599999973,-1.49924e-05,78.9245
2026-04-03T00:00:00+00:00,hyperliquid,SOL/USDC:USDC,3582511.5399999996,-5.6512e-06,78.9305
2026-04-03T01:00:00+00:00,hyperliquid,SOL/USDC:USDC,3581082.9000000004,-6.3813e-06,79.2195
2026-04-03T02:00:00+00:00,hyperliquid,SOL/USDC:USDC,3594341.399999999,-1.35319e-05,79.0545
2026-04-03T03:00:00+00:00,hyperliquid,SOL/USDC:USDC,3585449.0800000005,5.845e-06,79.1505
2026-04-03T04:00:00+00:00,hyperliquid,SOL/USDC:USDC,3578451.3000000007,-6.484e-06,79.0515
2026-04-03T05:00:00+00:00,hyperliquid,SOL/USDC:USDC,3578621.639999999,-1.9409e-06,79.2725
2026-04-03T06:00:00+00:00,hyperliquid,SOL/USDC:USDC,3599982.3800000013,4.9348e-06,79.3195
2026-04-03T07:00:00+00:00,hyperliquid,SOL/USDC:USDC,3612864.3000000007,2.347e-07,79.6025
2026-04-03T08:00:00+00:00,hyperliquid,SOL/USDC:USDC,3608644.6200000006,2.0137e-06,79.8595
2026-04-03T09:00:00+00:00,hyperliquid,SOL/USDC:USDC,3563614.700000002,6.9485e-06,79.7765
2026-04-03T10:00:00+00:00,hyperliquid,SOL/USDC:USDC,3554836.18,-7.3923e-06,79.8625
2026-04-03T11:00:00+00:00,hyperliquid,SOL/USDC:USDC,3509867.580000001,-1.21041e-05,80.3095
2026-04-03T12:00:00+00:00,hyperliquid,SOL/USDC:USDC,3505622.639999999,1.7273e-06,80.1755
2026-04-03T13:00:00+00:00,hyperliquid,SOL/USDC:USDC,3502012.619999999,9.199e-07,79.2235
2026-04-03T14:00:00+00:00,hyperliquid,SOL/USDC:USDC,3522718.760000001,-2.8692e-06,79.4955
2026-04-03T15:00:00+00:00,hyperliquid,SOL/USDC:USDC,3746084.7000000025,1.25e-05,80.2555
2026-04-03T16:00:00+00:00,hyperliquid,SOL/USDC:USDC,3815828.3600000013,1.25e-05,80.3975
2026-04-03T17:00:00+00:00,hyperliquid,SOL/USDC:USDC,3817943.820000001,1.25e-05,80.4455
2026-04-03T18:00:00+00:00,hyperliquid,SOL/USDC:USDC,3886831.64,1.25e-05,80.1505
2026-04-03T19:00:00+00:00,hyperliquid,SOL/USDC:USDC,3821575.5799999996,1.25e-05,80.0995
2026-04-03T20:00:00+00:00,hyperliquid,SOL/USDC:USDC,3728554.7199999993,1.25e-05,80.1605
2026-04-03T21:00:00+00:00,hyperliquid,SOL/USDC:USDC,3724922.5,3.1442e-06,80.1375
2026-04-03T22:00:00+00:00,hyperliquid,SOL/USDC:USDC,3780128.22,1.25e-05,80.4575
2026-04-03T23:00:00+00:00,hyperliquid,SOL/USDC:USDC,3791405.0599999996,1.16175e-05,80.1215
2026-04-04T00:00:00+00:00,hyperliquid,SOL/USDC:USDC,3801333.5599999996,1.25e-05,80.2895
2026-04-04T01:00:00+00:00,hyperliquid,SOL/USDC:USDC,3743943.479999998,-1.8399e-06,80.1745
2026-04-04T02:00:00+00:00,hyperliquid,SOL/USDC:USDC,3734142.3599999994,-8.8257e-06,80.1295
2026-04-04T03:00:00+00:00,hyperliquid,SOL/USDC:USDC,3705557.46,-1.29717e-05,80.1785
2026-04-04T04:00:00+00:00,hyperliquid,SOL/USDC:USDC,3706068.839999999,-5.8766e-06,80.1135
2026-04-04T05:00:00+00:00,hyperliquid,SOL/USDC:USDC,3708353.8799999994,-6.8065e-06,80.0835
2026-04-04T06:00:00+00:00,hyperliquid,SOL/USDC:USDC,3712107.02,-1.13289e-05,80.1495
2026-04-04T07:00:00+00:00,hyperliquid,SOL/USDC:USDC,3708737.6000000006,1.4733e-06,80.3835
2026-04-04T08:00:00+00:00,hyperliquid,SOL/USDC:USDC,3697275.92,-3.0007e-06,80.2975
2026-04-04T09:00:00+00:00,hyperliquid,SOL/USDC:USDC,3679080.0199999977,-5.9993e-06,79.9345
2026-04-04T10:00:00+00:00,hyperliquid,SOL/USDC:USDC,3683136.6599999988,-1.10903e-05,80.0465
2026-04-04T11:00:00+00:00,hyperliquid,SOL/USDC:USDC,3646225.459999998,-8.848e-06,80.2005
2026-04-04T12:00:00+00:00,hyperliquid,SOL/USDC:USDC,3642415.959999999,-9.457e-07,80.1875
2026-04-04T13:00:00+00:00,hyperliquid,SOL/USDC:USDC,3673195.239999997,-1.86742e-05,80.0285
2026-04-04T14:00:00+00:00,hyperliquid,SOL/USDC:USDC,3634740.479999999,-2.89564e-05,80.0105
2026-04-04T15:00:00+00:00,hyperliquid,SOL/USDC:USDC,3564311.18,2.9334e-06,80.4095
2026-04-04T16:00:00+00:00,hyperliquid,SOL/USDC:USDC,3547015.82,-6.5999e-06,81.1525
2026-04-04T17:00:00+00:00,hyperliquid,SOL/USDC:USDC,3499372.940000003,-1.7469e-06,80.6655
2026-04-04T18:00:00+00:00,hyperliquid,SOL/USDC:USDC,3500356.8599999985,1.3821e-06,81.0435
2026-04-04T19:00:00+00:00,hyperliquid,SOL/USDC:USDC,3545621.08,1.8982e-06,80.9455
2026-04-04T20:00:00+00:00,hyperliquid,SOL/USDC:USDC,3514817.58,-8.9487e-06,80.7185
2026-04-04T21:00:00+00:00,hyperliquid,SOL/USDC:USDC,3483722.3799999985,-5.753e-06,80.8125
2026-04-04T22:00:00+00:00,hyperliquid,SOL/USDC:USDC,3475635.760000001,-6.5716e-06,80.9215
2026-04-04T23:00:00+00:00,hyperliquid,SOL/USDC:USDC,3470465.4599999986,-5.2764e-06,80.8125
2026-04-05T00:00:00+00:00,hyperliquid,SOL/USDC:USDC,3485656.9999999995,2.4619e-06,80.7515
2026-04-05T01:00:00+00:00,hyperliquid,SOL/USDC:USDC,3498728.179999999,-4.75979e-05,80.6345
2026-04-05T02:00:00+00:00,hyperliquid,SOL/USDC:USDC,3480436.56,-3.25579e-05,80.3525
2026-04-05T03:00:00+00:00,hyperliquid,SOL/USDC:USDC,3468273.3599999985,-2.36309e-05,80.5555
2026-04-05T04:00:00+00:00,hyperliquid,SOL/USDC:USDC,3465198.78,-2.54435e-05,80.3925
2026-04-05T05:00:00+00:00,hyperliquid,SOL/USDC:USDC,3418990.6400000015,-2.81603e-05,80.3165
2026-04-05T06:00:00+00:00,hyperliquid,SOL/USDC:USDC,3416539.3199999984,-4.63343e-05,80.0485
2026-04-05T07:00:00+00:00,hyperliquid,SOL/USDC:USDC,3452140.74,-9.935e-06,79.7425
2026-04-05T08:00:00+00:00,hyperliquid,SOL/USDC:USDC,3434314.9000000004,-4.7242e-06,79.5375
2026-04-05T09:00:00+00:00,hyperliquid,SOL/USDC:USDC,3449450.0999999996,-1.2869e-05,79.6895
2026-04-05T10:00:00+00:00,hyperliquid,SOL/USDC:USDC,3456314.119999998,-1.7886e-06,79.8255
2026-04-05T11:00:00+00:00,hyperliquid,SOL/USDC:USDC,3501106.7600000016,2.5517e-06,79.8135
2026-04-05T12:00:00+00:00,hyperliquid,SOL/USDC:USDC,3508037.9000000004,1.25e-05,79.8245
2026-04-05T13:00:00+00:00,hyperliquid,SOL/USDC:USDC,3443684.220000001,-9.557e-07,79.0325
2026-04-05T14:00:00+00:00,hyperliquid,SOL/USDC:USDC,3411700.28,6.094e-07,79.3395
2026-04-05T15:00:00+00:00,hyperliquid,SOL/USDC:USDC,3407831.060000001,-1.56039e-05,79.2115
2026-04-05T16:00:00+00:00,hyperliquid,SOL/USDC:USDC,3378030.9800000004,-1.67557e-05,79.6495
2026-04-05T17:00:00+00:00,hyperliquid,SOL/USDC:USDC,3363081.2199999993,-2.82159e-05,79.3435
2026-04-05T18:00:00+00:00,hyperliquid,SOL/USDC:USDC,3365853.94,-1.22337e-05,79.7495
2026-04-05T19:00:00+00:00,hyperliquid,SOL/USDC:USDC,3365323.3399999994,-2.94769e-05,79.9005
2026-04-05T20:00:00+00:00,hyperliquid,SOL/USDC:USDC,3338352.0,-1.23829e-05,79.7785
2026-04-05T21:00:00+00:00,hyperliquid,SOL/USDC:USDC,3325184.959999999,-1.82919e-05,79.9865
2026-04-05T22:00:00+00:00,hyperliquid,SOL/USDC:USDC,3343451.9199999985,-5.1436e-06,79.7895
2026-04-05T23:00:00+00:00,hyperliquid,SOL/USDC:USDC,3346629.380000001,1.25e-05,80.5405
2026-04-06T00:00:00+00:00,hyperliquid,SOL/USDC:USDC,3373584.9200000023,-6.0358e-06,82.219
2026-04-06T01:00:00+00:00,hyperliquid,SOL/USDC:USDC,3338808.100000004,1.25e-05,82.1455
2026-04-06T02:00:00+00:00,hyperliquid,SOL/USDC:USDC,3281387.8200000026,1.25e-05,81.7395
2026-04-06T03:00:00+00:00,hyperliquid,SOL/USDC:USDC,3325258.2000000007,1.25e-05,82.3995
2026-04-06T04:00:00+00:00,hyperliquid,SOL/USDC:USDC,3270218.4600000004,4.0071e-06,82.2415
2026-04-06T05:00:00+00:00,hyperliquid,SOL/USDC:USDC,3277222.2599999993,-3.0935e-06,81.8265
2026-04-06T06:00:00+00:00,hyperliquid,SOL/USDC:USDC,3281003.9799999995,-1.68452e-05,81.7385
2026-04-06T07:00:00+00:00,hyperliquid,SOL/USDC:USDC,3298495.7000000025,-8.202e-07,81.4605
2026-04-06T08:00:00+00:00,hyperliquid,SOL/USDC:USDC,3337963.120000024,-9.7995e-06,81.7705
2026-04-06T09:00:00+00:00,hyperliquid,SOL/USDC:USDC,3373813.819999999,1.25e-05,81.9255
2026-04-06T10:00:00+00:00,hyperliquid,SOL/USDC:USDC,3298886.5600000005,1.25e-05,82.5695
2026-04-06T11:00:00+00:00,hyperliquid,SOL/USDC:USDC,3331027.4000000004,5.8773e-06,82.5665
2026-04-06T12:00:00+00:00,hyperliquid,SOL/USDC:USDC,3299043.480000002,1.0238e-06,82.3985
2026-04-06T13:00:00+00:00,hyperliquid,SOL/USDC:USDC,3291278.8400000012,-1.03374e-05,82.2565
2026-04-06T14:00:00+00:00,hyperliquid,SOL/USDC:USDC,3284419.9799999977,-8.3652e-06,82.3775
2026-04-06T15:00:00+00:00,hyperliquid,SOL/USDC:USDC,3301601.560000002,-3.8991e-06,82.0995
2026-04-06T16:00:00+00:00,hyperliquid,SOL/USDC:USDC,3315637.260000001,1.1144e-05,82.1325
2026-04-06T17:00:00+00:00,hyperliquid,SOL/USDC:USDC,3329563.5800000005,3.3784e-06,81.3265
2026-04-06T18:00:00+00:00,hyperliquid,SOL/USDC:USDC,3306478.9200000013,3.5572e-06,81.5365
2026-04-06T19:00:00+00:00,hyperliquid,SOL/USDC:USDC,3297949.6999999983,1.08633e-05,81.7895
2026-04-06T20:00:00+00:00,hyperliquid,SOL/USDC:USDC,3305470.8399999994,-1.25489e-05,81.8805
2026-04-06T21:00:00+00:00,hyperliquid,SOL/USDC:USDC,3315325.4800000004,1.9228e-06,81.8595
2026-04-06T22:00:00+00:00,hyperliquid,SOL/USDC:USDC,3287894.599999999,-7.2659e-06,81.3565
2026-04-06T23:00:00+00:00,hyperliquid,SOL/USDC:USDC,3247964.0800000005,-1.29914e-05,79.8615
2026-04-07T00:00:00+00:00,hyperliquid,SOL/USDC:USDC,3271297.479999999,-9.0938e-06,79.9105
2026-04-07T01:00:00+00:00,hyperliquid,SOL/USDC:USDC,3333923.539999999,-1.39261e-05,79.7635
2026-04-07T02:00:00+00:00,hyperliquid,SOL/USDC:USDC,3329554.7799999993,-2.26464e-05,79.5445
2026-04-07T03:00:00+00:00,hyperliquid,SOL/USDC:USDC,3333968.86,-1.13153e-05,79.7145
2026-04-07T04:00:00+00:00,hyperliquid,SOL/USDC:USDC,3327346.040000001,-9.449e-06,79.7505
2026-04-07T05:00:00+00:00,hyperliquid,SOL/USDC:USDC,3336158.420000002,-7.8801e-06,79.8735
2026-04-07T06:00:00+00:00,hyperliquid,SOL/USDC:USDC,3348061.2600000016,-2.18345e-05,79.5125
2026-04-07T07:00:00+00:00,hyperliquid,SOL/USDC:USDC,3389738.1199999996,-1.2394e-05,79.4765
2026-04-07T08:00:00+00:00,hyperliquid,SOL/USDC:USDC,3397672.1,-7.2491e-06,80.0935
2026-04-07T09:00:00+00:00,hyperliquid,SOL/USDC:USDC,3329263.82,2.96e-07,80.1985
2026-04-07T10:00:00+00:00,hyperliquid,SOL/USDC:USDC,3308661.6600000034,-7.4303e-06,80.2895
2026-04-07T11:00:00+00:00,hyperliquid,SOL/USDC:USDC,3308284.9200000037,-1.85754e-05,79.278
2026-04-07T12:00:00+00:00,hyperliquid,SOL/USDC:USDC,3309948.7800000007,-7.7046e-06,79.2325
2026-04-07T13:00:00+00:00,hyperliquid,SOL/USDC:USDC,3316415.0800000015,-1.55024e-05,78.9665
2026-04-07T14:00:00+00:00,hyperliquid,SOL/USDC:USDC,3332232.9199999995,-2.25274e-05,78.8495
2026-04-07T15:00:00+00:00,hyperliquid,SOL/USDC:USDC,3332369.5800000015,-2.16958e-05,78.4085
2026-04-07T16:00:00+00:00,hyperliquid,SOL/USDC:USDC,3394337.0599999977,7.7222e-06,78.9725
2026-04-07T17:00:00+00:00,hyperliquid,SOL/USDC:USDC,3412311.3999999994,1.12405e-05,78.9495
2026-04-07T18:00:00+00:00,hyperliquid,SOL/USDC:USDC,3378728.6199999996,1.25e-05,80.1165
2026-04-07T19:00:00+00:00,hyperliquid,SOL/USDC:USDC,3383831.359999999,8.249e-07,80.0105
2026-04-07T20:00:00+00:00,hyperliquid,SOL/USDC:USDC,3466866.2800000026,1.25e-05,81.9695
2026-04-07T21:00:00+00:00,hyperliquid,SOL/USDC:USDC,3427615.6199999973,-2.6954e-06,81.9705
2026-04-07T22:00:00+00:00,hyperliquid,SOL/USDC:USDC,3432681.2200000007,9.1666e-06,82.9675
2026-04-07T23:00:00+00:00,hyperliquid,SOL/USDC:USDC,3398268.220000002,1.25e-05,85.4095
2026-04-08T00:00:00+00:00,hyperliquid,SOL/USDC:USDC,3418805.6799999997,-7.8622e-06,85.8295
2026-04-08T01:00:00+00:00,hyperliquid,SOL/USDC:USDC,3524685.8800000013,1.25e-05,84.6045
2026-04-08T02:00:00+00:00,hyperliquid,SOL/USDC:USDC,3508293.9399999995,1.25e-05,84.6595
2026-04-08T03:00:00+00:00,hyperliquid,SOL/USDC:USDC,3503334.7799999993,1.25e-05,84.5755
2026-04-08T04:00:00+00:00,hyperliquid,SOL/USDC:USDC,3510501.6399999997,1.25e-05,84.5985
2026-04-08T05:00:00+00:00,hyperliquid,SOL/USDC:USDC,3518476.179999997,1.25e-05,84.4565
2026-04-08T06:00:00+00:00,hyperliquid,SOL/USDC:USDC,3472776.319999999,1.25e-05,83.9285
2026-04-08T07:00:00+00:00,hyperliquid,SOL/USDC:USDC,3458708.9799999967,1.25e-05,84.4085
2026-04-08T08:00:00+00:00,hyperliquid,SOL/USDC:USDC,3462829.1200000043,1.25e-05,84.5155
2026-04-08T09:00:00+00:00,hyperliquid,SOL/USDC:USDC,3463017.479999999,1.25e-05,84.8765
2026-04-08T10:00:00+00:00,hyperliquid,SOL/USDC:USDC,3448212.939999999,1.25e-05,84.6535
2026-04-08T11:00:00+00:00,hyperliquid,SOL/USDC:USDC,3478958.5399999986,1.25e-05,84.5495
2026-04-08T12:00:00+00:00,hyperliquid,SOL/USDC:USDC,3424169.6600000006,1.25e-05,84.4085
2026-04-08T13:00:00+00:00,hyperliquid,SOL/USDC:USDC,3418878.459999999,1.25e-05,84.511
2026-04-08T14:00:00+00:00,hyperliquid,SOL/USDC:USDC,3419443.6199999973,1.9844e-06,83.9305
2026-04-08T15:00:00+00:00,hyperliquid,SOL/USDC:USDC,3475480.540000001,1.25e-05,82.9505
2026-04-08T16:00:00+00:00,hyperliquid,SOL/USDC:USDC,3451810.6599999983,1.25e-05,83.3545
2026-04-08T17:00:00+00:00,hyperliquid,SOL/USDC:USDC,3487145.099999995,1.25e-05,83.5635
2026-04-08T18:00:00+00:00,hyperliquid,SOL/USDC:USDC,3451135.020000001,1.25e-05,83.8495
2026-04-08T19:00:00+00:00,hyperliquid,SOL/USDC:USDC,3486935.179999999,2.6664e-06,82.9215
2026-04-08T20:00:00+00:00,hyperliquid,SOL/USDC:USDC,3486700.739999999,-4.5283e-06,83.1805
2026-04-08T21:00:00+00:00,hyperliquid,SOL/USDC:USDC,3474284.959999998,1.0426e-06,83.2045
2026-04-08T22:00:00+00:00,hyperliquid,SOL/USDC:USDC,3468835.7600000007,-6.952e-07,83.1945
2026-04-08T23:00:00+00:00,hyperliquid,SOL/USDC:USDC,3430624.0000000014,-9.5869e-06,82.2705
2026-04-09T00:00:00+00:00,hyperliquid,SOL/USDC:USDC,3392420.899999999,1.3678e-06,82.4725
2026-04-09T01:00:00+00:00,hyperliquid,SOL/USDC:USDC,3437200.220000001,-1.66871e-05,82.0955
2026-04-09T02:00:00+00:00,hyperliquid,SOL/USDC:USDC,3419487.700000001,-1.09579e-05,82.1195
2026-04-09T03:00:00+00:00,hyperliquid,SOL/USDC:USDC,3410830.9599999995,-2.0242e-06,82.0845
2026-04-09T04:00:00+00:00,hyperliquid,SOL/USDC:USDC,3405002.040000001,3.1646e-06,81.9095
2026-04-09T05:00:00+00:00,hyperliquid,SOL/USDC:USDC,3411039.1599999988,5.352e-07,81.7145
2026-04-09T06:00:00+00:00,hyperliquid,SOL/USDC:USDC,3398876.340000002,-5.386e-07,82.2725
2026-04-09T07:00:00+00:00,hyperliquid,SOL/USDC:USDC,3399594.9600000004,-3.6107e-06,82.2555
2026-04-09T08:00:00+00:00,hyperliquid,SOL/USDC:USDC,3431919.0200000005,1.17484e-05,82.2665
2026-04-09T09:00:00+00:00,hyperliquid,SOL/USDC:USDC,3429906.9200000004,1.25e-05,82.3215
2026-04-09T10:00:00+00:00,hyperliquid,SOL/USDC:USDC,3468303.259999998,1.25e-05,82.5285
2026-04-09T11:00:00+00:00,hyperliquid,SOL/USDC:USDC,3446812.759999999,7.4832e-06,82.4635
2026-04-09T12:00:00+00:00,hyperliquid,SOL/USDC:USDC,3451546.2199999997,3.2157e-06,82.1585
2026-04-09T13:00:00+00:00,hyperliquid,SOL/USDC:USDC,3440181.0400000014,-6.9934e-06,82.1795
2026-04-09T14:00:00+00:00,hyperliquid,SOL/USDC:USDC,3421242.8600000003,-6.659e-06,81.732
2026-04-09T15:00:00+00:00,hyperliquid,SOL/USDC:USDC,3443450.0199999986,4.1346e-06,82.0395
2026-04-09T16:00:00+00:00,hyperliquid,SOL/USDC:USDC,3456747.1200000015,1.25e-05,84.0365
2026-04-09T17:00:00+00:00,hyperliquid,SOL/USDC:USDC,3554175.720000003,1.25e-05,83.9235
2026-04-09T18:00:00+00:00,hyperliquid,SOL/USDC:USDC,3744645.399999999,1.25e-05,84.2995
2026-04-09T19:00:00+00:00,hyperliquid,SOL/USDC:USDC,3548688.180000001,1.25e-05,83.8695
2026-04-09T20:00:00+00:00,hyperliquid,SOL/USDC:USDC,3548050.140000001,1.25e-05,84.2495
2026-04-09T21:00:00+00:00,hyperliquid,SOL/USDC:USDC,3566094.239999999,1.25e-05,84.2775
2026-04-09T22:00:00+00:00,hyperliquid,SOL/USDC:USDC,3551750.7199999993,1.25e-05,84.2055
2026-04-09T23:00:00+00:00,hyperliquid,SOL/USDC:USDC,3560084.1800000034,1.25e-05,83.8415
2026-04-10T00:00:00+00:00,hyperliquid,SOL/USDC:USDC,3508885.66,1.00537e-05,83.2105
2026-04-10T01:00:00+00:00,hyperliquid,SOL/USDC:USDC,3506322.240000001,1.7472e-06,83.0035
2026-04-10T02:00:00+00:00,hyperliquid,SOL/USDC:USDC,3476922.720000002,1.25e-05,83.1255
2026-04-10T03:00:00+00:00,hyperliquid,SOL/USDC:USDC,3472814.959999998,7.029e-07,83.0955
2026-04-10T04:00:00+00:00,hyperliquid,SOL/USDC:USDC,3461706.0000000005,8.48e-06,82.9155
2026-04-10T05:00:00+00:00,hyperliquid,SOL/USDC:USDC,3471932.0199999996,-1.1403e-06,83.2575
2026-04-10T06:00:00+00:00,hyperliquid,SOL/USDC:USDC,3466422.439999999,-3.7941e-06,83.3035
2026-04-10T07:00:00+00:00,hyperliquid,SOL/USDC:USDC,3489444.3400000003,-1.00086e-05,83.1395
2026-04-10T08:00:00+00:00,hyperliquid,SOL/USDC:USDC,3514121.399999998,-2.3421e-06,82.9205
2026-04-10T09:00:00+00:00,hyperliquid,SOL/USDC:USDC,3508062.58,6.006e-07,82.9345
2026-04-10T10:00:00+00:00,hyperliquid,SOL/USDC:USDC,3485344.3000000007,1.25e-05,83.4775
2026-04-10T11:00:00+00:00,hyperliquid,SOL/USDC:USDC,3483691.22,-5.4031e-06,83.3635
2026-04-10T12:00:00+00:00,hyperliquid,SOL/USDC:USDC,3493811.5600000005,1.25e-05,83.5795
2026-04-10T13:00:00+00:00,hyperliquid,SOL/USDC:USDC,3473544.7399999984,-6.0998e-06,84.0665
2026-04-10T14:00:00+00:00,hyperliquid,SOL/USDC:USDC,3508388.340000003,-6.4885e-06,84.2005
2026-04-10T15:00:00+00:00,hyperliquid,SOL/USDC:USDC,3575626.060000002,-2.6812e-06,85.1605
2026-04-10T16:00:00+00:00,hyperliquid,SOL/USDC:USDC,3660747.72,-2.62984e-05,84.1385
2026-04-10T17:00:00+00:00,hyperliquid,SOL/USDC:USDC,3641526.4400000037,-5.6276e-06,84.6885
2026-04-10T18:00:00+00:00,hyperliquid,SOL/USDC:USDC,3633858.5199999986,2.409e-07,84.7785
2026-04-10T19:00:00+00:00,hyperliquid,SOL/USDC:USDC,3572111.9200000023,8.1019e-06,85.1455
2026-04-10T20:00:00+00:00,hyperliquid,SOL/USDC:USDC,3523556.439999998,1.25e-05,85.4095
2026-04-10T21:00:00+00:00,hyperliquid,SOL/USDC:USDC,3569227.0000000005,1.25e-05,85.3555
2026-04-10T22:00:00+00:00,hyperliquid,SOL/USDC:USDC,3558302.9600000004,1.13928e-05,85.0895
2026-04-10T23:00:00+00:00,hyperliquid,SOL/USDC:USDC,3500583.700000002,1.21915e-05,84.7855
2026-04-11T00:00:00+00:00,hyperliquid,SOL/USDC:USDC,3499250.8000000035,1.25e-05,84.7265
2026-04-11T01:00:00+00:00,hyperliquid,SOL/USDC:USDC,3490161.2200000025,1.25e-05,84.6005
2026-04-11T02:00:00+00:00,hyperliquid,SOL/USDC:USDC,3488826.080000001,1.24027e-05,84.5885
2026-04-11T03:00:00+00:00,hyperliquid,SOL/USDC:USDC,3482068.4200000013,1.25e-05,84.7885
2026-04-11T04:00:00+00:00,hyperliquid,SOL/USDC:USDC,3477609.6800000006,1.11122e-05,84.3995
2026-04-11T05:00:00+00:00,hyperliquid,SOL/USDC:USDC,3461891.880000003,6.5969e-06,84.3475
2026-04-11T06:00:00+00:00,hyperliquid,SOL/USDC:USDC,3458954.1000000034,-9.2221e-06,83.9635
2026-04-11T07:00:00+00:00,hyperliquid,SOL/USDC:USDC,3437904.020000002,-9.8371e-06,84.0355
2026-04-11T08:00:00+00:00,hyperliquid,SOL/USDC:USDC,3466556.4600000023,-1.73198e-05,84.1695
2026-04-11T09:00:00+00:00,hyperliquid,SOL/USDC:USDC,3464737.380000001,-4.518e-06,84.1565
2026-04-11T10:00:00+00:00,hyperliquid,SOL/USDC:USDC,3478070.8600000003,-6.6272e-06,84.4705
2026-04-11T11:00:00+00:00,hyperliquid,SOL/USDC:USDC,3459652.5200000005,1.11158e-05,83.9985
2026-04-11T12:00:00+00:00,hyperliquid,SOL/USDC:USDC,3429796.1599999988,3.3537e-06,84.1245
2026-04-11T13:00:00+00:00,hyperliquid,SOL/USDC:USDC,3431293.36,1.01829e-05,84.0695
2026-04-11T14:00:00+00:00,hyperliquid,SOL/USDC:USDC,3435312.94,3.7536e-06,84.0825
2026-04-11T15:00:00+00:00,hyperliquid,SOL/USDC:USDC,3447956.2199999997,-1.9282e-06,84.2655
2026-04-11T16:00:00+00:00,hyperliquid,SOL/USDC:USDC,3475181.160000002,-7.923e-06,84.6695
2026-04-11T17:00:00+00:00,hyperliquid,SOL/USDC:USDC,3484354.6400000015,1.23217e-05,84.9385
2026-04-11T18:00:00+00:00,hyperliquid,SOL/USDC:USDC,3470879.1200000006,7.9443e-06,84.7285
2026-04-11T19:00:00+00:00,hyperliquid,SOL/USDC:USDC,3473468.639999999,1.25e-05,85.3985
2026-04-11T20:00:00+00:00,hyperliquid,SOL/USDC:USDC,3534795.080000003,6.5928e-06,85.6965
2026-04-11T21:00:00+00:00,hyperliquid,SOL/USDC:USDC,3510272.24,1.25e-05,85.2795
2026-04-11T22:00:00+00:00,hyperliquid,SOL/USDC:USDC,3503093.540000001,1.25e-05,85.2575
2026-04-11T23:00:00+00:00,hyperliquid,SOL/USDC:USDC,3464391.1800000006,1.01555e-05,85.0995
2026-04-12T00:00:00+00:00,hyperliquid,SOL/USDC:USDC,3430150.559999998,1.25e-05,84.8765
2026-04-12T01:00:00+00:00,hyperliquid,SOL/USDC:USDC,3443774.700000002,9.5128e-06,84.9105
2026-04-12T02:00:00+00:00,hyperliquid,SOL/USDC:USDC,3550918.6999999993,-1.79565e-05,82.1305
2026-04-12T03:00:00+00:00,hyperliquid,SOL/USDC:USDC,3533161.4200000013,-1.05261e-05,82.6575
2026-04-12T04:00:00+00:00,hyperliquid,SOL/USDC:USDC,3508197.84,-1.63511e-05,82.3335
2026-04-12T05:00:00+00:00,hyperliquid,SOL/USDC:USDC,3479715.8000000003,-1.1655e-05,82.2285
2026-04-12T06:00:00+00:00,hyperliquid,SOL/USDC:USDC,3468853.0999999996,-1.844e-05,82.3445
2026-04-12T07:00:00+00:00,hyperliquid,SOL/USDC:USDC,3479105.8599999994,-2.15775e-05,82.2265
2026-04-12T08:00:00+00:00,hyperliquid,SOL/USDC:USDC,3468291.320000001,-2.04822e-05,82.2105
2026-04-12T09:00:00+00:00,hyperliquid,SOL/USDC:USDC,3471512.0000000005,-2.79269e-05,82.2195
2026-04-12T10:00:00+00:00,hyperliquid,SOL/USDC:USDC,3471119.100000001,-2.82305e-05,82.1295
2026-04-12T11:00:00+00:00,hyperliquid,SOL/USDC:USDC,3417779.000000001,-1.1745e-05,82.0205
2026-04-12T12:00:00+00:00,hyperliquid,SOL/USDC:USDC,3418435.4200000027,-1.50647e-05,82.1625
2026-04-12T13:00:00+00:00,hyperliquid,SOL/USDC:USDC,3415794.2800000026,-3.827e-06,81.9595
2026-04-12T14:00:00+00:00,hyperliquid,SOL/USDC:USDC,3418164.4400000004,-1.40978e-05,81.9535
2026-04-12T15:00:00+00:00,hyperliquid,SOL/USDC:USDC,3422573.5199999996,-3.4933e-06,81.5835
2026-04-12T16:00:00+00:00,hyperliquid,SOL/USDC:USDC,3426050.5399999977,1.2031e-06,81.5385
2026-04-12T17:00:00+00:00,hyperliquid,SOL/USDC:USDC,3408138.739999999,-3.7323e-06,81.7895
2026-04-12T18:00:00+00:00,hyperliquid,SOL/USDC:USDC,3413139.619999997,1.07371e-05,82.1045
2026-04-12T19:00:00+00:00,hyperliquid,SOL/USDC:USDC,3400440.6999999993,-4.6918e-06,82.1125
2026-04-12T20:00:00+00:00,hyperliquid,SOL/USDC:USDC,3388570.079999999,-8.825e-07,81.9845
2026-04-12T21:00:00+00:00,hyperliquid,SOL/USDC:USDC,3413319.5000000005,6.3113e-06,82.6595
2026-04-12T22:00:00+00:00,hyperliquid,SOL/USDC:USDC,3390284.9399999985,1.25e-05,82.0765
2026-04-12T23:00:00+00:00,hyperliquid,SOL/USDC:USDC,3334617.560000002,1.16297e-05,81.6895
2026-04-13T00:00:00+00:00,hyperliquid,SOL/USDC:USDC,3372481.160000003,-3.7707e-06,81.4675
2026-04-13T01:00:00+00:00,hyperliquid,SOL/USDC:USDC,3356101.6199999982,8.683e-07,82.1145
2026-04-13T02:00:00+00:00,hyperliquid,SOL/USDC:USDC,3353337.420000001,-1.58853e-05,82.3305
2026-04-13T03:00:00+00:00,hyperliquid,SOL/USDC:USDC,3367676.8800000018,-2.10826e-05,81.8105
2026-04-13T04:00:00+00:00,hyperliquid,SOL/USDC:USDC,3397092.920000001,-6.192e-06,81.9145
2026-04-13T05:00:00+00:00,hyperliquid,SOL/USDC:USDC,3395621.8400000012,-1.24827e-05,81.8865
2026-04-13T06:00:00+00:00,hyperliquid,SOL/USDC:USDC,3467800.539999998,-1.96506e-05,81.8635
2026-04-13T07:00:00+00:00,hyperliquid,SOL/USDC:USDC,3384857.34,-4.0773e-06,82.3055
2026-04-13T08:00:00+00:00,hyperliquid,SOL/USDC:USDC,3382607.1999999993,1.9176e-06,82.1565
2026-04-13T09:00:00+00:00,hyperliquid,SOL/USDC:USDC,3374184.7199999993,-1.14354e-05,82.1225
2026-04-13T10:00:00+00:00,hyperliquid,SOL/USDC:USDC,3373109.619999999,-1.00355e-05,81.8325
2026-04-13T11:00:00+00:00,hyperliquid,SOL/USDC:USDC,3369431.36,-9.5296e-06,81.6995
2026-04-13T12:00:00+00:00,hyperliquid,SOL/USDC:USDC,3363310.8599999994,-4.4369e-06,81.8295
2026-04-13T13:00:00+00:00,hyperliquid,SOL/USDC:USDC,3357257.739999998,1.25e-05,82.6455
2026-04-13T14:00:00+00:00,hyperliquid,SOL/USDC:USDC,3349556.5999999996,1.25e-05,83.4105
2026-04-13T15:00:00+00:00,hyperliquid,SOL/USDC:USDC,3399084.900000001,1.25e-05,83.3605
2026-04-13T16:00:00+00:00,hyperliquid,SOL/USDC:USDC,3415925.1200000057,1.25e-05,82.5465
2026-04-13T17:00:00+00:00,hyperliquid,SOL/USDC:USDC,3586008.9200000004,1.25e-05,83.3215
2026-04-13T18:00:00+00:00,hyperliquid,SOL/USDC:USDC,3510885.319999998,1.25e-05,82.9755
2026-04-13T19:00:00+00:00,hyperliquid,SOL/USDC:USDC,3512387.319999996,1.25e-05,83.1055
2026-04-13T20:00:00+00:00,hyperliquid,SOL/USDC:USDC,3572354.359999996,6.664e-06,84.0895
2026-04-13T21:00:00+00:00,hyperliquid,SOL/USDC:USDC,3512058.179999997,8.5455e-06,83.8565
2026-04-13T22:00:00+00:00,hyperliquid,SOL/USDC:USDC,3500856.059999998,7.2283e-06,83.9725
2026-04-13T23:00:00+00:00,hyperliquid,SOL/USDC:USDC,3476736.120000001,1.25e-05,86.038
2026-04-14T00:00:00+00:00,hyperliquid,SOL/USDC:USDC,3525803.779999999,1.25e-05,86.5955
2026-04-14T01:00:00+00:00,hyperliquid,SOL/USDC:USDC,3446704.0399999977,1.25e-05,85.8135
2026-04-14T02:00:00+00:00,hyperliquid,SOL/USDC:USDC,3403163.5,1.25e-05,85.8565
2026-04-14T03:00:00+00:00,hyperliquid,SOL/USDC:USDC,3404205.5399999986,1.25e-05,86.1715
2026-04-14T04:00:00+00:00,hyperliquid,SOL/USDC:USDC,3387573.339999999,1.25e-05,85.9105
2026-04-14T05:00:00+00:00,hyperliquid,SOL/USDC:USDC,3394997.699999999,1.25e-05,85.7845
2026-04-14T06:00:00+00:00,hyperliquid,SOL/USDC:USDC,3402216.34,1.25e-05,85.5775
2026-04-14T07:00:00+00:00,hyperliquid,SOL/USDC:USDC,3406406.1399999964,1.25e-05,85.932
2026-04-14T08:00:00+00:00,hyperliquid,SOL/USDC:USDC,3441479.1199999996,1.25e-05,85.7225
2026-04-14T09:00:00+00:00,hyperliquid,SOL/USDC:USDC,3452559.320000001,1.25e-05,86.1225
2026-04-14T10:00:00+00:00,hyperliquid,SOL/USDC:USDC,3448928.619999997,6.2117e-06,86.0675
2026-04-14T11:00:00+00:00,hyperliquid,SOL/USDC:USDC,3454377.8599999934,7.7469e-06,85.8845
2026-04-14T12:00:00+00:00,hyperliquid,SOL/USDC:USDC,3445324.56,9.6152e-06,85.7985
2026-04-14T13:00:00+00:00,hyperliquid,SOL/USDC:USDC,3430361.8200000064,1.25e-05,86.1225
2026-04-14T14:00:00+00:00,hyperliquid,SOL/USDC:USDC,3490284.180000002,1.25e-05,87.0745
2026-04-14T15:00:00+00:00,hyperliquid,SOL/USDC:USDC,3495161.1199999996,-1.01966e-05,85.9645
2026-04-14T16:00:00+00:00,hyperliquid,SOL/USDC:USDC,3526900.739999998,-5.4853e-06,86.0085
2026-04-14T17:00:00+00:00,hyperliquid,SOL/USDC:USDC,3509553.6,-2.49354e-05,84.8605
2026-04-14T18:00:00+00:00,hyperliquid,SOL/USDC:USDC,3442920.579999999,-1.11579e-05,85.2445
2026-04-14T19:00:00+00:00,hyperliquid,SOL/USDC:USDC,3412110.1799999983,-1.88774e-05,84.1415
2026-04-14T20:00:00+00:00,hyperliquid,SOL/USDC:USDC,3399938.84,-1.71397e-05,84.0395
2026-04-14T21:00:00+00:00,hyperliquid,SOL/USDC:USDC,3390957.7199999997,-1.55547e-05,83.5675
2026-04-14T22:00:00+00:00,hyperliquid,SOL/USDC:USDC,3415144.6400000006,-9.0907e-06,83.7395
2026-04-14T23:00:00+00:00,hyperliquid,SOL/USDC:USDC,3400266.0000000005,-5.2384e-06,83.5195
2026-04-15T00:00:00+00:00,hyperliquid,SOL/USDC:USDC,3403216.3800000013,-2.2493e-06,83.7325
2026-04-15T01:00:00+00:00,hyperliquid,SOL/USDC:USDC,3428320.3000000007,-1.00855e-05,83.6255
2026-04-15T02:00:00+00:00,hyperliquid,SOL/USDC:USDC,3424795.339999996,-5.9243e-06,83.8685
2026-04-15T03:00:00+00:00,hyperliquid,SOL/USDC:USDC,3401821.699999998,-2.0668e-05,83.2665
2026-04-15T04:00:00+00:00,hyperliquid,SOL/USDC:USDC,3408424.340000001,-1.19565e-05,83.5695
2026-04-15T05:00:00+00:00,hyperliquid,SOL/USDC:USDC,3411283.1599999988,-1.19253e-05,83.6555
2026-04-15T06:00:00+00:00,hyperliquid,SOL/USDC:USDC,3403190.0800000015,-1.70406e-05,82.9615
2026-04-15T07:00:00+00:00,hyperliquid,SOL/USDC:USDC,3395544.840000001,-1.16279e-05,82.9625
2026-04-15T08:00:00+00:00,hyperliquid,SOL/USDC:USDC,3379031.8200000008,-9.8877e-06,82.8125
2026-04-15T09:00:00+00:00,hyperliquid,SOL/USDC:USDC,3382088.4800000014,-9.0798e-06,83.0445
2026-04-15T10:00:00+00:00,hyperliquid,SOL/USDC:USDC,3388975.859999998,-7.7027e-06,83.1645
2026-04-15T11:00:00+00:00,hyperliquid,SOL/USDC:USDC,3403147.480000002,-3.7538e-06,83.1055
2026-04-15T12:00:00+00:00,hyperliquid,SOL/USDC:USDC,3426923.440000001,5.435e-07,83.5635
2026-04-15T13:00:00+00:00,hyperliquid,SOL/USDC:USDC,3434111.080000001,-1.8041e-06,83.4825
2026-04-15T14:00:00+00:00,hyperliquid,SOL/USDC:USDC,3452198.099999997,-9.2194e-06,83.5255
2026-04-15T15:00:00+00:00,hyperliquid,SOL/USDC:USDC,3432229.1200000006,1.25e-05,84.4095
2026-04-15T16:00:00+00:00,hyperliquid,SOL/USDC:USDC,3415055.04,1.19809e-05,84.0825
2026-04-15T17:00:00+00:00,hyperliquid,SOL/USDC:USDC,3432441.6799999983,1.25e-05,84.6525
2026-04-15T18:00:00+00:00,hyperliquid,SOL/USDC:USDC,3540652.9799999977,4.8587e-06,84.7025
2026-04-15T19:00:00+00:00,hyperliquid,SOL/USDC:USDC,3574094.299999997,1.25e-05,85.0415
2026-04-15T20:00:00+00:00,hyperliquid,SOL/USDC:USDC,3524929.080000002,1.25e-05,85.2795
2026-04-15T21:00:00+00:00,hyperliquid,SOL/USDC:USDC,3454976.06,1.25e-05,84.6995
2026-04-15T22:00:00+00:00,hyperliquid,SOL/USDC:USDC,3482107.56,1.25e-05,84.8975
2026-04-15T23:00:00+00:00,hyperliquid,SOL/USDC:USDC,3497195.1600000006,3.6759e-06,84.7965
2026-04-16T00:00:00+00:00,hyperliquid,SOL/USDC:USDC,3488377.5999999978,7.4514e-06,84.7075
2026-04-16T01:00:00+00:00,hyperliquid,SOL/USDC:USDC,3526223.240000002,1.25e-05,84.7735
2026-04-16T02:00:00+00:00,hyperliquid,SOL/USDC:USDC,3516786.56,-1.2228e-06,84.7985
2026-04-16T03:00:00+00:00,hyperliquid,SOL/USDC:USDC,3530119.459999998,6.2533e-06,85.1645
2026-04-16T04:00:00+00:00,hyperliquid,SOL/USDC:USDC,3539188.5400000014,-8.269e-07,85.1185
2026-04-16T05:00:00+00:00,hyperliquid,SOL/USDC:USDC,3553497.9399999995,-8.9038e-06,85.1935
2026-04-16T06:00:00+00:00,hyperliquid,SOL/USDC:USDC,3563342.5600000005,-4.7034e-06,85.3715
2026-04-16T07:00:00+00:00,hyperliquid,SOL/USDC:USDC,3555453.32,-3.3865e-06,85.4655
2026-04-16T08:00:00+00:00,hyperliquid,SOL/USDC:USDC,3582607.219999998,-1.52198e-05,85.0985
2026-04-16T09:00:00+00:00,hyperliquid,SOL/USDC:USDC,3571101.699999999,-2.8092e-06,85.0655
2026-04-16T10:00:00+00:00,hyperliquid,SOL/USDC:USDC,3597880.179999998,-1.71756e-05,85.0815
2026-04-16T11:00:00+00:00,hyperliquid,SOL/USDC:USDC,3611033.7800000003,-1.42197e-05,84.9985
2026-04-16T12:00:00+00:00,hyperliquid,SOL/USDC:USDC,3648700.1400000025,-9.6768e-06,85.2395
2026-04-16T13:00:00+00:00,hyperliquid,SOL/USDC:USDC,3651708.9999999977,-8.1197e-06,85.3435
2026-04-16T14:00:00+00:00,hyperliquid,SOL/USDC:USDC,3603073.019999995,-1.36432e-05,84.6295
2026-04-16T15:00:00+00:00,hyperliquid,SOL/USDC:USDC,3570266.1000000043,1.25e-05,85.4295
2026-04-16T16:00:00+00:00,hyperliquid,SOL/USDC:USDC,3679703.9599999976,-7.404e-06,86.745
2026-04-16T17:00:00+00:00,hyperliquid,SOL/USDC:USDC,3688731.219999997,-1.76723e-05,85.9565
2026-04-16T18:00:00+00:00,hyperliquid,SOL/USDC:USDC,3747964.62,-2.21976e-05,86.8695
2026-04-16T19:00:00+00:00,hyperliquid,SOL/USDC:USDC,3770937.48,7.4253e-06,88.9795
2026-04-16T20:00:00+00:00,hyperliquid,SOL/USDC:USDC,3729257.3200000008,-6.8015e-06,89.9165
2026-04-16T21:00:00+00:00,hyperliquid,SOL/USDC:USDC,3803947.600000003,-1.05936e-05,89.37
2026-04-16T22:00:00+00:00,hyperliquid,SOL/USDC:USDC,3800446.919999999,1.9069e-06,89.1945
2026-04-16T23:00:00+00:00,hyperliquid,SOL/USDC:USDC,3812574.0599999996,1.25e-05,88.9045
2026-04-17T00:00:00+00:00,hyperliquid,SOL/USDC:USDC,3771663.679999998,1.25e-05,89.0825
2026-04-17T01:00:00+00:00,hyperliquid,SOL/USDC:USDC,3752910.5799999987,1.25e-05,88.8125
2026-04-17T02:00:00+00:00,hyperliquid,SOL/USDC:USDC,3777806.0200000005,1.25e-05,88.2465
2026-04-17T03:00:00+00:00,hyperliquid,SOL/USDC:USDC,3769777.6400000006,1.25e-05,87.7695
2026-04-17T04:00:00+00:00,hyperliquid,SOL/USDC:USDC,3764595.2400000026,1.25e-05,87.7515
2026-04-17T05:00:00+00:00,hyperliquid,SOL/USDC:USDC,3737756.7000000016,7.3836e-06,87.8425
2026-04-17T06:00:00+00:00,hyperliquid,SOL/USDC:USDC,3718638.920000002,1.13948e-05,87.4095
2026-04-17T07:00:00+00:00,hyperliquid,SOL/USDC:USDC,3713300.3800000004,1.25e-05,88.1805
2026-04-17T08:00:00+00:00,hyperliquid,SOL/USDC:USDC,3731968.8800000013,1.25e-05,88.1765
2026-04-17T09:00:00+00:00,hyperliquid,SOL/USDC:USDC,3768150.7200000035,1.25e-05,88.8375
2026-04-17T10:00:00+00:00,hyperliquid,SOL/USDC:USDC,3791414.8599999994,2.0225e-06,88.5805
2026-04-17T11:00:00+00:00,hyperliquid,SOL/USDC:USDC,3956062.5799999996,1.25e-05,87.7185
2026-04-17T12:00:00+00:00,hyperliquid,SOL/USDC:USDC,3961072.2200000025,1.25e-05,88.2015
2026-04-17T13:00:00+00:00,hyperliquid,SOL/USDC:USDC,3967439.9800000004,1.25e-05,88.6405
2026-04-17T14:00:00+00:00,hyperliquid,SOL/USDC:USDC,3965453.959999997,1.25e-05,89.896
2026-04-17T15:00:00+00:00,hyperliquid,SOL/USDC:USDC,3901873.559999997,1.25e-05,89.7905
2026-04-17T16:00:00+00:00,hyperliquid,SOL/USDC:USDC,3881972.9999999963,1.02207e-05,90.1295
2026-04-17T17:00:00+00:00,hyperliquid,SOL/USDC:USDC,3896874.9000000004,1.25e-05,90.2705
2026-04-17T18:00:00+00:00,hyperliquid,SOL/USDC:USDC,3892648.2399999993,-1.5245e-05,89.5035
2026-04-17T19:00:00+00:00,hyperliquid,SOL/USDC:USDC,3874883.580000001,-1.8985e-05,89.1505
2026-04-17T20:00:00+00:00,hyperliquid,SOL/USDC:USDC,3833116.52,-2.2418e-05,89.1905
2026-04-17T21:00:00+00:00,hyperliquid,SOL/USDC:USDC,3780074.540000001,-4.5841e-06,89.1245
2026-04-17T22:00:00+00:00,hyperliquid,SOL/USDC:USDC,3799516.5400000014,-1.23311e-05,89.1175
2026-04-17T23:00:00+00:00,hyperliquid,SOL/USDC:USDC,3828836.500000001,-1.05228e-05,89.0445
2026-04-18T00:00:00+00:00,hyperliquid,SOL/USDC:USDC,3800398.1799999997,-1.36696e-05,88.8535
2026-04-18T01:00:00+00:00,hyperliquid,SOL/USDC:USDC,3816573.0999999996,-2.09579e-05,88.8325
2026-04-18T02:00:00+00:00,hyperliquid,SOL/USDC:USDC,3811622.799999999,-2.36577e-05,88.6765
2026-04-18T03:00:00+00:00,hyperliquid,SOL/USDC:USDC,3803371.980000002,-1.30014e-05,88.7565
2026-04-18T04:00:00+00:00,hyperliquid,SOL/USDC:USDC,3789870.080000004,-5.9232e-06,88.3535
2026-04-18T05:00:00+00:00,hyperliquid,SOL/USDC:USDC,3782590.96,-5.284e-07,88.3825
2026-04-18T06:00:00+00:00,hyperliquid,SOL/USDC:USDC,3786467.5600000015,-1.42712e-05,88.4265
2026-04-18T07:00:00+00:00,hyperliquid,SOL/USDC:USDC,3780167.6000000006,-1.95966e-05,88.4415
2026-04-18T08:00:00+00:00,hyperliquid,SOL/USDC:USDC,3784630.859999999,-1.53245e-05,88.2365
2026-04-18T09:00:00+00:00,hyperliquid,SOL/USDC:USDC,3696389.379999998,6.9365e-06,87.3685
2026-04-18T10:00:00+00:00,hyperliquid,SOL/USDC:USDC,3737527.5599999973,-1.87897e-05,87.2635
2026-04-18T11:00:00+00:00,hyperliquid,SOL/USDC:USDC,3795709.5799999963,-6.1697e-06,86.7805
2026-04-18T12:00:00+00:00,hyperliquid,SOL/USDC:USDC,3771382.960000001,1.25e-05,86.7915
2026-04-18T13:00:00+00:00,hyperliquid,SOL/USDC:USDC,3790544.3400000012,1.25e-05,86.9145
2026-04-18T14:00:00+00:00,hyperliquid,SOL/USDC:USDC,3806050.4799999995,1.25e-05,86.6925
2026-04-18T15:00:00+00:00,hyperliquid,SOL/USDC:USDC,3810303.8400000012,6.9756e-06,86.8495
2026-04-18T16:00:00+00:00,hyperliquid,SOL/USDC:USDC,3817902.7599999993,1.25e-05,86.6285
2026-04-18T17:00:00+00:00,hyperliquid,SOL/USDC:USDC,3823222.800000001,4.6879e-06,86.6455
2026-04-18T18:00:00+00:00,hyperliquid,SOL/USDC:USDC,3884997.4000000013,1.25e-05,86.5915
2026-04-18T19:00:00+00:00,hyperliquid,SOL/USDC:USDC,3831329.140000002,1.25e-05,86.1855
2026-04-18T20:00:00+00:00,hyperliquid,SOL/USDC:USDC,3786094.1600000006,4.5013e-06,86.051
2026-04-18T21:00:00+00:00,hyperliquid,SOL/USDC:USDC,3760944.960000001,4.6258e-06,86.197
2026-04-18T22:00:00+00:00,hyperliquid,SOL/USDC:USDC,3763445.1199999996,-4.312e-07,86.0655
2026-04-18T23:00:00+00:00,hyperliquid,SOL/USDC:USDC,3789359.7999999993,1.23983e-05,86.3175
2026-04-19T00:00:00+00:00,hyperliquid,SOL/USDC:USDC,3768331.779999996,1.25e-05,86.1765
2026-04-19T01:00:00+00:00,hyperliquid,SOL/USDC:USDC,3748544.780000002,5.6245e-06,86.0885
2026-04-19T02:00:00+00:00,hyperliquid,SOL/USDC:USDC,3743648.9400000013,3.5279e-06,85.6225
2026-04-19T03:00:00+00:00,hyperliquid,SOL/USDC:USDC,3756410.4999999995,-1.1234e-06,85.4345
2026-04-19T04:00:00+00:00,hyperliquid,SOL/USDC:USDC,3749701.1200000006,-6.4741e-06,85.5855
2026-04-19T05:00:00+00:00,hyperliquid,SOL/USDC:USDC,3752516.1999999983,-1.06247e-05,85.4665
2026-04-19T06:00:00+00:00,hyperliquid,SOL/USDC:USDC,3757522.8200000017,-5.0689e-06,85.3845
2026-04-19T07:00:00+00:00,hyperliquid,SOL/USDC:USDC,3776001.5799999977,-1.32692e-05,85.3305
2026-04-19T08:00:00+00:00,hyperliquid,SOL/USDC:USDC,3750941.26,-2.0269e-06,84.8775
2026-04-19T09:00:00+00:00,hyperliquid,SOL/USDC:USDC,3753358.3199999984,-8.2084e-06,84.7605
2026-04-19T10:00:00+00:00,hyperliquid,SOL/USDC:USDC,3775436.3799999976,-4.0447e-06,84.5645
2026-04-19T11:00:00+00:00,hyperliquid,SOL/USDC:USDC,3779017.1199999982,-4.7667e-06,84.8045
2026-04-19T12:00:00+00:00,hyperliquid,SOL/USDC:USDC,3784452.5,-1.8595e-06,85.5615
2026-04-19T13:00:00+00:00,hyperliquid,SOL/USDC:USDC,3783869.5199999996,1.25e-05,85.9505
2026-04-19T14:00:00+00:00,hyperliquid,SOL/USDC:USDC,3777949.439999998,-1.911e-07,86.1705
2026-04-19T15:00:00+00:00,hyperliquid,SOL/USDC:USDC,3787924.660000001,7.3905e-06,86.2845
2026-04-19T16:00:00+00:00,hyperliquid,SOL/USDC:USDC,3795150.2000000025,1.23991e-05,86.2615
2026-04-19T17:00:00+00:00,hyperliquid,SOL/USDC:USDC,3803202.619999999,-8.8593e-06,85.7355
2026-04-19T18:00:00+00:00,hyperliquid,SOL/USDC:USDC,3804475.519999999,-2.0254e-06,85.1305
2026-04-19T19:00:00+00:00,hyperliquid,SOL/USDC:USDC,3827884.259999998,-8.6726e-06,85.2445
2026-04-19T20:00:00+00:00,hyperliquid,SOL/USDC:USDC,3790395.8000000003,-2.00689e-05,85.0655
2026-04-19T21:00:00+00:00,hyperliquid,SOL/USDC:USDC,3785730.84,-1.22172e-05,84.8935
2026-04-19T22:00:00+00:00,hyperliquid,SOL/USDC:USDC,3745508.6999999983,-1.41126e-05,84.392
2026-04-19T23:00:00+00:00,hyperliquid,SOL/USDC:USDC,3704231.499999996,-2.78002e-05,83.3885
2026-04-20T00:00:00+00:00,hyperliquid,SOL/USDC:USDC,3720725.8400000003,-3.63503e-05,83.3935
2026-04-20T01:00:00+00:00,hyperliquid,SOL/USDC:USDC,3611273.48,2.4452e-06,84.0765
2026-04-20T02:00:00+00:00,hyperliquid,SOL/USDC:USDC,3608333.5800000005,-1.46194e-05,84.1905
2026-04-20T03:00:00+00:00,hyperliquid,SOL/USDC:USDC,3655975.7400000007,-9.1642e-06,84.1955
2026-04-20T04:00:00+00:00,hyperliquid,SOL/USDC:USDC,3646601.060000001,-1.52338e-05,84.4575
2026-04-20T05:00:00+00:00,hyperliquid,SOL/USDC:USDC,3644361.179999999,-8.4261e-06,84.4165
2026-04-20T06:00:00+00:00,hyperliquid,SOL/USDC:USDC,3657613.74,-1.11332e-05,83.8225
2026-04-20T07:00:00+00:00,hyperliquid,SOL/USDC:USDC,3659498.6599999983,-6.3699e-06,84.4875
2026-04-20T08:00:00+00:00,hyperliquid,SOL/USDC:USDC,3611482.0399999986,-9.825e-07,84.5995
2026-04-20T09:00:00+00:00,hyperliquid,SOL/USDC:USDC,3616611.939999998,-1.17592e-05,84.5865
2026-04-20T10:00:00+00:00,hyperliquid,SOL/USDC:USDC,3614610.0799999987,4.5046e-06,85.1965
2026-04-20T11:00:00+00:00,hyperliquid,SOL/USDC:USDC,3606760.020000002,7.488e-07,84.8415
2026-04-20T12:00:00+00:00,hyperliquid,SOL/USDC:USDC,3611369.4999999995,-1.5106e-06,84.9135
2026-04-20T13:00:00+00:00,hyperliquid,SOL/USDC:USDC,3607715.3000000003,-4.0177e-06,85.1495
2026-04-20T14:00:00+00:00,hyperliquid,SOL/USDC:USDC,3610022.259999999,9.61e-08,85.1075
2026-04-20T15:00:00+00:00,hyperliquid,SOL/USDC:USDC,3637973.0399999972,-1.38796e-05,84.4935
2026-04-20T16:00:00+00:00,hyperliquid,SOL/USDC:USDC,3641539.140000002,3.0251e-06,85.5645
2026-04-20T17:00:00+00:00,hyperliquid,SOL/USDC:USDC,3612744.040000003,1.25e-05,85.3175
2026-04-20T18:00:00+00:00,hyperliquid,SOL/USDC:USDC,3583473.3400000012,1.25e-05,85.9995
2026-04-20T19:00:00+00:00,hyperliquid,SOL/USDC:USDC,3590550.1799999997,5.101e-07,85.9995
2026-04-20T20:00:00+00:00,hyperliquid,SOL/USDC:USDC,3574001.2999999984,2.5897e-06,85.8515
2026-04-20T21:00:00+00:00,hyperliquid,SOL/USDC:USDC,3548784.7599999993,8.4084e-06,85.9545
2026-04-20T22:00:00+00:00,hyperliquid,SOL/USDC:USDC,3555475.0999999987,-5.8994e-06,85.8295
2026-04-20T23:00:00+00:00,hyperliquid,SOL/USDC:USDC,3550450.9200000013,-2.7715e-06,85.3505
2026-04-21T00:00:00+00:00,hyperliquid,SOL/USDC:USDC,3581733.0800000005,-6.435e-07,85.3205
2026-04-21T01:00:00+00:00,hyperliquid,SOL/USDC:USDC,3556324.3000000003,9.9023e-06,85.5735
2026-04-21T02:00:00+00:00,hyperliquid,SOL/USDC:USDC,3644654.4999999986,-1.0134e-05,85.2205
2026-04-21T03:00:00+00:00,hyperliquid,SOL/USDC:USDC,3658369.9599999995,-3.725e-07,85.1385
2026-04-21T04:00:00+00:00,hyperliquid,SOL/USDC:USDC,3615995.939999999,3.6243e-06,85.1685
2026-04-21T05:00:00+00:00,hyperliquid,SOL/USDC:USDC,3614295.3200000017,-1.712e-07,85.4045
2026-04-21T06:00:00+00:00,hyperliquid,SOL/USDC:USDC,3601489.48,-7.9914e-06,85.5815
2026-04-21T07:00:00+00:00,hyperliquid,SOL/USDC:USDC,3595289.4000000013,-2.03843e-05,85.3875
2026-04-21T08:00:00+00:00,hyperliquid,SOL/USDC:USDC,3561630.36,1.25e-05,85.7005
2026-04-21T09:00:00+00:00,hyperliquid,SOL/USDC:USDC,3495114.6599999983,-1.3836e-05,85.6285
2026-04-21T10:00:00+00:00,hyperliquid,SOL/USDC:USDC,3499134.800000001,-3.3926e-06,85.8725
2026-04-21T11:00:00+00:00,hyperliquid,SOL/USDC:USDC,3507412.560000001,-4.554e-06,86.0115
2026-04-21T12:00:00+00:00,hyperliquid,SOL/USDC:USDC,3503735.6399999997,-4.9477e-06,85.8955
2026-04-21T13:00:00+00:00,hyperliquid,SOL/USDC:USDC,3506821.5400000014,4.9249e-06,85.4575
2026-04-21T14:00:00+00:00,hyperliquid,SOL/USDC:USDC,3478924.5999999987,2.4344e-06,85.6035
2026-04-21T15:00:00+00:00,hyperliquid,SOL/USDC:USDC,3469110.6799999997,8.1495e-06,85.6515
2026-04-21T16:00:00+00:00,hyperliquid,SOL/USDC:USDC,3467251.1799999997,5.6936e-06,86.0135
2026-04-21T17:00:00+00:00,hyperliquid,SOL/USDC:USDC,3503311.139999999,-3.2686e-06,85.7055
2026-04-21T18:00:00+00:00,hyperliquid,SOL/USDC:USDC,3522997.8799999985,9.775e-06,85.3235
2026-04-21T19:00:00+00:00,hyperliquid,SOL/USDC:USDC,3514410.340000002,1.25e-05,85.3605
2026-04-21T20:00:00+00:00,hyperliquid,SOL/USDC:USDC,3483525.7600000026,1.1612e-06,84.6145
2026-04-21T21:00:00+00:00,hyperliquid,SOL/USDC:USDC,3495979.2199999993,1.2871e-06,85.4245
2026-04-21T22:00:00+00:00,hyperliquid,SOL/USDC:USDC,3489718.680000002,1.1473e-06,85.1585
2026-04-21T23:00:00+00:00,hyperliquid,SOL/USDC:USDC,3489288.6600000025,6.5156e-06,85.595
2026-04-22T00:00:00+00:00,hyperliquid,SOL/USDC:USDC,3485346.460000001,1.25e-05,86.0425
2026-04-22T01:00:00+00:00,hyperliquid,SOL/USDC:USDC,3473650.339999997,1.25e-05,86.4495
2026-04-22T02:00:00+00:00,hyperliquid,SOL/USDC:USDC,3459860.479999999,1.25e-05,86.1905
2026-04-22T03:00:00+00:00,hyperliquid,SOL/USDC:USDC,3439555.399999999,5.4461e-06,87.3295
2026-04-22T04:00:00+00:00,hyperliquid,SOL/USDC:USDC,3410292.840000001,1.25e-05,87.2795
2026-04-22T05:00:00+00:00,hyperliquid,SOL/USDC:USDC,3407981.2199999997,5.6447e-06,86.9825
2026-04-22T06:00:00+00:00,hyperliquid,SOL/USDC:USDC,3409163.2599999974,3.971e-06,87.9975
2026-04-22T07:00:00+00:00,hyperliquid,SOL/USDC:USDC,3428366.2399999998,1.3342e-06,87.7875
2026-04-22T08:00:00+00:00,hyperliquid,SOL/USDC:USDC,3441633.0800000015,2.1774e-06,88.1255
2026-04-22T09:00:00+00:00,hyperliquid,SOL/USDC:USDC,3504803.019999997,8.367e-07,87.8705
2026-04-22T10:00:00+00:00,hyperliquid,SOL/USDC:USDC,3512116.319999998,1.25e-05,88.2075
2026-04-22T11:00:00+00:00,hyperliquid,SOL/USDC:USDC,3508612.86,1.25e-05,88.3325
2026-04-22T12:00:00+00:00,hyperliquid,SOL/USDC:USDC,3495533.779999999,1.25e-05,88.2795
2026-04-22T13:00:00+00:00,hyperliquid,SOL/USDC:USDC,3461264.359999998,1.19185e-05,88.5555
2026-04-22T14:00:00+00:00,hyperliquid,SOL/USDC:USDC,3457790.139999999,1.25e-05,89.1045
2026-04-22T15:00:00+00:00,hyperliquid,SOL/USDC:USDC,3473542.5799999996,3.9466e-06,88.4715
2026-04-22T16:00:00+00:00,hyperliquid,SOL/USDC:USDC,3479588.319999999,7.134e-07,88.2695
2026-04-22T17:00:00+00:00,hyperliquid,SOL/USDC:USDC,3464992.319999998,8.5065e-06,87.6805
2026-04-22T18:00:00+00:00,hyperliquid,SOL/USDC:USDC,3436161.7999999993,1.25e-05,87.8395
2026-04-22T19:00:00+00:00,hyperliquid,SOL/USDC:USDC,3423732.6600000006,-7.6312e-06,87.5475
2026-04-22T20:00:00+00:00,hyperliquid,SOL/USDC:USDC,3404748.579999999,7.6371e-06,87.4095
2026-04-22T21:00:00+00:00,hyperliquid,SOL/USDC:USDC,3416070.3400000003,1.03198e-05,87.1825
2026-04-22T22:00:00+00:00,hyperliquid,SOL/USDC:USDC,3478067.5200000005,1.25e-05,87.4915
2026-04-22T23:00:00+00:00,hyperliquid,SOL/USDC:USDC,3450190.6599999988,1.25e-05,87.2625
2026-04-23T00:00:00+00:00,hyperliquid,SOL/USDC:USDC,3440250.4400000004,1.25e-05,86.9325
2026-04-23T01:00:00+00:00,hyperliquid,SOL/USDC:USDC,3411718.2199999997,1.25e-05,86.7895
2026-04-23T02:00:00+00:00,hyperliquid,SOL/USDC:USDC,3413108.8600000003,4.8027e-06,86.3115
2026-04-23T03:00:00+00:00,hyperliquid,SOL/USDC:USDC,3403400.800000001,2.9039e-06,86.0095
2026-04-23T04:00:00+00:00,hyperliquid,SOL/USDC:USDC,3387845.02,5.545e-06,85.6535
2026-04-23T05:00:00+00:00,hyperliquid,SOL/USDC:USDC,3348504.94,1.25e-05,86.0405
2026-04-23T06:00:00+00:00,hyperliquid,SOL/USDC:USDC,3354288.100000001,1.25e-05,85.9155
2026-04-23T07:00:00+00:00,hyperliquid,SOL/USDC:USDC,3373185.7400000007,1.21055e-05,86.1155
2026-04-23T08:00:00+00:00,hyperliquid,SOL/USDC:USDC,3346561.980000001,1.25e-05,85.7895
2026-04-23T09:00:00+00:00,hyperliquid,SOL/USDC:USDC,3309706.6600000006,1.25e-05,85.6615
2026-04-23T10:00:00+00:00,hyperliquid,SOL/USDC:USDC,3329460.7799999993,1.17601e-05,85.5575
2026-04-23T11:00:00+00:00,hyperliquid,SOL/USDC:USDC,3339124.0200000005,1.25e-05,85.4125
2026-04-23T12:00:00+00:00,hyperliquid,SOL/USDC:USDC,3340411.699999999,1.25e-05,85.8845
2026-04-23T13:00:00+00:00,hyperliquid,SOL/USDC:USDC,3284985.72,9.723e-06,85.8915
2026-04-23T14:00:00+00:00,hyperliquid,SOL/USDC:USDC,3284692.720000001,1.01391e-05,85.6515
2026-04-23T15:00:00+00:00,hyperliquid,SOL/USDC:USDC,3276003.8800000004,1.25e-05,85.9375
2026-04-23T16:00:00+00:00,hyperliquid,SOL/USDC:USDC,3289597.08,1.25e-05,86.2895
2026-04-23T17:00:00+00:00,hyperliquid,SOL/USDC:USDC,3308485.640000001,7.4946e-06,85.5875
2026-04-23T18:00:00+00:00,hyperliquid,SOL/USDC:USDC,3407851.86,7.3765e-06,85.418
2026-04-23T19:00:00+00:00,hyperliquid,SOL/USDC:USDC,3384490.0399999977,-1.96243e-05,85.1285
2026-04-23T20:00:00+00:00,hyperliquid,SOL/USDC:USDC,3333419.6599999988,-2.10719e-05,85.454
2026-04-23T21:00:00+00:00,hyperliquid,SOL/USDC:USDC,3274397.7000000007,-3.27598e-05,85.4865
2026-04-23T22:00:00+00:00,hyperliquid,SOL/USDC:USDC,3270326.0399999986,-1.06474e-05,85.8805
2026-04-23T23:00:00+00:00,hyperliquid,SOL/USDC:USDC,3240288.3400000012,-1.66681e-05,85.8775
2026-04-24T00:00:00+00:00,hyperliquid,SOL/USDC:USDC,3239603.1400000006,-9.4803e-06,86.0765
2026-04-24T01:00:00+00:00,hyperliquid,SOL/USDC:USDC,3173976.860000001,-2.06742e-05,86.0205
2026-04-24T02:00:00+00:00,hyperliquid,SOL/USDC:USDC,3160685.659999999,-1.87423e-05,86.2425
2026-04-24T03:00:00+00:00,hyperliquid,SOL/USDC:USDC,3197639.459999999,-2.1739e-05,85.8305
2026-04-24T04:00:00+00:00,hyperliquid,SOL/USDC:USDC,3233508.659999999,3.4449e-06,85.5815
2026-04-24T05:00:00+00:00,hyperliquid,SOL/USDC:USDC,3242094.2800000003,1.25e-05,85.2365
2026-04-24T06:00:00+00:00,hyperliquid,SOL/USDC:USDC,3222205.3799999994,9.1855e-06,85.5875
2026-04-24T07:00:00+00:00,hyperliquid,SOL/USDC:USDC,3216917.2599999984,1.12192e-05,85.4505
2026-04-24T08:00:00+00:00,hyperliquid,SOL/USDC:USDC,3236070.7999999984,1.19049e-05,85.3925
2026-04-24T09:00:00+00:00,hyperliquid,SOL/USDC:USDC,3238101.2200000007,5.9001e-06,85.2285
2026-04-24T10:00:00+00:00,hyperliquid,SOL/USDC:USDC,3242159.9199999995,-6.599e-06,85.2655
2026-04-24T11:00:00+00:00,hyperliquid,SOL/USDC:USDC,3219056.6200000015,7.5564e-06,85.7835
2026-04-24T12:00:00+00:00,hyperliquid,SOL/USDC:USDC,3242793.4200000013,6.7023e-06,86.3205
2026-04-24T13:00:00+00:00,hyperliquid,SOL/USDC:USDC,3282605.800000005,-3.9271e-06,86.3835
2026-04-24T14:00:00+00:00,hyperliquid,SOL/USDC:USDC,3287905.9400000013,-1.44967e-05,85.8305
2026-04-24T15:00:00+00:00,hyperliquid,SOL/USDC:USDC,3281776.9599999986,-1.74887e-05,85.8875
2026-04-24T16:00:00+00:00,hyperliquid,SOL/USDC:USDC,3368996.0400000014,-1.20572e-05,86.3635
2026-04-24T17:00:00+00:00,hyperliquid,SOL/USDC:USDC,3382174.8200000008,-1.14244e-05,86.2905
2026-04-24T18:00:00+00:00,hyperliquid,SOL/USDC:USDC,3320784.8000000017,-1.59468e-05,86.3615
2026-04-24T19:00:00+00:00,hyperliquid,SOL/USDC:USDC,3263563.6399999973,-6.58945e-05,86.4315
2026-04-24T20:00:00+00:00,hyperliquid,SOL/USDC:USDC,3223178.9199999995,-1.62837e-05,86.3875
2026-04-24T21:00:00+00:00,hyperliquid,SOL/USDC:USDC,3200269.7200000007,-1.50319e-05,86.7535
2026-04-24T22:00:00+00:00,hyperliquid,SOL/USDC:USDC,3198303.0199999986,-1.56123e-05,86.3495
2026-04-24T23:00:00+00:00,hyperliquid,SOL/USDC:USDC,3218375.9999999986,-2.50014e-05,86.1285
2026-04-25T00:00:00+00:00,hyperliquid,SOL/USDC:USDC,3222078.3399999985,-1.50089e-05,86.1465
2026-04-25T01:00:00+00:00,hyperliquid,SOL/USDC:USDC,3206808.6,-4.309e-06,86.2415
2026-04-25T02:00:00+00:00,hyperliquid,SOL/USDC:USDC,3195053.280000001,-5.8539e-06,86.2475
2026-04-25T03:00:00+00:00,hyperliquid,SOL/USDC:USDC,3188552.8000000003,-1.76535e-05,86.2625
2026-04-25T04:00:00+00:00,hyperliquid,SOL/USDC:USDC,3176124.1400000006,-1.76117e-05,86.3925
2026-04-25T05:00:00+00:00,hyperliquid,SOL/USDC:USDC,3166006.7200000007,-1.69877e-05,86.1875
2026-04-25T06:00:00+00:00,hyperliquid,SOL/USDC:USDC,3177946.18,-1.34037e-05,86.2065
2026-04-25T07:00:00+00:00,hyperliquid,SOL/USDC:USDC,3198091.0799999996,2.1951e-06,86.3035
2026-04-25T08:00:00+00:00,hyperliquid,SOL/USDC:USDC,3210916.6400000006,-3.0661e-06,86.3245
2026-04-25T09:00:00+00:00,hyperliquid,SOL/USDC:USDC,3208580.9999999995,-1.04877e-05,86.5455
2026-04-25T10:00:00+00:00,hyperliquid,SOL/USDC:USDC,3206083.6799999997,4.1208e-06,86.6315
2026-04-25T11:00:00+00:00,hyperliquid,SOL/USDC:USDC,3196123.599999999,-1.36444e-05,86.5165
2026-04-25T12:00:00+00:00,hyperliquid,SOL/USDC:USDC,3148494.5199999986,-4.6265e-06,86.2825
2026-04-25T13:00:00+00:00,hyperliquid,SOL/USDC:USDC,3146664.9599999995,1.4575e-06,86.3565
2026-04-25T14:00:00+00:00,hyperliquid,SOL/USDC:USDC,3141492.099999999,-1.30238e-05,86.5665
2026-04-25T15:00:00+00:00,hyperliquid,SOL/USDC:USDC,3133652.3999999985,-6.094e-06,86.4175
2026-04-25T16:00:00+00:00,hyperliquid,SOL/USDC:USDC,3137379.3400000003,-9.1556e-06,86.1725
2026-04-25T17:00:00+00:00,hyperliquid,SOL/USDC:USDC,3144205.6799999992,-1.70019e-05,85.7885
2026-04-25T18:00:00+00:00,hyperliquid,SOL/USDC:USDC,3147827.399999997,-1.17449e-05,85.6975
2026-04-25T19:00:00+00:00,hyperliquid,SOL/USDC:USDC,3139953.7799999993,-8.339e-07,85.6085
2026-04-25T20:00:00+00:00,hyperliquid,SOL/USDC:USDC,3140439.2799999993,-4.124e-07,85.6245
2026-04-25T21:00:00+00:00,hyperliquid,SOL/USDC:USDC,3143922.7200000016,4.1141e-06,85.9375
2026-04-25T22:00:00+00:00,hyperliquid,SOL/USDC:USDC,3143348.2399999998,-5.616e-07,85.8545
2026-04-25T23:00:00+00:00,hyperliquid,SOL/USDC:USDC,3147033.940000002,-1.64308e-05,86.0175
2026-04-26T00:00:00+00:00,hyperliquid,SOL/USDC:USDC,3145919.48,-1.81478e-05,86.1195
2026-04-26T01:00:00+00:00,hyperliquid,SOL/USDC:USDC,3153110.7600000002,-8.1432e-06,85.9745
2026-04-26T02:00:00+00:00,hyperliquid,SOL/USDC:USDC,3149540.1199999996,-6.999e-07,85.9895
2026-04-26T03:00:00+00:00,hyperliquid,SOL/USDC:USDC,3151398.140000001,1.4504e-06,86.1555
2026-04-26T04:00:00+00:00,hyperliquid,SOL/USDC:USDC,3164836.92,-7.2123e-06,85.9485
2026-04-26T05:00:00+00:00,hyperliquid,SOL/USDC:USDC,3151557.88,1.09755e-05,86.3335
2026-04-26T06:00:00+00:00,hyperliquid,SOL/USDC:USDC,3127268.8999999994,1.25e-05,86.5175
2026-04-26T07:00:00+00:00,hyperliquid,SOL/USDC:USDC,3142989.9799999995,1.25e-05,86.4555
2026-04-26T08:00:00+00:00,hyperliquid,SOL/USDC:USDC,3141368.400000001,-5.651e-07,86.6025
2026-04-26T09:00:00+00:00,hyperliquid,SOL/USDC:USDC,3142481.279999999,-2.0232e-06,86.4895
2026-04-26T10:00:00+00:00,hyperliquid,SOL/USDC:USDC,3142566.0199999986,-6.8512e-06,86.4675
2026-04-26T11:00:00+00:00,hyperliquid,SOL/USDC:USDC,3145892.52,-7.1714e-06,86.4905
2026-04-26T12:00:00+00:00,hyperliquid,SOL/USDC:USDC,3147197.7199999983,1.1954e-05,86.4045
2026-04-26T13:00:00+00:00,hyperliquid,SOL/USDC:USDC,3157377.680000002,-1.48069e-05,85.9845
2026-04-26T14:00:00+00:00,hyperliquid,SOL/USDC:USDC,3157208.2400000007,-1.1557e-05,86.0375
2026-04-26T15:00:00+00:00,hyperliquid,SOL/USDC:USDC,3147183.26,-4.6713e-06,86.4205
2026-04-26T16:00:00+00:00,hyperliquid,SOL/USDC:USDC,3167414.8,-4.8465e-06,86.4785
2026-04-26T17:00:00+00:00,hyperliquid,SOL/USDC:USDC,3169995.92,-3.3296e-06,86.2855
2026-04-26T18:00:00+00:00,hyperliquid,SOL/USDC:USDC,3173829.3599999994,-1.4736e-06,86.4635
2026-04-26T19:00:00+00:00,hyperliquid,SOL/USDC:USDC,3144124.839999998,6.0179e-06,86.7725
2026-04-26T20:00:00+00:00,hyperliquid,SOL/USDC:USDC,3064687.0199999996,3.4448e-06,86.8295
2026-04-26T21:00:00+00:00,hyperliquid,SOL/USDC:USDC,3053538.3600000003,1.3194e-06,86.7785
2026-04-26T22:00:00+00:00,hyperliquid,SOL/USDC:USDC,3063979.220000003,1.3194e-06,86.9265
2026-04-26T23:00:00+00:00,hyperliquid,SOL/USDC:USDC,3069615.82,-4.4041e-06,86.6385
2026-04-27T00:00:00+00:00,hyperliquid,SOL/USDC:USDC,3072861.6999999993,5.088e-06,87.1095
2026-04-27T01:00:00+00:00,hyperliquid,SOL/USDC:USDC,3072554.500000003,1.25e-05,87.6455
2026-04-27T02:00:00+00:00,hyperliquid,SOL/USDC:USDC,3059595.1200000015,1.25e-05,87.7475
2026-04-27T03:00:00+00:00,hyperliquid,SOL/USDC:USDC,3030315.4799999986,1.25e-05,87.8075
2026-04-27T04:00:00+00:00,hyperliquid,SOL/USDC:USDC,3001723.0400000005,1.25e-05,87.7085
2026-04-27T05:00:00+00:00,hyperliquid,SOL/USDC:USDC,2995864.559999999,1.25e-05,87.3535
2026-04-27T06:00:00+00:00,hyperliquid,SOL/USDC:USDC,3017047.0999999996,6.9913e-06,85.8005
2026-04-27T07:00:00+00:00,hyperliquid,SOL/USDC:USDC,3012431.5200000023,1.172e-06,85.7085
2026-04-27T08:00:00+00:00,hyperliquid,SOL/USDC:USDC,3025089.319999999,5.1636e-06,85.2605
2026-04-27T09:00:00+00:00,hyperliquid,SOL/USDC:USDC,3018946.6999999997,-1.7814e-05,85.4705
2026-04-27T10:00:00+00:00,hyperliquid,SOL/USDC:USDC,3035457.9599999995,-1.65076e-05,85.3825
2026-04-27T11:00:00+00:00,hyperliquid,SOL/USDC:USDC,3042625.5599999987,4.6985e-06,85.1595
2026-04-27T12:00:00+00:00,hyperliquid,SOL/USDC:USDC,3048361.4999999986,-6.8206e-06,85.1045
2026-04-27T13:00:00+00:00,hyperliquid,SOL/USDC:USDC,3040417.0200000005,3.0009e-06,85.0575
2026-04-27T14:00:00+00:00,hyperliquid,SOL/USDC:USDC,3011421.5599999996,4.06e-08,85.0985
2026-04-27T15:00:00+00:00,hyperliquid,SOL/USDC:USDC,3039687.5599999987,-4.9149e-06,84.9255
2026-04-27T16:00:00+00:00,hyperliquid,SOL/USDC:USDC,3014472.459999996,-1.76118e-05,84.0275
2026-04-27T17:00:00+00:00,hyperliquid,SOL/USDC:USDC,3018182.6400000015,-4.504e-06,84.3335
2026-04-27T18:00:00+00:00,hyperliquid,SOL/USDC:USDC,3011278.4000000027,-7.037e-06,84.4865
2026-04-27T19:00:00+00:00,hyperliquid,SOL/USDC:USDC,3023361.4599999995,-3.8732e-06,84.5235
2026-04-27T20:00:00+00:00,hyperliquid,SOL/USDC:USDC,3054892.979999999,-1.76583e-05,84.1655
2026-04-27T21:00:00+00:00,hyperliquid,SOL/USDC:USDC,3070541.4399999855,-2.19125e-05,84.1345
2026-04-27T22:00:00+00:00,hyperliquid,SOL/USDC:USDC,3071070.340000001,-1.95545e-05,84.1715
2026-04-27T23:00:00+00:00,hyperliquid,SOL/USDC:USDC,3068779.96,-2.3265e-05,84.4555
2026-04-28T00:00:00+00:00,hyperliquid,SOL/USDC:USDC,3073206.1,-1.05106e-05,84.7155
2026-04-28T01:00:00+00:00,hyperliquid,SOL/USDC:USDC,3074836.7999999993,-1.70449e-05,84.7055
2026-04-28T02:00:00+00:00,hyperliquid,SOL/USDC:USDC,3084844.680000001,-1.63993e-05,84.3595
2026-04-28T03:00:00+00:00,hyperliquid,SOL/USDC:USDC,3153577.7400000007,2.1639e-06,84.0655
2026-04-28T04:00:00+00:00,hyperliquid,SOL/USDC:USDC,3148711.4400000004,-9.5285e-06,84.1245
2026-04-28T05:00:00+00:00,hyperliquid,SOL/USDC:USDC,3173435.4199999985,-3.0265e-06,84.0695
2026-04-28T06:00:00+00:00,hyperliquid,SOL/USDC:USDC,3171314.840000001,-3.8541e-06,84.1535
2026-04-28T07:00:00+00:00,hyperliquid,SOL/USDC:USDC,3160608.4200000004,-3.227e-06,83.8875
2026-04-28T08:00:00+00:00,hyperliquid,SOL/USDC:USDC,3149247.359999999,-1.26277e-05,83.9145
2026-04-28T09:00:00+00:00,hyperliquid,SOL/USDC:USDC,3152652.299999998,-1.0477e-06,83.8015
2026-04-28T10:00:00+00:00,hyperliquid,SOL/USDC:USDC,3165237.8800000018,3.0039e-06,83.7205
2026-04-28T11:00:00+00:00,hyperliquid,SOL/USDC:USDC,3164169.4000000004,-7.0364e-06,83.6855
2026-04-28T12:00:00+00:00,hyperliquid,SOL/USDC:USDC,3170718.2599999993,-2.19032e-05,83.3475
2026-04-28T13:00:00+00:00,hyperliquid,SOL/USDC:USDC,3198074.499999999,-8.125e-06,83.5905
2026-04-28T14:00:00+00:00,hyperliquid,SOL/USDC:USDC,3208890.5400000014,-1.4715e-06,83.3105
2026-04-28T15:00:00+00:00,hyperliquid,SOL/USDC:USDC,3211475.94,-8.8842e-06,83.3055
2026-04-28T16:00:00+00:00,hyperliquid,SOL/USDC:USDC,3233478.2800000007,1.00214e-05,83.4255
2026-04-28T17:00:00+00:00,hyperliquid,SOL/USDC:USDC,3325279.140000001,1.04014e-05,83.5555
2026-04-28T18:00:00+00:00,hyperliquid,SOL/USDC:USDC,3301551.8999999985,1.25e-05,83.6185
2026-04-28T19:00:00+00:00,hyperliquid,SOL/USDC:USDC,3301834.98,7.7857e-06,83.7625
2026-04-28T20:00:00+00:00,hyperliquid,SOL/USDC:USDC,3296927.3399999985,1.06706e-05,83.9135
2026-04-28T21:00:00+00:00,hyperliquid,SOL/USDC:USDC,3228474.0200000005,4.9503e-06,83.8815
2026-04-28T22:00:00+00:00,hyperliquid,SOL/USDC:USDC,3213002.2399999998,1.25e-05,83.7195
2026-04-28T23:00:00+00:00,hyperliquid,SOL/USDC:USDC,3206858.8999999994,8.719e-07,83.7045
2026-04-29T00:00:00+00:00,hyperliquid,SOL/USDC:USDC,3213002.920000001,1.25e-05,84.0815
2026-04-29T01:00:00+00:00,hyperliquid,SOL/USDC:USDC,3207600.5200000005,7.606e-06,84.0495
2026-04-29T02:00:00+00:00,hyperliquid,SOL/USDC:USDC,3187654.3,1.25e-05,84.0655
2026-04-29T03:00:00+00:00,hyperliquid,SOL/USDC:USDC,3185519.859999999,1.25e-05,84.0775
2026-04-29T04:00:00+00:00,hyperliquid,SOL/USDC:USDC,3178336.8199999994,1.25e-05,84.4925
2026-04-29T05:00:00+00:00,hyperliquid,SOL/USDC:USDC,3148582.920000001,1.25e-05,84.6915
2026-04-29T06:00:00+00:00,hyperliquid,SOL/USDC:USDC,3178199.7999999993,1.25e-05,84.8835
2026-04-29T07:00:00+00:00,hyperliquid,SOL/USDC:USDC,3150401.6799999992,1.25e-05,84.6365
2026-04-29T08:00:00+00:00,hyperliquid,SOL/USDC:USDC,3162882.799999999,9.7784e-06,84.6405
2026-04-29T09:00:00+00:00,hyperliquid,SOL/USDC:USDC,3166116.759999999,-9.5522e-06,84.4585
2026-04-29T10:00:00+00:00,hyperliquid,SOL/USDC:USDC,3104021.24,7.631e-07,85.3565
2026-04-29T11:00:00+00:00,hyperliquid,SOL/USDC:USDC,3071781.56,1.25e-05,85.0525
2026-04-29T12:00:00+00:00,hyperliquid,SOL/USDC:USDC,3068340.9599999986,1.10299e-05,84.7435
2026-04-29T13:00:00+00:00,hyperliquid,SOL/USDC:USDC,2993275.1599999988,-1.37857e-05,84.2005
2026-04-29T14:00:00+00:00,hyperliquid,SOL/USDC:USDC,2958067.1399999973,-2.28796e-05,83.7835
2026-04-29T15:00:00+00:00,hyperliquid,SOL/USDC:USDC,2946176.859999999,-2.49458e-05,83.6325
2026-04-29T16:00:00+00:00,hyperliquid,SOL/USDC:USDC,3226654.8599999985,1.25e-05,83.3625
2026-04-29T17:00:00+00:00,hyperliquid,SOL/USDC:USDC,3311048.6799999992,2.6128e-06,83.2595
2026-04-29T18:00:00+00:00,hyperliquid,SOL/USDC:USDC,3297705.42,9.691e-06,82.9555
2026-04-29T19:00:00+00:00,hyperliquid,SOL/USDC:USDC,3328337.1199999982,-3.8689e-06,82.1585
2026-04-29T20:00:00+00:00,hyperliquid,SOL/USDC:USDC,3346174.080000003,9.9783e-06,82.4795
2026-04-29T21:00:00+00:00,hyperliquid,SOL/USDC:USDC,3348574.82,3.5973e-06,82.6475
2026-04-29T22:00:00+00:00,hyperliquid,SOL/USDC:USDC,3344633.3799999994,9.5462e-06,82.8315
2026-04-29T23:00:00+00:00,hyperliquid,SOL/USDC:USDC,3350301.7399999993,1.25e-05,82.9795
2026-04-30T00:00:00+00:00,hyperliquid,SOL/USDC:USDC,3351521.600000001,1.25e-05,83.1805
2026-04-30T01:00:00+00:00,hyperliquid,SOL/USDC:USDC,3332237.799999998,1.25e-05,83.8125
2026-04-30T02:00:00+00:00,hyperliquid,SOL/USDC:USDC,3324845.6800000016,1.13315e-05,83.8805
2026-04-30T03:00:00+00:00,hyperliquid,SOL/USDC:USDC,3330476.6,-3.4771e-06,82.9875
2026-04-30T04:00:00+00:00,hyperliquid,SOL/USDC:USDC,3330205.1400000015,-2.4618e-06,82.9495
2026-04-30T05:00:00+00:00,hyperliquid,SOL/USDC:USDC,3309153.979999998,3.7463e-06,82.4635
2026-04-30T06:00:00+00:00,hyperliquid,SOL/USDC:USDC,3309921.379999999,3.31e-08,82.5675
2026-04-30T07:00:00+00:00,hyperliquid,SOL/USDC:USDC,3313621.6399999987,-8.402e-06,82.8945
2026-04-30T08:00:00+00:00,hyperliquid,SOL/USDC:USDC,3352074.880000001,-4.1683e-06,83.2225
2026-04-30T09:00:00+00:00,hyperliquid,SOL/USDC:USDC,3330602.62,1.25e-05,83.1305
2026-04-30T10:00:00+00:00,hyperliquid,SOL/USDC:USDC,3324646.699999999,1.12596e-05,83.1225
2026-04-30T11:00:00+00:00,hyperliquid,SOL/USDC:USDC,3330118.2799999993,1.12167e-05,82.9835
2026-04-30T12:00:00+00:00,hyperliquid,SOL/USDC:USDC,3326177.7,1.25e-05,83.0395
2026-04-30T13:00:00+00:00,hyperliquid,SOL/USDC:USDC,3328142.759999999,1.25e-05,83.2605
2026-04-30T14:00:00+00:00,hyperliquid,SOL/USDC:USDC,3339872.0399999954,1.25e-05,83.3345
2026-04-30T15:00:00+00:00,hyperliquid,SOL/USDC:USDC,3279018.819999999,2.014e-07,83.1395
2026-04-30T16:00:00+00:00,hyperliquid,SOL/USDC:USDC,3263514.5400000005,-1.6877e-06,83.2475
2026-04-30T17:00:00+00:00,hyperliquid,SOL/USDC:USDC,3273172.0999999987,-2.3457e-06,83.0065
2026-04-30T18:00:00+00:00,hyperliquid,SOL/USDC:USDC,3274244.5600000005,1.25e-05,83.2225
2026-04-30T19:00:00+00:00,hyperliquid,SOL/USDC:USDC,3274238.6999999997,8.0156e-06,83.0255
2026-04-30T20:00:00+00:00,hyperliquid,SOL/USDC:USDC,3263211.62,1.25e-05,83.0045
2026-04-30T21:00:00+00:00,hyperliquid,SOL/USDC:USDC,3261472.7399999993,1.25e-05,83.0985
2026-04-30T22:00:00+00:00,hyperliquid,SOL/USDC:USDC,3262033.58,1.25e-05,82.8375
2026-04-30T23:00:00+00:00,hyperliquid,SOL/USDC:USDC,3259521.94,1.25e-05,82.8655
2026-05-01T00:00:00+00:00,hyperliquid,SOL/USDC:USDC,3253439.6799999983,1.25e-05,83.2135
2026-05-01T01:00:00+00:00,hyperliquid,SOL/USDC:USDC,3253426.1999999997,6.096e-06,83.1855
2026-05-01T02:00:00+00:00,hyperliquid,SOL/USDC:USDC,3248774.2200000007,1.25e-05,83.5335
2026-05-01T03:00:00+00:00,hyperliquid,SOL/USDC:USDC,3250402.079999999,1.13296e-05,83.5455
2026-05-01T04:00:00+00:00,hyperliquid,SOL/USDC:USDC,3184122.479999999,6.3535e-06,83.8805
2026-05-01T05:00:00+00:00,hyperliquid,SOL/USDC:USDC,3171900.9799999986,2.0893e-06,83.7915
2026-05-01T06:00:00+00:00,hyperliquid,SOL/USDC:USDC,3173847.099999999,3.744e-07,84.0295
2026-05-01T07:00:00+00:00,hyperliquid,SOL/USDC:USDC,3170449.7400000007,-7.5077e-06,83.7365
2026-05-01T08:00:00+00:00,hyperliquid,SOL/USDC:USDC,3180048.18,-4.0088e-06,83.8875
2026-05-01T09:00:00+00:00,hyperliquid,SOL/USDC:USDC,3173766.5000000005,-1.80184e-05,84.0505
2026-05-01T10:00:00+00:00,hyperliquid,SOL/USDC:USDC,3177990.0200000005,-1.09821e-05,83.8605
2026-05-01T11:00:00+00:00,hyperliquid,SOL/USDC:USDC,3166229.62,-9.8894e-06,83.9065
2026-05-01T12:00:00+00:00,hyperliquid,SOL/USDC:USDC,3169195.1599999983,-1.05061e-05,84.0005
2026-05-01T13:00:00+00:00,hyperliquid,SOL/USDC:USDC,3181925.5799999977,-1.9927e-06,84.4155
2026-05-01T14:00:00+00:00,hyperliquid,SOL/USDC:USDC,3162244.4399999995,-3.84e-06,84.4605
2026-05-01T15:00:00+00:00,hyperliquid,SOL/USDC:USDC,3147824.5399999996,3.2284e-06,84.0955
2026-05-01T16:00:00+00:00,hyperliquid,SOL/USDC:USDC,3146435.5800000005,7.2928e-06,84.5135
2026-05-01T17:00:00+00:00,hyperliquid,SOL/USDC:USDC,3140330.9200000013,1.01457e-05,83.9785
2026-05-01T18:00:00+00:00,hyperliquid,SOL/USDC:USDC,3145835.660000001,8.1675e-06,84.1535
2026-05-01T19:00:00+00:00,hyperliquid,SOL/USDC:USDC,3187098.440000001,2.3795e-06,83.9325
2026-05-01T20:00:00+00:00,hyperliquid,SOL/USDC:USDC,3191404.1199999996,6.8658e-06,83.8195
2026-05-01T21:00:00+00:00,hyperliquid,SOL/USDC:USDC,3126687.7,1.25e-05,83.5395
2026-05-01T22:00:00+00:00,hyperliquid,SOL/USDC:USDC,3124895.52,5.6957e-06,83.6975
2026-05-01T23:00:00+00:00,hyperliquid,SOL/USDC:USDC,3131161.46,3.7754e-06,83.6765
2026-05-02T00:00:00+00:00,hyperliquid,SOL/USDC:USDC,3123619.219999999,-7.246e-07,83.6975
2026-05-02T01:00:00+00:00,hyperliquid,SOL/USDC:USDC,3123001.26,-5.5386e-06,83.7495
2026-05-02T02:00:00+00:00,hyperliquid,SOL/USDC:USDC,3105954.7200000007,8.4237e-06,84.0995
2026-05-02T03:00:00+00:00,hyperliquid,SOL/USDC:USDC,3106379.76,8.3425e-06,83.8705
2026-05-02T04:00:00+00:00,hyperliquid,SOL/USDC:USDC,3100575.5400000005,9.1478e-06,83.7535
2026-05-02T05:00:00+00:00,hyperliquid,SOL/USDC:USDC,3100981.9600000004,2.7187e-06,83.5945
2026-05-02T06:00:00+00:00,hyperliquid,SOL/USDC:USDC,3100078.22,1.1022e-05,83.6905
2026-05-02T07:00:00+00:00,hyperliquid,SOL/USDC:USDC,3099451.52,8.0831e-06,83.7605
2026-05-02T08:00:00+00:00,hyperliquid,SOL/USDC:USDC,3118856.740000001,6.1761e-06,83.6505
2026-05-02T09:00:00+00:00,hyperliquid,SOL/USDC:USDC,3122286.6599999997,-8.935e-07,83.8065
2026-05-02T10:00:00+00:00,hyperliquid,SOL/USDC:USDC,3105374.2399999998,-6.813e-07,83.9525
2026-05-02T11:00:00+00:00,hyperliquid,SOL/USDC:USDC,3109044.3999999994,-1.4456e-06,83.8545
2026-05-02T12:00:00+00:00,hyperliquid,SOL/USDC:USDC,3120303.4000000004,8.8197e-06,83.6515
2026-05-02T13:00:00+00:00,hyperliquid,SOL/USDC:USDC,3129822.1600000006,7.7151e-06,83.8855
2026-05-02T14:00:00+00:00,hyperliquid,SOL/USDC:USDC,3135079.6599999997,5.155e-06,83.9225
2026-05-02T15:00:00+00:00,hyperliquid,SOL/USDC:USDC,3146844.7999999993,1.25e-05,83.9475
2026-05-02T16:00:00+00:00,hyperliquid,SOL/USDC:USDC,3166920.36,1.25e-05,84.0115
2026-05-02T17:00:00+00:00,hyperliquid,SOL/USDC:USDC,3167722.6599999988,7.1132e-06,84.0995
2026-05-02T18:00:00+00:00,hyperliquid,SOL/USDC:USDC,3172177.7999999993,1.25e-05,83.9605
2026-05-02T19:00:00+00:00,hyperliquid,SOL/USDC:USDC,3156567.7399999998,1.04939e-05,84.1695
2026-05-02T20:00:00+00:00,hyperliquid,SOL/USDC:USDC,3143073.4400000013,6.0423e-06,84.1355
2026-05-02T21:00:00+00:00,hyperliquid,SOL/USDC:USDC,3113698.8800000013,1.25e-05,84.1595
2026-05-02T22:00:00+00:00,hyperliquid,SOL/USDC:USDC,3103242.7600000016,3.6831e-06,84.4205
2026-05-02T23:00:00+00:00,hyperliquid,SOL/USDC:USDC,3104811.2000000025,6.1203e-06,84.3195
2026-05-03T00:00:00+00:00,hyperliquid,SOL/USDC:USDC,3087215.64,1.064e-06,84.2685
2026-05-03T01:00:00+00:00,hyperliquid,SOL/USDC:USDC,3073495.240000002,8.488e-07,83.9085
2026-05-03T02:00:00+00:00,hyperliquid,SOL/USDC:USDC,3089685.12,1.25e-05,83.7515
2026-05-03T03:00:00+00:00,hyperliquid,SOL/USDC:USDC,3086247.260000001,1.03404e-05,83.5765
2026-05-03T04:00:00+00:00,hyperliquid,SOL/USDC:USDC,3086639.300000001,1.25e-05,83.6035
2026-05-03T05:00:00+00:00,hyperliquid,SOL/USDC:USDC,3111207.379999998,9.1393e-06,83.7375
2026-05-03T06:00:00+00:00,hyperliquid,SOL/USDC:USDC,3120185.4799999995,-1.4387e-06,83.6765
2026-05-03T07:00:00+00:00,hyperliquid,SOL/USDC:USDC,3119790.019999999,5.9281e-06,83.8505
2026-05-03T08:00:00+00:00,hyperliquid,SOL/USDC:USDC,3077727.9199999995,7.3375e-06,83.8515
2026-05-03T09:00:00+00:00,hyperliquid,SOL/USDC:USDC,3082051.359999999,-4.8251e-06,83.8655
2026-05-03T10:00:00+00:00,hyperliquid,SOL/USDC:USDC,3082832.8400000003,7.255e-07,83.9965
2026-05-03T11:00:00+00:00,hyperliquid,SOL/USDC:USDC,3094524.0,-1.9252e-05,83.7585
2026-05-03T12:00:00+00:00,hyperliquid,SOL/USDC:USDC,3098585.6799999974,-7.2167e-06,84.0315
2026-05-03T13:00:00+00:00,hyperliquid,SOL/USDC:USDC,3104118.3,-2.06328e-05,84.0505
2026-05-03T14:00:00+00:00,hyperliquid,SOL/USDC:USDC,3105233.1200000006,-9.2718e-06,84.1435
2026-05-03T15:00:00+00:00,hyperliquid,SOL/USDC:USDC,3132084.260000001,-1.02977e-05,84.3275
2026-05-03T16:00:00+00:00,hyperliquid,SOL/USDC:USDC,3143424.279999998,-1.056e-05,84.1175
2026-05-03T17:00:00+00:00,hyperliquid,SOL/USDC:USDC,3149773.359999998,-7.5017e-06,83.9685
2026-05-03T18:00:00+00:00,hyperliquid,SOL/USDC:USDC,3148980.879999999,-1.4786e-06,84.1495
2026-05-03T19:00:00+00:00,hyperliquid,SOL/USDC:USDC,3147390.959999998,1.256e-07,84.2205
2026-05-03T20:00:00+00:00,hyperliquid,SOL/USDC:USDC,3151434.660000001,4.2588e-06,84.3855
2026-05-03T21:00:00+00:00,hyperliquid,SOL/USDC:USDC,3147817.099999998,-5.8509e-06,84.2595
2026-05-03T22:00:00+00:00,hyperliquid,SOL/USDC:USDC,3137206.2200000007,6.407e-06,84.5305
2026-05-03T23:00:00+00:00,hyperliquid,SOL/USDC:USDC,3135803.3799999994,-1.9698e-06,84.6835
2026-05-04T00:00:00+00:00,hyperliquid,SOL/USDC:USDC,3118841.1400000015,7.6799e-06,83.7445
2026-05-04T01:00:00+00:00,hyperliquid,SOL/USDC:USDC,3018289.72,3.6324e-06,83.6535
2026-05-04T02:00:00+00:00,hyperliquid,SOL/USDC:USDC,3029314.5400000033,1.3402e-06,84.8345
2026-05-04T03:00:00+00:00,hyperliquid,SOL/USDC:USDC,3029951.080000002,8.4993e-06,85.2075
2026-05-04T04:00:00+00:00,hyperliquid,SOL/USDC:USDC,3111428.5800000033,2.7063e-06,85.4195
2026-05-04T05:00:00+00:00,hyperliquid,SOL/USDC:USDC,3061398.8000000003,8.2431e-06,85.6655
2026-05-04T06:00:00+00:00,hyperliquid,SOL/USDC:USDC,3066414.859999997,-1.9634e-06,85.2755
2026-05-04T07:00:00+00:00,hyperliquid,SOL/USDC:USDC,3018047.7,1.0993e-06,84.8915
2026-05-04T08:00:00+00:00,hyperliquid,SOL/USDC:USDC,3008988.5999999987,-1.22073e-05,84.7605
2026-05-04T09:00:00+00:00,hyperliquid,SOL/USDC:USDC,3023886.5599999996,-2.0054e-06,84.7605
2026-05-04T10:00:00+00:00,hyperliquid,SOL/USDC:USDC,2970490.619999999,9.31e-06,84.5895
2026-05-04T11:00:00+00:00,hyperliquid,SOL/USDC:USDC,2971012.259999998,-3.696e-06,83.956
2026-05-04T12:00:00+00:00,hyperliquid,SOL/USDC:USDC,2990214.1199999982,-2.5645e-06,83.8665
2026-05-04T13:00:00+00:00,hyperliquid,SOL/USDC:USDC,2982155.879999999,-4.6061e-06,83.6575
2026-05-04T14:00:00+00:00,hyperliquid,SOL/USDC:USDC,2969322.7999999993,-4.2238e-06,83.8205
2026-05-04T15:00:00+00:00,hyperliquid,SOL/USDC:USDC,2955872.4399999985,5.7509e-06,85.0335
2026-05-04T16:00:00+00:00,hyperliquid,SOL/USDC:USDC,2968382.000000001,5.0938e-06,84.2085
2026-05-04T17:00:00+00:00,hyperliquid,SOL/USDC:USDC,2946733.7199999993,1.19551e-05,84.6995
2026-05-04T18:00:00+00:00,hyperliquid,SOL/USDC:USDC,2957433.4199999985,1.25e-05,84.9495
2026-05-04T19:00:00+00:00,hyperliquid,SOL/USDC:USDC,2943444.08,8.0412e-06,84.6225
2026-05-04T20:00:00+00:00,hyperliquid,SOL/USDC:USDC,2936129.839999999,1.25e-05,84.2785
2026-05-04T21:00:00+00:00,hyperliquid,SOL/USDC:USDC,2944973.459999999,1.25e-05,84.1715
2026-05-04T22:00:00+00:00,hyperliquid,SOL/USDC:USDC,2940686.360000001,1.25e-05,84.4755
2026-05-04T23:00:00+00:00,hyperliquid,SOL/USDC:USDC,2956235.8599999994,-2.3561e-06,84.1095
2026-05-05T00:00:00+00:00,hyperliquid,SOL/USDC:USDC,2957982.219999999,-1.09207e-05,84.1065
2026-05-05T01:00:00+00:00,hyperliquid,SOL/USDC:USDC,2964092.1,-1.20526e-05,84.2465
2026-05-05T02:00:00+00:00,hyperliquid,SOL/USDC:USDC,2964976.599999997,-1.28834e-05,84.4115
2026-05-05T03:00:00+00:00,hyperliquid,SOL/USDC:USDC,2994164.5200000014,-2.093e-06,84.3715
2026-05-05T04:00:00+00:00,hyperliquid,SOL/USDC:USDC,2973595.639999998,7.2299e-06,84.8005
2026-05-05T05:00:00+00:00,hyperliquid,SOL/USDC:USDC,2968822.859999999,1.01356e-05,84.7285
2026-05-05T06:00:00+00:00,hyperliquid,SOL/USDC:USDC,2969692.9799999995,1.2173e-05,84.8495
2026-05-05T07:00:00+00:00,hyperliquid,SOL/USDC:USDC,2965187.9600000004,8.3336e-06,84.8145
2026-05-05T08:00:00+00:00,hyperliquid,SOL/USDC:USDC,2983858.480000002,4.2696e-06,84.8515
2026-05-05T09:00:00+00:00,hyperliquid,SOL/USDC:USDC,2985670.6000000006,5.8644e-06,84.6445
2026-05-05T10:00:00+00:00,hyperliquid,SOL/USDC:USDC,2986337.66,1.25e-05,84.4535
2026-05-05T11:00:00+00:00,hyperliquid,SOL/USDC:USDC,2991607.5400000005,1.12734e-05,84.8745
2026-05-05T12:00:00+00:00,hyperliquid,SOL/USDC:USDC,3020195.6400000006,9.811e-06,84.9135
2026-05-05T13:00:00+00:00,hyperliquid,SOL/USDC:USDC,2987447.8399999985,1.25e-05,85.7205
2026-05-05T14:00:00+00:00,hyperliquid,SOL/USDC:USDC,3026895.84,9.6607e-06,85.5965
2026-05-05T15:00:00+00:00,hyperliquid,SOL/USDC:USDC,3080286.5600000005,-7.0963e-06,85.4235
2026-05-05T16:00:00+00:00,hyperliquid,SOL/USDC:USDC,3087068.5999999996,6.9764e-06,85.5115
2026-05-05T17:00:00+00:00,hyperliquid,SOL/USDC:USDC,3076537.5399999996,9.7297e-06,85.2845
2026-05-05T18:00:00+00:00,hyperliquid,SOL/USDC:USDC,3095112.700000002,-1.2128e-06,85.3885
2026-05-05T19:00:00+00:00,hyperliquid,SOL/USDC:USDC,3097983.859999999,8.2336e-06,85.7995
2026-05-05T20:00:00+00:00,hyperliquid,SOL/USDC:USDC,3135330.4000000004,1.25e-05,86.6245
2026-05-05T21:00:00+00:00,hyperliquid,SOL/USDC:USDC,3183371.8400000017,1.25e-05,86.6725
2026-05-05T22:00:00+00:00,hyperliquid,SOL/USDC:USDC,3097114.3399999985,1.25e-05,86.8495
2026-05-05T23:00:00+00:00,hyperliquid,SOL/USDC:USDC,3069297.78,4.8939e-06,86.3965
2026-05-06T00:00:00+00:00,hyperliquid,SOL/USDC:USDC,3076871.9799999995,-2.0717e-06,86.3575
2026-05-06T01:00:00+00:00,hyperliquid,SOL/USDC:USDC,3183318.8200000008,3.4144e-06,86.3855
2026-05-06T02:00:00+00:00,hyperliquid,SOL/USDC:USDC,3204792.1000000024,2.7778e-06,86.7185
2026-05-06T03:00:00+00:00,hyperliquid,SOL/USDC:USDC,3329834.740000001,1.25e-05,86.9275
2026-05-06T04:00:00+00:00,hyperliquid,SOL/USDC:USDC,3358445.860000002,1.25e-05,87.2405
2026-05-06T05:00:00+00:00,hyperliquid,SOL/USDC:USDC,3332470.9800000004,8.0125e-06,86.7755
2026-05-06T06:00:00+00:00,hyperliquid,SOL/USDC:USDC,3394786.379999997,1.25e-05,87.4075
2026-05-06T07:00:00+00:00,hyperliquid,SOL/USDC:USDC,3418486.5999999996,1.25e-05,87.5475
2026-05-06T08:00:00+00:00,hyperliquid,SOL/USDC:USDC,3481549.419999997,1.25e-05,87.7435
2026-05-06T09:00:00+00:00,hyperliquid,SOL/USDC:USDC,3524247.8999999994,1.25e-05,88.6855
2026-05-06T10:00:00+00:00,hyperliquid,SOL/USDC:USDC,3461418.7199999997,1.25e-05,89.3215
2026-05-06T11:00:00+00:00,hyperliquid,SOL/USDC:USDC,3476217.0799999987,1.25e-05,89.3435
2026-05-06T12:00:00+00:00,hyperliquid,SOL/USDC:USDC,3504180.78,1.25e-05,89.6585
2026-05-06T13:00:00+00:00,hyperliquid,SOL/USDC:USDC,3506554.6799999974,1.25e-05,89.3935
2026-05-06T14:00:00+00:00,hyperliquid,SOL/USDC:USDC,3372515.4799999963,1.25e-05,88.1245
2026-05-06T15:00:00+00:00,hyperliquid,SOL/USDC:USDC,3356977.1000000006,1.25e-05,88.4435
2026-05-06T16:00:00+00:00,hyperliquid,SOL/USDC:USDC,3424097.060000004,1.25e-05,88.9185
2026-05-06T17:00:00+00:00,hyperliquid,SOL/USDC:USDC,3411537.2200000035,1.25e-05,89.2235
2026-05-06T18:00:00+00:00,hyperliquid,SOL/USDC:USDC,3713560.7799999965,-3.29846e-05,88.7565
2026-05-06T19:00:00+00:00,hyperliquid,SOL/USDC:USDC,3692989.9999999995,9.527e-07,89.1325
2026-05-06T20:00:00+00:00,hyperliquid,SOL/USDC:USDC,3688059.780000002,-7.113e-07,89.3135
2026-05-06T21:00:00+00:00,hyperliquid,SOL/USDC:USDC,3668488.5000000005,-7.2839e-06,89.0995
2026-05-06T22:00:00+00:00,hyperliquid,SOL/USDC:USDC,3671975.9400000027,-6.9198e-06,89.4815
2026-05-06T23:00:00+00:00,hyperliquid,SOL/USDC:USDC,3655907.7599999974,-1.64936e-05,88.625
2026-05-07T00:00:00+00:00,hyperliquid,SOL/USDC:USDC,3658366.9600000014,1.4528e-06,89.1885
2026-05-07T01:00:00+00:00,hyperliquid,SOL/USDC:USDC,3654679.2400000007,-3.1593e-06,88.2445
2026-05-07T02:00:00+00:00,hyperliquid,SOL/USDC:USDC,3647251.38,-1.5313e-06,88.1835
2026-05-07T03:00:00+00:00,hyperliquid,SOL/USDC:USDC,3630766.3200000017,9.48e-08,88.039
2026-05-07T04:00:00+00:00,hyperliquid,SOL/USDC:USDC,3593839.1399999997,4.3981e-06,87.7785
2026-05-07T05:00:00+00:00,hyperliquid,SOL/USDC:USDC,3541645.1000000006,1.25e-05,88.5765
2026-05-07T06:00:00+00:00,hyperliquid,SOL/USDC:USDC,3485309.2600000007,1.25e-05,88.6015
2026-05-07T07:00:00+00:00,hyperliquid,SOL/USDC:USDC,3492233.12,8.3633e-06,89.1675
2026-05-07T08:00:00+00:00,hyperliquid,SOL/USDC:USDC,3778000.4600000023,1.25e-05,90.0705
2026-05-07T09:00:00+00:00,hyperliquid,SOL/USDC:USDC,3822243.7399999998,1.25e-05,89.4285
2026-05-07T10:00:00+00:00,hyperliquid,SOL/USDC:USDC,3798830.4600000023,1.25e-05,89.438
2026-05-07T11:00:00+00:00,hyperliquid,SOL/USDC:USDC,3797785.580000001,1.25e-05,89.2935
2026-05-07T12:00:00+00:00,hyperliquid,SOL/USDC:USDC,3866818.060000003,1.22148e-05,89.6365
2026-05-07T13:00:00+00:00,hyperliquid,SOL/USDC:USDC,3833376.3600000045,-9.8843e-06,89.5535
2026-05-07T14:00:00+00:00,hyperliquid,SOL/USDC:USDC,3775552.2800000035,-8.7808e-06,88.5255
2026-05-07T15:00:00+00:00,hyperliquid,SOL/USDC:USDC,3853222.3400000012,1.25e-05,88.2175
2026-05-07T16:00:00+00:00,hyperliquid,SOL/USDC:USDC,3879659.199999999,3.9256e-06,88.2695
2026-05-07T17:00:00+00:00,hyperliquid,SOL/USDC:USDC,3870158.7800000007,5.3727e-06,88.4675
2026-05-07T18:00:00+00:00,hyperliquid,SOL/USDC:USDC,3818500.0000000014,2.8201e-06,88.8605
2026-05-07T19:00:00+00:00,hyperliquid,SOL/USDC:USDC,3814372.8600000003,-6.2075e-06,88.4065
2026-05-07T20:00:00+00:00,hyperliquid,SOL/USDC:USDC,3856563.1000000015,7.6076e-06,88.6565
2026-05-07T21:00:00+00:00,hyperliquid,SOL/USDC:USDC,3814407.9800000004,-7.6383e-06,88.0665
2026-05-07T22:00:00+00:00,hyperliquid,SOL/USDC:USDC,3683613.18,-1.47151e-05,87.7835
2026-05-07T23:00:00+00:00,hyperliquid,SOL/USDC:USDC,3679344.26,-8.6953e-06,88.1365
2026-05-08T00:00:00+00:00,hyperliquid,SOL/USDC:USDC,3671375.6800000025,3.4042e-06,88.4575
2026-05-08T01:00:00+00:00,hyperliquid,SOL/USDC:USDC,3647640.2200000025,-1.47151e-05,88.2455
2026-05-08T02:00:00+00:00,hyperliquid,SOL/USDC:USDC,3617681.4800000014,-5.8071e-06,87.9035
2026-05-08T03:00:00+00:00,hyperliquid,SOL/USDC:USDC,3631537.3800000013,-1.72422e-05,87.687
2026-05-08T04:00:00+00:00,hyperliquid,SOL/USDC:USDC,3601643.1799999992,-5.5761e-06,88.2425
2026-05-08T05:00:00+00:00,hyperliquid,SOL/USDC:USDC,3601853.28,-5.7706e-06,88.0555
2026-05-08T06:00:00+00:00,hyperliquid,SOL/USDC:USDC,3590693.479999999,-7.4723e-06,87.9405
2026-05-08T07:00:00+00:00,hyperliquid,SOL/USDC:USDC,3595933.8000000007,-8.5167e-06,87.9095
2026-05-08T08:00:00+00:00,hyperliquid,SOL/USDC:USDC,3609878.8599999994,-1.9219e-06,88.2005
2026-05-08T09:00:00+00:00,hyperliquid,SOL/USDC:USDC,3610783.7600000007,-1.38691e-05,88.2215
2026-05-08T10:00:00+00:00,hyperliquid,SOL/USDC:USDC,3627964.0999999964,-1.09102e-05,88.5235
2026-05-08T11:00:00+00:00,hyperliquid,SOL/USDC:USDC,3649146.98,-7.082e-07,88.5555
2026-05-08T12:00:00+00:00,hyperliquid,SOL/USDC:USDC,3664908.36,5.0811e-06,88.6205
2026-05-08T13:00:00+00:00,hyperliquid,SOL/USDC:USDC,3648828.080000001,-1.62336e-05,88.4125
2026-05-08T14:00:00+00:00,hyperliquid,SOL/USDC:USDC,3622058.780000003,5.6033e-06,88.4655
2026-05-08T15:00:00+00:00,hyperliquid,SOL/USDC:USDC,3620272.0800000005,-3.532e-06,89.0735
2026-05-08T16:00:00+00:00,hyperliquid,SOL/USDC:USDC,3658967.980000001,-5.0534e-06,89.3765
2026-05-08T17:00:00+00:00,hyperliquid,SOL/USDC:USDC,3688867.4800000004,-9.12e-08,89.6675
2026-05-08T18:00:00+00:00,hyperliquid,SOL/USDC:USDC,3684692.8599999994,1.25e-05,91.7325
2026-05-08T19:00:00+00:00,hyperliquid,SOL/USDC:USDC,3750060.779999997,1.25e-05,92.0765
2026-05-08T20:00:00+00:00,hyperliquid,SOL/USDC:USDC,3807291.6399999955,1.25e-05,92.3665
2026-05-08T21:00:00+00:00,hyperliquid,SOL/USDC:USDC,3814486.3,1.25e-05,92.1635
2026-05-08T22:00:00+00:00,hyperliquid,SOL/USDC:USDC,3835719.3000000017,1.25e-05,92.4435
2026-05-08T23:00:00+00:00,hyperliquid,SOL/USDC:USDC,3901319.419999999,1.25e-05,92.2985
2026-05-09T00:00:00+00:00,hyperliquid,SOL/USDC:USDC,3896860.100000003,1.25e-05,91.9455
2026-05-09T01:00:00+00:00,hyperliquid,SOL/USDC:USDC,3935415.7800000003,1.25e-05,92.4895
2026-05-09T02:00:00+00:00,hyperliquid,SOL/USDC:USDC,3956618.8999999953,1.25e-05,93.4375
2026-05-09T03:00:00+00:00,hyperliquid,SOL/USDC:USDC,3948245.839999999,1.25e-05,93.4535
2026-05-09T04:00:00+00:00,hyperliquid,SOL/USDC:USDC,4026842.1800000016,1.25e-05,93.7795
2026-05-09T05:00:00+00:00,hyperliquid,SOL/USDC:USDC,4092524.32,1.25e-05,93.0335
2026-05-09T06:00:00+00:00,hyperliquid,SOL/USDC:USDC,4412988.0600000005,2.06054e-05,93.9335
2026-05-09T07:00:00+00:00,hyperliquid,SOL/USDC:USDC,4351011.540000001,1.25e-05,93.6145
2026-05-09T08:00:00+00:00,hyperliquid,SOL/USDC:USDC,4416624.439999997,1.68026e-05,93.8925
2026-05-09T09:00:00+00:00,hyperliquid,SOL/USDC:USDC,4503191.720000001,4.90791e-05,93.7525
2026-05-09T10:00:00+00:00,hyperliquid,SOL/USDC:USDC,4444834.079999995,1.25e-05,93.1955
2026-05-09T11:00:00+00:00,hyperliquid,SOL/USDC:USDC,4435730.199999999,1.25e-05,93.4305
2026-05-09T12:00:00+00:00,hyperliquid,SOL/USDC:USDC,4464506.720000001,1.25e-05,93.7365
2026-05-09T13:00:00+00:00,hyperliquid,SOL/USDC:USDC,4407079.420000003,1.25e-05,93.4165
2026-05-09T14:00:00+00:00,hyperliquid,SOL/USDC:USDC,4431147.779999999,1.25e-05,93.4495
2026-05-09T15:00:00+00:00,hyperliquid,SOL/USDC:USDC,4418456.7399999965,1.25e-05,92.9825
2026-05-09T16:00:00+00:00,hyperliquid,SOL/USDC:USDC,4401630.619999999,1.25e-05,93.0295
2026-05-09T17:00:00+00:00,hyperliquid,SOL/USDC:USDC,4423292.340000001,1.25e-05,92.8625
2026-05-09T18:00:00+00:00,hyperliquid,SOL/USDC:USDC,4449427.119999997,1.25e-05,93.2415
2026-05-09T19:00:00+00:00,hyperliquid,SOL/USDC:USDC,4464892.220000001,1.25e-05,93.3505
2026-05-09T20:00:00+00:00,hyperliquid,SOL/USDC:USDC,4480142.500000002,1.25e-05,93.4875
2026-05-09T21:00:00+00:00,hyperliquid,SOL/USDC:USDC,4420659.22,1.25e-05,93.3105
2026-05-09T22:00:00+00:00,hyperliquid,SOL/USDC:USDC,4427502.9399999995,1.25e-05,93.3865
2026-05-09T23:00:00+00:00,hyperliquid,SOL/USDC:USDC,4414793.02,1.25e-05,93.4475
2026-05-10T00:00:00+00:00,hyperliquid,SOL/USDC:USDC,4421873.240000004,1.25e-05,93.0065
2026-05-10T01:00:00+00:00,hyperliquid,SOL/USDC:USDC,4439045.659999997,1.25e-05,92.9135
2026-05-10T02:00:00+00:00,hyperliquid,SOL/USDC:USDC,4404477.819999998,1.25e-05,92.8615
2026-05-10T03:00:00+00:00,hyperliquid,SOL/USDC:USDC,4397679.279999999,1.25e-05,93.1165
2026-05-10T04:00:00+00:00,hyperliquid,SOL/USDC:USDC,4395399.3999999985,1.25e-05,93.3185
2026-05-10T05:00:00+00:00,hyperliquid,SOL/USDC:USDC,4371816.340000002,1.25e-05,93.2375
2026-05-10T06:00:00+00:00,hyperliquid,SOL/USDC:USDC,4372275.039999999,1.25e-05,93.3685
2026-05-10T07:00:00+00:00,hyperliquid,SOL/USDC:USDC,4373941.479999999,1.25e-05,93.5615
2026-05-10T08:00:00+00:00,hyperliquid,SOL/USDC:USDC,4386829.260000001,1.25e-05,93.4795
2026-05-10T09:00:00+00:00,hyperliquid,SOL/USDC:USDC,4404411.439999999,1.25e-05,94.5985
2026-05-10T10:00:00+00:00,hyperliquid,SOL/USDC:USDC,4391170.7399999965,1.25e-05,94.2545
2026-05-10T11:00:00+00:00,hyperliquid,SOL/USDC:USDC,4379190.099999994,1.25e-05,93.9715
2026-05-10T12:00:00+00:00,hyperliquid,SOL/USDC:USDC,4361300.439999999,1.25e-05,93.3765
2026-05-10T13:00:00+00:00,hyperliquid,SOL/USDC:USDC,4362118.139999999,1.25e-05,93.3225
2026-05-10T14:00:00+00:00,hyperliquid,SOL/USDC:USDC,4403142.559999998,1.25e-05,93.8225
2026-05-10T15:00:00+00:00,hyperliquid,SOL/USDC:USDC,4403544.0200000005,1.25e-05,94.0865
2026-05-10T16:00:00+00:00,hyperliquid,SOL/USDC:USDC,4441642.619999999,1.25e-05,94.4645
2026-05-10T17:00:00+00:00,hyperliquid,SOL/USDC:USDC,4541057.820000003,1.25e-05,94.9185
2026-05-10T18:00:00+00:00,hyperliquid,SOL/USDC:USDC,4650144.619999996,5.5104e-05,96.3225
2026-05-10T19:00:00+00:00,hyperliquid,SOL/USDC:USDC,4700061.600000008,2.31934e-05,95.9805
2026-05-10T20:00:00+00:00,hyperliquid,SOL/USDC:USDC,4687653.259999997,1.96475e-05,96.5005
2026-05-10T21:00:00+00:00,hyperliquid,SOL/USDC:USDC,4569365.1800000025,2.29896e-05,94.9625
2026-05-10T22:00:00+00:00,hyperliquid,SOL/USDC:USDC,4469320.879999999,1.25e-05,95.4355
2026-05-10T23:00:00+00:00,hyperliquid,SOL/USDC:USDC,4430657.859999996,1.28894e-05,96.4565
2026-05-11T00:00:00+00:00,hyperliquid,SOL/USDC:USDC,4392274.880000004,1.25e-05,96.6215
2026-05-11T01:00:00+00:00,hyperliquid,SOL/USDC:USDC,4391250.540000001,1.25e-05,95.6135
2026-05-11T02:00:00+00:00,hyperliquid,SOL/USDC:USDC,4430995.640000001,1.25e-05,96.1445
2026-05-11T03:00:00+00:00,hyperliquid,SOL/USDC:USDC,4339139.119999997,1.25e-05,95.2665
2026-05-11T04:00:00+00:00,hyperliquid,SOL/USDC:USDC,4273162.9799999995,1.25e-05,94.6075
2026-05-11T05:00:00+00:00,hyperliquid,SOL/USDC:USDC,4293833.120000003,1.25e-05,95.2445
2026-05-11T06:00:00+00:00,hyperliquid,SOL/USDC:USDC,4287482.319999998,1.25e-05,95.7395
2026-05-11T07:00:00+00:00,hyperliquid,SOL/USDC:USDC,4258801.220000001,1.25e-05,95.3795
2026-05-11T08:00:00+00:00,hyperliquid,SOL/USDC:USDC,4293954.420000005,1.25e-05,95.2775
2026-05-11T09:00:00+00:00,hyperliquid,SOL/USDC:USDC,4276299.160000002,1.25e-05,94.8935
2026-05-11T10:00:00+00:00,hyperliquid,SOL/USDC:USDC,4317021.140000004,1.25e-05,95.2445
2026-05-11T11:00:00+00:00,hyperliquid,SOL/USDC:USDC,4379967.64,1.25e-05,95.1425
2026-05-11T12:00:00+00:00,hyperliquid,SOL/USDC:USDC,4401161.880000004,1.25e-05,95.3635
2026-05-11T13:00:00+00:00,hyperliquid,SOL/USDC:USDC,4327960.599999999,1.25e-05,95.0885
2026-05-11T14:00:00+00:00,hyperliquid,SOL/USDC:USDC,4377534.679999999,1.25e-05,95.6905
2026-05-11T15:00:00+00:00,hyperliquid,SOL/USDC:USDC,4416506.999999994,1.25e-05,94.959
2026-05-11T16:00:00+00:00,hyperliquid,SOL/USDC:USDC,4507550.820000009,1.25e-05,96.5275
2026-05-11T17:00:00+00:00,hyperliquid,SOL/USDC:USDC,4548266.119999994,1.25e-05,97.0605
2026-05-11T18:00:00+00:00,hyperliquid,SOL/USDC:USDC,4646891.820000001,1.25e-05,97.8125
2026-05-11T19:00:00+00:00,hyperliquid,SOL/USDC:USDC,4715885.120000003,1.25e-05,97.3155
2026-05-11T20:00:00+00:00,hyperliquid,SOL/USDC:USDC,4748980.059999999,1.25e-05,98.2915
2026-05-11T21:00:00+00:00,hyperliquid,SOL/USDC:USDC,4704920.04,1.25e-05,97.7165
2026-05-11T22:00:00+00:00,hyperliquid,SOL/USDC:USDC,4723699.959999998,1.25e-05,97.6325
2026-05-11T23:00:00+00:00,hyperliquid,SOL/USDC:USDC,4746130.719999998,1.25e-05,97.3975
2026-05-12T00:00:00+00:00,hyperliquid,SOL/USDC:USDC,4718077.400000002,1.25e-05,97.3465
2026-05-12T01:00:00+00:00,hyperliquid,SOL/USDC:USDC,4724890.160000001,1.25e-05,97.6085
2026-05-12T02:00:00+00:00,hyperliquid,SOL/USDC:USDC,4518587.119999998,1.25e-05,96.4325
2026-05-12T03:00:00+00:00,hyperliquid,SOL/USDC:USDC,4545965.24,1.25e-05,96.5205
2026-05-12T04:00:00+00:00,hyperliquid,SOL/USDC:USDC,4483322.620000001,1.25e-05,96.0955
2026-05-12T05:00:00+00:00,hyperliquid,SOL/USDC:USDC,4519142.900000002,1.25e-05,96.4185
2026-05-12T06:00:00+00:00,hyperliquid,SOL/USDC:USDC,4513772.319999996,1.25e-05,96.6605
2026-05-12T07:00:00+00:00,hyperliquid,SOL/USDC:USDC,4471624.620000001,1.25e-05,96.0515
2026-05-12T08:00:00+00:00,hyperliquid,SOL/USDC:USDC,4408632.280000004,1.25e-05,95.7165
2026-05-12T09:00:00+00:00,hyperliquid,SOL/USDC:USDC,4383746.820000005,1.25e-05,95.6285
2026-05-12T10:00:00+00:00,hyperliquid,SOL/USDC:USDC,4354557.540000001,1.25e-05,95.7805
2026-05-12T11:00:00+00:00,hyperliquid,SOL/USDC:USDC,4341047.299999999,1.12038e-05,94.9785
2026-05-12T12:00:00+00:00,hyperliquid,SOL/USDC:USDC,4336794.239999999,1.25e-05,94.9435
2026-05-12T13:00:00+00:00,hyperliquid,SOL/USDC:USDC,4369382.97999999,1.25e-05,95.3495
2026-05-12T14:00:00+00:00,hyperliquid,SOL/USDC:USDC,4358882.900000002,1.25e-05,94.7645
2026-05-12T15:00:00+00:00,hyperliquid,SOL/USDC:USDC,4359869.820000001,1.25e-05,94.4305
2026-05-12T16:00:00+00:00,hyperliquid,SOL/USDC:USDC,4296697.74,1.25e-05,94.1235
2026-05-12T17:00:00+00:00,hyperliquid,SOL/USDC:USDC,4366096.680000001,1.25e-05,94.0565
2026-05-12T18:00:00+00:00,hyperliquid,SOL/USDC:USDC,4363292.020000001,1.25e-05,94.5435
2026-05-12T19:00:00+00:00,hyperliquid,SOL/USDC:USDC,4345025.58,1.25e-05,94.7195
2026-05-12T20:00:00+00:00,hyperliquid,SOL/USDC:USDC,4377235.380000001,1.25e-05,94.8205
2026-05-12T21:00:00+00:00,hyperliquid,SOL/USDC:USDC,4375293.580000001,1.25e-05,94.8095
2026-05-12T22:00:00+00:00,hyperliquid,SOL/USDC:USDC,4338803.2600000035,1.25e-05,94.8705
2026-05-12T23:00:00+00:00,hyperliquid,SOL/USDC:USDC,4346076.459999998,1.25e-05,94.6635
2026-05-13T00:00:00+00:00,hyperliquid,SOL/USDC:USDC,4353111.039999999,4.0911e-06,94.0125
2026-05-13T01:00:00+00:00,hyperliquid,SOL/USDC:USDC,4368154.960000004,4.8454e-06,94.5215
2026-05-13T02:00:00+00:00,hyperliquid,SOL/USDC:USDC,4480678.539999999,1.25e-05,95.0005
2026-05-13T03:00:00+00:00,hyperliquid,SOL/USDC:USDC,4484646.980000002,1.25e-05,95.1565
2026-05-13T04:00:00+00:00,hyperliquid,SOL/USDC:USDC,4481723.12,1.25e-05,95.5705
2026-05-13T05:00:00+00:00,hyperliquid,SOL/USDC:USDC,4482381.1600000085,1.25e-05,95.3605
2026-05-13T06:00:00+00:00,hyperliquid,SOL/USDC:USDC,4437133.500000004,4.5525e-06,95.2025
2026-05-13T07:00:00+00:00,hyperliquid,SOL/USDC:USDC,4444527.580000001,2.89e-08,95.1605
2026-05-13T08:00:00+00:00,hyperliquid,SOL/USDC:USDC,4417114.279999997,3.9286e-06,95.1895
2026-05-13T09:00:00+00:00,hyperliquid,SOL/USDC:USDC,4398110.399999996,1.25e-05,95.664
2026-05-13T10:00:00+00:00,hyperliquid,SOL/USDC:USDC,4400259.880000005,-3.488e-06,95.5835
2026-05-13T11:00:00+00:00,hyperliquid,SOL/USDC:USDC,4249811.000000002,-2.852e-06,94.5665
2026-05-13T12:00:00+00:00,hyperliquid,SOL/USDC:USDC,4154666.400000001,-1.20078e-05,94.4685
2026-05-13T13:00:00+00:00,hyperliquid,SOL/USDC:USDC,4009633.38,1.25e-05,93.3435
2026-05-13T14:00:00+00:00,hyperliquid,SOL/USDC:USDC,4022671.4000000013,3.6121e-06,91.7115
2026-05-13T15:00:00+00:00,hyperliquid,SOL/USDC:USDC,4015312.7200000007,1.25e-05,91.8595
2026-05-13T16:00:00+00:00,hyperliquid,SOL/USDC:USDC,4063309.599999998,1.25e-05,90.9255
2026-05-13T17:00:00+00:00,hyperliquid,SOL/USDC:USDC,4183714.22,1.25e-05,91.1155
2026-05-13T18:00:00+00:00,hyperliquid,SOL/USDC:USDC,4186652.5199999996,1.25e-05,90.9225
2026-05-13T19:00:00+00:00,hyperliquid,SOL/USDC:USDC,4113901.1800000006,1.00901e-05,90.6695
2026-05-13T20:00:00+00:00,hyperliquid,SOL/USDC:USDC,4113066.3399999994,1.2947e-06,90.9955
2026-05-13T21:00:00+00:00,hyperliquid,SOL/USDC:USDC,4128365.4000000027,-5.2719e-06,91.0625
2026-05-13T22:00:00+00:00,hyperliquid,SOL/USDC:USDC,4127911.400000001,3.9648e-06,90.8775
2026-05-13T23:00:00+00:00,hyperliquid,SOL/USDC:USDC,4126617.180000001,-3.721e-07,91.1025
2026-05-14T00:00:00+00:00,hyperliquid,SOL/USDC:USDC,4123330.6200000015,8.8265e-06,91.2375
2026-05-14T01:00:00+00:00,hyperliquid,SOL/USDC:USDC,4139094.9600000014,1.25e-05,91.2305
2026-05-14T02:00:00+00:00,hyperliquid,SOL/USDC:USDC,4148142.739999999,1.25e-05,91.1585
2026-05-14T03:00:00+00:00,hyperliquid,SOL/USDC:USDC,4156503.6999999946,-1.7682e-06,90.7265
2026-05-14T04:00:00+00:00,hyperliquid,SOL/USDC:USDC,4108103.560000003,-5.8919e-06,89.9015
2026-05-14T05:00:00+00:00,hyperliquid,SOL/USDC:USDC,4152436.5400000014,1.24467e-05,90.4945
2026-05-14T06:00:00+00:00,hyperliquid,SOL/USDC:USDC,4199144.38,1.25e-05,91.2505
2026-05-14T07:00:00+00:00,hyperliquid,SOL/USDC:USDC,4187942.84,-1.8782e-06,91.1545
2026-05-14T08:00:00+00:00,hyperliquid,SOL/USDC:USDC,4203050.90000001,-1.13633e-05,90.7045
2026-05-14T09:00:00+00:00,hyperliquid,SOL/USDC:USDC,4208843.919999999,1.448e-07,91.0225
2026-05-14T10:00:00+00:00,hyperliquid,SOL/USDC:USDC,4232859.260000003,2.3266e-06,90.8405
2026-05-14T11:00:00+00:00,hyperliquid,SOL/USDC:USDC,4226782.799999999,-9.6945e-06,90.9665
2026-05-14T12:00:00+00:00,hyperliquid,SOL/USDC:USDC,4209808.44,-1.09862e-05,90.6465
2026-05-14T13:00:00+00:00,hyperliquid,SOL/USDC:USDC,4205650.4399999995,-7.0826e-06,91.1305
2026-05-14T14:00:00+00:00,hyperliquid,SOL/USDC:USDC,4242721.9600000065,-8.6126e-06,90.8955
2026-05-14T15:00:00+00:00,hyperliquid,SOL/USDC:USDC,4299507.320000002,-7.669e-07,92.0855
2026-05-14T16:00:00+00:00,hyperliquid,SOL/USDC:USDC,4307113.199999998,6.8505e-06,93.0825
2026-05-14T17:00:00+00:00,hyperliquid,SOL/USDC:USDC,4339448.8999999985,7.7474e-06,93.3245
2026-05-14T18:00:00+00:00,hyperliquid,SOL/USDC:USDC,4358663.98,-6.5656e-06,92.7285
2026-05-14T19:00:00+00:00,hyperliquid,SOL/USDC:USDC,4289016.6400000015,1.25e-05,93.4655
2026-05-14T20:00:00+00:00,hyperliquid,SOL/USDC:USDC,4298778.600000006,-1.05591e-05,92.8935
2026-05-14T21:00:00+00:00,hyperliquid,SOL/USDC:USDC,4283968.5600000005,-4.7735e-06,92.6575
2026-05-14T22:00:00+00:00,hyperliquid,SOL/USDC:USDC,4272093.800000002,-1.3794e-06,92.6425
2026-05-14T23:00:00+00:00,hyperliquid,SOL/USDC:USDC,4271934.100000003,-4.422e-06,92.5615
2026-05-15T00:00:00+00:00,hyperliquid,SOL/USDC:USDC,4249907.860000005,1.0729e-06,92.1045
2026-05-15T01:00:00+00:00,hyperliquid,SOL/USDC:USDC,4300300.659999999,1.25e-05,92.4865
2026-05-15T02:00:00+00:00,hyperliquid,SOL/USDC:USDC,4252362.399999997,1.25e-05,91.6935
2026-05-15T03:00:00+00:00,hyperliquid,SOL/USDC:USDC,4241006.079999999,1.05068e-05,92.1615
2026-05-15T04:00:00+00:00,hyperliquid,SOL/USDC:USDC,4226837.619999997,6.2441e-06,91.8465
2026-05-15T05:00:00+00:00,hyperliquid,SOL/USDC:USDC,4221872.060000003,-2.03836e-05,91.3985
2026-05-15T06:00:00+00:00,hyperliquid,SOL/USDC:USDC,4186730.219999998,-1.2385e-06,90.8095
2026-05-15T07:00:00+00:00,hyperliquid,SOL/USDC:USDC,4166221.459999998,-6.3983e-06,90.9555
2026-05-15T08:00:00+00:00,hyperliquid,SOL/USDC:USDC,4203485.679999999,3.29e-08,91.4105
2026-05-15T09:00:00+00:00,hyperliquid,SOL/USDC:USDC,4214593.979999994,2.705e-06,91.0675
2026-05-15T10:00:00+00:00,hyperliquid,SOL/USDC:USDC,4224394.260000003,1.962e-06,91.0045
2026-05-15T11:00:00+00:00,hyperliquid,SOL/USDC:USDC,4206610.560000001,1.00048e-05,91.4055
2026-05-15T12:00:00+00:00,hyperliquid,SOL/USDC:USDC,4244338.379999999,2.4134e-06,91.0675
2026-05-15T13:00:00+00:00,hyperliquid,SOL/USDC:USDC,4227475.499999995,-2.8199e-06,90.3175
2026-05-15T14:00:00+00:00,hyperliquid,SOL/USDC:USDC,4244748.060000004,-2.1192e-05,88.9165
2026-05-15T15:00:00+00:00,hyperliquid,SOL/USDC:USDC,4201477.080000006,7.8618e-06,88.8425
2026-05-15T16:00:00+00:00,hyperliquid,SOL/USDC:USDC,4204118.879999997,1.25e-05,88.9595
2026-05-15T17:00:00+00:00,hyperliquid,SOL/USDC:USDC,4171454.2599999984,1.25e-05,89.5545
2026-05-15T18:00:00+00:00,hyperliquid,SOL/USDC:USDC,4173402.9,1.25e-05,90.0275
2026-05-15T19:00:00+00:00,hyperliquid,SOL/USDC:USDC,4181652.519999999,1.25e-05,89.5685
2026-05-15T20:00:00+00:00,hyperliquid,SOL/USDC:USDC,4173563.559999999,8.1601e-06,89.4365
2026-05-15T21:00:00+00:00,hyperliquid,SOL/USDC:USDC,4121662.539999999,-8.417e-07,89.2655
2026-05-15T22:00:00+00:00,hyperliquid,SOL/USDC:USDC,4117234.8799999976,-6.9624e-06,89.1215
2026-05-15T23:00:00+00:00,hyperliquid,SOL/USDC:USDC,4112334.2,3.5511e-06,89.3325
2026-05-16T00:00:00+00:00,hyperliquid,SOL/USDC:USDC,4098014.499999997,-9.6882e-06,89.1265
2026-05-16T01:00:00+00:00,hyperliquid,SOL/USDC:USDC,4103178.360000001,6.0459e-06,89.1695
2026-05-16T02:00:00+00:00,hyperliquid,SOL/USDC:USDC,4120725.04,4.3357e-06,89.2285
2026-05-16T03:00:00+00:00,hyperliquid,SOL/USDC:USDC,4125076.2200000016,-1.7329e-06,89.1435
2026-05-16T04:00:00+00:00,hyperliquid,SOL/USDC:USDC,4121457.920000001,-6.9457e-06,88.9955
2026-05-16T05:00:00+00:00,hyperliquid,SOL/USDC:USDC,4179735.6,-3.11405e-05,88.5695
2026-05-16T06:00:00+00:00,hyperliquid,SOL/USDC:USDC,4175174.259999999,-2.0666e-05,88.5435
2026-05-16T07:00:00+00:00,hyperliquid,SOL/USDC:USDC,4164715.6599999983,-1.44979e-05,87.9405
2026-05-16T08:00:00+00:00,hyperliquid,SOL/USDC:USDC,4107764.6799999992,-2.6875e-05,87.5595
2026-05-16T09:00:00+00:00,hyperliquid,SOL/USDC:USDC,4106655.7199999983,-8.6636e-06,87.3825
2026-05-16T10:00:00+00:00,hyperliquid,SOL/USDC:USDC,4076175.5600000005,-2.20039e-05,85.9185
2026-05-16T11:00:00+00:00,hyperliquid,SOL/USDC:USDC,4077947.520000003,-2.45247e-05,86.0775
2026-05-16T12:00:00+00:00,hyperliquid,SOL/USDC:USDC,4074484.2999999993,-2.23933e-05,86.0835
2026-05-16T13:00:00+00:00,hyperliquid,SOL/USDC:USDC,4067646.6199999987,-9.1112e-06,86.1245
2026-05-16T14:00:00+00:00,hyperliquid,SOL/USDC:USDC,4086808.2599999993,-2.35398e-05,86.1335
2026-05-16T15:00:00+00:00,hyperliquid,SOL/USDC:USDC,4148616.2399999974,-1.63021e-05,86.5225
2026-05-16T16:00:00+00:00,hyperliquid,SOL/USDC:USDC,4135126.8600000013,-1.07013e-05,86.6025
2026-05-16T17:00:00+00:00,hyperliquid,SOL/USDC:USDC,4114954.82,-1.4644e-06,86.6715
2026-05-16T18:00:00+00:00,hyperliquid,SOL/USDC:USDC,4112653.1999999983,-9.3189e-06,86.7895
2026-05-16T19:00:00+00:00,hyperliquid,SOL/USDC:USDC,4110181.5400000005,-3.2272e-06,86.7375
2026-05-16T20:00:00+00:00,hyperliquid,SOL/USDC:USDC,4153260.3599999985,1.3982e-06,86.6695
2026-05-16T21:00:00+00:00,hyperliquid,SOL/USDC:USDC,4153823.9,-3.7936e-06,86.6975
2026-05-16T22:00:00+00:00,hyperliquid,SOL/USDC:USDC,4148199.8199999984,-7.184e-06,86.4905
2026-05-16T23:00:00+00:00,hyperliquid,SOL/USDC:USDC,4148306.9399999995,-1.48971e-05,86.4825
2026-05-17T00:00:00+00:00,hyperliquid,SOL/USDC:USDC,4146583.36,-4.1092e-06,86.6115
2026-05-17T01:00:00+00:00,hyperliquid,SOL/USDC:USDC,4107180.44,-1.64328e-05,85.9365
2026-05-17T02:00:00+00:00,hyperliquid,SOL/USDC:USDC,4096768.5399999977,-1.26749e-05,85.8175
2026-05-17T03:00:00+00:00,hyperliquid,SOL/USDC:USDC,4096494.020000001,-7.8118e-06,86.1155
2026-05-17T04:00:00+00:00,hyperliquid,SOL/USDC:USDC,4111330.9399999995,-1.07813e-05,86.5425
2026-05-17T05:00:00+00:00,hyperliquid,SOL/USDC:USDC,4111303.4199999985,-8.0764e-06,86.8495
2026-05-17T06:00:00+00:00,hyperliquid,SOL/USDC:USDC,4111046.339999998,-7.2223e-06,86.9425
2026-05-17T07:00:00+00:00,hyperliquid,SOL/USDC:USDC,4116789.479999999,-5.5182e-06,86.7525
2026-05-17T08:00:00+00:00,hyperliquid,SOL/USDC:USDC,4135765.6799999997,-8.6608e-06,86.7975
2026-05-17T09:00:00+00:00,hyperliquid,SOL/USDC:USDC,4132550.199999999,-5.6159e-06,86.7085
2026-05-17T10:00:00+00:00,hyperliquid,SOL/USDC:USDC,4116930.799999999,6.9107e-06,86.9375
2026-05-17T11:00:00+00:00,hyperliquid,SOL/USDC:USDC,4103999.2599999993,7.654e-07,86.8355
2026-05-17T12:00:00+00:00,hyperliquid,SOL/USDC:USDC,4106760.3600000003,-1.3145e-06,86.8735
2026-05-17T13:00:00+00:00,hyperliquid,SOL/USDC:USDC,4123863.0599999977,-5.0324e-06,86.6185
2026-05-17T14:00:00+00:00,hyperliquid,SOL/USDC:USDC,4096679.779999998,-1.20347e-05,86.3655
2026-05-17T15:00:00+00:00,hyperliquid,SOL/USDC:USDC,4193600.080000001,2.1401e-06,86.2585
2026-05-17T16:00:00+00:00,hyperliquid,SOL/USDC:USDC,4179163.6399999997,6.2636e-06,86.5165
2026-05-17T17:00:00+00:00,hyperliquid,SOL/USDC:USDC,4220515.1000000015,2.8019e-06,86.2315
2026-05-17T18:00:00+00:00,hyperliquid,SOL/USDC:USDC,4228600.940000001,1.25e-05,86.3015
2026-05-17T19:00:00+00:00,hyperliquid,SOL/USDC:USDC,4220254.420000004,6.6766e-06,86.4455
2026-05-17T20:00:00+00:00,hyperliquid,SOL/USDC:USDC,4220300.660000004,1.25e-05,86.7415
