timestamp_utc,exchange,symbol,oi,funding_rate,mark_price
2025-12-14T17:00:00+00:00,hyperliquid,BTC/USDC:USDC,23511.88178,6.3204e-06,88696.5
2025-12-14T18:00:00+00:00,hyperliquid,BTC/USDC:USDC,23471.36002,1.9556e-06,88722.5
2025-12-14T19:00:00+00:00,hyperliquid,BTC/USDC:USDC,23735.88366,6.8188e-06,88908.5
2025-12-14T20:00:00+00:00,hyperliquid,BTC/USDC:USDC,23772.68164,1.16307e-05,88611.5
2025-12-14T21:00:00+00:00,hyperliquid,BTC/USDC:USDC,23942.74322,5.9555e-06,88517.5
2025-12-14T22:00:00+00:00,hyperliquid,BTC/USDC:USDC,23897.2954,4.8102e-06,88414.5
2025-12-14T23:00:00+00:00,hyperliquid,BTC/USDC:USDC,23670.48002,1.25e-05,88401.5
2025-12-15T00:00:00+00:00,hyperliquid,BTC/USDC:USDC,23666.18856,1.25e-05,88292.5
2025-12-15T01:00:00+00:00,hyperliquid,BTC/USDC:USDC,23530.36692,1.25e-05,88492.5
2025-12-15T02:00:00+00:00,hyperliquid,BTC/USDC:USDC,24094.39742,1.25e-05,89251.5
2025-12-15T03:00:00+00:00,hyperliquid,BTC/USDC:USDC,22284.65592,1.25e-05,89242.5
2025-12-15T04:00:00+00:00,hyperliquid,BTC/USDC:USDC,22344.79644,1.25e-05,89264.5
2025-12-15T05:00:00+00:00,hyperliquid,BTC/USDC:USDC,22083.84262,6.9804e-06,89593.5
2025-12-15T06:00:00+00:00,hyperliquid,BTC/USDC:USDC,22567.1995,-7.5201e-06,89565.5
2025-12-15T07:00:00+00:00,hyperliquid,BTC/USDC:USDC,23102.24052,-1.0335e-06,89774.5
2025-12-15T08:00:00+00:00,hyperliquid,BTC/USDC:USDC,23328.95676,-3.1243e-06,89669.5
2025-12-15T09:00:00+00:00,hyperliquid,BTC/USDC:USDC,23293.32794,1.7408e-06,89742.5
2025-12-15T10:00:00+00:00,hyperliquid,BTC/USDC:USDC,22984.38332,-9.59e-08,89835.5
2025-12-15T11:00:00+00:00,hyperliquid,BTC/USDC:USDC,22992.65092,-7.676e-06,89773.5
2025-12-15T12:00:00+00:00,hyperliquid,BTC/USDC:USDC,23026.67464,-1.7519e-06,89560.5
2025-12-15T13:00:00+00:00,hyperliquid,BTC/USDC:USDC,23409.77672,-1.70211e-05,89639.5
2025-12-15T14:00:00+00:00,hyperliquid,BTC/USDC:USDC,23155.73906,-1.08338e-05,89420.5
2025-12-15T15:00:00+00:00,hyperliquid,BTC/USDC:USDC,20931.81776,-4.621e-07,87781.5
2025-12-15T16:00:00+00:00,hyperliquid,BTC/USDC:USDC,21732.79018,1.25e-05,86961.5
2025-12-15T17:00:00+00:00,hyperliquid,BTC/USDC:USDC,22170.26272,1.25e-05,86407.5
2025-12-15T18:00:00+00:00,hyperliquid,BTC/USDC:USDC,22747.7639,1.25e-05,85711.5
2025-12-15T19:00:00+00:00,hyperliquid,BTC/USDC:USDC,23925.91094,1.25e-05,86296.5
2025-12-15T20:00:00+00:00,hyperliquid,BTC/USDC:USDC,24550.64814,1.25e-05,85946.5
2025-12-15T21:00:00+00:00,hyperliquid,BTC/USDC:USDC,25011.92688,1.25e-05,85800.5
2025-12-15T22:00:00+00:00,hyperliquid,BTC/USDC:USDC,25328.66356,1.25e-05,86180.5
2025-12-15T23:00:00+00:00,hyperliquid,BTC/USDC:USDC,25353.11694,1.25e-05,86216.5
2025-12-16T00:00:00+00:00,hyperliquid,BTC/USDC:USDC,24551.64124,1.25e-05,86346.5
2025-12-16T01:00:00+00:00,hyperliquid,BTC/USDC:USDC,24039.91934,1.25e-05,85735.5
2025-12-16T02:00:00+00:00,hyperliquid,BTC/USDC:USDC,24227.14168,1.25e-05,85909.5
2025-12-16T03:00:00+00:00,hyperliquid,BTC/USDC:USDC,23969.96328,1.25e-05,85939.5
2025-12-16T04:00:00+00:00,hyperliquid,BTC/USDC:USDC,23508.91622,1.25e-05,85851.5
2025-12-16T05:00:00+00:00,hyperliquid,BTC/USDC:USDC,23487.34534,1.25e-05,85825.5
2025-12-16T06:00:00+00:00,hyperliquid,BTC/USDC:USDC,23451.8259,1.25e-05,86040.5
2025-12-16T07:00:00+00:00,hyperliquid,BTC/USDC:USDC,23709.2819,1.25e-05,86492.5
2025-12-16T08:00:00+00:00,hyperliquid,BTC/USDC:USDC,23794.8649,1.25e-05,85936.5
2025-12-16T09:00:00+00:00,hyperliquid,BTC/USDC:USDC,24041.97644,8.1784e-06,86222.5
2025-12-16T10:00:00+00:00,hyperliquid,BTC/USDC:USDC,23996.49474,3.5758e-06,86282.5
2025-12-16T11:00:00+00:00,hyperliquid,BTC/USDC:USDC,24185.0108,1.25e-05,86933.5
2025-12-16T12:00:00+00:00,hyperliquid,BTC/USDC:USDC,24402.1713,1.25e-05,87259.5
2025-12-16T13:00:00+00:00,hyperliquid,BTC/USDC:USDC,24181.63408,1.25e-05,87140.5
2025-12-16T14:00:00+00:00,hyperliquid,BTC/USDC:USDC,23416.01122,7.2887e-06,86786.0
2025-12-16T15:00:00+00:00,hyperliquid,BTC/USDC:USDC,23740.6955,-5.6634e-06,87270.5
2025-12-16T16:00:00+00:00,hyperliquid,BTC/USDC:USDC,23481.2113,1.5056e-06,87871.5
2025-12-16T17:00:00+00:00,hyperliquid,BTC/USDC:USDC,23668.46002,-6.3195e-06,87512.5
2025-12-16T18:00:00+00:00,hyperliquid,BTC/USDC:USDC,23894.86592,-1.88113e-05,87032.5
2025-12-16T19:00:00+00:00,hyperliquid,BTC/USDC:USDC,24072.20554,-1.04997e-05,87720.5
2025-12-16T20:00:00+00:00,hyperliquid,BTC/USDC:USDC,23999.3844,-1.2696e-05,87564.5
2025-12-16T21:00:00+00:00,hyperliquid,BTC/USDC:USDC,23965.12312,-1.26156e-05,87519.5
2025-12-16T22:00:00+00:00,hyperliquid,BTC/USDC:USDC,24069.69114,1.9051e-06,87806.5
2025-12-16T23:00:00+00:00,hyperliquid,BTC/USDC:USDC,23715.54822,1.9539e-06,87737.5
2025-12-17T00:00:00+00:00,hyperliquid,BTC/USDC:USDC,23688.03672,-2.688e-06,87647.5
2025-12-17T01:00:00+00:00,hyperliquid,BTC/USDC:USDC,24103.37006,-5.9559e-06,87508.5
2025-12-17T02:00:00+00:00,hyperliquid,BTC/USDC:USDC,24010.30128,-1.18176e-05,87516.5
2025-12-17T03:00:00+00:00,hyperliquid,BTC/USDC:USDC,23719.32588,-1.1052e-06,87493.5
2025-12-17T04:00:00+00:00,hyperliquid,BTC/USDC:USDC,23772.839,2.573e-06,87196.5
2025-12-17T05:00:00+00:00,hyperliquid,BTC/USDC:USDC,24300.63568,-2.3299e-05,86607.5
2025-12-17T06:00:00+00:00,hyperliquid,BTC/USDC:USDC,23972.36708,-6.5951e-06,86567.5
2025-12-17T07:00:00+00:00,hyperliquid,BTC/USDC:USDC,23791.65314,-2.043e-07,86737.5
2025-12-17T08:00:00+00:00,hyperliquid,BTC/USDC:USDC,23488.57862,-4.3999e-06,86900.5
2025-12-17T09:00:00+00:00,hyperliquid,BTC/USDC:USDC,23228.41806,3.1787e-06,86393.5
2025-12-17T12:00:00+00:00,hyperliquid,BTC/USDC:USDC,23291.9942,6.4557e-06,87052.5
2025-12-17T13:00:00+00:00,hyperliquid,BTC/USDC:USDC,23303.55314,1.2225e-06,87027.5
2025-12-17T14:00:00+00:00,hyperliquid,BTC/USDC:USDC,23248.15946,7.6789e-06,87608.5
2025-12-17T15:00:00+00:00,hyperliquid,BTC/USDC:USDC,21896.20892,1.25e-05,89500.5
2025-12-17T16:00:00+00:00,hyperliquid,BTC/USDC:USDC,21863.54262,-1.9816e-06,87329.0
2025-12-17T17:00:00+00:00,hyperliquid,BTC/USDC:USDC,22257.28604,6.3406e-06,86912.5
2025-12-17T18:00:00+00:00,hyperliquid,BTC/USDC:USDC,21921.73604,1.25e-05,86547.5
2025-12-17T19:00:00+00:00,hyperliquid,BTC/USDC:USDC,21628.55078,7.0994e-06,85742.5
2025-12-17T20:00:00+00:00,hyperliquid,BTC/USDC:USDC,22360.78808,1.25e-05,85977.5
2025-12-17T21:00:00+00:00,hyperliquid,BTC/USDC:USDC,22620.2227,9.0027e-06,85908.5
2025-12-17T22:00:00+00:00,hyperliquid,BTC/USDC:USDC,22422.9081,8.9691e-06,85950.5
2025-12-17T23:00:00+00:00,hyperliquid,BTC/USDC:USDC,22435.7173,1.25e-05,86192.5
2025-12-18T00:00:00+00:00,hyperliquid,BTC/USDC:USDC,22624.243,1.25e-05,86250.5
2025-12-18T01:00:00+00:00,hyperliquid,BTC/USDC:USDC,22583.71418,1.25e-05,86133.5
2025-12-18T02:00:00+00:00,hyperliquid,BTC/USDC:USDC,22640.84758,1.25e-05,86019.5
2025-12-18T03:00:00+00:00,hyperliquid,BTC/USDC:USDC,22556.94774,1.25e-05,86554.5
2025-12-18T04:00:00+00:00,hyperliquid,BTC/USDC:USDC,22518.15458,1.25e-05,86605.5
2025-12-18T05:00:00+00:00,hyperliquid,BTC/USDC:USDC,22556.97914,1.25e-05,86733.5
2025-12-18T06:00:00+00:00,hyperliquid,BTC/USDC:USDC,22012.01184,1.25e-05,86431.5
2025-12-18T07:00:00+00:00,hyperliquid,BTC/USDC:USDC,22036.92086,1.25e-05,86727.5
2025-12-18T08:00:00+00:00,hyperliquid,BTC/USDC:USDC,22017.68448,1.25e-05,86857.5
2025-12-18T09:00:00+00:00,hyperliquid,BTC/USDC:USDC,22001.69578,1.1721e-05,86939.5
2025-12-18T10:00:00+00:00,hyperliquid,BTC/USDC:USDC,22281.34892,-6.09e-08,87243.5
2025-12-18T11:00:00+00:00,hyperliquid,BTC/USDC:USDC,22082.72018,1.25e-05,87296.5
2025-12-18T12:00:00+00:00,hyperliquid,BTC/USDC:USDC,22029.90262,1.25e-05,87311.5
2025-12-18T13:00:00+00:00,hyperliquid,BTC/USDC:USDC,22311.3664,1.25e-05,87382.5
2025-12-18T14:00:00+00:00,hyperliquid,BTC/USDC:USDC,22640.59344,1.25e-05,89194.5
2025-12-18T15:00:00+00:00,hyperliquid,BTC/USDC:USDC,24060.67088,8.5691e-06,88458.5
2025-12-18T16:00:00+00:00,hyperliquid,BTC/USDC:USDC,23529.30628,9.4687e-06,88360.5
2025-12-18T17:00:00+00:00,hyperliquid,BTC/USDC:USDC,23148.98572,8.579e-06,87735.5
2025-12-18T18:00:00+00:00,hyperliquid,BTC/USDC:USDC,24083.32802,1.25e-05,86379.5
2025-12-18T19:00:00+00:00,hyperliquid,BTC/USDC:USDC,23723.54332,-2.5649e-06,85700.5
2025-12-18T20:00:00+00:00,hyperliquid,BTC/USDC:USDC,24384.8089,-8.7359e-06,84610.5
2025-12-18T21:00:00+00:00,hyperliquid,BTC/USDC:USDC,24727.0923,1.25e-05,85143.5
2025-12-18T22:00:00+00:00,hyperliquid,BTC/USDC:USDC,23168.33058,1.25e-05,85575.5
2025-12-18T23:00:00+00:00,hyperliquid,BTC/USDC:USDC,22893.7647,-9.5868e-06,85461.5
2025-12-19T00:00:00+00:00,hyperliquid,BTC/USDC:USDC,22614.09802,6.1866e-06,85450.5
2025-12-19T01:00:00+00:00,hyperliquid,BTC/USDC:USDC,22539.12362,1.05209e-05,85512.5
2025-12-19T02:00:00+00:00,hyperliquid,BTC/USDC:USDC,22394.5875,1.18031e-05,85191.5
2025-12-19T03:00:00+00:00,hyperliquid,BTC/USDC:USDC,22435.17292,1.25e-05,85648.5
2025-12-19T04:00:00+00:00,hyperliquid,BTC/USDC:USDC,22238.5661,1.25e-05,87099.5
2025-12-19T05:00:00+00:00,hyperliquid,BTC/USDC:USDC,22487.55044,1.25e-05,87040.5
2025-12-19T06:00:00+00:00,hyperliquid,BTC/USDC:USDC,23011.34002,1.00203e-05,86990.5
2025-12-19T07:00:00+00:00,hyperliquid,BTC/USDC:USDC,23112.154,1.25e-05,87623.0
2025-12-19T08:00:00+00:00,hyperliquid,BTC/USDC:USDC,23036.869,1.20669e-05,87922.5
2025-12-19T09:00:00+00:00,hyperliquid,BTC/USDC:USDC,23440.21648,8.9129e-06,88007.5
2025-12-19T10:00:00+00:00,hyperliquid,BTC/USDC:USDC,23702.46644,1.25e-05,88051.5
2025-12-19T11:00:00+00:00,hyperliquid,BTC/USDC:USDC,23623.36174,9.7217e-06,88187.5
2025-12-19T12:00:00+00:00,hyperliquid,BTC/USDC:USDC,23564.72682,8.2375e-06,88209.5
2025-12-19T13:00:00+00:00,hyperliquid,BTC/USDC:USDC,23731.27356,1.16067e-05,87940.5
2025-12-19T14:00:00+00:00,hyperliquid,BTC/USDC:USDC,23884.34202,1.01053e-05,87889.5
2025-12-19T15:00:00+00:00,hyperliquid,BTC/USDC:USDC,24083.49494,-2.7114e-06,88081.5
2025-12-19T16:00:00+00:00,hyperliquid,BTC/USDC:USDC,24421.1916,-3.268e-06,87988.5
2025-12-19T17:00:00+00:00,hyperliquid,BTC/USDC:USDC,23845.01864,-8.5104e-06,87876.5
2025-12-19T18:00:00+00:00,hyperliquid,BTC/USDC:USDC,24821.75256,-2.14312e-05,86889.5
2025-12-19T19:00:00+00:00,hyperliquid,BTC/USDC:USDC,24156.74932,-1.61176e-05,87142.5
2025-12-19T20:00:00+00:00,hyperliquid,BTC/USDC:USDC,23831.31632,-2.10037e-05,87834.5
2025-12-19T21:00:00+00:00,hyperliquid,BTC/USDC:USDC,22729.1209,-1.4822e-06,87931.0
2025-12-19T22:00:00+00:00,hyperliquid,BTC/USDC:USDC,22582.96184,1.04117e-05,87873.5
2025-12-19T23:00:00+00:00,hyperliquid,BTC/USDC:USDC,22498.03734,3.9326e-06,88275.5
2025-12-20T00:00:00+00:00,hyperliquid,BTC/USDC:USDC,22383.73416,-1.00935e-05,88096.5
2025-12-20T01:00:00+00:00,hyperliquid,BTC/USDC:USDC,22643.61348,-7.7326e-06,88020.5
2025-12-20T02:00:00+00:00,hyperliquid,BTC/USDC:USDC,22441.79322,-2.86e-08,88020.5
2025-12-20T03:00:00+00:00,hyperliquid,BTC/USDC:USDC,22425.18954,-9.982e-07,88181.5
2025-12-20T04:00:00+00:00,hyperliquid,BTC/USDC:USDC,22607.45928,-1.62747e-05,88170.5
2025-12-20T05:00:00+00:00,hyperliquid,BTC/USDC:USDC,22734.29126,-1.21162e-05,88252.5
2025-12-20T06:00:00+00:00,hyperliquid,BTC/USDC:USDC,22769.89926,6.3063e-06,88234.5
2025-12-20T07:00:00+00:00,hyperliquid,BTC/USDC:USDC,22700.49078,-9.3519e-06,88269.5
2025-12-20T08:00:00+00:00,hyperliquid,BTC/USDC:USDC,22702.36298,-1.10837e-05,88281.5
2025-12-20T09:00:00+00:00,hyperliquid,BTC/USDC:USDC,22689.08832,4.6865e-06,88193.5
2025-12-20T10:00:00+00:00,hyperliquid,BTC/USDC:USDC,22696.45934,-1.295e-05,88140.5
2025-12-20T11:00:00+00:00,hyperliquid,BTC/USDC:USDC,23091.8843,-4.403e-06,88116.5
2025-12-20T12:00:00+00:00,hyperliquid,BTC/USDC:USDC,23095.2835,-1.35271e-05,88212.5
2025-12-20T13:00:00+00:00,hyperliquid,BTC/USDC:USDC,23077.35696,-5.914e-06,88201.5
2025-12-20T14:00:00+00:00,hyperliquid,BTC/USDC:USDC,23035.37824,-1.3254e-06,88160.5
2025-12-20T15:00:00+00:00,hyperliquid,BTC/USDC:USDC,23283.82598,-1.24495e-05,88203.5
2025-12-20T16:00:00+00:00,hyperliquid,BTC/USDC:USDC,23213.99186,-9.5496e-06,88147.5
2025-12-20T17:00:00+00:00,hyperliquid,BTC/USDC:USDC,23233.00924,1.0911e-06,88130.5
2025-12-20T18:00:00+00:00,hyperliquid,BTC/USDC:USDC,23285.56114,-5.9903e-06,88159.5
2025-12-20T19:00:00+00:00,hyperliquid,BTC/USDC:USDC,23287.45338,-2.6232e-06,88201.5
2025-12-20T20:00:00+00:00,hyperliquid,BTC/USDC:USDC,23310.91428,1.16381e-05,88178.5
2025-12-20T21:00:00+00:00,hyperliquid,BTC/USDC:USDC,23340.12782,1.25e-05,88239.5
2025-12-20T22:00:00+00:00,hyperliquid,BTC/USDC:USDC,23265.94304,1.17569e-05,88203.5
2025-12-20T23:00:00+00:00,hyperliquid,BTC/USDC:USDC,23323.14474,1.20332e-05,88245.5
2025-12-21T00:00:00+00:00,hyperliquid,BTC/USDC:USDC,23240.42854,1.25e-05,88344.5
2025-12-21T01:00:00+00:00,hyperliquid,BTC/USDC:USDC,23236.10274,1.25e-05,88321.5
2025-12-21T02:00:00+00:00,hyperliquid,BTC/USDC:USDC,22956.21898,4.4547e-06,87990.5
2025-12-21T03:00:00+00:00,hyperliquid,BTC/USDC:USDC,22975.52518,1.742e-06,87903.5
2025-12-21T04:00:00+00:00,hyperliquid,BTC/USDC:USDC,23139.88664,1.14089e-05,88044.5
2025-12-21T05:00:00+00:00,hyperliquid,BTC/USDC:USDC,23113.17426,5.1426e-06,88024.5
2025-12-21T06:00:00+00:00,hyperliquid,BTC/USDC:USDC,23193.10564,6.9722e-06,88086.5
2025-12-21T07:00:00+00:00,hyperliquid,BTC/USDC:USDC,23084.02282,1.25e-05,88066.5
2025-12-21T08:00:00+00:00,hyperliquid,BTC/USDC:USDC,23108.31874,8.2971e-06,88144.5
2025-12-21T09:00:00+00:00,hyperliquid,BTC/USDC:USDC,23061.40754,1.11548e-05,88628.5
2025-12-21T10:00:00+00:00,hyperliquid,BTC/USDC:USDC,22761.99996,6.7812e-06,88918.5
2025-12-21T11:00:00+00:00,hyperliquid,BTC/USDC:USDC,22743.15484,1.08782e-05,88607.5
2025-12-21T12:00:00+00:00,hyperliquid,BTC/USDC:USDC,22883.37934,2.9278e-06,88561.5
2025-12-21T13:00:00+00:00,hyperliquid,BTC/USDC:USDC,22811.95844,1.25e-05,88623.5
2025-12-21T14:00:00+00:00,hyperliquid,BTC/USDC:USDC,21864.53804,1.25e-05,87697.5
2025-12-21T15:00:00+00:00,hyperliquid,BTC/USDC:USDC,22005.17118,1.25e-05,87993.5
2025-12-21T16:00:00+00:00,hyperliquid,BTC/USDC:USDC,21904.58976,9.3274e-06,87967.5
2025-12-21T17:00:00+00:00,hyperliquid,BTC/USDC:USDC,21911.5288,6.6137e-06,88314.5
2025-12-21T18:00:00+00:00,hyperliquid,BTC/USDC:USDC,22104.9874,1.24285e-05,88220.5
2025-12-21T19:00:00+00:00,hyperliquid,BTC/USDC:USDC,22311.28944,1.25e-05,88446.5
2025-12-21T20:00:00+00:00,hyperliquid,BTC/USDC:USDC,22269.96114,1.25e-05,88457.5
2025-12-21T21:00:00+00:00,hyperliquid,BTC/USDC:USDC,22017.07438,1.25e-05,88178.5
2025-12-21T22:00:00+00:00,hyperliquid,BTC/USDC:USDC,22085.47186,4.8498e-06,88085.5
2025-12-21T23:00:00+00:00,hyperliquid,BTC/USDC:USDC,22467.66162,1.05099e-05,88493.5
2025-12-22T00:00:00+00:00,hyperliquid,BTC/USDC:USDC,22403.88716,1.25e-05,88703.5
2025-12-22T01:00:00+00:00,hyperliquid,BTC/USDC:USDC,22170.70252,1.9437e-06,88690.5
2025-12-22T02:00:00+00:00,hyperliquid,BTC/USDC:USDC,22298.16578,1.25e-05,88535.5
2025-12-22T03:00:00+00:00,hyperliquid,BTC/USDC:USDC,23047.06342,1.25e-05,88450.5
2025-12-22T04:00:00+00:00,hyperliquid,BTC/USDC:USDC,23043.3629,1.25e-05,88788.5
2025-12-22T05:00:00+00:00,hyperliquid,BTC/USDC:USDC,22956.42424,1.25e-05,88898.5
2025-12-22T06:00:00+00:00,hyperliquid,BTC/USDC:USDC,22890.0072,1.25e-05,88773.5
2025-12-22T07:00:00+00:00,hyperliquid,BTC/USDC:USDC,22955.1905,1.25e-05,88940.5
2025-12-22T08:00:00+00:00,hyperliquid,BTC/USDC:USDC,23213.0536,1.25e-05,89232.5
2025-12-22T09:00:00+00:00,hyperliquid,BTC/USDC:USDC,22996.76116,1.25e-05,89314.5
2025-12-22T10:00:00+00:00,hyperliquid,BTC/USDC:USDC,22956.91416,1.25e-05,89767.0
2025-12-22T11:00:00+00:00,hyperliquid,BTC/USDC:USDC,22999.69136,1.25e-05,89717.5
2025-12-22T12:00:00+00:00,hyperliquid,BTC/USDC:USDC,22900.68984,1.25e-05,89999.5
2025-12-22T13:00:00+00:00,hyperliquid,BTC/USDC:USDC,22896.6292,1.19e-05,90191.5
2025-12-22T14:00:00+00:00,hyperliquid,BTC/USDC:USDC,23480.5138,3.9889e-06,89933.5
2025-12-22T15:00:00+00:00,hyperliquid,BTC/USDC:USDC,23919.56272,1.8258e-06,89993.5
2025-12-22T16:00:00+00:00,hyperliquid,BTC/USDC:USDC,23707.85268,1.9631e-06,89696.5
2025-12-22T17:00:00+00:00,hyperliquid,BTC/USDC:USDC,23718.87298,5.5171e-06,89458.5
2025-12-22T18:00:00+00:00,hyperliquid,BTC/USDC:USDC,24022.56948,1.0283e-05,89326.5
2025-12-22T19:00:00+00:00,hyperliquid,BTC/USDC:USDC,24082.28286,-1.03378e-05,88999.5
2025-12-22T20:00:00+00:00,hyperliquid,BTC/USDC:USDC,24276.40332,-9.3955e-06,87992.5
2025-12-22T21:00:00+00:00,hyperliquid,BTC/USDC:USDC,24101.45036,6.4306e-06,88324.5
2025-12-22T22:00:00+00:00,hyperliquid,BTC/USDC:USDC,23998.77992,-1.08236e-05,88197.5
2025-12-22T23:00:00+00:00,hyperliquid,BTC/USDC:USDC,24262.06968,-1.58989e-05,88540.5
2025-12-23T00:00:00+00:00,hyperliquid,BTC/USDC:USDC,24252.06952,-1.11792e-05,88501.5
2025-12-23T01:00:00+00:00,hyperliquid,BTC/USDC:USDC,24428.4632,-1.38184e-05,88654.5
2025-12-23T02:00:00+00:00,hyperliquid,BTC/USDC:USDC,24007.80658,-1.64525e-05,88409.5
2025-12-23T03:00:00+00:00,hyperliquid,BTC/USDC:USDC,23951.05134,-1.09993e-05,88115.5
2025-12-23T04:00:00+00:00,hyperliquid,BTC/USDC:USDC,23529.67334,-2.0181e-06,88135.5
2025-12-23T05:00:00+00:00,hyperliquid,BTC/USDC:USDC,23459.55946,3.9479e-06,87922.5
2025-12-23T06:00:00+00:00,hyperliquid,BTC/USDC:USDC,23004.43352,1.25e-05,87630.5
2025-12-23T07:00:00+00:00,hyperliquid,BTC/USDC:USDC,22674.35686,1.19676e-05,87380.5
2025-12-23T08:00:00+00:00,hyperliquid,BTC/USDC:USDC,22747.87334,6.0808e-06,87529.5
2025-12-23T09:00:00+00:00,hyperliquid,BTC/USDC:USDC,22854.64002,1.07006e-05,87517.5
2025-12-23T10:00:00+00:00,hyperliquid,BTC/USDC:USDC,22765.057,1.19402e-05,87501.5
2025-12-23T11:00:00+00:00,hyperliquid,BTC/USDC:USDC,22777.58146,1.25e-05,87575.5
2025-12-23T12:00:00+00:00,hyperliquid,BTC/USDC:USDC,23515.49264,1.25e-05,87793.5
2025-12-23T13:00:00+00:00,hyperliquid,BTC/USDC:USDC,23845.71936,1.25e-05,87723.5
2025-12-23T14:00:00+00:00,hyperliquid,BTC/USDC:USDC,24211.84626,1.25e-05,87647.5
2025-12-23T15:00:00+00:00,hyperliquid,BTC/USDC:USDC,23460.16304,1.25e-05,86857.5
2025-12-23T16:00:00+00:00,hyperliquid,BTC/USDC:USDC,23899.04248,1.25e-05,87310.5
2025-12-23T17:00:00+00:00,hyperliquid,BTC/USDC:USDC,24119.97566,1.25e-05,88023.5
2025-12-23T18:00:00+00:00,hyperliquid,BTC/USDC:USDC,24064.00168,1.25e-05,87249.5
2025-12-23T19:00:00+00:00,hyperliquid,BTC/USDC:USDC,24085.26756,1.25e-05,87967.5
2025-12-23T20:00:00+00:00,hyperliquid,BTC/USDC:USDC,24136.74554,1.25e-05,87680.5
2025-12-23T21:00:00+00:00,hyperliquid,BTC/USDC:USDC,23864.7307,1.25e-05,87667.0
2025-12-23T22:00:00+00:00,hyperliquid,BTC/USDC:USDC,23858.24162,1.25e-05,87679.5
2025-12-23T23:00:00+00:00,hyperliquid,BTC/USDC:USDC,22704.9393,1.25e-05,87192.5
2025-12-24T00:00:00+00:00,hyperliquid,BTC/USDC:USDC,22561.86176,1.25e-05,87456.5
2025-12-24T01:00:00+00:00,hyperliquid,BTC/USDC:USDC,22659.73494,1.25e-05,87672.5
2025-12-24T02:00:00+00:00,hyperliquid,BTC/USDC:USDC,22560.25116,8.2993e-06,87617.5
2025-12-24T03:00:00+00:00,hyperliquid,BTC/USDC:USDC,22785.6215,1.25e-05,87068.5
2025-12-24T04:00:00+00:00,hyperliquid,BTC/USDC:USDC,22520.22322,8.8331e-06,87286.5
2025-12-24T05:00:00+00:00,hyperliquid,BTC/USDC:USDC,22439.96072,1.23731e-05,87169.5
2025-12-24T06:00:00+00:00,hyperliquid,BTC/USDC:USDC,22431.30776,1.25e-05,86949.5
2025-12-24T07:00:00+00:00,hyperliquid,BTC/USDC:USDC,22508.46066,7.3812e-06,86996.5
2025-12-24T08:00:00+00:00,hyperliquid,BTC/USDC:USDC,22543.4676,1.12781e-05,86889.5
2025-12-24T09:00:00+00:00,hyperliquid,BTC/USDC:USDC,22733.5207,1.25e-05,86811.5
2025-12-24T10:00:00+00:00,hyperliquid,BTC/USDC:USDC,22365.41094,1.25e-05,86792.5
2025-12-24T11:00:00+00:00,hyperliquid,BTC/USDC:USDC,22084.80684,1.25e-05,87129.5
2025-12-24T12:00:00+00:00,hyperliquid,BTC/USDC:USDC,22098.88574,1.25e-05,87145.5
2025-12-24T13:00:00+00:00,hyperliquid,BTC/USDC:USDC,22135.76852,1.25e-05,87421.5
2025-12-24T14:00:00+00:00,hyperliquid,BTC/USDC:USDC,22211.46904,1.25e-05,87350.5
2025-12-24T15:00:00+00:00,hyperliquid,BTC/USDC:USDC,22135.56574,1.25e-05,87047.5
2025-12-24T16:00:00+00:00,hyperliquid,BTC/USDC:USDC,22411.7579,1.25e-05,87019.0
2025-12-24T17:00:00+00:00,hyperliquid,BTC/USDC:USDC,22460.66384,1.25e-05,87288.5
2025-12-24T18:00:00+00:00,hyperliquid,BTC/USDC:USDC,22440.32156,1.25e-05,87299.5
2025-12-24T19:00:00+00:00,hyperliquid,BTC/USDC:USDC,22450.71396,1.25e-05,87436.5
2025-12-24T20:00:00+00:00,hyperliquid,BTC/USDC:USDC,22642.28114,1.25e-05,87559.5
2025-12-24T21:00:00+00:00,hyperliquid,BTC/USDC:USDC,23017.8983,1.25e-05,87611.5
2025-12-24T22:00:00+00:00,hyperliquid,BTC/USDC:USDC,23235.33094,1.25e-05,87685.5
2025-12-24T23:00:00+00:00,hyperliquid,BTC/USDC:USDC,23527.6044,1.25e-05,87964.5
2025-12-25T00:00:00+00:00,hyperliquid,BTC/USDC:USDC,22925.54064,1.25e-05,87596.5
2025-12-25T01:00:00+00:00,hyperliquid,BTC/USDC:USDC,23036.6781,1.25e-05,87558.5
2025-12-25T02:00:00+00:00,hyperliquid,BTC/USDC:USDC,22928.75338,1.25e-05,87649.5
2025-12-25T03:00:00+00:00,hyperliquid,BTC/USDC:USDC,22906.70968,1.25e-05,87860.5
2025-12-25T04:00:00+00:00,hyperliquid,BTC/USDC:USDC,22919.77368,1.25e-05,87815.5
2025-12-25T05:00:00+00:00,hyperliquid,BTC/USDC:USDC,22961.0686,1.25e-05,87746.5
2025-12-25T06:00:00+00:00,hyperliquid,BTC/USDC:USDC,22916.32462,1.25e-05,87728.5
2025-12-25T07:00:00+00:00,hyperliquid,BTC/USDC:USDC,22913.7717,1.25e-05,87817.5
2025-12-25T08:00:00+00:00,hyperliquid,BTC/USDC:USDC,22920.7838,1.25e-05,87829.5
2025-12-25T09:00:00+00:00,hyperliquid,BTC/USDC:USDC,22799.76858,1.25e-05,87526.5
2025-12-25T10:00:00+00:00,hyperliquid,BTC/USDC:USDC,22776.8949,1.25e-05,87493.5
2025-12-25T11:00:00+00:00,hyperliquid,BTC/USDC:USDC,22591.27422,1.25e-05,87404.5
2025-12-25T12:00:00+00:00,hyperliquid,BTC/USDC:USDC,22606.02466,1.25e-05,87501.5
2025-12-25T13:00:00+00:00,hyperliquid,BTC/USDC:USDC,22669.76438,1.25e-05,87521.5
2025-12-25T14:00:00+00:00,hyperliquid,BTC/USDC:USDC,22732.15622,1.25e-05,87607.5
2025-12-25T15:00:00+00:00,hyperliquid,BTC/USDC:USDC,22826.15002,1.25e-05,87736.5
2025-12-25T16:00:00+00:00,hyperliquid,BTC/USDC:USDC,23038.77928,1.25e-05,88413.5
2025-12-25T17:00:00+00:00,hyperliquid,BTC/USDC:USDC,22713.5576,1.25e-05,88096.5
2025-12-25T18:00:00+00:00,hyperliquid,BTC/USDC:USDC,22811.41074,1.25e-05,88129.5
2025-12-25T19:00:00+00:00,hyperliquid,BTC/USDC:USDC,22929.72966,1.25e-05,88210.5
2025-12-25T20:00:00+00:00,hyperliquid,BTC/USDC:USDC,22903.64012,1.25e-05,88130.5
2025-12-25T21:00:00+00:00,hyperliquid,BTC/USDC:USDC,22774.64996,1.25e-05,87842.5
2025-12-25T22:00:00+00:00,hyperliquid,BTC/USDC:USDC,22908.54512,1.25e-05,87880.5
2025-12-25T23:00:00+00:00,hyperliquid,BTC/USDC:USDC,22214.95084,1.25e-05,87499.5
2025-12-26T00:00:00+00:00,hyperliquid,BTC/USDC:USDC,22551.23954,1.25e-05,87235.5
2025-12-26T01:00:00+00:00,hyperliquid,BTC/USDC:USDC,22572.6189,1.25e-05,87165.5
2025-12-26T02:00:00+00:00,hyperliquid,BTC/USDC:USDC,22815.23362,1.25e-05,87426.5
2025-12-26T03:00:00+00:00,hyperliquid,BTC/USDC:USDC,22554.56552,1.25e-05,89234.5
2025-12-26T04:00:00+00:00,hyperliquid,BTC/USDC:USDC,22386.5391,2.569e-07,88706.5
2025-12-26T05:00:00+00:00,hyperliquid,BTC/USDC:USDC,22287.6793,9.0558e-06,88913.5
2025-12-26T06:00:00+00:00,hyperliquid,BTC/USDC:USDC,22596.2837,1.11877e-05,88995.5
2025-12-26T07:00:00+00:00,hyperliquid,BTC/USDC:USDC,22725.6236,9.2373e-06,89117.5
2025-12-26T08:00:00+00:00,hyperliquid,BTC/USDC:USDC,23275.94932,1.25e-05,88567.5
2025-12-26T09:00:00+00:00,hyperliquid,BTC/USDC:USDC,23501.13698,4.6075e-06,88708.5
2025-12-26T10:00:00+00:00,hyperliquid,BTC/USDC:USDC,23498.83846,1.25e-05,88803.5
2025-12-26T11:00:00+00:00,hyperliquid,BTC/USDC:USDC,23492.66908,1.1702e-05,88688.5
2025-12-26T12:00:00+00:00,hyperliquid,BTC/USDC:USDC,23419.97378,6.115e-06,88551.5
2025-12-26T13:00:00+00:00,hyperliquid,BTC/USDC:USDC,23396.66462,1.25e-05,88634.5
2025-12-26T14:00:00+00:00,hyperliquid,BTC/USDC:USDC,23474.95926,8.7123e-06,88893.5
2025-12-26T15:00:00+00:00,hyperliquid,BTC/USDC:USDC,23135.86292,1.25e-05,87003.0
2025-12-26T16:00:00+00:00,hyperliquid,BTC/USDC:USDC,24185.09326,1.25e-05,87218.5
2025-12-26T17:00:00+00:00,hyperliquid,BTC/USDC:USDC,22978.21438,1.25e-05,86847.5
2025-12-26T18:00:00+00:00,hyperliquid,BTC/USDC:USDC,23622.3093,1.25e-05,87325.5
2025-12-26T19:00:00+00:00,hyperliquid,BTC/USDC:USDC,23715.02216,1.25e-05,87250.5
2025-12-26T20:00:00+00:00,hyperliquid,BTC/USDC:USDC,23741.0037,1.25e-05,87531.5
2025-12-26T21:00:00+00:00,hyperliquid,BTC/USDC:USDC,23532.55118,1.25e-05,87660.5
2025-12-26T22:00:00+00:00,hyperliquid,BTC/USDC:USDC,23380.27216,1.25e-05,87473.5
2025-12-26T23:00:00+00:00,hyperliquid,BTC/USDC:USDC,22689.25958,1.25e-05,87497.5
2025-12-27T00:00:00+00:00,hyperliquid,BTC/USDC:USDC,22614.8275,1.25e-05,87342.5
2025-12-27T01:00:00+00:00,hyperliquid,BTC/USDC:USDC,22678.21042,1.25e-05,87373.5
2025-12-27T02:00:00+00:00,hyperliquid,BTC/USDC:USDC,22719.5362,1.25e-05,87409.5
2025-12-27T03:00:00+00:00,hyperliquid,BTC/USDC:USDC,22751.66634,1.25e-05,87423.5
2025-12-27T04:00:00+00:00,hyperliquid,BTC/USDC:USDC,22707.79644,1.25e-05,87491.5
2025-12-27T05:00:00+00:00,hyperliquid,BTC/USDC:USDC,22677.09274,1.25e-05,87453.5
2025-12-27T06:00:00+00:00,hyperliquid,BTC/USDC:USDC,22689.85562,1.25e-05,87478.5
2025-12-27T07:00:00+00:00,hyperliquid,BTC/USDC:USDC,22398.8201,1.25e-05,87445.5
2025-12-27T08:00:00+00:00,hyperliquid,BTC/USDC:USDC,22704.06174,1.25e-05,87522.5
2025-12-27T09:00:00+00:00,hyperliquid,BTC/USDC:USDC,22770.53254,1.25e-05,87557.5
2025-12-27T10:00:00+00:00,hyperliquid,BTC/USDC:USDC,23059.16524,1.25e-05,87594.5
2025-12-27T11:00:00+00:00,hyperliquid,BTC/USDC:USDC,23110.47278,1.25e-05,87476.5
2025-12-27T12:00:00+00:00,hyperliquid,BTC/USDC:USDC,23056.16912,1.25e-05,87467.5
2025-12-27T13:00:00+00:00,hyperliquid,BTC/USDC:USDC,23036.89456,1.25e-05,87442.5
2025-12-27T14:00:00+00:00,hyperliquid,BTC/USDC:USDC,22982.7029,1.25e-05,87421.5
2025-12-27T15:00:00+00:00,hyperliquid,BTC/USDC:USDC,23061.59544,1.25e-05,87499.5
2025-12-27T16:00:00+00:00,hyperliquid,BTC/USDC:USDC,23005.95276,1.25e-05,87542.5
2025-12-27T17:00:00+00:00,hyperliquid,BTC/USDC:USDC,22949.11986,1.25e-05,87469.5
2025-12-27T18:00:00+00:00,hyperliquid,BTC/USDC:USDC,22939.09548,1.25e-05,87532.5
2025-12-27T19:00:00+00:00,hyperliquid,BTC/USDC:USDC,22973.29612,1.25e-05,87477.5
2025-12-27T20:00:00+00:00,hyperliquid,BTC/USDC:USDC,22985.17454,1.25e-05,87552.5
2025-12-27T21:00:00+00:00,hyperliquid,BTC/USDC:USDC,23001.22906,1.25e-05,87531.5
2025-12-27T22:00:00+00:00,hyperliquid,BTC/USDC:USDC,23123.26946,1.25e-05,87652.5
2025-12-27T23:00:00+00:00,hyperliquid,BTC/USDC:USDC,23114.20478,1.25e-05,87541.5
2025-12-28T00:00:00+00:00,hyperliquid,BTC/USDC:USDC,23183.46798,1.25e-05,87895.5
2025-12-28T01:00:00+00:00,hyperliquid,BTC/USDC:USDC,23236.21248,1.25e-05,87852.5
2025-12-28T02:00:00+00:00,hyperliquid,BTC/USDC:USDC,23238.62582,1.25e-05,87743.5
2025-12-28T03:00:00+00:00,hyperliquid,BTC/USDC:USDC,23253.85984,1.25e-05,87782.5
2025-12-28T04:00:00+00:00,hyperliquid,BTC/USDC:USDC,23190.0143,1.25e-05,87691.5
2025-12-28T05:00:00+00:00,hyperliquid,BTC/USDC:USDC,23294.40792,1.25e-05,87656.5
2025-12-28T06:00:00+00:00,hyperliquid,BTC/USDC:USDC,23107.18322,1.25e-05,87614.5
2025-12-28T07:00:00+00:00,hyperliquid,BTC/USDC:USDC,23102.33388,1.25e-05,87673.5
2025-12-28T08:00:00+00:00,hyperliquid,BTC/USDC:USDC,23115.29032,1.25e-05,87716.5
2025-12-28T09:00:00+00:00,hyperliquid,BTC/USDC:USDC,23131.31898,1.25e-05,87792.5
2025-12-28T10:00:00+00:00,hyperliquid,BTC/USDC:USDC,22855.5479,1.25e-05,87773.5
2025-12-28T11:00:00+00:00,hyperliquid,BTC/USDC:USDC,23347.21974,7.0488e-06,87835.5
2025-12-28T12:00:00+00:00,hyperliquid,BTC/USDC:USDC,23423.21542,1.18556e-05,87841.5
2025-12-28T13:00:00+00:00,hyperliquid,BTC/USDC:USDC,23470.3592,1.21685e-05,87835.5
2025-12-28T14:00:00+00:00,hyperliquid,BTC/USDC:USDC,23463.34702,8.6673e-06,87879.5
2025-12-28T15:00:00+00:00,hyperliquid,BTC/USDC:USDC,23457.02224,3.2935e-06,87863.5
2025-12-28T16:00:00+00:00,hyperliquid,BTC/USDC:USDC,23374.83042,1.25e-05,87806.5
2025-12-28T17:00:00+00:00,hyperliquid,BTC/USDC:USDC,23234.74784,7.9651e-06,87786.5
2025-12-28T18:00:00+00:00,hyperliquid,BTC/USDC:USDC,23308.72934,1.25e-05,87736.5
2025-12-28T19:00:00+00:00,hyperliquid,BTC/USDC:USDC,23656.20788,1.25e-05,87579.5
2025-12-28T20:00:00+00:00,hyperliquid,BTC/USDC:USDC,23572.02484,1.25e-05,87517.5
2025-12-28T21:00:00+00:00,hyperliquid,BTC/USDC:USDC,23653.26574,1.25e-05,87508.5
2025-12-28T22:00:00+00:00,hyperliquid,BTC/USDC:USDC,23471.93608,1.25e-05,87571.5
2025-12-28T23:00:00+00:00,hyperliquid,BTC/USDC:USDC,23014.46262,1.25e-05,87855.0
2025-12-29T00:00:00+00:00,hyperliquid,BTC/USDC:USDC,22725.17608,1.25e-05,87832.5
2025-12-29T01:00:00+00:00,hyperliquid,BTC/USDC:USDC,23655.6667,1.25e-05,88236.5
2025-12-29T02:00:00+00:00,hyperliquid,BTC/USDC:USDC,23239.03254,1.25e-05,88762.5
2025-12-29T03:00:00+00:00,hyperliquid,BTC/USDC:USDC,23762.3564,1.25e-05,89182.5
2025-12-29T04:00:00+00:00,hyperliquid,BTC/USDC:USDC,23728.15364,1.25e-05,90096.5
2025-12-29T05:00:00+00:00,hyperliquid,BTC/USDC:USDC,23442.79594,1.25e-05,90120.5
2025-12-29T06:00:00+00:00,hyperliquid,BTC/USDC:USDC,23480.57024,1.25e-05,89896.5
2025-12-29T07:00:00+00:00,hyperliquid,BTC/USDC:USDC,23458.55102,1.25e-05,89801.5
2025-12-29T08:00:00+00:00,hyperliquid,BTC/USDC:USDC,23434.95054,1.25e-05,89614.5
2025-12-29T09:00:00+00:00,hyperliquid,BTC/USDC:USDC,23915.70028,9.791e-06,89521.5
2025-12-29T10:00:00+00:00,hyperliquid,BTC/USDC:USDC,24007.16504,1.25e-05,88056.5
2025-12-29T11:00:00+00:00,hyperliquid,BTC/USDC:USDC,23503.01652,9.6884e-06,87728.5
2025-12-29T12:00:00+00:00,hyperliquid,BTC/USDC:USDC,23964.69056,9.8042e-06,87518.0
2025-12-29T13:00:00+00:00,hyperliquid,BTC/USDC:USDC,24401.77172,3.3273e-06,87323.5
2025-12-29T14:00:00+00:00,hyperliquid,BTC/USDC:USDC,24212.21228,7.6519e-06,87327.5
2025-12-29T15:00:00+00:00,hyperliquid,BTC/USDC:USDC,25009.5311,1.25e-05,87341.5
2025-12-29T16:00:00+00:00,hyperliquid,BTC/USDC:USDC,26104.81068,1.25e-05,87676.5
2025-12-29T17:00:00+00:00,hyperliquid,BTC/USDC:USDC,26095.65634,1.25e-05,87663.5
2025-12-29T18:00:00+00:00,hyperliquid,BTC/USDC:USDC,25773.82018,1.25e-05,87805.5
2025-12-29T19:00:00+00:00,hyperliquid,BTC/USDC:USDC,24833.10238,1.25e-05,87447.5
2025-12-29T20:00:00+00:00,hyperliquid,BTC/USDC:USDC,24747.0501,1.25e-05,87298.5
2025-12-29T21:00:00+00:00,hyperliquid,BTC/USDC:USDC,24609.2349,1.25e-05,87287.5
2025-12-29T22:00:00+00:00,hyperliquid,BTC/USDC:USDC,24451.9653,1.25e-05,87280.5
2025-12-29T23:00:00+00:00,hyperliquid,BTC/USDC:USDC,23822.75234,1.25e-05,87330.5
2025-12-30T00:00:00+00:00,hyperliquid,BTC/USDC:USDC,23677.33934,1.25e-05,87245.5
2025-12-30T01:00:00+00:00,hyperliquid,BTC/USDC:USDC,23666.08042,1.25e-05,87187.5
2025-12-30T02:00:00+00:00,hyperliquid,BTC/USDC:USDC,23826.7898,1.25e-05,87250.5
2025-12-30T03:00:00+00:00,hyperliquid,BTC/USDC:USDC,23965.26618,1.25e-05,87089.5
2025-12-30T04:00:00+00:00,hyperliquid,BTC/USDC:USDC,23809.5463,1.25e-05,87383.5
2025-12-30T05:00:00+00:00,hyperliquid,BTC/USDC:USDC,23617.87416,1.25e-05,87287.5
2025-12-30T06:00:00+00:00,hyperliquid,BTC/USDC:USDC,23513.2063,1.25e-05,87239.5
2025-12-30T07:00:00+00:00,hyperliquid,BTC/USDC:USDC,23785.47492,1.25e-05,87402.5
2025-12-30T08:00:00+00:00,hyperliquid,BTC/USDC:USDC,23861.10274,1.25e-05,87510.5
2025-12-30T09:00:00+00:00,hyperliquid,BTC/USDC:USDC,23877.2501,1.25e-05,87858.5
2025-12-30T10:00:00+00:00,hyperliquid,BTC/USDC:USDC,23932.6782,1.25e-05,88024.5
2025-12-30T11:00:00+00:00,hyperliquid,BTC/USDC:USDC,23843.18536,1.25e-05,87913.5
2025-12-30T12:00:00+00:00,hyperliquid,BTC/USDC:USDC,23852.6621,1.25e-05,87975.5
2025-12-30T13:00:00+00:00,hyperliquid,BTC/USDC:USDC,23899.98428,1.25e-05,88012.5
2025-12-30T14:00:00+00:00,hyperliquid,BTC/USDC:USDC,23906.8968,1.25e-05,88049.5
2025-12-30T15:00:00+00:00,hyperliquid,BTC/USDC:USDC,24486.65234,1.25e-05,88786.5
2025-12-30T16:00:00+00:00,hyperliquid,BTC/USDC:USDC,24410.8752,1.25e-05,89099.5
2025-12-30T17:00:00+00:00,hyperliquid,BTC/USDC:USDC,24024.85596,1.25e-05,88767.5
2025-12-30T18:00:00+00:00,hyperliquid,BTC/USDC:USDC,23960.6846,8.0053e-06,88286.5
2025-12-30T19:00:00+00:00,hyperliquid,BTC/USDC:USDC,23899.90604,9.2851e-06,88247.5
2025-12-30T20:00:00+00:00,hyperliquid,BTC/USDC:USDC,23949.7539,2.899e-06,88109.5
2025-12-30T21:00:00+00:00,hyperliquid,BTC/USDC:USDC,23695.64114,1.25e-05,87946.0
2025-12-30T22:00:00+00:00,hyperliquid,BTC/USDC:USDC,24064.5541,1.25e-05,88277.5
2025-12-30T23:00:00+00:00,hyperliquid,BTC/USDC:USDC,24120.62356,1.25e-05,88435.5
2025-12-31T00:00:00+00:00,hyperliquid,BTC/USDC:USDC,23824.58786,1.25e-05,88419.5
2025-12-31T01:00:00+00:00,hyperliquid,BTC/USDC:USDC,23505.44654,1.25e-05,88221.5
2025-12-31T02:00:00+00:00,hyperliquid,BTC/USDC:USDC,23535.65668,1.25e-05,88515.5
2025-12-31T03:00:00+00:00,hyperliquid,BTC/USDC:USDC,23326.8615,1.25e-05,88675.5
2025-12-31T04:00:00+00:00,hyperliquid,BTC/USDC:USDC,23252.09584,1.25e-05,88405.5
2025-12-31T05:00:00+00:00,hyperliquid,BTC/USDC:USDC,23115.30608,1.25e-05,88350.5
2025-12-31T06:00:00+00:00,hyperliquid,BTC/USDC:USDC,23252.19166,1.25e-05,88433.5
2025-12-31T07:00:00+00:00,hyperliquid,BTC/USDC:USDC,23318.78012,1.25e-05,88466.5
2025-12-31T08:00:00+00:00,hyperliquid,BTC/USDC:USDC,23429.78112,1.25e-05,88604.5
2025-12-31T09:00:00+00:00,hyperliquid,BTC/USDC:USDC,23445.41652,1.25e-05,88450.5
2025-12-31T10:00:00+00:00,hyperliquid,BTC/USDC:USDC,23437.9617,1.25e-05,88652.5
2025-12-31T11:00:00+00:00,hyperliquid,BTC/USDC:USDC,23426.74884,1.25e-05,88797.5
2025-12-31T12:00:00+00:00,hyperliquid,BTC/USDC:USDC,23405.10344,1.25e-05,89000.5
2025-12-31T13:00:00+00:00,hyperliquid,BTC/USDC:USDC,23416.5339,8.0943e-06,88757.5
2025-12-31T14:00:00+00:00,hyperliquid,BTC/USDC:USDC,23401.70832,1.25e-05,88964.5
2025-12-31T15:00:00+00:00,hyperliquid,BTC/USDC:USDC,23228.11282,1.24844e-05,88409.5
2025-12-31T16:00:00+00:00,hyperliquid,BTC/USDC:USDC,22835.36988,1.25e-05,87973.5
2025-12-31T17:00:00+00:00,hyperliquid,BTC/USDC:USDC,22943.63916,1.25e-05,87616.5
2025-12-31T18:00:00+00:00,hyperliquid,BTC/USDC:USDC,22963.40934,1.25e-05,87554.5
2025-12-31T19:00:00+00:00,hyperliquid,BTC/USDC:USDC,23315.8258,1.25e-05,87757.5
2025-12-31T20:00:00+00:00,hyperliquid,BTC/USDC:USDC,23222.35634,1.25e-05,87499.5
2025-12-31T21:00:00+00:00,hyperliquid,BTC/USDC:USDC,23562.72018,1.25e-05,87706.5
2025-12-31T22:00:00+00:00,hyperliquid,BTC/USDC:USDC,23662.47654,1.25e-05,87780.5
2025-12-31T23:00:00+00:00,hyperliquid,BTC/USDC:USDC,23439.01236,1.25e-05,87711.5
2026-01-01T00:00:00+00:00,hyperliquid,BTC/USDC:USDC,23125.21364,1.25e-05,87631.5
2026-01-01T01:00:00+00:00,hyperliquid,BTC/USDC:USDC,23390.21286,1.25e-05,87807.5
2026-01-01T02:00:00+00:00,hyperliquid,BTC/USDC:USDC,23494.4028,1.25e-05,87902.5
2026-01-01T03:00:00+00:00,hyperliquid,BTC/USDC:USDC,23573.18712,1.25e-05,87895.5
2026-01-01T04:00:00+00:00,hyperliquid,BTC/USDC:USDC,23602.30654,1.25e-05,87842.5
2026-01-01T05:00:00+00:00,hyperliquid,BTC/USDC:USDC,23619.09974,1.25e-05,87629.5
2026-01-01T06:00:00+00:00,hyperliquid,BTC/USDC:USDC,23736.96904,1.25e-05,87712.5
2026-01-01T07:00:00+00:00,hyperliquid,BTC/USDC:USDC,23739.61932,1.25e-05,87664.5
2026-01-01T08:00:00+00:00,hyperliquid,BTC/USDC:USDC,23734.3945,1.25e-05,87653.5
2026-01-01T09:00:00+00:00,hyperliquid,BTC/USDC:USDC,23832.46476,1.25e-05,87773.5
2026-01-01T10:00:00+00:00,hyperliquid,BTC/USDC:USDC,23900.92238,1.25e-05,87879.5
2026-01-01T11:00:00+00:00,hyperliquid,BTC/USDC:USDC,23812.20998,1.25e-05,87851.5
2026-01-01T12:00:00+00:00,hyperliquid,BTC/USDC:USDC,23849.52382,1.25e-05,88016.5
2026-01-01T13:00:00+00:00,hyperliquid,BTC/USDC:USDC,23741.23534,1.25e-05,87912.5
2026-01-01T14:00:00+00:00,hyperliquid,BTC/USDC:USDC,23345.9326,1.25e-05,87856.5
2026-01-01T15:00:00+00:00,hyperliquid,BTC/USDC:USDC,22495.62496,1.25e-05,87939.5
2026-01-01T16:00:00+00:00,hyperliquid,BTC/USDC:USDC,22592.73094,1.25e-05,87977.5
2026-01-01T17:00:00+00:00,hyperliquid,BTC/USDC:USDC,22800.05424,1.25e-05,87976.5
2026-01-01T18:00:00+00:00,hyperliquid,BTC/USDC:USDC,22469.92938,1.25e-05,88320.5
2026-01-01T19:00:00+00:00,hyperliquid,BTC/USDC:USDC,22233.42536,1.25e-05,88153.5
2026-01-01T20:00:00+00:00,hyperliquid,BTC/USDC:USDC,22759.73756,1.25e-05,88325.5
2026-01-01T21:00:00+00:00,hyperliquid,BTC/USDC:USDC,22381.05248,1.25e-05,88238.5
2026-01-01T22:00:00+00:00,hyperliquid,BTC/USDC:USDC,22581.86498,1.25e-05,88392.5
2026-01-01T23:00:00+00:00,hyperliquid,BTC/USDC:USDC,23108.62496,1.25e-05,88720.5
2026-01-02T00:00:00+00:00,hyperliquid,BTC/USDC:USDC,23454.3252,1.25e-05,88829.5
2026-01-02T01:00:00+00:00,hyperliquid,BTC/USDC:USDC,22878.59384,1.25e-05,88843.5
2026-01-02T02:00:00+00:00,hyperliquid,BTC/USDC:USDC,22856.85598,1.25e-05,88637.5
2026-01-02T03:00:00+00:00,hyperliquid,BTC/USDC:USDC,22743.485,1.25e-05,88566.5
2026-01-02T04:00:00+00:00,hyperliquid,BTC/USDC:USDC,22416.40374,1.25e-05,88951.5
2026-01-02T05:00:00+00:00,hyperliquid,BTC/USDC:USDC,22101.08308,7.0187e-06,88628.5
2026-01-02T06:00:00+00:00,hyperliquid,BTC/USDC:USDC,22070.16986,1.25e-05,88750.5
2026-01-02T07:00:00+00:00,hyperliquid,BTC/USDC:USDC,22276.53548,1.25e-05,88940.5
2026-01-02T08:00:00+00:00,hyperliquid,BTC/USDC:USDC,22198.1555,1.25e-05,88870.5
2026-01-02T09:00:00+00:00,hyperliquid,BTC/USDC:USDC,22206.34846,1.25e-05,89167.5
2026-01-02T10:00:00+00:00,hyperliquid,BTC/USDC:USDC,22658.05596,1.25e-05,89507.5
2026-01-02T11:00:00+00:00,hyperliquid,BTC/USDC:USDC,23013.19358,1.5571e-06,89567.5
2026-01-02T12:00:00+00:00,hyperliquid,BTC/USDC:USDC,23449.81202,2.6914e-06,89461.5
2026-01-02T13:00:00+00:00,hyperliquid,BTC/USDC:USDC,23181.17398,3.0906e-06,89338.5
2026-01-02T14:00:00+00:00,hyperliquid,BTC/USDC:USDC,23129.78484,2.198e-06,89328.5
2026-01-02T15:00:00+00:00,hyperliquid,BTC/USDC:USDC,23549.5074,1.2144e-06,89745.5
2026-01-02T16:00:00+00:00,hyperliquid,BTC/USDC:USDC,22554.84236,-9.7493e-06,89278.5
2026-01-02T17:00:00+00:00,hyperliquid,BTC/USDC:USDC,22634.69366,1.17488e-05,90450.5
2026-01-02T18:00:00+00:00,hyperliquid,BTC/USDC:USDC,23126.12946,1.2265e-06,90421.5
2026-01-02T19:00:00+00:00,hyperliquid,BTC/USDC:USDC,22903.66186,1.25e-05,89726.5
2026-01-02T20:00:00+00:00,hyperliquid,BTC/USDC:USDC,22675.66174,1.464e-06,89849.5
2026-01-02T21:00:00+00:00,hyperliquid,BTC/USDC:USDC,22810.4841,-1.2487e-06,89717.5
2026-01-02T22:00:00+00:00,hyperliquid,BTC/USDC:USDC,22713.99914,7.659e-07,89980.5
2026-01-02T23:00:00+00:00,hyperliquid,BTC/USDC:USDC,22487.45552,-7.6882e-06,90135.5
2026-01-03T00:00:00+00:00,hyperliquid,BTC/USDC:USDC,22520.08922,-9.6815e-06,89961.5
2026-01-03T01:00:00+00:00,hyperliquid,BTC/USDC:USDC,22582.25626,5.019e-06,90105.5
2026-01-03T02:00:00+00:00,hyperliquid,BTC/USDC:USDC,22637.82486,-1.3655e-06,90155.5
2026-01-03T03:00:00+00:00,hyperliquid,BTC/USDC:USDC,22602.78428,4.8153e-06,90316.5
2026-01-03T04:00:00+00:00,hyperliquid,BTC/USDC:USDC,22488.4918,7.731e-07,90326.5
2026-01-03T05:00:00+00:00,hyperliquid,BTC/USDC:USDC,22446.04136,2.6357e-06,90137.5
2026-01-03T06:00:00+00:00,hyperliquid,BTC/USDC:USDC,22447.1738,1.25e-05,89999.5
2026-01-03T07:00:00+00:00,hyperliquid,BTC/USDC:USDC,22509.7605,5.8389e-06,89851.5
2026-01-03T08:00:00+00:00,hyperliquid,BTC/USDC:USDC,22823.58464,2.1322e-06,89546.5
2026-01-03T09:00:00+00:00,hyperliquid,BTC/USDC:USDC,22618.91352,1.25e-05,89625.5
2026-01-03T10:00:00+00:00,hyperliquid,BTC/USDC:USDC,22692.31334,1.22146e-05,89749.0
2026-01-03T11:00:00+00:00,hyperliquid,BTC/USDC:USDC,22761.7697,1.25e-05,89746.5
2026-01-03T12:00:00+00:00,hyperliquid,BTC/USDC:USDC,22757.817,1.25e-05,89700.5
2026-01-03T13:00:00+00:00,hyperliquid,BTC/USDC:USDC,22868.8452,1.25e-05,89958.5
2026-01-03T14:00:00+00:00,hyperliquid,BTC/USDC:USDC,22941.49936,1.25e-05,89980.5
2026-01-03T15:00:00+00:00,hyperliquid,BTC/USDC:USDC,23020.33374,1.25e-05,90052.5
2026-01-03T16:00:00+00:00,hyperliquid,BTC/USDC:USDC,22824.10574,1.25e-05,89955.5
2026-01-03T17:00:00+00:00,hyperliquid,BTC/USDC:USDC,22462.18946,1.25e-05,90099.5
2026-01-03T18:00:00+00:00,hyperliquid,BTC/USDC:USDC,22330.67814,1.25e-05,90052.5
2026-01-03T19:00:00+00:00,hyperliquid,BTC/USDC:USDC,21856.3912,-1.9685e-06,90089.5
2026-01-03T20:00:00+00:00,hyperliquid,BTC/USDC:USDC,21735.55738,1.25e-05,90089.5
2026-01-03T21:00:00+00:00,hyperliquid,BTC/USDC:USDC,21923.05934,1.25e-05,90310.5
2026-01-03T22:00:00+00:00,hyperliquid,BTC/USDC:USDC,22204.9675,1.25e-05,90501.5
2026-01-03T23:00:00+00:00,hyperliquid,BTC/USDC:USDC,22462.70274,1.25e-05,90596.5
2026-01-04T00:00:00+00:00,hyperliquid,BTC/USDC:USDC,22736.82752,1.25e-05,90625.5
2026-01-04T01:00:00+00:00,hyperliquid,BTC/USDC:USDC,22975.48752,1.25e-05,91266.5
2026-01-04T02:00:00+00:00,hyperliquid,BTC/USDC:USDC,23924.32524,7.5439e-06,91246.5
2026-01-04T03:00:00+00:00,hyperliquid,BTC/USDC:USDC,24207.90188,1.25e-05,91134.5
2026-01-04T04:00:00+00:00,hyperliquid,BTC/USDC:USDC,23993.38778,5.1562e-06,91222.5
2026-01-04T05:00:00+00:00,hyperliquid,BTC/USDC:USDC,23799.16328,1.25e-05,91374.5
2026-01-04T06:00:00+00:00,hyperliquid,BTC/USDC:USDC,23893.9769,9.605e-06,91433.5
2026-01-04T07:00:00+00:00,hyperliquid,BTC/USDC:USDC,23733.72964,-1.5619e-06,91237.5
2026-01-04T08:00:00+00:00,hyperliquid,BTC/USDC:USDC,24113.45042,1.25e-05,91459.5
2026-01-04T09:00:00+00:00,hyperliquid,BTC/USDC:USDC,23950.83444,1.17504e-05,91390.5
2026-01-04T10:00:00+00:00,hyperliquid,BTC/USDC:USDC,24039.76062,1.4038e-06,91436.5
2026-01-04T11:00:00+00:00,hyperliquid,BTC/USDC:USDC,24135.61138,7.2278e-06,91540.5
2026-01-04T12:00:00+00:00,hyperliquid,BTC/USDC:USDC,24170.24408,5.1883e-06,91240.5
2026-01-04T13:00:00+00:00,hyperliquid,BTC/USDC:USDC,23840.62198,-3.0991e-06,91059.5
2026-01-04T14:00:00+00:00,hyperliquid,BTC/USDC:USDC,23820.49954,3.8333e-06,91221.5
2026-01-04T15:00:00+00:00,hyperliquid,BTC/USDC:USDC,23981.00078,1.0181e-05,91340.5
2026-01-04T16:00:00+00:00,hyperliquid,BTC/USDC:USDC,23850.33454,8.2696e-06,91299.5
2026-01-04T17:00:00+00:00,hyperliquid,BTC/USDC:USDC,24088.65204,1.25e-05,91357.5
2026-01-04T18:00:00+00:00,hyperliquid,BTC/USDC:USDC,24155.71954,8.0207e-06,91276.5
2026-01-04T19:00:00+00:00,hyperliquid,BTC/USDC:USDC,23718.17024,1.25e-05,91171.5
2026-01-04T20:00:00+00:00,hyperliquid,BTC/USDC:USDC,23439.45414,9.9672e-06,91093.5
2026-01-04T21:00:00+00:00,hyperliquid,BTC/USDC:USDC,23645.3494,5.8801e-06,91245.5
2026-01-04T22:00:00+00:00,hyperliquid,BTC/USDC:USDC,23599.64106,7.421e-06,91229.5
2026-01-04T23:00:00+00:00,hyperliquid,BTC/USDC:USDC,23471.01182,1.25e-05,91302.5
2026-01-05T00:00:00+00:00,hyperliquid,BTC/USDC:USDC,23574.43576,1.25e-05,91910.5
2026-01-05T01:00:00+00:00,hyperliquid,BTC/USDC:USDC,24065.15672,1.25e-05,92289.5
2026-01-05T02:00:00+00:00,hyperliquid,BTC/USDC:USDC,23891.6943,1.25e-05,93124.5
2026-01-05T03:00:00+00:00,hyperliquid,BTC/USDC:USDC,23868.2898,1.25e-05,93020.5
2026-01-05T04:00:00+00:00,hyperliquid,BTC/USDC:USDC,23919.37404,1.25e-05,92924.5
2026-01-05T05:00:00+00:00,hyperliquid,BTC/USDC:USDC,23623.53414,1.25e-05,92557.5
2026-01-05T06:00:00+00:00,hyperliquid,BTC/USDC:USDC,24194.1639,1.25e-05,92400.5
2026-01-05T07:00:00+00:00,hyperliquid,BTC/USDC:USDC,24201.47872,1.25e-05,92465.5
2026-01-05T08:00:00+00:00,hyperliquid,BTC/USDC:USDC,24246.56228,1.25e-05,92535.5
2026-01-05T09:00:00+00:00,hyperliquid,BTC/USDC:USDC,24161.10824,1.08207e-05,92443.5
2026-01-05T10:00:00+00:00,hyperliquid,BTC/USDC:USDC,23725.01154,1.25e-05,92688.5
2026-01-05T11:00:00+00:00,hyperliquid,BTC/USDC:USDC,25292.71576,1.25e-05,93052.5
2026-01-05T12:00:00+00:00,hyperliquid,BTC/USDC:USDC,25506.61944,1.25e-05,93138.5
2026-01-05T13:00:00+00:00,hyperliquid,BTC/USDC:USDC,25507.04046,1.25e-05,92847.5
2026-01-05T14:00:00+00:00,hyperliquid,BTC/USDC:USDC,25224.06488,1.25e-05,92762.5
2026-01-05T15:00:00+00:00,hyperliquid,BTC/USDC:USDC,26363.1119,1.25e-05,93249.0
2026-01-05T16:00:00+00:00,hyperliquid,BTC/USDC:USDC,26012.58834,1.25e-05,93956.5
2026-01-05T17:00:00+00:00,hyperliquid,BTC/USDC:USDC,25584.9755,1.3764e-06,93655.5
2026-01-05T18:00:00+00:00,hyperliquid,BTC/USDC:USDC,26106.02248,-3.00857e-05,94098.5
2026-01-05T19:00:00+00:00,hyperliquid,BTC/USDC:USDC,26881.4947,3.825e-07,94315.5
2026-01-05T20:00:00+00:00,hyperliquid,BTC/USDC:USDC,27032.40348,7.64e-08,94156.5
2026-01-05T21:00:00+00:00,hyperliquid,BTC/USDC:USDC,26875.90022,-2.8557e-06,94104.5
2026-01-05T22:00:00+00:00,hyperliquid,BTC/USDC:USDC,26989.2534399999,-1.7704e-06,94042.5
2026-01-05T23:00:00+00:00,hyperliquid,BTC/USDC:USDC,27276.8665,2.5006e-06,94058.5
2026-01-06T00:00:00+00:00,hyperliquid,BTC/USDC:USDC,27300.42874,1.25e-05,93826.0
2026-01-06T01:00:00+00:00,hyperliquid,BTC/USDC:USDC,27353.21004,1.25e-05,93857.5
2026-01-06T02:00:00+00:00,hyperliquid,BTC/USDC:USDC,27428.77298,1.17586e-05,93779.5
2026-01-06T03:00:00+00:00,hyperliquid,BTC/USDC:USDC,27025.43316,1.25e-05,93590.5
2026-01-06T04:00:00+00:00,hyperliquid,BTC/USDC:USDC,27096.85598,1.25e-05,93753.5
2026-01-06T05:00:00+00:00,hyperliquid,BTC/USDC:USDC,27160.73774,1.25e-05,93753.5
2026-01-06T06:00:00+00:00,hyperliquid,BTC/USDC:USDC,27013.19074,1.14658e-05,93605.5
2026-01-06T07:00:00+00:00,hyperliquid,BTC/USDC:USDC,27147.71222,1.15027e-05,93679.5
2026-01-06T08:00:00+00:00,hyperliquid,BTC/USDC:USDC,28229.23184,1.25e-05,93230.5
2026-01-06T09:00:00+00:00,hyperliquid,BTC/USDC:USDC,28172.94294,1.25e-05,93250.5
2026-01-06T10:00:00+00:00,hyperliquid,BTC/USDC:USDC,28100.80946,1.25e-05,93433.5
2026-01-06T11:00:00+00:00,hyperliquid,BTC/USDC:USDC,28482.55214,1.25e-05,93555.5
2026-01-06T12:00:00+00:00,hyperliquid,BTC/USDC:USDC,28836.41446,1.25e-05,93852.5
2026-01-06T13:00:00+00:00,hyperliquid,BTC/USDC:USDC,28882.19346,1.25e-05,93801.5
2026-01-06T14:00:00+00:00,hyperliquid,BTC/USDC:USDC,29047.78992,1.25e-05,93729.5
2026-01-06T15:00:00+00:00,hyperliquid,BTC/USDC:USDC,29935.04974,1.25e-05,93800.5
2026-01-06T16:00:00+00:00,hyperliquid,BTC/USDC:USDC,30330.96194,1.25e-05,93707.5
2026-01-06T17:00:00+00:00,hyperliquid,BTC/USDC:USDC,30122.54582,1.25e-05,92627.5
2026-01-06T18:00:00+00:00,hyperliquid,BTC/USDC:USDC,30393.98482,1.25e-05,91531.0
2026-01-06T19:00:00+00:00,hyperliquid,BTC/USDC:USDC,30996.06122,1.25e-05,92051.5
2026-01-06T20:00:00+00:00,hyperliquid,BTC/USDC:USDC,30913.51836,1.25e-05,92419.5
2026-01-06T21:00:00+00:00,hyperliquid,BTC/USDC:USDC,30771.5871,1.25e-05,92528.5
2026-01-06T22:00:00+00:00,hyperliquid,BTC/USDC:USDC,30671.9823,1.25e-05,93395.5
2026-01-06T23:00:00+00:00,hyperliquid,BTC/USDC:USDC,31088.44282,1.25e-05,93442.5
2026-01-07T00:00:00+00:00,hyperliquid,BTC/USDC:USDC,31077.86548,1.25e-05,93718.5
2026-01-07T01:00:00+00:00,hyperliquid,BTC/USDC:USDC,30883.20548,1.25e-05,92920.5
2026-01-07T02:00:00+00:00,hyperliquid,BTC/USDC:USDC,31226.8349,1.25e-05,92467.5
2026-01-07T03:00:00+00:00,hyperliquid,BTC/USDC:USDC,31842.91148,2.38929e-05,93053.5
2026-01-07T04:00:00+00:00,hyperliquid,BTC/USDC:USDC,32605.63398,3.09799e-05,92865.5
2026-01-07T05:00:00+00:00,hyperliquid,BTC/USDC:USDC,33266.34712,1.25e-05,92715.5
2026-01-07T06:00:00+00:00,hyperliquid,BTC/USDC:USDC,33278.85846,1.25e-05,92603.5
2026-01-07T07:00:00+00:00,hyperliquid,BTC/USDC:USDC,33076.84792,1.25e-05,92699.5
2026-01-07T08:00:00+00:00,hyperliquid,BTC/USDC:USDC,33239.21466,1.25e-05,92928.5
2026-01-07T09:00:00+00:00,hyperliquid,BTC/USDC:USDC,33287.6013,1.25e-05,92691.5
2026-01-07T10:00:00+00:00,hyperliquid,BTC/USDC:USDC,31247.2651,1.25e-05,91681.5
2026-01-07T11:00:00+00:00,hyperliquid,BTC/USDC:USDC,31821.72042,2.65845e-05,92031.5
2026-01-07T12:00:00+00:00,hyperliquid,BTC/USDC:USDC,33054.06202,3.12748e-05,92177.5
2026-01-07T13:00:00+00:00,hyperliquid,BTC/USDC:USDC,33543.46634,1.66354e-05,92085.5
2026-01-07T14:00:00+00:00,hyperliquid,BTC/USDC:USDC,33753.19592,1.82693e-05,92010.5
2026-01-07T15:00:00+00:00,hyperliquid,BTC/USDC:USDC,35587.4074,4.06756e-05,91985.5
2026-01-07T16:00:00+00:00,hyperliquid,BTC/USDC:USDC,35871.23852,3.61585e-05,91494.5
2026-01-07T17:00:00+00:00,hyperliquid,BTC/USDC:USDC,36616.96674,1.25e-05,91319.5
2026-01-07T18:00:00+00:00,hyperliquid,BTC/USDC:USDC,37045.9295599999,2.21714e-05,91241.5
2026-01-07T19:00:00+00:00,hyperliquid,BTC/USDC:USDC,33396.46124,1.25e-05,90914.5
2026-01-07T20:00:00+00:00,hyperliquid,BTC/USDC:USDC,33168.54994,1.25e-05,91293.5
2026-01-07T21:00:00+00:00,hyperliquid,BTC/USDC:USDC,33013.80794,1.25e-05,91250.5
2026-01-07T22:00:00+00:00,hyperliquid,BTC/USDC:USDC,32283.57836,1.25e-05,90965.5
2026-01-07T23:00:00+00:00,hyperliquid,BTC/USDC:USDC,31806.37004,1.25e-05,91131.5
2026-01-08T00:00:00+00:00,hyperliquid,BTC/USDC:USDC,30758.70006,1.25e-05,91307.0
2026-01-08T01:00:00+00:00,hyperliquid,BTC/USDC:USDC,30501.72432,1.25e-05,91371.5
2026-01-08T02:00:00+00:00,hyperliquid,BTC/USDC:USDC,30495.58716,1.25e-05,91395.5
2026-01-08T03:00:00+00:00,hyperliquid,BTC/USDC:USDC,30232.46612,1.25e-05,90918.5
2026-01-08T04:00:00+00:00,hyperliquid,BTC/USDC:USDC,30135.32664,1.25e-05,90860.5
2026-01-08T05:00:00+00:00,hyperliquid,BTC/USDC:USDC,30077.49308,1.25e-05,91043.5
2026-01-08T06:00:00+00:00,hyperliquid,BTC/USDC:USDC,29995.59852,1.25e-05,90866.5
2026-01-08T07:00:00+00:00,hyperliquid,BTC/USDC:USDC,28266.57474,1.25e-05,89841.5
2026-01-08T08:00:00+00:00,hyperliquid,BTC/USDC:USDC,28323.81992,1.25e-05,90554.5
2026-01-08T09:00:00+00:00,hyperliquid,BTC/USDC:USDC,28319.03196,1.25e-05,90206.5
2026-01-08T10:00:00+00:00,hyperliquid,BTC/USDC:USDC,27846.7169,1.10708e-05,89861.5
2026-01-08T11:00:00+00:00,hyperliquid,BTC/USDC:USDC,28518.43116,1.25e-05,90421.5
2026-01-08T12:00:00+00:00,hyperliquid,BTC/USDC:USDC,27918.80602,1.25e-05,90177.5
2026-01-08T13:00:00+00:00,hyperliquid,BTC/USDC:USDC,28240.35914,1.25e-05,89938.5
2026-01-08T14:00:00+00:00,hyperliquid,BTC/USDC:USDC,28487.08318,1.25e-05,89888.5
2026-01-08T15:00:00+00:00,hyperliquid,BTC/USDC:USDC,28473.69862,1.25e-05,89917.5
2026-01-08T16:00:00+00:00,hyperliquid,BTC/USDC:USDC,29510.72014,1.25e-05,90897.5
2026-01-08T17:00:00+00:00,hyperliquid,BTC/USDC:USDC,30450.56132,1.25e-05,90903.5
2026-01-08T18:00:00+00:00,hyperliquid,BTC/USDC:USDC,30826.2935,1.25e-05,91383.5
2026-01-08T19:00:00+00:00,hyperliquid,BTC/USDC:USDC,30011.24686,1.25e-05,91034.5
2026-01-08T20:00:00+00:00,hyperliquid,BTC/USDC:USDC,30017.96878,1.25e-05,90837.5
2026-01-08T21:00:00+00:00,hyperliquid,BTC/USDC:USDC,30173.45492,1.25e-05,90948.0
2026-01-08T22:00:00+00:00,hyperliquid,BTC/USDC:USDC,30293.61404,1.25e-05,91263.5
2026-01-08T23:00:00+00:00,hyperliquid,BTC/USDC:USDC,30214.74472,1.25e-05,91237.5
2026-01-09T00:00:00+00:00,hyperliquid,BTC/USDC:USDC,30392.24784,1.25e-05,91066.5
2026-01-09T01:00:00+00:00,hyperliquid,BTC/USDC:USDC,30128.32742,1.25e-05,91254.5
2026-01-09T02:00:00+00:00,hyperliquid,BTC/USDC:USDC,29873.8418,1.25e-05,91015.5
2026-01-09T03:00:00+00:00,hyperliquid,BTC/USDC:USDC,29756.50872,1.25e-05,90964.0
2026-01-09T04:00:00+00:00,hyperliquid,BTC/USDC:USDC,29770.64744,1.25e-05,91211.5
2026-01-09T05:00:00+00:00,hyperliquid,BTC/USDC:USDC,29638.72374,1.25e-05,91089.5
2026-01-09T06:00:00+00:00,hyperliquid,BTC/USDC:USDC,29441.41686,1.25e-05,91093.5
2026-01-09T07:00:00+00:00,hyperliquid,BTC/USDC:USDC,29751.8691,1.25e-05,91120.5
2026-01-09T08:00:00+00:00,hyperliquid,BTC/USDC:USDC,29392.41214,1.25e-05,90751.5
2026-01-09T09:00:00+00:00,hyperliquid,BTC/USDC:USDC,26643.78422,1.25e-05,90149.5
2026-01-09T10:00:00+00:00,hyperliquid,BTC/USDC:USDC,28157.00478,1.25e-05,90302.5
2026-01-09T11:00:00+00:00,hyperliquid,BTC/USDC:USDC,28312.25898,1.25e-05,90502.5
2026-01-09T12:00:00+00:00,hyperliquid,BTC/USDC:USDC,28354.8657,1.25e-05,90444.5
2026-01-09T13:00:00+00:00,hyperliquid,BTC/USDC:USDC,28320.37856,1.25e-05,90439.5
2026-01-09T14:00:00+00:00,hyperliquid,BTC/USDC:USDC,28542.9971,1.25e-05,90513.5
2026-01-09T15:00:00+00:00,hyperliquid,BTC/USDC:USDC,28764.90246,1.25e-05,90088.5
2026-01-09T16:00:00+00:00,hyperliquid,BTC/USDC:USDC,29569.1645799999,1.25e-05,91207.5
2026-01-09T17:00:00+00:00,hyperliquid,BTC/USDC:USDC,30154.32626,1.25e-05,91593.5
2026-01-09T18:00:00+00:00,hyperliquid,BTC/USDC:USDC,29680.82072,1.25e-05,91425.5
2026-01-09T19:00:00+00:00,hyperliquid,BTC/USDC:USDC,29273.45386,1.25e-05,90743.5
2026-01-09T20:00:00+00:00,hyperliquid,BTC/USDC:USDC,29285.79836,1.25e-05,90257.5
2026-01-09T21:00:00+00:00,hyperliquid,BTC/USDC:USDC,28608.094,1.25e-05,90288.5
2026-01-09T22:00:00+00:00,hyperliquid,BTC/USDC:USDC,28843.29222,1.25e-05,90540.5
2026-01-09T23:00:00+00:00,hyperliquid,BTC/USDC:USDC,28949.73714,1.25e-05,90613.5
2026-01-10T00:00:00+00:00,hyperliquid,BTC/USDC:USDC,28976.18918,1.25e-05,90641.5
2026-01-10T01:00:00+00:00,hyperliquid,BTC/USDC:USDC,28885.93724,1.25e-05,90602.5
2026-01-10T02:00:00+00:00,hyperliquid,BTC/USDC:USDC,28784.80224,1.25e-05,90705.5
2026-01-10T03:00:00+00:00,hyperliquid,BTC/USDC:USDC,28781.34902,1.25e-05,90673.5
2026-01-10T04:00:00+00:00,hyperliquid,BTC/USDC:USDC,28664.09056,1.25e-05,90640.5
2026-01-10T05:00:00+00:00,hyperliquid,BTC/USDC:USDC,28313.171,1.25e-05,90465.5
2026-01-10T06:00:00+00:00,hyperliquid,BTC/USDC:USDC,28351.6287,1.25e-05,90591.5
2026-01-10T07:00:00+00:00,hyperliquid,BTC/USDC:USDC,28345.017,1.25e-05,90499.5
2026-01-10T08:00:00+00:00,hyperliquid,BTC/USDC:USDC,27942.9722,1.25e-05,90663.5
2026-01-10T09:00:00+00:00,hyperliquid,BTC/USDC:USDC,27978.9637,1.25e-05,90664.5
2026-01-10T10:00:00+00:00,hyperliquid,BTC/USDC:USDC,27992.69214,1.25e-05,90741.5
2026-01-10T11:00:00+00:00,hyperliquid,BTC/USDC:USDC,27968.55056,1.25e-05,90799.5
2026-01-10T12:00:00+00:00,hyperliquid,BTC/USDC:USDC,27935.67242,1.25e-05,90714.5
2026-01-10T13:00:00+00:00,hyperliquid,BTC/USDC:USDC,27958.89884,1.25e-05,90720.5
2026-01-10T14:00:00+00:00,hyperliquid,BTC/USDC:USDC,27945.85296,1.25e-05,90647.5
2026-01-10T15:00:00+00:00,hyperliquid,BTC/USDC:USDC,27645.42978,1.25e-05,90585.5
2026-01-10T16:00:00+00:00,hyperliquid,BTC/USDC:USDC,27612.55742,1.25e-05,90641.5
2026-01-10T17:00:00+00:00,hyperliquid,BTC/USDC:USDC,27643.96192,1.25e-05,90667.5
2026-01-10T18:00:00+00:00,hyperliquid,BTC/USDC:USDC,27237.91892,1.25e-05,90541.5
2026-01-10T19:00:00+00:00,hyperliquid,BTC/USDC:USDC,27311.98784,1.25e-05,90566.5
2026-01-10T20:00:00+00:00,hyperliquid,BTC/USDC:USDC,27321.57448,1.25e-05,90606.5
2026-01-10T21:00:00+00:00,hyperliquid,BTC/USDC:USDC,27338.41648,1.25e-05,90544.5
2026-01-10T22:00:00+00:00,hyperliquid,BTC/USDC:USDC,27274.54876,1.25e-05,90472.5
2026-01-10T23:00:00+00:00,hyperliquid,BTC/USDC:USDC,27477.12546,1.25e-05,90429.5
2026-01-11T00:00:00+00:00,hyperliquid,BTC/USDC:USDC,27503.371,1.25e-05,90473.5
2026-01-11T01:00:00+00:00,hyperliquid,BTC/USDC:USDC,27954.1968,1.25e-05,90610.5
2026-01-11T02:00:00+00:00,hyperliquid,BTC/USDC:USDC,27987.4459,1.25e-05,90619.5
2026-01-11T03:00:00+00:00,hyperliquid,BTC/USDC:USDC,27992.26938,1.25e-05,90674.5
2026-01-11T04:00:00+00:00,hyperliquid,BTC/USDC:USDC,27992.00308,1.25e-05,90712.5
2026-01-11T05:00:00+00:00,hyperliquid,BTC/USDC:USDC,27944.96898,1.25e-05,90780.5
2026-01-11T06:00:00+00:00,hyperliquid,BTC/USDC:USDC,27966.35946,1.25e-05,90761.5
2026-01-11T07:00:00+00:00,hyperliquid,BTC/USDC:USDC,27178.74356,1.25e-05,90709.5
2026-01-11T08:00:00+00:00,hyperliquid,BTC/USDC:USDC,27017.2219,1.25e-05,90686.5
2026-01-11T09:00:00+00:00,hyperliquid,BTC/USDC:USDC,26888.12646,1.25e-05,90759.5
2026-01-11T10:00:00+00:00,hyperliquid,BTC/USDC:USDC,26874.01864,7.5187e-06,90701.5
2026-01-11T11:00:00+00:00,hyperliquid,BTC/USDC:USDC,26756.23474,1.25e-05,90698.5
2026-01-11T12:00:00+00:00,hyperliquid,BTC/USDC:USDC,26756.74514,1.25e-05,90715.5
2026-01-11T13:00:00+00:00,hyperliquid,BTC/USDC:USDC,26843.98122,1.25e-05,90928.5
2026-01-11T14:00:00+00:00,hyperliquid,BTC/USDC:USDC,26812.4622,1.25e-05,90841.5
2026-01-11T15:00:00+00:00,hyperliquid,BTC/USDC:USDC,26946.37112,1.25e-05,91039.5
2026-01-11T16:00:00+00:00,hyperliquid,BTC/USDC:USDC,25650.72378,7.7169e-06,90887.5
2026-01-11T17:00:00+00:00,hyperliquid,BTC/USDC:USDC,25538.87514,3.7248e-06,91009.5
2026-01-11T18:00:00+00:00,hyperliquid,BTC/USDC:USDC,25908.7887,1.25e-05,90919.5
2026-01-11T19:00:00+00:00,hyperliquid,BTC/USDC:USDC,25819.47762,1.25e-05,90850.5
2026-01-11T20:00:00+00:00,hyperliquid,BTC/USDC:USDC,25635.54576,7.7041e-06,90628.5
2026-01-11T21:00:00+00:00,hyperliquid,BTC/USDC:USDC,26255.97138,1.25e-05,90598.5
2026-01-11T22:00:00+00:00,hyperliquid,BTC/USDC:USDC,26900.57144,1.25e-05,90697.5
2026-01-11T23:00:00+00:00,hyperliquid,BTC/USDC:USDC,27159.60864,1.25e-05,90516.5
2026-01-12T00:00:00+00:00,hyperliquid,BTC/USDC:USDC,28362.79652,1.25e-05,90917.5
2026-01-12T01:00:00+00:00,hyperliquid,BTC/USDC:USDC,28334.09246,1.25e-05,91353.5
2026-01-12T02:00:00+00:00,hyperliquid,BTC/USDC:USDC,28239.77914,1.25e-05,91402.5
2026-01-12T03:00:00+00:00,hyperliquid,BTC/USDC:USDC,28177.23634,1.25e-05,92234.5
2026-01-12T04:00:00+00:00,hyperliquid,BTC/USDC:USDC,27364.74816,1.25e-05,91830.5
2026-01-12T05:00:00+00:00,hyperliquid,BTC/USDC:USDC,28315.90292,1.25e-05,92113.5
2026-01-12T06:00:00+00:00,hyperliquid,BTC/USDC:USDC,28258.46606,1.25e-05,92048.5
2026-01-12T07:00:00+00:00,hyperliquid,BTC/USDC:USDC,28038.3949,1.25e-05,91820.5
2026-01-12T08:00:00+00:00,hyperliquid,BTC/USDC:USDC,27678.74348,1.25e-05,91390.5
2026-01-12T09:00:00+00:00,hyperliquid,BTC/USDC:USDC,27295.34632,1.25e-05,90710.5
2026-01-12T10:00:00+00:00,hyperliquid,BTC/USDC:USDC,27202.36128,1.25e-05,90615.5
2026-01-12T11:00:00+00:00,hyperliquid,BTC/USDC:USDC,27249.47526,1.25e-05,90440.5
2026-01-12T12:00:00+00:00,hyperliquid,BTC/USDC:USDC,27290.19774,1.25e-05,90590.5
2026-01-12T13:00:00+00:00,hyperliquid,BTC/USDC:USDC,27543.92202,1.25e-05,90660.5
2026-01-12T14:00:00+00:00,hyperliquid,BTC/USDC:USDC,27453.1594,1.25e-05,90608.5
2026-01-12T15:00:00+00:00,hyperliquid,BTC/USDC:USDC,28636.37148,1.25e-05,90882.5
2026-01-12T16:00:00+00:00,hyperliquid,BTC/USDC:USDC,28853.45778,1.25e-05,91693.5
2026-01-12T17:00:00+00:00,hyperliquid,BTC/USDC:USDC,29142.7887,1.25e-05,92180.5
2026-01-12T18:00:00+00:00,hyperliquid,BTC/USDC:USDC,26587.13302,8.0065e-06,91473.5
2026-01-12T19:00:00+00:00,hyperliquid,BTC/USDC:USDC,27352.75842,-3.07125e-05,91494.5
2026-01-12T20:00:00+00:00,hyperliquid,BTC/USDC:USDC,27062.29866,-6.344e-06,91818.5
2026-01-12T21:00:00+00:00,hyperliquid,BTC/USDC:USDC,26674.93758,1.6318e-06,91410.5
2026-01-12T22:00:00+00:00,hyperliquid,BTC/USDC:USDC,26639.98598,1.9303e-06,91189.5
2026-01-12T23:00:00+00:00,hyperliquid,BTC/USDC:USDC,26735.9796,-1.28204e-05,91192.5
2026-01-13T00:00:00+00:00,hyperliquid,BTC/USDC:USDC,26531.1636,-1.801e-07,91218.5
2026-01-13T01:00:00+00:00,hyperliquid,BTC/USDC:USDC,26092.68746,3.79e-08,91445.5
2026-01-13T02:00:00+00:00,hyperliquid,BTC/USDC:USDC,26020.8514,1.24101e-05,91171.5
2026-01-13T03:00:00+00:00,hyperliquid,BTC/USDC:USDC,26030.20348,6.4776e-06,91106.5
2026-01-13T04:00:00+00:00,hyperliquid,BTC/USDC:USDC,26346.68622,1.19051e-05,91396.5
2026-01-13T05:00:00+00:00,hyperliquid,BTC/USDC:USDC,26099.07978,1.25e-05,91599.5
2026-01-13T06:00:00+00:00,hyperliquid,BTC/USDC:USDC,26920.06354,1.25e-05,91934.5
2026-01-13T07:00:00+00:00,hyperliquid,BTC/USDC:USDC,27595.3354,1.25e-05,92128.5
2026-01-13T08:00:00+00:00,hyperliquid,BTC/USDC:USDC,27807.4896,1.25e-05,91961.5
2026-01-13T09:00:00+00:00,hyperliquid,BTC/USDC:USDC,27988.46606,1.25e-05,92210.5
2026-01-13T10:00:00+00:00,hyperliquid,BTC/USDC:USDC,28646.62764,1.25e-05,92230.5
2026-01-13T11:00:00+00:00,hyperliquid,BTC/USDC:USDC,28125.59618,1.25e-05,92127.5
2026-01-13T12:00:00+00:00,hyperliquid,BTC/USDC:USDC,28058.12582,1.25e-05,92022.5
2026-01-13T13:00:00+00:00,hyperliquid,BTC/USDC:USDC,28105.18512,1.25e-05,92062.5
2026-01-13T14:00:00+00:00,hyperliquid,BTC/USDC:USDC,27933.20128,1.25e-05,91925.5
2026-01-13T15:00:00+00:00,hyperliquid,BTC/USDC:USDC,28815.33878,1.25e-05,92251.5
2026-01-13T16:00:00+00:00,hyperliquid,BTC/USDC:USDC,29020.48772,1.25e-05,93569.5
2026-01-13T17:00:00+00:00,hyperliquid,BTC/USDC:USDC,28731.8867,1.25e-05,93305.5
2026-01-13T18:00:00+00:00,hyperliquid,BTC/USDC:USDC,28915.44108,1.25e-05,93205.5
2026-01-13T19:00:00+00:00,hyperliquid,BTC/USDC:USDC,28785.35098,1.25e-05,93595.5
2026-01-13T20:00:00+00:00,hyperliquid,BTC/USDC:USDC,28768.1666,1.25e-05,94172.5
2026-01-13T21:00:00+00:00,hyperliquid,BTC/USDC:USDC,29284.10468,5.0989e-06,94393.5
2026-01-13T22:00:00+00:00,hyperliquid,BTC/USDC:USDC,29197.1681,-1.517e-05,94041.5
2026-01-13T23:00:00+00:00,hyperliquid,BTC/USDC:USDC,28389.53864,1.25e-05,96041.5
2026-01-14T00:00:00+00:00,hyperliquid,BTC/USDC:USDC,26780.29444,9.7571e-06,95448.5
2026-01-14T01:00:00+00:00,hyperliquid,BTC/USDC:USDC,26812.30444,2.5165e-06,95139.5
2026-01-14T02:00:00+00:00,hyperliquid,BTC/USDC:USDC,26687.41116,-1.4556e-06,95190.5
2026-01-14T03:00:00+00:00,hyperliquid,BTC/USDC:USDC,26653.70578,8.3165e-06,95292.5
2026-01-14T04:00:00+00:00,hyperliquid,BTC/USDC:USDC,26732.5196,7.4759e-06,95724.5
2026-01-14T05:00:00+00:00,hyperliquid,BTC/USDC:USDC,26819.0314,-3.7319e-06,95103.5
2026-01-14T06:00:00+00:00,hyperliquid,BTC/USDC:USDC,27722.59576,-8.7314e-06,94847.5
2026-01-14T07:00:00+00:00,hyperliquid,BTC/USDC:USDC,27194.35736,1.25e-05,94977.5
2026-01-14T08:00:00+00:00,hyperliquid,BTC/USDC:USDC,27170.4955,1.25e-05,95218.5
2026-01-14T09:00:00+00:00,hyperliquid,BTC/USDC:USDC,27136.51784,1.25e-05,94863.5
2026-01-14T10:00:00+00:00,hyperliquid,BTC/USDC:USDC,27147.96914,1.25e-05,95069.5
2026-01-14T11:00:00+00:00,hyperliquid,BTC/USDC:USDC,27636.71068,1.25e-05,95050.5
2026-01-14T12:00:00+00:00,hyperliquid,BTC/USDC:USDC,27705.85526,1.25e-05,94761.5
2026-01-14T13:00:00+00:00,hyperliquid,BTC/USDC:USDC,27534.55302,1.25e-05,95038.5
2026-01-14T14:00:00+00:00,hyperliquid,BTC/USDC:USDC,27618.83538,1.25e-05,95066.5
2026-01-14T15:00:00+00:00,hyperliquid,BTC/USDC:USDC,30763.60368,1.25e-05,96494.5
2026-01-14T16:00:00+00:00,hyperliquid,BTC/USDC:USDC,31219.51216,1.25e-05,96771.5
2026-01-14T17:00:00+00:00,hyperliquid,BTC/USDC:USDC,31553.225,1.25e-05,97231.5
2026-01-14T18:00:00+00:00,hyperliquid,BTC/USDC:USDC,31533.93044,1.25e-05,96857.5
2026-01-14T19:00:00+00:00,hyperliquid,BTC/USDC:USDC,31152.3583,1.25e-05,96724.5
2026-01-14T20:00:00+00:00,hyperliquid,BTC/USDC:USDC,31190.30362,1.25e-05,97186.5
2026-01-14T21:00:00+00:00,hyperliquid,BTC/USDC:USDC,31654.38904,1.25e-05,97489.5
2026-01-14T22:00:00+00:00,hyperliquid,BTC/USDC:USDC,32068.55822,1.25e-05,97562.5
2026-01-14T23:00:00+00:00,hyperliquid,BTC/USDC:USDC,31830.4079,1.25e-05,97000.5
2026-01-15T00:00:00+00:00,hyperliquid,BTC/USDC:USDC,31664.81436,1.25e-05,96883.5
2026-01-15T01:00:00+00:00,hyperliquid,BTC/USDC:USDC,31516.2451,1.25e-05,96722.5
2026-01-15T02:00:00+00:00,hyperliquid,BTC/USDC:USDC,31611.81762,1.25e-05,96430.5
2026-01-15T03:00:00+00:00,hyperliquid,BTC/USDC:USDC,31281.62088,1.25e-05,96329.5
2026-01-15T04:00:00+00:00,hyperliquid,BTC/USDC:USDC,31176.28592,1.25e-05,95949.5
2026-01-15T05:00:00+00:00,hyperliquid,BTC/USDC:USDC,31178.68834,1.25e-05,96353.5
2026-01-15T06:00:00+00:00,hyperliquid,BTC/USDC:USDC,31549.49374,1.25e-05,96421.5
2026-01-15T07:00:00+00:00,hyperliquid,BTC/USDC:USDC,31452.09466,1.25e-05,96258.5
2026-01-15T08:00:00+00:00,hyperliquid,BTC/USDC:USDC,31419.61006,1.25e-05,96464.5
2026-01-15T09:00:00+00:00,hyperliquid,BTC/USDC:USDC,31245.35608,1.25e-05,96614.5
2026-01-15T10:00:00+00:00,hyperliquid,BTC/USDC:USDC,31351.23466,1.25e-05,97024.5
2026-01-15T11:00:00+00:00,hyperliquid,BTC/USDC:USDC,31394.89138,1.25e-05,96821.5
2026-01-15T12:00:00+00:00,hyperliquid,BTC/USDC:USDC,31389.57466,1.25e-05,96550.5
2026-01-15T13:00:00+00:00,hyperliquid,BTC/USDC:USDC,31946.0793,1.25e-05,97009.5
2026-01-15T14:00:00+00:00,hyperliquid,BTC/USDC:USDC,32048.66672,1.25e-05,96879.5
2026-01-15T15:00:00+00:00,hyperliquid,BTC/USDC:USDC,33107.71974,1.25e-05,96271.5
2026-01-15T16:00:00+00:00,hyperliquid,BTC/USDC:USDC,32048.49926,1.25e-05,96565.5
2026-01-15T17:00:00+00:00,hyperliquid,BTC/USDC:USDC,32320.87052,1.25e-05,96830.5
2026-01-15T18:00:00+00:00,hyperliquid,BTC/USDC:USDC,32324.7031,1.25e-05,96526.5
2026-01-15T19:00:00+00:00,hyperliquid,BTC/USDC:USDC,30719.7483,1.25e-05,95731.5
2026-01-15T20:00:00+00:00,hyperliquid,BTC/USDC:USDC,28305.67424,1.25e-05,95454.5
2026-01-15T21:00:00+00:00,hyperliquid,BTC/USDC:USDC,27702.63132,1.25e-05,95341.5
2026-01-15T22:00:00+00:00,hyperliquid,BTC/USDC:USDC,27738.3644,1.25e-05,95560.5
2026-01-15T23:00:00+00:00,hyperliquid,BTC/USDC:USDC,27599.7893,1.25e-05,95506.5
2026-01-16T00:00:00+00:00,hyperliquid,BTC/USDC:USDC,27620.3843,1.25e-05,95567.5
2026-01-16T01:00:00+00:00,hyperliquid,BTC/USDC:USDC,27627.08992,1.25e-05,95612.5
2026-01-16T02:00:00+00:00,hyperliquid,BTC/USDC:USDC,28061.25922,1.25e-05,95581.5
2026-01-16T03:00:00+00:00,hyperliquid,BTC/USDC:USDC,28929.65452,1.25e-05,95541.5
2026-01-16T04:00:00+00:00,hyperliquid,BTC/USDC:USDC,28554.25102,1.25e-05,95327.5
2026-01-16T05:00:00+00:00,hyperliquid,BTC/USDC:USDC,28363.38428,1.25e-05,95397.5
2026-01-16T06:00:00+00:00,hyperliquid,BTC/USDC:USDC,28977.26022,1.25e-05,95716.5
2026-01-16T07:00:00+00:00,hyperliquid,BTC/USDC:USDC,29389.57332,1.25e-05,95753.5
2026-01-16T08:00:00+00:00,hyperliquid,BTC/USDC:USDC,29323.111,1.25e-05,95636.5
2026-01-16T09:00:00+00:00,hyperliquid,BTC/USDC:USDC,29305.92356,1.25e-05,95678.5
2026-01-16T10:00:00+00:00,hyperliquid,BTC/USDC:USDC,29263.0836,1.25e-05,95621.5
2026-01-16T11:00:00+00:00,hyperliquid,BTC/USDC:USDC,29932.37706,1.25e-05,95320.5
2026-01-16T12:00:00+00:00,hyperliquid,BTC/USDC:USDC,30243.40654,1.25e-05,95421.5
2026-01-16T13:00:00+00:00,hyperliquid,BTC/USDC:USDC,30176.43772,1.25e-05,95435.5
2026-01-16T14:00:00+00:00,hyperliquid,BTC/USDC:USDC,30332.71856,1.25e-05,95466.5
2026-01-16T15:00:00+00:00,hyperliquid,BTC/USDC:USDC,31669.72536,1.25e-05,95239.5
2026-01-16T16:00:00+00:00,hyperliquid,BTC/USDC:USDC,32736.37944,1.25e-05,94670.5
2026-01-16T17:00:00+00:00,hyperliquid,BTC/USDC:USDC,32767.02438,1.25e-05,94837.5
2026-01-16T18:00:00+00:00,hyperliquid,BTC/USDC:USDC,32771.0975400001,1.25e-05,95140.5
2026-01-16T19:00:00+00:00,hyperliquid,BTC/USDC:USDC,32633.04604,1.25e-05,94991.5
2026-01-16T20:00:00+00:00,hyperliquid,BTC/USDC:USDC,32561.86962,1.25e-05,94970.5
2026-01-16T21:00:00+00:00,hyperliquid,BTC/USDC:USDC,32696.31948,1.25e-05,95498.5
2026-01-16T22:00:00+00:00,hyperliquid,BTC/USDC:USDC,32892.69448,1.25e-05,95568.5
2026-01-16T23:00:00+00:00,hyperliquid,BTC/USDC:USDC,32675.7104,1.25e-05,95528.5
2026-01-17T00:00:00+00:00,hyperliquid,BTC/USDC:USDC,32760.20656,1.25e-05,95592.5
2026-01-17T01:00:00+00:00,hyperliquid,BTC/USDC:USDC,32776.35456,1.25e-05,95496.5
2026-01-17T02:00:00+00:00,hyperliquid,BTC/USDC:USDC,32676.84208,1.25e-05,95419.5
2026-01-17T03:00:00+00:00,hyperliquid,BTC/USDC:USDC,32571.61198,1.25e-05,95388.5
2026-01-17T04:00:00+00:00,hyperliquid,BTC/USDC:USDC,32606.16232,1.25e-05,95378.5
2026-01-17T05:00:00+00:00,hyperliquid,BTC/USDC:USDC,32743.4631,1.25e-05,95387.5
2026-01-17T06:00:00+00:00,hyperliquid,BTC/USDC:USDC,32726.96356,1.25e-05,95322.5
2026-01-17T07:00:00+00:00,hyperliquid,BTC/USDC:USDC,32726.24168,1.25e-05,95231.5
2026-01-17T08:00:00+00:00,hyperliquid,BTC/USDC:USDC,32145.75802,1.25e-05,95098.5
2026-01-17T09:00:00+00:00,hyperliquid,BTC/USDC:USDC,32208.2105,1.25e-05,95267.5
2026-01-17T10:00:00+00:00,hyperliquid,BTC/USDC:USDC,32182.85798,1.25e-05,95250.5
2026-01-17T11:00:00+00:00,hyperliquid,BTC/USDC:USDC,31942.7767,1.25e-05,95117.5
2026-01-17T12:00:00+00:00,hyperliquid,BTC/USDC:USDC,32050.25572,1.25e-05,95309.5
2026-01-17T13:00:00+00:00,hyperliquid,BTC/USDC:USDC,32104.09992,1.25e-05,95262.5
2026-01-17T14:00:00+00:00,hyperliquid,BTC/USDC:USDC,32182.11366,1.25e-05,95395.5
2026-01-17T15:00:00+00:00,hyperliquid,BTC/USDC:USDC,32199.18658,1.25e-05,95466.5
2026-01-17T16:00:00+00:00,hyperliquid,BTC/USDC:USDC,32191.79004,1.25e-05,95545.5
2026-01-17T17:00:00+00:00,hyperliquid,BTC/USDC:USDC,32105.22334,1.25e-05,95299.5
2026-01-17T18:00:00+00:00,hyperliquid,BTC/USDC:USDC,32434.60804,1.25e-05,95385.5
2026-01-17T19:00:00+00:00,hyperliquid,BTC/USDC:USDC,32497.9268,1.25e-05,95425.5
2026-01-17T20:00:00+00:00,hyperliquid,BTC/USDC:USDC,32087.34188,1.25e-05,95290.5
2026-01-17T21:00:00+00:00,hyperliquid,BTC/USDC:USDC,32159.19602,1.25e-05,95399.5
2026-01-17T22:00:00+00:00,hyperliquid,BTC/USDC:USDC,31642.95562,1.25e-05,95307.5
2026-01-17T23:00:00+00:00,hyperliquid,BTC/USDC:USDC,31269.0868,1.25e-05,95189.5
2026-01-18T00:00:00+00:00,hyperliquid,BTC/USDC:USDC,31360.85922,1.25e-05,95136.5
2026-01-18T01:00:00+00:00,hyperliquid,BTC/USDC:USDC,31177.06446,1.25e-05,95072.5
2026-01-18T02:00:00+00:00,hyperliquid,BTC/USDC:USDC,31012.88738,1.25e-05,94986.5
2026-01-18T03:00:00+00:00,hyperliquid,BTC/USDC:USDC,31137.43174,1.25e-05,95032.5
2026-01-18T04:00:00+00:00,hyperliquid,BTC/USDC:USDC,31225.7625,1.25e-05,95151.5
2026-01-18T05:00:00+00:00,hyperliquid,BTC/USDC:USDC,31193.5913,1.25e-05,95079.5
2026-01-18T06:00:00+00:00,hyperliquid,BTC/USDC:USDC,31156.1828,1.25e-05,95159.5
2026-01-18T07:00:00+00:00,hyperliquid,BTC/USDC:USDC,31159.78642,1.25e-05,95148.5
2026-01-18T08:00:00+00:00,hyperliquid,BTC/USDC:USDC,31174.32294,1.25e-05,95043.5
2026-01-18T09:00:00+00:00,hyperliquid,BTC/USDC:USDC,31194.06926,1.25e-05,95167.5
2026-01-18T10:00:00+00:00,hyperliquid,BTC/USDC:USDC,31309.06806,1.25e-05,95285.5
2026-01-18T11:00:00+00:00,hyperliquid,BTC/USDC:USDC,31362.78298,1.25e-05,95155.5
2026-01-18T12:00:00+00:00,hyperliquid,BTC/USDC:USDC,31312.8273,1.25e-05,95162.5
2026-01-18T13:00:00+00:00,hyperliquid,BTC/USDC:USDC,31326.94014,1.25e-05,95085.5
2026-01-18T14:00:00+00:00,hyperliquid,BTC/USDC:USDC,31415.83304,1.25e-05,95146.5
2026-01-18T15:00:00+00:00,hyperliquid,BTC/USDC:USDC,31370.9879,1.25e-05,94981.5
2026-01-18T16:00:00+00:00,hyperliquid,BTC/USDC:USDC,31555.12404,1.25e-05,95062.5
2026-01-18T17:00:00+00:00,hyperliquid,BTC/USDC:USDC,31790.697,1.25e-05,95166.5
2026-01-18T18:00:00+00:00,hyperliquid,BTC/USDC:USDC,31834.396,1.25e-05,95232.5
2026-01-18T19:00:00+00:00,hyperliquid,BTC/USDC:USDC,31950.81224,1.25e-05,95484.5
2026-01-18T20:00:00+00:00,hyperliquid,BTC/USDC:USDC,32277.07482,1.25e-05,95356.5
2026-01-18T21:00:00+00:00,hyperliquid,BTC/USDC:USDC,31983.95182,1.25e-05,95301.5
2026-01-18T22:00:00+00:00,hyperliquid,BTC/USDC:USDC,31920.12924,1.25e-05,95417.5
2026-01-18T23:00:00+00:00,hyperliquid,BTC/USDC:USDC,31939.68602,1.25e-05,95447.5
2026-01-19T00:00:00+00:00,hyperliquid,BTC/USDC:USDC,29950.90054,1.25e-05,93229.5
2026-01-19T01:00:00+00:00,hyperliquid,BTC/USDC:USDC,29958.02806,1.25e-05,92575.5
2026-01-19T02:00:00+00:00,hyperliquid,BTC/USDC:USDC,30360.5303,1.25e-05,92500.5
2026-01-19T03:00:00+00:00,hyperliquid,BTC/USDC:USDC,30418.50902,1.25e-05,92582.5
2026-01-19T04:00:00+00:00,hyperliquid,BTC/USDC:USDC,30308.83146,1.25e-05,92601.5
2026-01-19T05:00:00+00:00,hyperliquid,BTC/USDC:USDC,30185.10806,1.25e-05,92707.5
2026-01-19T06:00:00+00:00,hyperliquid,BTC/USDC:USDC,30114.8418,1.3346e-06,92481.5
2026-01-19T07:00:00+00:00,hyperliquid,BTC/USDC:USDC,30078.50992,1.22134e-05,92589.5
2026-01-19T08:00:00+00:00,hyperliquid,BTC/USDC:USDC,29973.79676,-1.53657e-05,92754.5
2026-01-19T09:00:00+00:00,hyperliquid,BTC/USDC:USDC,30305.22254,6.716e-06,93184.5
2026-01-19T10:00:00+00:00,hyperliquid,BTC/USDC:USDC,30457.21838,6.6619e-06,92972.5
2026-01-19T11:00:00+00:00,hyperliquid,BTC/USDC:USDC,30457.37408,1.25e-05,92991.5
2026-01-19T12:00:00+00:00,hyperliquid,BTC/USDC:USDC,30360.2982,1.18939e-05,93123.5
2026-01-19T13:00:00+00:00,hyperliquid,BTC/USDC:USDC,30369.6712,1.25e-05,93013.5
2026-01-19T14:00:00+00:00,hyperliquid,BTC/USDC:USDC,30497.92622,1.25e-05,92982.5
2026-01-19T15:00:00+00:00,hyperliquid,BTC/USDC:USDC,30420.32332,1.25e-05,92834.5
2026-01-19T16:00:00+00:00,hyperliquid,BTC/USDC:USDC,30600.60594,-1.722e-07,93006.5
2026-01-19T17:00:00+00:00,hyperliquid,BTC/USDC:USDC,30814.45218,1.25e-05,93259.5
2026-01-19T18:00:00+00:00,hyperliquid,BTC/USDC:USDC,30958.99342,1.25e-05,93217.5
2026-01-19T19:00:00+00:00,hyperliquid,BTC/USDC:USDC,31012.85332,3.44e-06,93041.5
2026-01-19T20:00:00+00:00,hyperliquid,BTC/USDC:USDC,31023.51582,1.25e-05,93129.5
2026-01-19T21:00:00+00:00,hyperliquid,BTC/USDC:USDC,31110.9009399999,1.25e-05,93209.5
2026-01-19T22:00:00+00:00,hyperliquid,BTC/USDC:USDC,30793.11038,1.4823e-06,92970.5
2026-01-19T23:00:00+00:00,hyperliquid,BTC/USDC:USDC,30756.37224,-3.017e-06,92664.5
2026-01-20T00:00:00+00:00,hyperliquid,BTC/USDC:USDC,31220.09976,3.06e-08,92587.5
2026-01-20T01:00:00+00:00,hyperliquid,BTC/USDC:USDC,31105.96876,5.6116e-06,92633.5
2026-01-20T02:00:00+00:00,hyperliquid,BTC/USDC:USDC,30805.64244,-6.7833e-06,92632.5
2026-01-20T03:00:00+00:00,hyperliquid,BTC/USDC:USDC,30583.2413,-3.5696e-06,92548.5
2026-01-20T04:00:00+00:00,hyperliquid,BTC/USDC:USDC,30286.78366,-8.3343e-06,92332.5
2026-01-20T05:00:00+00:00,hyperliquid,BTC/USDC:USDC,30387.57246,-4.23665e-05,91652.5
2026-01-20T06:00:00+00:00,hyperliquid,BTC/USDC:USDC,30990.97764,-2.7326e-05,91521.5
2026-01-20T07:00:00+00:00,hyperliquid,BTC/USDC:USDC,33584.36974,-2.82955e-05,90873.5
2026-01-20T08:00:00+00:00,hyperliquid,BTC/USDC:USDC,32876.78642,-1.7683e-05,91061.5
2026-01-20T09:00:00+00:00,hyperliquid,BTC/USDC:USDC,32962.21566,-1.74124e-05,91020.5
2026-01-20T10:00:00+00:00,hyperliquid,BTC/USDC:USDC,33059.7006,-2.51303e-05,90959.5
2026-01-20T11:00:00+00:00,hyperliquid,BTC/USDC:USDC,32843.72024,-1.50492e-05,91248.5
2026-01-20T12:00:00+00:00,hyperliquid,BTC/USDC:USDC,32671.4233,-1.36629e-05,91158.5
2026-01-20T13:00:00+00:00,hyperliquid,BTC/USDC:USDC,32351.5391,-1.63599e-05,91221.5
2026-01-20T14:00:00+00:00,hyperliquid,BTC/USDC:USDC,32304.28056,-2.24101e-05,90979.5
2026-01-20T15:00:00+00:00,hyperliquid,BTC/USDC:USDC,32161.51034,-1.26178e-05,90451.5
2026-01-20T16:00:00+00:00,hyperliquid,BTC/USDC:USDC,31517.39094,-1.21332e-05,90635.5
2026-01-20T17:00:00+00:00,hyperliquid,BTC/USDC:USDC,30540.75286,-1.172e-07,90120.5
2026-01-20T18:00:00+00:00,hyperliquid,BTC/USDC:USDC,28342.35688,1.25e-05,89839.5
2026-01-20T19:00:00+00:00,hyperliquid,BTC/USDC:USDC,29226.90482,1.25e-05,89526.5
2026-01-20T20:00:00+00:00,hyperliquid,BTC/USDC:USDC,29153.33748,1.25e-05,89474.5
2026-01-20T21:00:00+00:00,hyperliquid,BTC/USDC:USDC,29753.4865,1.25e-05,89675.5
2026-01-20T22:00:00+00:00,hyperliquid,BTC/USDC:USDC,29768.99068,1.25e-05,89483.0
2026-01-20T23:00:00+00:00,hyperliquid,BTC/USDC:USDC,29198.22556,1.25e-05,88351.5
2026-01-21T00:00:00+00:00,hyperliquid,BTC/USDC:USDC,28883.97188,1.25e-05,88464.5
2026-01-21T01:00:00+00:00,hyperliquid,BTC/USDC:USDC,28827.77038,1.25e-05,88895.5
2026-01-21T02:00:00+00:00,hyperliquid,BTC/USDC:USDC,28803.064,1.25e-05,89013.5
2026-01-21T03:00:00+00:00,hyperliquid,BTC/USDC:USDC,28445.47172,1.25e-05,89044.5
2026-01-21T04:00:00+00:00,hyperliquid,BTC/USDC:USDC,28207.18048,1.25e-05,89385.5
2026-01-21T05:00:00+00:00,hyperliquid,BTC/USDC:USDC,28399.79628,1.25e-05,89435.5
2026-01-21T06:00:00+00:00,hyperliquid,BTC/USDC:USDC,28343.47444,8.5604e-06,89810.5
2026-01-21T07:00:00+00:00,hyperliquid,BTC/USDC:USDC,27909.84896,5.3131e-06,89531.5
2026-01-21T08:00:00+00:00,hyperliquid,BTC/USDC:USDC,28042.7088,4.7467e-06,89157.5
2026-01-21T09:00:00+00:00,hyperliquid,BTC/USDC:USDC,27860.17248,5.4689e-06,89142.5
2026-01-21T10:00:00+00:00,hyperliquid,BTC/USDC:USDC,27940.3939,7.0963e-06,89116.5
2026-01-21T11:00:00+00:00,hyperliquid,BTC/USDC:USDC,28000.66148,8.1094e-06,89158.5
2026-01-21T12:00:00+00:00,hyperliquid,BTC/USDC:USDC,27766.20634,-4.4526e-06,88795.5
2026-01-21T13:00:00+00:00,hyperliquid,BTC/USDC:USDC,27378.38974,-2.42409e-05,88659.5
2026-01-21T14:00:00+00:00,hyperliquid,BTC/USDC:USDC,27132.42922,-6.825e-06,88654.5
2026-01-21T15:00:00+00:00,hyperliquid,BTC/USDC:USDC,27952.25088,-3.9363e-06,89737.5
2026-01-21T16:00:00+00:00,hyperliquid,BTC/USDC:USDC,28041.766,-7.4244e-06,90231.5
2026-01-21T17:00:00+00:00,hyperliquid,BTC/USDC:USDC,27408.65414,-1.70711e-05,87763.0
2026-01-21T18:00:00+00:00,hyperliquid,BTC/USDC:USDC,27519.0284,-3.511e-06,87863.0
2026-01-21T19:00:00+00:00,hyperliquid,BTC/USDC:USDC,27397.99516,-7.1486e-06,88427.5
2026-01-21T20:00:00+00:00,hyperliquid,BTC/USDC:USDC,26416.7835,-4.694e-06,90063.5
2026-01-21T21:00:00+00:00,hyperliquid,BTC/USDC:USDC,27165.07772,1.25e-05,89997.5
2026-01-21T22:00:00+00:00,hyperliquid,BTC/USDC:USDC,26751.29432,9.232e-07,90161.5
2026-01-21T23:00:00+00:00,hyperliquid,BTC/USDC:USDC,26748.0669,2.3883e-06,89752.5
2026-01-22T00:00:00+00:00,hyperliquid,BTC/USDC:USDC,27784.72786,-1.07519e-05,89472.5
2026-01-22T01:00:00+00:00,hyperliquid,BTC/USDC:USDC,27605.79528,-3.684e-06,89782.5
2026-01-22T02:00:00+00:00,hyperliquid,BTC/USDC:USDC,27624.09022,-7.859e-06,90032.5
2026-01-22T03:00:00+00:00,hyperliquid,BTC/USDC:USDC,27597.0568,-3.4324e-06,89942.5
2026-01-22T04:00:00+00:00,hyperliquid,BTC/USDC:USDC,27538.20756,-7.5544e-06,89843.5
2026-01-22T05:00:00+00:00,hyperliquid,BTC/USDC:USDC,27529.13096,1.3136e-06,89954.5
2026-01-22T06:00:00+00:00,hyperliquid,BTC/USDC:USDC,27402.33452,-9.1119e-06,89998.5
2026-01-22T07:00:00+00:00,hyperliquid,BTC/USDC:USDC,27390.76634,5.8264e-06,90122.5
2026-01-22T08:00:00+00:00,hyperliquid,BTC/USDC:USDC,27549.35406,-9.6305e-06,89808.5
2026-01-22T09:00:00+00:00,hyperliquid,BTC/USDC:USDC,27630.42528,1.6805e-06,89862.5
2026-01-22T10:00:00+00:00,hyperliquid,BTC/USDC:USDC,27631.61806,6.0321e-06,89972.5
2026-01-22T11:00:00+00:00,hyperliquid,BTC/USDC:USDC,27556.36964,3.1976e-06,90010.5
2026-01-22T12:00:00+00:00,hyperliquid,BTC/USDC:USDC,27549.42986,1.5365e-06,89868.5
2026-01-22T13:00:00+00:00,hyperliquid,BTC/USDC:USDC,27580.52008,-2.5244e-06,89984.5
2026-01-22T14:00:00+00:00,hyperliquid,BTC/USDC:USDC,27929.89454,-1.76205e-05,89500.5
2026-01-22T15:00:00+00:00,hyperliquid,BTC/USDC:USDC,28573.4173,1.02034e-05,89166.5
2026-01-22T16:00:00+00:00,hyperliquid,BTC/USDC:USDC,27793.95704,1.434e-07,89011.5
2026-01-22T17:00:00+00:00,hyperliquid,BTC/USDC:USDC,29528.29892,1.25e-05,89092.5
2026-01-22T18:00:00+00:00,hyperliquid,BTC/USDC:USDC,29868.67392,1.25e-05,89480.5
2026-01-22T19:00:00+00:00,hyperliquid,BTC/USDC:USDC,29806.13184,1.25e-05,89176.0
2026-01-22T20:00:00+00:00,hyperliquid,BTC/USDC:USDC,28711.5117,7.3557e-06,89763.5
2026-01-22T21:00:00+00:00,hyperliquid,BTC/USDC:USDC,28636.10174,1.25e-05,89556.5
2026-01-22T22:00:00+00:00,hyperliquid,BTC/USDC:USDC,28464.97028,-3.0406e-05,89182.5
2026-01-22T23:00:00+00:00,hyperliquid,BTC/USDC:USDC,27103.72196,-3.896e-05,89118.5
2026-01-23T00:00:00+00:00,hyperliquid,BTC/USDC:USDC,26634.79892,-1.78647e-05,89466.5
2026-01-23T01:00:00+00:00,hyperliquid,BTC/USDC:USDC,26602.61076,-1.19225e-05,89543.5
2026-01-23T02:00:00+00:00,hyperliquid,BTC/USDC:USDC,26570.76576,-8.8488e-06,89863.5
2026-01-23T03:00:00+00:00,hyperliquid,BTC/USDC:USDC,26429.39014,-9.181e-06,89623.5
2026-01-23T04:00:00+00:00,hyperliquid,BTC/USDC:USDC,26599.82406,-9.108e-07,89869.5
2026-01-23T05:00:00+00:00,hyperliquid,BTC/USDC:USDC,26775.78374,-1.36189e-05,89893.5
2026-01-23T06:00:00+00:00,hyperliquid,BTC/USDC:USDC,26357.49678,-1.47205e-05,89530.5
2026-01-23T07:00:00+00:00,hyperliquid,BTC/USDC:USDC,26522.06604,-8.9815e-06,89471.5
2026-01-23T08:00:00+00:00,hyperliquid,BTC/USDC:USDC,26710.17752,-1.20415e-05,89468.5
2026-01-23T09:00:00+00:00,hyperliquid,BTC/USDC:USDC,26576.07652,-9.6319e-06,89233.5
2026-01-23T10:00:00+00:00,hyperliquid,BTC/USDC:USDC,26660.12918,-1.83457e-05,88909.5
2026-01-23T11:00:00+00:00,hyperliquid,BTC/USDC:USDC,26658.33014,-2.3435e-06,88973.5
2026-01-23T12:00:00+00:00,hyperliquid,BTC/USDC:USDC,26529.97778,-7.072e-07,89186.5
2026-01-23T13:00:00+00:00,hyperliquid,BTC/USDC:USDC,26389.68024,-3.5126e-06,89214.5
2026-01-23T14:00:00+00:00,hyperliquid,BTC/USDC:USDC,26451.88824,-1.27207e-05,89214.5
2026-01-23T15:00:00+00:00,hyperliquid,BTC/USDC:USDC,26276.0777,-7.5584e-06,89009.5
2026-01-23T16:00:00+00:00,hyperliquid,BTC/USDC:USDC,26027.38296,-1.919e-07,89702.5
2026-01-23T17:00:00+00:00,hyperliquid,BTC/USDC:USDC,26132.62762,-2.29316e-05,89969.5
2026-01-23T18:00:00+00:00,hyperliquid,BTC/USDC:USDC,25384.55994,8.9526e-06,90500.5
2026-01-23T19:00:00+00:00,hyperliquid,BTC/USDC:USDC,24837.153,-8.9372e-06,90359.5
2026-01-23T20:00:00+00:00,hyperliquid,BTC/USDC:USDC,24473.84258,1.20508e-05,89851.5
2026-01-23T21:00:00+00:00,hyperliquid,BTC/USDC:USDC,24180.43798,1.6817e-06,89479.5
2026-01-23T22:00:00+00:00,hyperliquid,BTC/USDC:USDC,24192.81172,-1.37935e-05,89374.5
2026-01-23T23:00:00+00:00,hyperliquid,BTC/USDC:USDC,24160.09558,-1.15219e-05,89534.5
2026-01-24T00:00:00+00:00,hyperliquid,BTC/USDC:USDC,24242.86224,9.449e-06,89565.5
2026-01-24T01:00:00+00:00,hyperliquid,BTC/USDC:USDC,24164.90998,-4.567e-07,89411.5
2026-01-24T02:00:00+00:00,hyperliquid,BTC/USDC:USDC,24185.09354,4.847e-06,89533.5
2026-01-24T03:00:00+00:00,hyperliquid,BTC/USDC:USDC,24199.3768,7.162e-07,89624.5
2026-01-24T04:00:00+00:00,hyperliquid,BTC/USDC:USDC,24222.49352,-6.0406e-06,89718.5
2026-01-24T05:00:00+00:00,hyperliquid,BTC/USDC:USDC,24180.19954,6.7632e-06,89791.5
2026-01-24T06:00:00+00:00,hyperliquid,BTC/USDC:USDC,24191.56094,-5.489e-06,89732.5
2026-01-24T07:00:00+00:00,hyperliquid,BTC/USDC:USDC,23928.22778,-8.5346e-06,89594.5
2026-01-24T08:00:00+00:00,hyperliquid,BTC/USDC:USDC,23896.25378,2.4902e-06,89564.5
2026-01-24T09:00:00+00:00,hyperliquid,BTC/USDC:USDC,23870.32154,7.4288e-06,89614.5
2026-01-24T10:00:00+00:00,hyperliquid,BTC/USDC:USDC,23905.95294,1.25e-05,89565.5
2026-01-24T11:00:00+00:00,hyperliquid,BTC/USDC:USDC,23905.10946,1.00441e-05,89583.5
2026-01-24T12:00:00+00:00,hyperliquid,BTC/USDC:USDC,23797.17396,1.25e-05,89557.5
2026-01-24T13:00:00+00:00,hyperliquid,BTC/USDC:USDC,23726.60888,2.4696e-06,89494.5
2026-01-24T14:00:00+00:00,hyperliquid,BTC/USDC:USDC,23687.37944,2.9503e-06,89214.5
2026-01-24T15:00:00+00:00,hyperliquid,BTC/USDC:USDC,23710.4766,-5.9717e-06,89403.5
2026-01-24T16:00:00+00:00,hyperliquid,BTC/USDC:USDC,23773.72786,-2.71707e-05,89227.5
2026-01-24T17:00:00+00:00,hyperliquid,BTC/USDC:USDC,23804.57022,-9.4314e-06,89223.5
2026-01-24T18:00:00+00:00,hyperliquid,BTC/USDC:USDC,23833.59798,-5.0019e-06,89348.5
2026-01-24T19:00:00+00:00,hyperliquid,BTC/USDC:USDC,23794.21904,-8.5797e-06,89343.5
2026-01-24T20:00:00+00:00,hyperliquid,BTC/USDC:USDC,23877.02702,-1.58594e-05,89275.5
2026-01-24T21:00:00+00:00,hyperliquid,BTC/USDC:USDC,23869.03776,-1.8313e-06,89334.5
2026-01-24T22:00:00+00:00,hyperliquid,BTC/USDC:USDC,23864.60346,-1.6665e-05,89331.5
2026-01-24T23:00:00+00:00,hyperliquid,BTC/USDC:USDC,23919.2344,-3.5672e-06,89378.5
2026-01-25T00:00:00+00:00,hyperliquid,BTC/USDC:USDC,24054.53384,-1.5593e-05,89188.5
2026-01-25T01:00:00+00:00,hyperliquid,BTC/USDC:USDC,23997.49888,2.2577e-06,89277.5
2026-01-25T02:00:00+00:00,hyperliquid,BTC/USDC:USDC,23981.85174,-5.494e-07,89146.5
2026-01-25T03:00:00+00:00,hyperliquid,BTC/USDC:USDC,23963.12196,7.3341e-06,89123.5
2026-01-25T04:00:00+00:00,hyperliquid,BTC/USDC:USDC,24263.61548,3.7906e-06,88929.5
2026-01-25T05:00:00+00:00,hyperliquid,BTC/USDC:USDC,24231.00068,5.4425e-06,88950.5
2026-01-25T06:00:00+00:00,hyperliquid,BTC/USDC:USDC,24192.6412,1.22367e-05,88907.5
2026-01-25T07:00:00+00:00,hyperliquid,BTC/USDC:USDC,24474.26916,1.15202e-05,88767.5
2026-01-25T08:00:00+00:00,hyperliquid,BTC/USDC:USDC,24730.73486,5.2316e-06,88639.5
2026-01-25T09:00:00+00:00,hyperliquid,BTC/USDC:USDC,24515.43716,5.4472e-06,88298.5
2026-01-25T10:00:00+00:00,hyperliquid,BTC/USDC:USDC,24327.75674,1.14255e-05,88369.5
2026-01-25T11:00:00+00:00,hyperliquid,BTC/USDC:USDC,24295.7105,3.7342e-06,88588.5
2026-01-25T12:00:00+00:00,hyperliquid,BTC/USDC:USDC,24136.78948,1.0537e-06,88507.5
2026-01-25T13:00:00+00:00,hyperliquid,BTC/USDC:USDC,23854.15458,1.25e-05,88784.5
2026-01-25T14:00:00+00:00,hyperliquid,BTC/USDC:USDC,24138.61104,1.25e-05,88907.5
2026-01-25T15:00:00+00:00,hyperliquid,BTC/USDC:USDC,23408.41492,1.02057e-05,88642.5
2026-01-25T16:00:00+00:00,hyperliquid,BTC/USDC:USDC,23394.0524,4.4164e-06,88384.5
2026-01-25T17:00:00+00:00,hyperliquid,BTC/USDC:USDC,24433.76296,1.10913e-05,88026.5
2026-01-25T18:00:00+00:00,hyperliquid,BTC/USDC:USDC,24081.076,1.25e-05,87802.5
2026-01-25T19:00:00+00:00,hyperliquid,BTC/USDC:USDC,24626.5289,1.25e-05,87444.5
2026-01-25T20:00:00+00:00,hyperliquid,BTC/USDC:USDC,24578.00836,3.6311e-06,86450.5
2026-01-25T21:00:00+00:00,hyperliquid,BTC/USDC:USDC,25054.89608,1.25e-05,86675.5
2026-01-25T22:00:00+00:00,hyperliquid,BTC/USDC:USDC,24911.65668,1.25e-05,86380.5
2026-01-25T23:00:00+00:00,hyperliquid,BTC/USDC:USDC,25162.06724,8.2755e-06,86100.5
2026-01-26T00:00:00+00:00,hyperliquid,BTC/USDC:USDC,24822.6313,1.25e-05,86641.5
2026-01-26T01:00:00+00:00,hyperliquid,BTC/USDC:USDC,24570.62038,1.25e-05,86850.5
2026-01-26T02:00:00+00:00,hyperliquid,BTC/USDC:USDC,23876.70182,1.25e-05,87511.5
2026-01-26T03:00:00+00:00,hyperliquid,BTC/USDC:USDC,23703.4633,1.1309e-06,87442.5
2026-01-26T04:00:00+00:00,hyperliquid,BTC/USDC:USDC,23610.31194,5.3743e-06,87275.5
2026-01-26T05:00:00+00:00,hyperliquid,BTC/USDC:USDC,24080.64122,1.02878e-05,87737.5
2026-01-26T06:00:00+00:00,hyperliquid,BTC/USDC:USDC,24201.97644,-4.5952e-06,87786.5
2026-01-26T07:00:00+00:00,hyperliquid,BTC/USDC:USDC,24346.8924,1.12875e-05,87857.5
2026-01-26T08:00:00+00:00,hyperliquid,BTC/USDC:USDC,24311.50872,1.25e-05,87989.5
2026-01-26T09:00:00+00:00,hyperliquid,BTC/USDC:USDC,24226.21818,1.25e-05,87903.5
2026-01-26T10:00:00+00:00,hyperliquid,BTC/USDC:USDC,24028.96004,1.00005e-05,87630.5
2026-01-26T11:00:00+00:00,hyperliquid,BTC/USDC:USDC,24118.25412,5.4729e-06,87895.5
2026-01-26T12:00:00+00:00,hyperliquid,BTC/USDC:USDC,23867.7078,1.06786e-05,87864.5
2026-01-26T13:00:00+00:00,hyperliquid,BTC/USDC:USDC,23877.89014,1.25e-05,87784.5
2026-01-26T14:00:00+00:00,hyperliquid,BTC/USDC:USDC,24081.98252,-7.3031e-06,87859.5
2026-01-26T15:00:00+00:00,hyperliquid,BTC/USDC:USDC,24760.9066,1.25e-05,88077.5
2026-01-26T16:00:00+00:00,hyperliquid,BTC/USDC:USDC,24357.6573,6.2219e-06,87572.0
2026-01-26T17:00:00+00:00,hyperliquid,BTC/USDC:USDC,24047.11866,-4.5152e-06,87623.5
2026-01-26T18:00:00+00:00,hyperliquid,BTC/USDC:USDC,23931.84484,9.288e-07,87647.5
2026-01-26T19:00:00+00:00,hyperliquid,BTC/USDC:USDC,24252.75156,1.25e-05,88498.5
2026-01-26T20:00:00+00:00,hyperliquid,BTC/USDC:USDC,23842.40856,-2.6665e-06,87940.5
2026-01-26T21:00:00+00:00,hyperliquid,BTC/USDC:USDC,23792.06816,-2.2323e-06,87557.5
2026-01-26T22:00:00+00:00,hyperliquid,BTC/USDC:USDC,23779.54996,3.4461e-06,87978.5
2026-01-26T23:00:00+00:00,hyperliquid,BTC/USDC:USDC,23755.17552,-9.0988e-06,88055.5
2026-01-27T00:00:00+00:00,hyperliquid,BTC/USDC:USDC,22922.91202,1.9051e-06,88265.5
2026-01-27T01:00:00+00:00,hyperliquid,BTC/USDC:USDC,23047.67166,1.22515e-05,88236.5
2026-01-27T02:00:00+00:00,hyperliquid,BTC/USDC:USDC,23125.63186,1.25e-05,88604.5
2026-01-27T03:00:00+00:00,hyperliquid,BTC/USDC:USDC,23243.9952,1.25e-05,88792.5
2026-01-27T04:00:00+00:00,hyperliquid,BTC/USDC:USDC,23197.77266,5.0955e-06,88703.5
2026-01-27T05:00:00+00:00,hyperliquid,BTC/USDC:USDC,23123.85688,1.25e-05,88547.5
2026-01-27T06:00:00+00:00,hyperliquid,BTC/USDC:USDC,23076.51894,1.19898e-05,88427.5
2026-01-27T07:00:00+00:00,hyperliquid,BTC/USDC:USDC,22961.28348,9.025e-06,88295.5
2026-01-27T08:00:00+00:00,hyperliquid,BTC/USDC:USDC,23005.076,1.25e-05,88286.5
2026-01-27T09:00:00+00:00,hyperliquid,BTC/USDC:USDC,22878.67684,6.4482e-06,88100.5
2026-01-27T10:00:00+00:00,hyperliquid,BTC/USDC:USDC,22887.40716,1.09291e-05,87880.5
2026-01-27T11:00:00+00:00,hyperliquid,BTC/USDC:USDC,22677.13458,7.4775e-06,87762.5
2026-01-27T12:00:00+00:00,hyperliquid,BTC/USDC:USDC,22915.979,5.5887e-06,87953.5
2026-01-27T13:00:00+00:00,hyperliquid,BTC/USDC:USDC,22902.08032,8.0909e-06,87935.5
2026-01-27T14:00:00+00:00,hyperliquid,BTC/USDC:USDC,23064.44454,6.8008e-06,87938.5
2026-01-27T15:00:00+00:00,hyperliquid,BTC/USDC:USDC,23026.55016,1.25e-05,87586.5
2026-01-27T16:00:00+00:00,hyperliquid,BTC/USDC:USDC,23565.44582,1.25e-05,88054.5
2026-01-27T17:00:00+00:00,hyperliquid,BTC/USDC:USDC,24143.69684,1.0827e-05,88591.5
2026-01-27T18:00:00+00:00,hyperliquid,BTC/USDC:USDC,22513.01156,1.25e-05,87565.5
2026-01-27T19:00:00+00:00,hyperliquid,BTC/USDC:USDC,22739.03254,1.25e-05,88254.5
2026-01-27T20:00:00+00:00,hyperliquid,BTC/USDC:USDC,22843.53962,1.25e-05,88407.5
2026-01-27T21:00:00+00:00,hyperliquid,BTC/USDC:USDC,23382.20748,1.25e-05,89208.5
2026-01-27T22:00:00+00:00,hyperliquid,BTC/USDC:USDC,23478.65368,1.25e-05,89171.5
2026-01-27T23:00:00+00:00,hyperliquid,BTC/USDC:USDC,23848.55524,1.25e-05,89136.5
2026-01-28T00:00:00+00:00,hyperliquid,BTC/USDC:USDC,23889.00538,1.25e-05,89194.5
2026-01-28T01:00:00+00:00,hyperliquid,BTC/USDC:USDC,23678.8386,1.13058e-05,89393.5
2026-01-28T02:00:00+00:00,hyperliquid,BTC/USDC:USDC,23955.47354,1.25e-05,89368.5
2026-01-28T03:00:00+00:00,hyperliquid,BTC/USDC:USDC,23617.93306,1.17671e-05,89275.5
2026-01-28T04:00:00+00:00,hyperliquid,BTC/USDC:USDC,23577.31826,1.25e-05,89112.5
2026-01-28T05:00:00+00:00,hyperliquid,BTC/USDC:USDC,23453.60062,1.25e-05,89021.5
2026-01-28T06:00:00+00:00,hyperliquid,BTC/USDC:USDC,23458.17214,1.25e-05,89110.5
2026-01-28T07:00:00+00:00,hyperliquid,BTC/USDC:USDC,23545.9997,1.25e-05,89265.5
2026-01-28T08:00:00+00:00,hyperliquid,BTC/USDC:USDC,23357.06404,1.25e-05,89124.5
2026-01-28T09:00:00+00:00,hyperliquid,BTC/USDC:USDC,23193.97778,1.25e-05,88921.5
2026-01-28T10:00:00+00:00,hyperliquid,BTC/USDC:USDC,23332.82202,1.25e-05,89494.5
2026-01-28T11:00:00+00:00,hyperliquid,BTC/USDC:USDC,23714.20868,1.25e-05,89454.5
2026-01-28T12:00:00+00:00,hyperliquid,BTC/USDC:USDC,23801.05348,1.25e-05,89958.5
2026-01-28T13:00:00+00:00,hyperliquid,BTC/USDC:USDC,23487.49592,1.25e-05,89984.5
2026-01-28T14:00:00+00:00,hyperliquid,BTC/USDC:USDC,23601.07254,1.25e-05,90225.5
2026-01-28T15:00:00+00:00,hyperliquid,BTC/USDC:USDC,24441.2331,1.25e-05,89665.5
2026-01-28T16:00:00+00:00,hyperliquid,BTC/USDC:USDC,25367.15166,4.132e-06,89462.5
2026-01-28T17:00:00+00:00,hyperliquid,BTC/USDC:USDC,25720.73202,1.2482e-05,89680.5
2026-01-28T18:00:00+00:00,hyperliquid,BTC/USDC:USDC,24761.91014,1.25e-05,89705.5
2026-01-28T19:00:00+00:00,hyperliquid,BTC/USDC:USDC,25841.22466,1.25e-05,89346.5
2026-01-28T20:00:00+00:00,hyperliquid,BTC/USDC:USDC,25148.72108,1.25e-05,89494.5
2026-01-28T21:00:00+00:00,hyperliquid,BTC/USDC:USDC,25093.60752,4.6716e-06,89013.5
2026-01-28T22:00:00+00:00,hyperliquid,BTC/USDC:USDC,24086.31986,1.25e-05,89428.5
2026-01-28T23:00:00+00:00,hyperliquid,BTC/USDC:USDC,23761.11468,1.25e-05,89397.5
2026-01-29T00:00:00+00:00,hyperliquid,BTC/USDC:USDC,23883.08174,1.25e-05,89259.5
2026-01-29T01:00:00+00:00,hyperliquid,BTC/USDC:USDC,23114.60886,1.25e-05,89117.5
2026-01-29T02:00:00+00:00,hyperliquid,BTC/USDC:USDC,23668.32028,8.5697e-06,88500.5
2026-01-29T03:00:00+00:00,hyperliquid,BTC/USDC:USDC,23054.00648,1.991e-07,87775.5
2026-01-29T04:00:00+00:00,hyperliquid,BTC/USDC:USDC,23537.09754,1.25e-05,88039.5
2026-01-29T05:00:00+00:00,hyperliquid,BTC/USDC:USDC,23554.91774,1.25e-05,88289.5
2026-01-29T06:00:00+00:00,hyperliquid,BTC/USDC:USDC,23899.86596,1.25e-05,88178.5
2026-01-29T07:00:00+00:00,hyperliquid,BTC/USDC:USDC,23858.11808,1.25e-05,88307.5
2026-01-29T08:00:00+00:00,hyperliquid,BTC/USDC:USDC,23613.78602,1.25e-05,88265.5
2026-01-29T09:00:00+00:00,hyperliquid,BTC/USDC:USDC,22945.19028,1.25e-05,88050.5
2026-01-29T10:00:00+00:00,hyperliquid,BTC/USDC:USDC,22788.8474,3.062e-07,87839.5
2026-01-29T11:00:00+00:00,hyperliquid,BTC/USDC:USDC,22385.78942,1.25e-05,87925.5
2026-01-29T12:00:00+00:00,hyperliquid,BTC/USDC:USDC,22728.2847,8.9853e-06,87846.5
2026-01-29T13:00:00+00:00,hyperliquid,BTC/USDC:USDC,23070.69126,1.25e-05,88089.5
2026-01-29T14:00:00+00:00,hyperliquid,BTC/USDC:USDC,23096.4837,1.25e-05,88053.5
2026-01-29T15:00:00+00:00,hyperliquid,BTC/USDC:USDC,22367.96192,6.1189e-06,86676.5
2026-01-29T16:00:00+00:00,hyperliquid,BTC/USDC:USDC,22371.3878,1.25e-05,84797.5
2026-01-29T17:00:00+00:00,hyperliquid,BTC/USDC:USDC,24043.0542400001,1.25e-05,85300.5
2026-01-29T18:00:00+00:00,hyperliquid,BTC/USDC:USDC,25088.0707,1.25e-05,84226.5
2026-01-29T19:00:00+00:00,hyperliquid,BTC/USDC:USDC,25420.34466,1.25e-05,83446.5
2026-01-29T20:00:00+00:00,hyperliquid,BTC/USDC:USDC,25705.82096,1.25e-05,83974.5
2026-01-29T21:00:00+00:00,hyperliquid,BTC/USDC:USDC,26538.52944,1.25e-05,84278.5
2026-01-29T22:00:00+00:00,hyperliquid,BTC/USDC:USDC,26978.4876,1.25e-05,84479.5
2026-01-29T23:00:00+00:00,hyperliquid,BTC/USDC:USDC,27052.89006,1.25e-05,84530.5
2026-01-30T00:00:00+00:00,hyperliquid,BTC/USDC:USDC,26908.8812,1.25e-05,84701.5
2026-01-30T01:00:00+00:00,hyperliquid,BTC/USDC:USDC,26008.42108,-2.95e-08,84026.5
2026-01-30T02:00:00+00:00,hyperliquid,BTC/USDC:USDC,24593.37404,-2.0621e-06,82300.5
2026-01-30T03:00:00+00:00,hyperliquid,BTC/USDC:USDC,24278.57662,-5.4945e-06,82061.5
2026-01-30T04:00:00+00:00,hyperliquid,BTC/USDC:USDC,24125.31362,8.7316e-06,82735.5
2026-01-30T05:00:00+00:00,hyperliquid,BTC/USDC:USDC,23769.48434,-1.11573e-05,82928.5
2026-01-30T06:00:00+00:00,hyperliquid,BTC/USDC:USDC,23649.56648,-1.00925e-05,82798.5
2026-01-30T07:00:00+00:00,hyperliquid,BTC/USDC:USDC,23932.87942,-4.755e-07,82624.5
2026-01-30T08:00:00+00:00,hyperliquid,BTC/USDC:USDC,24020.1173,-1.12833e-05,82566.5
2026-01-30T09:00:00+00:00,hyperliquid,BTC/USDC:USDC,23981.1571,5.547e-07,82732.5
2026-01-30T10:00:00+00:00,hyperliquid,BTC/USDC:USDC,23951.79304,-5.1641e-06,82284.5
2026-01-30T11:00:00+00:00,hyperliquid,BTC/USDC:USDC,23518.44264,-1.0897e-05,82771.5
2026-01-30T12:00:00+00:00,hyperliquid,BTC/USDC:USDC,23579.46436,1.25e-05,83230.5
2026-01-30T13:00:00+00:00,hyperliquid,BTC/USDC:USDC,23405.65516,1.25e-05,82785.0
2026-01-30T14:00:00+00:00,hyperliquid,BTC/USDC:USDC,23566.5167,1.25e-05,82821.5
2026-01-30T15:00:00+00:00,hyperliquid,BTC/USDC:USDC,24430.48644,1.25e-05,83000.5
2026-01-30T16:00:00+00:00,hyperliquid,BTC/USDC:USDC,23230.98888,5.7139e-06,82793.5
2026-01-30T17:00:00+00:00,hyperliquid,BTC/USDC:USDC,22941.39646,-8.9523e-06,82829.5
2026-01-30T18:00:00+00:00,hyperliquid,BTC/USDC:USDC,22902.72458,1.25e-05,82945.5
2026-01-30T19:00:00+00:00,hyperliquid,BTC/USDC:USDC,24337.41106,1.25e-05,84075.5
2026-01-30T20:00:00+00:00,hyperliquid,BTC/USDC:USDC,24634.39278,1.25e-05,84108.5
2026-01-30T21:00:00+00:00,hyperliquid,BTC/USDC:USDC,24279.88524,1.25e-05,83940.5
2026-01-30T22:00:00+00:00,hyperliquid,BTC/USDC:USDC,24278.33954,1.25e-05,84267.5
2026-01-30T23:00:00+00:00,hyperliquid,BTC/USDC:USDC,23984.257,1.25e-05,84197.5
2026-01-31T00:00:00+00:00,hyperliquid,BTC/USDC:USDC,24353.05694,1.25e-05,84190.5
2026-01-31T01:00:00+00:00,hyperliquid,BTC/USDC:USDC,23794.191,1.25e-05,84062.5
2026-01-31T02:00:00+00:00,hyperliquid,BTC/USDC:USDC,23697.11462,1.25e-05,83968.5
2026-01-31T03:00:00+00:00,hyperliquid,BTC/USDC:USDC,23838.34246,1.25e-05,84161.5
2026-01-31T04:00:00+00:00,hyperliquid,BTC/USDC:USDC,23714.77488,1.25e-05,84022.5
2026-01-31T05:00:00+00:00,hyperliquid,BTC/USDC:USDC,23723.20898,1.25e-05,83949.5
2026-01-31T06:00:00+00:00,hyperliquid,BTC/USDC:USDC,23654.77876,1.25e-05,83962.5
2026-01-31T07:00:00+00:00,hyperliquid,BTC/USDC:USDC,23068.26378,1.23e-06,83767.5
2026-01-31T08:00:00+00:00,hyperliquid,BTC/USDC:USDC,22537.95522,1.25e-05,83559.5
2026-01-31T09:00:00+00:00,hyperliquid,BTC/USDC:USDC,22361.11488,1.25e-05,83065.5
2026-01-31T10:00:00+00:00,hyperliquid,BTC/USDC:USDC,22365.61442,1.25e-05,83144.5
2026-01-31T11:00:00+00:00,hyperliquid,BTC/USDC:USDC,22369.0599,1.25e-05,83082.5
2026-01-31T12:00:00+00:00,hyperliquid,BTC/USDC:USDC,22292.39078,1.22567e-05,82999.5
2026-01-31T13:00:00+00:00,hyperliquid,BTC/USDC:USDC,22153.54202,1.25e-05,82711.5
2026-01-31T14:00:00+00:00,hyperliquid,BTC/USDC:USDC,22416.84428,1.25e-05,82791.5
2026-01-31T15:00:00+00:00,hyperliquid,BTC/USDC:USDC,22908.82126,3.3609e-06,81231.5
2026-01-31T16:00:00+00:00,hyperliquid,BTC/USDC:USDC,23275.24166,1.25e-05,81316.5
2026-01-31T17:00:00+00:00,hyperliquid,BTC/USDC:USDC,23127.36706,3.4798e-06,80364.0
2026-01-31T18:00:00+00:00,hyperliquid,BTC/USDC:USDC,22778.4419,1.25e-05,78943.5
2026-01-31T19:00:00+00:00,hyperliquid,BTC/USDC:USDC,22281.07674,1.25e-05,77825.5
2026-01-31T20:00:00+00:00,hyperliquid,BTC/USDC:USDC,22906.17792,1.25e-05,77839.5
2026-01-31T21:00:00+00:00,hyperliquid,BTC/USDC:USDC,23891.04974,1.25e-05,78097.0
2026-01-31T22:00:00+00:00,hyperliquid,BTC/USDC:USDC,25475.3939,1.25e-05,78376.5
2026-01-31T23:00:00+00:00,hyperliquid,BTC/USDC:USDC,25247.22072,1.25e-05,78096.5
2026-02-01T00:00:00+00:00,hyperliquid,BTC/USDC:USDC,25455.65632,1.25e-05,78659.5
2026-02-01T01:00:00+00:00,hyperliquid,BTC/USDC:USDC,25627.63608,1.25e-05,78799.5
2026-02-01T02:00:00+00:00,hyperliquid,BTC/USDC:USDC,25313.46914,1.25e-05,78459.5
2026-02-01T03:00:00+00:00,hyperliquid,BTC/USDC:USDC,25591.22384,1.25e-05,78929.5
2026-02-01T04:00:00+00:00,hyperliquid,BTC/USDC:USDC,25566.08336,1.25e-05,78824.5
2026-02-01T05:00:00+00:00,hyperliquid,BTC/USDC:USDC,25621.10258,1.25e-05,78943.5
2026-02-01T06:00:00+00:00,hyperliquid,BTC/USDC:USDC,25275.17758,1.25e-05,78635.5
2026-02-01T07:00:00+00:00,hyperliquid,BTC/USDC:USDC,24977.9125,1.25e-05,78282.5
2026-02-01T08:00:00+00:00,hyperliquid,BTC/USDC:USDC,24855.9148,1.25e-05,78420.5
2026-02-01T09:00:00+00:00,hyperliquid,BTC/USDC:USDC,24551.20998,1.25e-05,78567.5
2026-02-01T10:00:00+00:00,hyperliquid,BTC/USDC:USDC,24492.5584,1.25e-05,78954.0
2026-02-01T11:00:00+00:00,hyperliquid,BTC/USDC:USDC,24265.60494,1.25e-05,78367.5
2026-02-01T12:00:00+00:00,hyperliquid,BTC/USDC:USDC,24359.47864,9.7014e-06,78614.5
2026-02-01T13:00:00+00:00,hyperliquid,BTC/USDC:USDC,24158.9116,1.25e-05,78471.5
2026-02-01T14:00:00+00:00,hyperliquid,BTC/USDC:USDC,24041.7676,7.333e-07,78199.5
2026-02-01T15:00:00+00:00,hyperliquid,BTC/USDC:USDC,23607.69312,-4.7115e-06,78186.5
2026-02-01T16:00:00+00:00,hyperliquid,BTC/USDC:USDC,23503.1208,-9.995e-07,77430.5
2026-02-01T17:00:00+00:00,hyperliquid,BTC/USDC:USDC,23331.53268,1.25e-05,77381.5
2026-02-01T18:00:00+00:00,hyperliquid,BTC/USDC:USDC,23436.08484,1.25e-05,77837.5
2026-02-01T19:00:00+00:00,hyperliquid,BTC/USDC:USDC,23409.03376,1.00256e-05,77906.5
2026-02-01T20:00:00+00:00,hyperliquid,BTC/USDC:USDC,23357.95324,7.1161e-06,77089.5
2026-02-01T21:00:00+00:00,hyperliquid,BTC/USDC:USDC,23333.23944,1.6827e-06,77074.5
2026-02-01T22:00:00+00:00,hyperliquid,BTC/USDC:USDC,23334.67186,6.37e-08,76451.5
2026-02-01T23:00:00+00:00,hyperliquid,BTC/USDC:USDC,23252.10652,-7.4387e-06,76988.5
2026-02-02T00:00:00+00:00,hyperliquid,BTC/USDC:USDC,22354.70762,1.5216e-06,76857.5
2026-02-02T01:00:00+00:00,hyperliquid,BTC/USDC:USDC,22182.6138,-1.16396e-05,77674.5
2026-02-02T02:00:00+00:00,hyperliquid,BTC/USDC:USDC,22062.53036,-9.0979e-06,77337.5
2026-02-02T03:00:00+00:00,hyperliquid,BTC/USDC:USDC,22283.4235,-2.8187e-06,76458.5
2026-02-02T04:00:00+00:00,hyperliquid,BTC/USDC:USDC,21997.6891,-1.48887e-05,76000.5
2026-02-02T05:00:00+00:00,hyperliquid,BTC/USDC:USDC,21914.3896,2.026e-06,75870.5
2026-02-02T06:00:00+00:00,hyperliquid,BTC/USDC:USDC,22148.14914,-1.22555e-05,75366.5
2026-02-02T07:00:00+00:00,hyperliquid,BTC/USDC:USDC,21863.34602,-1.5466e-06,76451.5
2026-02-02T08:00:00+00:00,hyperliquid,BTC/USDC:USDC,21704.7875,-7.964e-07,76651.5
2026-02-02T09:00:00+00:00,hyperliquid,BTC/USDC:USDC,21656.77696,-5.83e-06,76719.5
2026-02-02T10:00:00+00:00,hyperliquid,BTC/USDC:USDC,21790.13192,-1.70233e-05,77570.5
2026-02-02T11:00:00+00:00,hyperliquid,BTC/USDC:USDC,21634.30296,-3.6993e-06,77523.5
2026-02-02T12:00:00+00:00,hyperliquid,BTC/USDC:USDC,21657.33444,-2.1642e-06,77730.5
2026-02-02T13:00:00+00:00,hyperliquid,BTC/USDC:USDC,21508.82792,-8.89e-06,77818.5
2026-02-02T14:00:00+00:00,hyperliquid,BTC/USDC:USDC,22007.3451,-1.01636e-05,78170.5
2026-02-02T15:00:00+00:00,hyperliquid,BTC/USDC:USDC,22736.38614,-2.46509e-05,77722.0
2026-02-02T16:00:00+00:00,hyperliquid,BTC/USDC:USDC,22274.60614,-3.20467e-05,78833.5
2026-02-02T17:00:00+00:00,hyperliquid,BTC/USDC:USDC,21831.62116,-1.96334e-05,78667.5
2026-02-02T18:00:00+00:00,hyperliquid,BTC/USDC:USDC,21774.48284,-2.88393e-05,78895.0
2026-02-02T19:00:00+00:00,hyperliquid,BTC/USDC:USDC,21439.15836,-1.41097e-05,78555.5
2026-02-02T22:00:00+00:00,hyperliquid,BTC/USDC:USDC,20965.15144,-1.01382e-05,78640.5
2026-02-02T23:00:00+00:00,hyperliquid,BTC/USDC:USDC,20966.07912,-1.35623e-05,78690.5
2026-02-03T00:00:00+00:00,hyperliquid,BTC/USDC:USDC,20880.056,-1.59958e-05,78653.5
2026-02-03T01:00:00+00:00,hyperliquid,BTC/USDC:USDC,21037.87828,3.3281e-06,79017.5
2026-02-03T02:00:00+00:00,hyperliquid,BTC/USDC:USDC,21156.53926,-6.3824e-06,78850.5
2026-02-03T03:00:00+00:00,hyperliquid,BTC/USDC:USDC,21133.66836,-1.36999e-05,77880.5
2026-02-03T04:00:00+00:00,hyperliquid,BTC/USDC:USDC,21118.7602,-3.02552e-05,78673.5
2026-02-03T05:00:00+00:00,hyperliquid,BTC/USDC:USDC,21146.74792,-1.25709e-05,78719.5
2026-02-03T06:00:00+00:00,hyperliquid,BTC/USDC:USDC,21094.35408,-1.97429e-05,78179.5
2026-02-03T07:00:00+00:00,hyperliquid,BTC/USDC:USDC,20873.76066,6.919e-07,78536.5
2026-02-03T08:00:00+00:00,hyperliquid,BTC/USDC:USDC,20684.03952,5.5108e-06,78845.5
2026-02-03T09:00:00+00:00,hyperliquid,BTC/USDC:USDC,20575.6045,9.1805e-06,78781.5
2026-02-03T10:00:00+00:00,hyperliquid,BTC/USDC:USDC,20369.32398,-2.4863e-06,78311.5
2026-02-03T11:00:00+00:00,hyperliquid,BTC/USDC:USDC,20328.80658,1.8966e-06,78111.5
2026-02-03T12:00:00+00:00,hyperliquid,BTC/USDC:USDC,20434.80292,-5.3203e-06,78025.5
2026-02-03T13:00:00+00:00,hyperliquid,BTC/USDC:USDC,20515.27298,-2.3786e-06,78228.5
2026-02-03T14:00:00+00:00,hyperliquid,BTC/USDC:USDC,20345.74782,5.0877e-06,78258.5
2026-02-03T15:00:00+00:00,hyperliquid,BTC/USDC:USDC,19904.55114,1.7667e-06,77131.5
2026-02-03T16:00:00+00:00,hyperliquid,BTC/USDC:USDC,20129.18394,3.0917e-06,77969.5
2026-02-03T17:00:00+00:00,hyperliquid,BTC/USDC:USDC,20653.34808,1.25e-05,76432.5
2026-02-03T18:00:00+00:00,hyperliquid,BTC/USDC:USDC,21587.73724,1.25e-05,75065.5
2026-02-03T19:00:00+00:00,hyperliquid,BTC/USDC:USDC,21920.7906,1.25e-05,73144.5
2026-02-03T20:00:00+00:00,hyperliquid,BTC/USDC:USDC,22955.23238,1.25e-05,74917.0
2026-02-03T21:00:00+00:00,hyperliquid,BTC/USDC:USDC,21771.15526,1.25e-05,76535.5
2026-02-03T22:00:00+00:00,hyperliquid,BTC/USDC:USDC,21594.91368,1.04963e-05,76266.0
2026-02-03T23:00:00+00:00,hyperliquid,BTC/USDC:USDC,20924.62968,1.25e-05,75648.5
2026-02-04T00:00:00+00:00,hyperliquid,BTC/USDC:USDC,21176.97894,7.428e-07,75599.5
2026-02-04T01:00:00+00:00,hyperliquid,BTC/USDC:USDC,21045.35858,1.25e-05,76039.5
2026-02-04T02:00:00+00:00,hyperliquid,BTC/USDC:USDC,21330.41656,9.7519e-06,76368.5
2026-02-04T03:00:00+00:00,hyperliquid,BTC/USDC:USDC,20946.87266,-9.855e-07,75907.0
2026-02-04T04:00:00+00:00,hyperliquid,BTC/USDC:USDC,21488.53076,1.25e-05,76634.5
2026-02-04T05:00:00+00:00,hyperliquid,BTC/USDC:USDC,21314.52804,1.25e-05,76488.5
2026-02-04T06:00:00+00:00,hyperliquid,BTC/USDC:USDC,21006.94996,6.6895e-06,76246.5
2026-02-04T07:00:00+00:00,hyperliquid,BTC/USDC:USDC,21265.316,1.07452e-05,76575.5
2026-02-04T08:00:00+00:00,hyperliquid,BTC/USDC:USDC,21316.47854,1.16488e-05,76442.5
2026-02-04T09:00:00+00:00,hyperliquid,BTC/USDC:USDC,21546.8812,1.07168e-05,76537.5
2026-02-04T10:00:00+00:00,hyperliquid,BTC/USDC:USDC,22301.02692,1.25e-05,76114.5
2026-02-04T11:00:00+00:00,hyperliquid,BTC/USDC:USDC,22151.30706,8.1302e-06,76196.5
2026-02-04T12:00:00+00:00,hyperliquid,BTC/USDC:USDC,22442.02714,1.25e-05,76057.5
2026-02-04T13:00:00+00:00,hyperliquid,BTC/USDC:USDC,22173.18806,1.25e-05,76125.5
2026-02-04T14:00:00+00:00,hyperliquid,BTC/USDC:USDC,22101.19742,3.8498e-06,74938.5
2026-02-04T15:00:00+00:00,hyperliquid,BTC/USDC:USDC,22709.5232,1.06297e-05,74187.5
2026-02-04T16:00:00+00:00,hyperliquid,BTC/USDC:USDC,22515.5828,1.15626e-05,73969.0
2026-02-04T17:00:00+00:00,hyperliquid,BTC/USDC:USDC,22505.56708,1.25e-05,73578.5
2026-02-04T18:00:00+00:00,hyperliquid,BTC/USDC:USDC,21824.79454,1.24447e-05,72359.5
2026-02-04T19:00:00+00:00,hyperliquid,BTC/USDC:USDC,22473.16224,1.25e-05,73540.5
2026-02-04T20:00:00+00:00,hyperliquid,BTC/USDC:USDC,22999.55548,1.25e-05,73718.5
2026-02-04T21:00:00+00:00,hyperliquid,BTC/USDC:USDC,22828.58592,1.25e-05,73553.5
2026-02-04T22:00:00+00:00,hyperliquid,BTC/USDC:USDC,22313.62804,1.25e-05,72588.5
2026-02-04T23:00:00+00:00,hyperliquid,BTC/USDC:USDC,22135.2879,1.25e-05,72569.5
2026-02-05T00:00:00+00:00,hyperliquid,BTC/USDC:USDC,22031.63774,1.25e-05,73136.5
2026-02-05T01:00:00+00:00,hyperliquid,BTC/USDC:USDC,22235.93526,-1.4717e-06,72802.5
2026-02-05T02:00:00+00:00,hyperliquid,BTC/USDC:USDC,22140.86836,-2.173e-06,72488.5
2026-02-05T03:00:00+00:00,hyperliquid,BTC/USDC:USDC,22621.45218,8.5765e-06,71536.0
2026-02-05T04:00:00+00:00,hyperliquid,BTC/USDC:USDC,22679.77218,1.25e-05,71171.5
2026-02-05T05:00:00+00:00,hyperliquid,BTC/USDC:USDC,23284.81518,1.25e-05,70880.5
2026-02-05T06:00:00+00:00,hyperliquid,BTC/USDC:USDC,24589.39046,1.25e-05,70847.5
2026-02-05T07:00:00+00:00,hyperliquid,BTC/USDC:USDC,25076.54672,1.25e-05,71168.5
2026-02-05T08:00:00+00:00,hyperliquid,BTC/USDC:USDC,24622.98052,1.25e-05,70839.5
2026-02-05T09:00:00+00:00,hyperliquid,BTC/USDC:USDC,25377.70276,1.25e-05,71182.5
2026-02-05T10:00:00+00:00,hyperliquid,BTC/USDC:USDC,25565.3213,1.25e-05,71601.5
2026-02-05T11:00:00+00:00,hyperliquid,BTC/USDC:USDC,25682.20228,1.25e-05,70939.5
2026-02-05T12:00:00+00:00,hyperliquid,BTC/USDC:USDC,24615.25628,1.25e-05,70411.5
2026-02-05T13:00:00+00:00,hyperliquid,BTC/USDC:USDC,26226.32998,1.25e-05,69485.5
2026-02-05T14:00:00+00:00,hyperliquid,BTC/USDC:USDC,27475.69552,1.25e-05,70184.5
2026-02-05T15:00:00+00:00,hyperliquid,BTC/USDC:USDC,25700.11748,1.25e-05,69128.5
2026-02-05T16:00:00+00:00,hyperliquid,BTC/USDC:USDC,25775.49728,1.25e-05,67597.5
2026-02-05T17:00:00+00:00,hyperliquid,BTC/USDC:USDC,26955.00034,1.25e-05,68022.5
2026-02-05T18:00:00+00:00,hyperliquid,BTC/USDC:USDC,26419.38574,1.25e-05,66243.5
2026-02-05T19:00:00+00:00,hyperliquid,BTC/USDC:USDC,24842.80336,7.8488e-06,66056.5
2026-02-05T20:00:00+00:00,hyperliquid,BTC/USDC:USDC,24767.5904,1.25e-05,65471.0
2026-02-05T21:00:00+00:00,hyperliquid,BTC/USDC:USDC,28110.94882,1.25e-05,63752.0
2026-02-05T22:00:00+00:00,hyperliquid,BTC/USDC:USDC,28104.5574,1.25e-05,63156.5
2026-02-05T23:00:00+00:00,hyperliquid,BTC/USDC:USDC,26151.21646,1.25e-05,63908.5
2026-02-06T00:00:00+00:00,hyperliquid,BTC/USDC:USDC,25346.9362,3.8187e-06,62834.5
2026-02-06T01:00:00+00:00,hyperliquid,BTC/USDC:USDC,23533.60394,1.25e-05,63832.5
2026-02-06T02:00:00+00:00,hyperliquid,BTC/USDC:USDC,23225.51172,1.25e-05,65920.5
2026-02-06T03:00:00+00:00,hyperliquid,BTC/USDC:USDC,22622.222,1.25e-05,64950.5
2026-02-06T04:00:00+00:00,hyperliquid,BTC/USDC:USDC,22175.1924,5.4576e-06,64084.5
2026-02-06T05:00:00+00:00,hyperliquid,BTC/USDC:USDC,22269.3922,-8.569e-07,64849.0
2026-02-06T06:00:00+00:00,hyperliquid,BTC/USDC:USDC,21975.69918,3.7542e-06,66478.0
2026-02-06T07:00:00+00:00,hyperliquid,BTC/USDC:USDC,22436.72616,-2.63257e-05,64698.5
2026-02-06T08:00:00+00:00,hyperliquid,BTC/USDC:USDC,23415.08648,-9.4922e-06,64811.5
2026-02-06T09:00:00+00:00,hyperliquid,BTC/USDC:USDC,23554.5545,9.4959e-06,64911.5
2026-02-06T10:00:00+00:00,hyperliquid,BTC/USDC:USDC,23052.05156,-2.24524e-05,65719.5
2026-02-06T11:00:00+00:00,hyperliquid,BTC/USDC:USDC,23044.17166,-2.23011e-05,65739.5
2026-02-06T12:00:00+00:00,hyperliquid,BTC/USDC:USDC,22730.5299,-1.01872e-05,66436.0
2026-02-06T13:00:00+00:00,hyperliquid,BTC/USDC:USDC,22756.46774,4.05e-07,66524.5
2026-02-06T14:00:00+00:00,hyperliquid,BTC/USDC:USDC,22748.22842,-1.50561e-05,67282.5
2026-02-06T15:00:00+00:00,hyperliquid,BTC/USDC:USDC,24508.03966,1.25e-05,67877.5
2026-02-06T16:00:00+00:00,hyperliquid,BTC/USDC:USDC,24160.96262,-6.81327e-05,68675.5
2026-02-06T17:00:00+00:00,hyperliquid,BTC/USDC:USDC,24782.4014,-5.02726e-05,69539.5
2026-02-06T18:00:00+00:00,hyperliquid,BTC/USDC:USDC,23361.7062,-4.03581e-05,70593.5
2026-02-06T19:00:00+00:00,hyperliquid,BTC/USDC:USDC,23589.61464,-5.83071e-05,69710.5
2026-02-06T20:00:00+00:00,hyperliquid,BTC/USDC:USDC,23106.21412,-5.2061e-05,70646.5
2026-02-06T21:00:00+00:00,hyperliquid,BTC/USDC:USDC,22712.89238,-9.16806e-05,70099.5
2026-02-06T22:00:00+00:00,hyperliquid,BTC/USDC:USDC,22663.32812,-6.06585e-05,70236.5
2026-02-06T23:00:00+00:00,hyperliquid,BTC/USDC:USDC,21832.74574,-3.68401e-05,71329.5
2026-02-07T00:00:00+00:00,hyperliquid,BTC/USDC:USDC,21202.5119,-5.3081e-05,70149.5
2026-02-07T01:00:00+00:00,hyperliquid,BTC/USDC:USDC,20815.37576,-4.26644e-05,69862.5
2026-02-07T02:00:00+00:00,hyperliquid,BTC/USDC:USDC,20439.0344,-2.48486e-05,70387.5
2026-02-07T03:00:00+00:00,hyperliquid,BTC/USDC:USDC,20430.47458,-2.17489e-05,70345.5
2026-02-07T04:00:00+00:00,hyperliquid,BTC/USDC:USDC,20149.04554,-1.48493e-05,70914.5
2026-02-07T05:00:00+00:00,hyperliquid,BTC/USDC:USDC,20199.6672,-2.97233e-05,70727.5
2026-02-07T06:00:00+00:00,hyperliquid,BTC/USDC:USDC,20288.34462,-2.44906e-05,70082.5
2026-02-07T07:00:00+00:00,hyperliquid,BTC/USDC:USDC,20602.57834,-3.57932e-05,68925.5
2026-02-07T08:00:00+00:00,hyperliquid,BTC/USDC:USDC,20825.28902,-1.77065e-05,68038.5
2026-02-07T09:00:00+00:00,hyperliquid,BTC/USDC:USDC,20723.92636,-2.64789e-05,68528.5
2026-02-07T10:00:00+00:00,hyperliquid,BTC/USDC:USDC,21211.45054,-3.93154e-05,68064.5
2026-02-07T11:00:00+00:00,hyperliquid,BTC/USDC:USDC,20544.99818,-9.6823e-06,68016.5
2026-02-07T12:00:00+00:00,hyperliquid,BTC/USDC:USDC,20321.96728,-5.0355e-06,68113.5
2026-02-07T13:00:00+00:00,hyperliquid,BTC/USDC:USDC,20343.00216,-3.9736e-06,69174.5
2026-02-07T14:00:00+00:00,hyperliquid,BTC/USDC:USDC,20170.44712,-1.35866e-05,68972.5
2026-02-07T15:00:00+00:00,hyperliquid,BTC/USDC:USDC,20006.07554,-6.3904e-06,68664.5
2026-02-07T16:00:00+00:00,hyperliquid,BTC/USDC:USDC,19502.2566,-4.2698e-06,69140.5
2026-02-07T17:00:00+00:00,hyperliquid,BTC/USDC:USDC,19107.65366,-1.49593e-05,68974.0
2026-02-07T18:00:00+00:00,hyperliquid,BTC/USDC:USDC,18980.21076,4.4586e-06,69159.5
2026-02-07T19:00:00+00:00,hyperliquid,BTC/USDC:USDC,19314.71834,4.0053e-06,69435.5
2026-02-07T20:00:00+00:00,hyperliquid,BTC/USDC:USDC,19462.39302,5.0345e-06,69317.5
2026-02-07T21:00:00+00:00,hyperliquid,BTC/USDC:USDC,19616.1318,8.8053e-06,69552.0
2026-02-07T22:00:00+00:00,hyperliquid,BTC/USDC:USDC,19324.12116,-1.5324e-05,69432.5
2026-02-07T23:00:00+00:00,hyperliquid,BTC/USDC:USDC,19333.28206,-2.7014e-05,69239.5
2026-02-08T00:00:00+00:00,hyperliquid,BTC/USDC:USDC,19426.9469,-3.34106e-05,69199.5
2026-02-08T01:00:00+00:00,hyperliquid,BTC/USDC:USDC,18878.99788,-7.937e-07,69141.0
2026-02-08T02:00:00+00:00,hyperliquid,BTC/USDC:USDC,18698.60624,-8.878e-06,69274.5
2026-02-08T03:00:00+00:00,hyperliquid,BTC/USDC:USDC,18637.03226,-7.492e-07,69328.5
2026-02-08T04:00:00+00:00,hyperliquid,BTC/USDC:USDC,18597.1214,-7.8972e-06,69105.5
2026-02-08T05:00:00+00:00,hyperliquid,BTC/USDC:USDC,18540.97184,-1.00626e-05,69250.5
2026-02-08T06:00:00+00:00,hyperliquid,BTC/USDC:USDC,18549.3188,-1.2787e-06,69186.5
2026-02-08T07:00:00+00:00,hyperliquid,BTC/USDC:USDC,18637.19118,-1.26729e-05,69346.5
2026-02-08T08:00:00+00:00,hyperliquid,BTC/USDC:USDC,18769.57432,-9.9887e-06,69615.5
2026-02-08T09:00:00+00:00,hyperliquid,BTC/USDC:USDC,18911.89704,-1.0233e-05,70531.5
2026-02-08T10:00:00+00:00,hyperliquid,BTC/USDC:USDC,18969.7322,-1.4408e-06,70254.5
2026-02-08T11:00:00+00:00,hyperliquid,BTC/USDC:USDC,19106.0009,1.25e-05,70221.5
2026-02-08T12:00:00+00:00,hyperliquid,BTC/USDC:USDC,18984.4333,-1.01606e-05,70938.5
2026-02-08T13:00:00+00:00,hyperliquid,BTC/USDC:USDC,18733.1277,9.1981e-06,71233.5
2026-02-08T14:00:00+00:00,hyperliquid,BTC/USDC:USDC,18909.39498,7.4284e-06,71417.5
2026-02-08T15:00:00+00:00,hyperliquid,BTC/USDC:USDC,18965.7244,9.2043e-06,71345.5
2026-02-08T16:00:00+00:00,hyperliquid,BTC/USDC:USDC,19050.83466,3.6716e-06,71032.5
2026-02-08T17:00:00+00:00,hyperliquid,BTC/USDC:USDC,19136.64672,-2.0553e-06,70527.5
2026-02-08T18:00:00+00:00,hyperliquid,BTC/USDC:USDC,19122.57772,1.25e-05,70767.5
2026-02-08T19:00:00+00:00,hyperliquid,BTC/USDC:USDC,19456.69114,1.25e-05,71247.5
2026-02-08T20:00:00+00:00,hyperliquid,BTC/USDC:USDC,19563.2549,4.8965e-06,71255.5
2026-02-08T21:00:00+00:00,hyperliquid,BTC/USDC:USDC,19332.87388,2.4286e-06,70786.5
2026-02-08T22:00:00+00:00,hyperliquid,BTC/USDC:USDC,19669.2059,6.4125e-06,70690.5
2026-02-08T23:00:00+00:00,hyperliquid,BTC/USDC:USDC,19768.74634,8.8743e-06,71097.5
2026-02-09T00:00:00+00:00,hyperliquid,BTC/USDC:USDC,18919.87278,8.703e-06,70499.5
2026-02-09T01:00:00+00:00,hyperliquid,BTC/USDC:USDC,18523.03274,-1.1583e-06,70491.5
2026-02-09T02:00:00+00:00,hyperliquid,BTC/USDC:USDC,18353.02604,6.5537e-06,70203.5
2026-02-09T03:00:00+00:00,hyperliquid,BTC/USDC:USDC,18390.40278,1.16383e-05,70620.5
2026-02-09T04:00:00+00:00,hyperliquid,BTC/USDC:USDC,18441.53478,3.8462e-06,71196.5
2026-02-09T05:00:00+00:00,hyperliquid,BTC/USDC:USDC,18373.29832,1.0498e-06,70867.5
2026-02-09T06:00:00+00:00,hyperliquid,BTC/USDC:USDC,18197.1927,3.8635e-06,70849.5
2026-02-09T07:00:00+00:00,hyperliquid,BTC/USDC:USDC,18190.83778,9.697e-06,70522.5
2026-02-09T08:00:00+00:00,hyperliquid,BTC/USDC:USDC,17912.15448,1.25e-05,70386.5
2026-02-09T09:00:00+00:00,hyperliquid,BTC/USDC:USDC,17968.93074,1.25e-05,69889.5
2026-02-09T10:00:00+00:00,hyperliquid,BTC/USDC:USDC,18037.80916,-6.7445e-06,69421.5
2026-02-09T11:00:00+00:00,hyperliquid,BTC/USDC:USDC,17647.77578,4.6355e-06,68907.5
2026-02-09T12:00:00+00:00,hyperliquid,BTC/USDC:USDC,17578.15338,-4.2762e-06,68913.5
2026-02-09T13:00:00+00:00,hyperliquid,BTC/USDC:USDC,17597.71976,-3.9316e-06,69030.5
2026-02-09T14:00:00+00:00,hyperliquid,BTC/USDC:USDC,17927.76258,-1.1502e-05,68672.5
2026-02-09T15:00:00+00:00,hyperliquid,BTC/USDC:USDC,17884.953,1.25e-05,69579.5
2026-02-09T16:00:00+00:00,hyperliquid,BTC/USDC:USDC,17888.36084,-6.939e-07,69425.0
2026-02-09T17:00:00+00:00,hyperliquid,BTC/USDC:USDC,17907.92688,-9.8912e-06,70036.5
2026-02-09T18:00:00+00:00,hyperliquid,BTC/USDC:USDC,17994.50762,1.4574e-06,70621.5
2026-02-09T19:00:00+00:00,hyperliquid,BTC/USDC:USDC,17762.58586,5.663e-07,70467.5
2026-02-09T20:00:00+00:00,hyperliquid,BTC/USDC:USDC,17899.52958,-1.59476e-05,70714.5
2026-02-09T21:00:00+00:00,hyperliquid,BTC/USDC:USDC,18022.44906,-2.12504e-05,70648.5
2026-02-09T22:00:00+00:00,hyperliquid,BTC/USDC:USDC,18076.85166,-6.016e-07,70281.5
2026-02-09T23:00:00+00:00,hyperliquid,BTC/USDC:USDC,18204.91836,-1.12525e-05,70338.5
2026-02-10T00:00:00+00:00,hyperliquid,BTC/USDC:USDC,18415.45776,-8.4095e-06,70134.5
2026-02-10T01:00:00+00:00,hyperliquid,BTC/USDC:USDC,18159.1077,2.22e-07,69944.5
2026-02-10T02:00:00+00:00,hyperliquid,BTC/USDC:USDC,17874.53824,-3.5703e-06,70353.5
2026-02-10T03:00:00+00:00,hyperliquid,BTC/USDC:USDC,18124.14924,5.707e-06,70092.5
2026-02-10T04:00:00+00:00,hyperliquid,BTC/USDC:USDC,18169.06228,-1.2349e-06,69506.5
2026-02-10T05:00:00+00:00,hyperliquid,BTC/USDC:USDC,18054.97932,7.7879e-06,69785.5
2026-02-10T06:00:00+00:00,hyperliquid,BTC/USDC:USDC,17960.98806,5.7581e-06,69374.5
2026-02-10T07:00:00+00:00,hyperliquid,BTC/USDC:USDC,17947.84122,-2.6486e-06,68907.5
2026-02-10T08:00:00+00:00,hyperliquid,BTC/USDC:USDC,17840.67664,2.6269e-06,68937.5
2026-02-10T09:00:00+00:00,hyperliquid,BTC/USDC:USDC,17602.4122,-2.8135e-06,69122.5
2026-02-10T10:00:00+00:00,hyperliquid,BTC/USDC:USDC,17533.70562,1.25e-05,69191.5
2026-02-10T11:00:00+00:00,hyperliquid,BTC/USDC:USDC,17503.66508,2.32e-08,68815.5
2026-02-10T12:00:00+00:00,hyperliquid,BTC/USDC:USDC,18169.97336,7.6952e-06,68681.5
2026-02-10T13:00:00+00:00,hyperliquid,BTC/USDC:USDC,18443.87354,8.3787e-06,68469.5
2026-02-10T14:00:00+00:00,hyperliquid,BTC/USDC:USDC,18476.58614,4.6721e-06,68910.5
2026-02-10T15:00:00+00:00,hyperliquid,BTC/USDC:USDC,18206.14222,1.25e-05,68505.5
2026-02-10T16:00:00+00:00,hyperliquid,BTC/USDC:USDC,18275.87832,3.138e-07,69194.5
2026-02-10T17:00:00+00:00,hyperliquid,BTC/USDC:USDC,19385.48518,1.25e-05,69362.5
2026-02-10T18:00:00+00:00,hyperliquid,BTC/USDC:USDC,19420.75434,1.25e-05,69820.5
2026-02-10T19:00:00+00:00,hyperliquid,BTC/USDC:USDC,18251.00814,2.2607e-06,68930.5
2026-02-10T20:00:00+00:00,hyperliquid,BTC/USDC:USDC,17919.60706,3.8165e-06,69051.5
2026-02-10T21:00:00+00:00,hyperliquid,BTC/USDC:USDC,18134.3072,8.6032e-06,68902.5
2026-02-10T22:00:00+00:00,hyperliquid,BTC/USDC:USDC,18006.38558,6.6048e-06,68651.5
2026-02-10T23:00:00+00:00,hyperliquid,BTC/USDC:USDC,17950.32932,1.09166e-05,68640.5
2026-02-11T00:00:00+00:00,hyperliquid,BTC/USDC:USDC,18086.73322,1.25e-05,68789.5
2026-02-11T01:00:00+00:00,hyperliquid,BTC/USDC:USDC,17757.72734,2.149e-06,69173.5
2026-02-11T02:00:00+00:00,hyperliquid,BTC/USDC:USDC,17511.8985799999,1.25e-05,69004.5
2026-02-11T03:00:00+00:00,hyperliquid,BTC/USDC:USDC,17767.57208,-5.2701e-06,68614.5
2026-02-11T04:00:00+00:00,hyperliquid,BTC/USDC:USDC,17576.23206,-3.1131e-06,68196.5
2026-02-11T05:00:00+00:00,hyperliquid,BTC/USDC:USDC,17509.984,4.8248e-06,67642.5
2026-02-11T06:00:00+00:00,hyperliquid,BTC/USDC:USDC,17603.19468,-1.227e-07,67389.5
2026-02-11T07:00:00+00:00,hyperliquid,BTC/USDC:USDC,17336.48652,3.198e-06,66755.5
2026-02-11T08:00:00+00:00,hyperliquid,BTC/USDC:USDC,17212.86612,-1.6814e-06,66999.5
2026-02-11T09:00:00+00:00,hyperliquid,BTC/USDC:USDC,17379.28518,1.25e-05,66997.5
2026-02-11T10:00:00+00:00,hyperliquid,BTC/USDC:USDC,17412.356,5.1841e-06,66754.5
2026-02-11T11:00:00+00:00,hyperliquid,BTC/USDC:USDC,17460.24352,9.1812e-06,66558.5
2026-02-11T12:00:00+00:00,hyperliquid,BTC/USDC:USDC,18096.71352,1.25e-05,67069.5
2026-02-11T13:00:00+00:00,hyperliquid,BTC/USDC:USDC,17666.44386,2.412e-06,67124.5
2026-02-11T14:00:00+00:00,hyperliquid,BTC/USDC:USDC,18223.15088,1.25e-05,67505.5
2026-02-11T15:00:00+00:00,hyperliquid,BTC/USDC:USDC,18024.24766,6.7138e-06,66601.5
2026-02-11T16:00:00+00:00,hyperliquid,BTC/USDC:USDC,17754.2331,-5.1205e-06,66440.0
2026-02-11T17:00:00+00:00,hyperliquid,BTC/USDC:USDC,17884.43336,-9.5474e-06,65914.5
2026-02-11T18:00:00+00:00,hyperliquid,BTC/USDC:USDC,18193.96686,-8.1234e-06,66485.5
2026-02-11T19:00:00+00:00,hyperliquid,BTC/USDC:USDC,17937.46052,-4.2908e-06,67156.5
2026-02-11T20:00:00+00:00,hyperliquid,BTC/USDC:USDC,17654.54352,-3.9855e-06,67666.5
2026-02-11T21:00:00+00:00,hyperliquid,BTC/USDC:USDC,17833.83886,2.7943e-06,67481.5
2026-02-11T22:00:00+00:00,hyperliquid,BTC/USDC:USDC,18261.52676,-6.6215e-06,67789.5
2026-02-11T23:00:00+00:00,hyperliquid,BTC/USDC:USDC,18381.15736,-9.0308e-06,67252.5
2026-02-12T00:00:00+00:00,hyperliquid,BTC/USDC:USDC,18559.77054,-5.197e-07,67091.5
2026-02-12T01:00:00+00:00,hyperliquid,BTC/USDC:USDC,19389.94104,-1.47615e-05,67448.5
2026-02-12T02:00:00+00:00,hyperliquid,BTC/USDC:USDC,19536.44312,-1.98519e-05,67593.5
2026-02-12T03:00:00+00:00,hyperliquid,BTC/USDC:USDC,19380.47856,-1.67024e-05,67378.5
2026-02-12T04:00:00+00:00,hyperliquid,BTC/USDC:USDC,19342.5414,-6.7142e-06,67486.5
2026-02-12T05:00:00+00:00,hyperliquid,BTC/USDC:USDC,19296.15438,-1.08294e-05,67030.5
2026-02-12T06:00:00+00:00,hyperliquid,BTC/USDC:USDC,19235.8833,-1.09309e-05,67073.5
2026-02-12T07:00:00+00:00,hyperliquid,BTC/USDC:USDC,19219.41002,-1.48818e-05,67020.5
2026-02-12T08:00:00+00:00,hyperliquid,BTC/USDC:USDC,19059.67134,-2.9313e-06,67252.5
2026-02-12T09:00:00+00:00,hyperliquid,BTC/USDC:USDC,19055.6345,-3.8274e-06,67025.5
2026-02-12T10:00:00+00:00,hyperliquid,BTC/USDC:USDC,19493.84708,-8.5484e-06,67493.5
2026-02-12T11:00:00+00:00,hyperliquid,BTC/USDC:USDC,19684.21066,1.25e-05,67934.5
2026-02-12T12:00:00+00:00,hyperliquid,BTC/USDC:USDC,20339.96558,6.131e-07,68034.5
2026-02-12T13:00:00+00:00,hyperliquid,BTC/USDC:USDC,20192.14906,1.05634e-05,67809.5
2026-02-12T14:00:00+00:00,hyperliquid,BTC/USDC:USDC,19869.12242,5.7745e-06,68133.5
2026-02-12T15:00:00+00:00,hyperliquid,BTC/USDC:USDC,19972.53952,1.25e-05,67716.5
2026-02-12T16:00:00+00:00,hyperliquid,BTC/USDC:USDC,19467.53644,1.25e-05,67034.5
2026-02-12T17:00:00+00:00,hyperliquid,BTC/USDC:USDC,20326.16976,1.25e-05,65822.5
2026-02-12T18:00:00+00:00,hyperliquid,BTC/USDC:USDC,20076.29896,1.25e-05,65441.5
2026-02-12T19:00:00+00:00,hyperliquid,BTC/USDC:USDC,20823.54784,1.25e-05,65604.5
2026-02-12T20:00:00+00:00,hyperliquid,BTC/USDC:USDC,19880.1212,1.25e-05,65829.5
2026-02-12T21:00:00+00:00,hyperliquid,BTC/USDC:USDC,19668.63436,1.25e-05,65420.5
2026-02-12T22:00:00+00:00,hyperliquid,BTC/USDC:USDC,19902.1561,1.25e-05,65796.5
2026-02-12T23:00:00+00:00,hyperliquid,BTC/USDC:USDC,19203.30066,1.25e-05,66302.0
2026-02-13T00:00:00+00:00,hyperliquid,BTC/USDC:USDC,18800.90602,1.25e-05,66223.5
2026-02-13T01:00:00+00:00,hyperliquid,BTC/USDC:USDC,18704.95694,1.25e-05,65926.5
2026-02-13T02:00:00+00:00,hyperliquid,BTC/USDC:USDC,18338.27494,4.9046e-06,66442.5
2026-02-13T03:00:00+00:00,hyperliquid,BTC/USDC:USDC,17991.2821,1.20589e-05,66704.5
2026-02-13T04:00:00+00:00,hyperliquid,BTC/USDC:USDC,17926.94334,-2.1964e-06,66538.5
2026-02-13T05:00:00+00:00,hyperliquid,BTC/USDC:USDC,17874.55248,-1.2246e-06,66339.5
2026-02-13T06:00:00+00:00,hyperliquid,BTC/USDC:USDC,17913.80754,2.7363e-06,66153.5
2026-02-13T07:00:00+00:00,hyperliquid,BTC/USDC:USDC,18047.44264,-5.7387e-06,66320.5
2026-02-13T08:00:00+00:00,hyperliquid,BTC/USDC:USDC,17994.1455,-3.13e-06,66204.5
2026-02-13T09:00:00+00:00,hyperliquid,BTC/USDC:USDC,18152.03986,-1.22446e-05,66636.5
2026-02-13T10:00:00+00:00,hyperliquid,BTC/USDC:USDC,18068.44356,-2.8972e-06,66846.5
2026-02-13T11:00:00+00:00,hyperliquid,BTC/USDC:USDC,18007.89596,-4.8038e-06,66817.5
2026-02-13T12:00:00+00:00,hyperliquid,BTC/USDC:USDC,18113.94456,-1.0676e-06,67090.5
2026-02-13T13:00:00+00:00,hyperliquid,BTC/USDC:USDC,18199.66244,8.1346e-06,67102.5
2026-02-13T14:00:00+00:00,hyperliquid,BTC/USDC:USDC,18289.04944,3.445e-06,67248.5
2026-02-13T15:00:00+00:00,hyperliquid,BTC/USDC:USDC,18993.45572,1.25e-05,67792.5
2026-02-13T16:00:00+00:00,hyperliquid,BTC/USDC:USDC,19451.64868,6.6617e-06,68625.5
2026-02-13T17:00:00+00:00,hyperliquid,BTC/USDC:USDC,19668.73056,-3.996e-07,68911.5
2026-02-13T18:00:00+00:00,hyperliquid,BTC/USDC:USDC,19730.07698,-4.0036e-06,68896.5
2026-02-13T19:00:00+00:00,hyperliquid,BTC/USDC:USDC,19754.6572,1.25e-05,69140.5
2026-02-13T20:00:00+00:00,hyperliquid,BTC/USDC:USDC,19475.10338,1.14619e-05,68874.5
2026-02-13T21:00:00+00:00,hyperliquid,BTC/USDC:USDC,19233.3711,1.25e-05,68790.5
2026-02-13T22:00:00+00:00,hyperliquid,BTC/USDC:USDC,19091.5313,6.0179e-06,68880.5
2026-02-13T23:00:00+00:00,hyperliquid,BTC/USDC:USDC,19065.61252,1.25e-05,68954.5
2026-02-14T00:00:00+00:00,hyperliquid,BTC/USDC:USDC,18999.17044,8.8024e-06,68809.5
2026-02-14T01:00:00+00:00,hyperliquid,BTC/USDC:USDC,18954.17562,1.16316e-05,69016.5
2026-02-14T02:00:00+00:00,hyperliquid,BTC/USDC:USDC,19113.50674,1.25e-05,68896.5
2026-02-14T03:00:00+00:00,hyperliquid,BTC/USDC:USDC,19034.81672,1.25e-05,68883.5
2026-02-14T04:00:00+00:00,hyperliquid,BTC/USDC:USDC,18988.94128,1.25e-05,68940.5
2026-02-14T05:00:00+00:00,hyperliquid,BTC/USDC:USDC,18881.02362,1.25e-05,68760.5
2026-02-14T06:00:00+00:00,hyperliquid,BTC/USDC:USDC,18819.90604,1.25e-05,68753.5
2026-02-14T07:00:00+00:00,hyperliquid,BTC/USDC:USDC,18850.77922,1.01063e-05,68893.5
2026-02-14T08:00:00+00:00,hyperliquid,BTC/USDC:USDC,18939.89522,1.25e-05,69376.5
2026-02-14T09:00:00+00:00,hyperliquid,BTC/USDC:USDC,19046.65936,1.25e-05,69779.5
2026-02-14T10:00:00+00:00,hyperliquid,BTC/USDC:USDC,19027.67646,3.5731e-06,69561.5
2026-02-14T11:00:00+00:00,hyperliquid,BTC/USDC:USDC,19094.02258,1.25e-05,69698.5
2026-02-14T12:00:00+00:00,hyperliquid,BTC/USDC:USDC,19274.0544,1.25e-05,70387.5
2026-02-14T13:00:00+00:00,hyperliquid,BTC/USDC:USDC,18697.54034,1.25e-05,69675.5
2026-02-14T14:00:00+00:00,hyperliquid,BTC/USDC:USDC,18935.1225,7.2616e-06,69436.5
2026-02-14T15:00:00+00:00,hyperliquid,BTC/USDC:USDC,18938.16534,1.25e-05,69712.5
2026-02-14T16:00:00+00:00,hyperliquid,BTC/USDC:USDC,18787.85642,1.25e-05,69744.5
2026-02-14T17:00:00+00:00,hyperliquid,BTC/USDC:USDC,18798.48282,1.25e-05,69670.5
2026-02-14T18:00:00+00:00,hyperliquid,BTC/USDC:USDC,18530.43142,1.07566e-05,69651.5
2026-02-14T19:00:00+00:00,hyperliquid,BTC/USDC:USDC,18254.76234,1.25e-05,69696.5
2026-02-14T20:00:00+00:00,hyperliquid,BTC/USDC:USDC,18353.36232,1.14855e-05,69847.5
2026-02-14T21:00:00+00:00,hyperliquid,BTC/USDC:USDC,18413.75256,1.25e-05,70118.5
2026-02-14T22:00:00+00:00,hyperliquid,BTC/USDC:USDC,18484.9702,1.25e-05,69874.5
2026-02-14T23:00:00+00:00,hyperliquid,BTC/USDC:USDC,18473.1812,1.25e-05,69936.5
2026-02-15T00:00:00+00:00,hyperliquid,BTC/USDC:USDC,18604.2882,1.10605e-05,69756.5
2026-02-15T01:00:00+00:00,hyperliquid,BTC/USDC:USDC,18646.5575,7.1441e-06,69775.5
2026-02-15T02:00:00+00:00,hyperliquid,BTC/USDC:USDC,18571.80644,5.1109e-06,69651.5
2026-02-15T03:00:00+00:00,hyperliquid,BTC/USDC:USDC,18557.19822,1.25e-05,69490.5
2026-02-15T04:00:00+00:00,hyperliquid,BTC/USDC:USDC,18537.70894,1.25e-05,69954.5
2026-02-15T05:00:00+00:00,hyperliquid,BTC/USDC:USDC,18732.51408,1.25e-05,70161.5
2026-02-15T06:00:00+00:00,hyperliquid,BTC/USDC:USDC,18602.73392,1.25e-05,70251.5
2026-02-15T07:00:00+00:00,hyperliquid,BTC/USDC:USDC,18851.2646,1.25e-05,70336.5
2026-02-15T08:00:00+00:00,hyperliquid,BTC/USDC:USDC,19131.76334,1.25e-05,70856.5
2026-02-15T09:00:00+00:00,hyperliquid,BTC/USDC:USDC,18981.40728,1.23666e-05,70359.5
2026-02-15T10:00:00+00:00,hyperliquid,BTC/USDC:USDC,18998.65256,7.1468e-06,70396.5
2026-02-15T11:00:00+00:00,hyperliquid,BTC/USDC:USDC,19006.7466,1.19858e-05,70434.5
2026-02-15T12:00:00+00:00,hyperliquid,BTC/USDC:USDC,18881.87602,1.25e-05,70258.5
2026-02-15T13:00:00+00:00,hyperliquid,BTC/USDC:USDC,18766.4119,1.25e-05,69409.5
2026-02-15T14:00:00+00:00,hyperliquid,BTC/USDC:USDC,18329.32288,1.25e-05,68979.5
2026-02-15T15:00:00+00:00,hyperliquid,BTC/USDC:USDC,18509.27942,-1.7786e-06,69190.5
2026-02-15T16:00:00+00:00,hyperliquid,BTC/USDC:USDC,18414.88012,-4.9264e-06,69020.5
2026-02-15T17:00:00+00:00,hyperliquid,BTC/USDC:USDC,18362.55708,4.9401e-06,69013.5
2026-02-15T18:00:00+00:00,hyperliquid,BTC/USDC:USDC,18375.78622,1.25e-05,68537.5
2026-02-15T19:00:00+00:00,hyperliquid,BTC/USDC:USDC,18285.47654,7.7258e-06,68450.5
2026-02-15T20:00:00+00:00,hyperliquid,BTC/USDC:USDC,18505.77708,1.25e-05,68175.5
2026-02-15T21:00:00+00:00,hyperliquid,BTC/USDC:USDC,18324.64746,1.25e-05,68503.5
2026-02-15T22:00:00+00:00,hyperliquid,BTC/USDC:USDC,18227.29368,1.25e-05,68849.5
2026-02-15T23:00:00+00:00,hyperliquid,BTC/USDC:USDC,18181.95862,1.25e-05,68779.5
2026-02-16T00:00:00+00:00,hyperliquid,BTC/USDC:USDC,18249.30938,1.17801e-05,68747.5
2026-02-16T01:00:00+00:00,hyperliquid,BTC/USDC:USDC,18375.11184,1.19898e-05,68801.5
2026-02-16T02:00:00+00:00,hyperliquid,BTC/USDC:USDC,18204.20394,4.7833e-06,68623.5
2026-02-16T03:00:00+00:00,hyperliquid,BTC/USDC:USDC,18212.72166,9.1381e-06,68336.5
2026-02-16T04:00:00+00:00,hyperliquid,BTC/USDC:USDC,18179.67844,7.631e-06,68440.5
2026-02-16T05:00:00+00:00,hyperliquid,BTC/USDC:USDC,18212.48134,4.3557e-06,68746.5
2026-02-16T06:00:00+00:00,hyperliquid,BTC/USDC:USDC,18157.9318,5.4441e-06,68365.5
2026-02-16T07:00:00+00:00,hyperliquid,BTC/USDC:USDC,18255.24952,4.0121e-06,68351.5
2026-02-16T08:00:00+00:00,hyperliquid,BTC/USDC:USDC,18350.21426,1.25e-05,68580.5
2026-02-16T09:00:00+00:00,hyperliquid,BTC/USDC:USDC,18366.7528,5.3902e-06,68732.5
2026-02-16T10:00:00+00:00,hyperliquid,BTC/USDC:USDC,18129.18468,5.5816e-06,68909.5
2026-02-16T11:00:00+00:00,hyperliquid,BTC/USDC:USDC,18132.67386,-3.275e-07,68739.5
2026-02-16T12:00:00+00:00,hyperliquid,BTC/USDC:USDC,18284.5764,9.0448e-06,68795.5
2026-02-16T13:00:00+00:00,hyperliquid,BTC/USDC:USDC,17835.70908,7.4292e-06,69864.5
2026-02-16T14:00:00+00:00,hyperliquid,BTC/USDC:USDC,18365.89084,-3.0468e-06,68335.5
2026-02-16T15:00:00+00:00,hyperliquid,BTC/USDC:USDC,18569.85854,1.15656e-05,68486.5
2026-02-16T16:00:00+00:00,hyperliquid,BTC/USDC:USDC,18601.06242,-2.4553e-06,67508.5
2026-02-16T17:00:00+00:00,hyperliquid,BTC/USDC:USDC,18421.13816,4.0144e-06,67913.5
2026-02-16T18:00:00+00:00,hyperliquid,BTC/USDC:USDC,18138.57762,-1.8407e-06,67884.5
2026-02-16T19:00:00+00:00,hyperliquid,BTC/USDC:USDC,17967.91462,-6.238e-07,67877.5
2026-02-16T20:00:00+00:00,hyperliquid,BTC/USDC:USDC,18002.07006,5.07e-08,67863.5
2026-02-16T21:00:00+00:00,hyperliquid,BTC/USDC:USDC,17816.58782,8.0011e-06,68415.5
2026-02-16T22:00:00+00:00,hyperliquid,BTC/USDC:USDC,17775.56648,8.2418e-06,68778.5
2026-02-16T23:00:00+00:00,hyperliquid,BTC/USDC:USDC,17625.76764,1.9857e-06,68587.5
2026-02-17T00:00:00+00:00,hyperliquid,BTC/USDC:USDC,17762.03728,1.14423e-05,68801.5
2026-02-17T01:00:00+00:00,hyperliquid,BTC/USDC:USDC,17641.23232,1.1988e-05,68913.5
2026-02-17T02:00:00+00:00,hyperliquid,BTC/USDC:USDC,17544.67042,-2.6705e-06,68576.5
2026-02-17T03:00:00+00:00,hyperliquid,BTC/USDC:USDC,17619.39834,2.576e-07,68784.5
2026-02-17T04:00:00+00:00,hyperliquid,BTC/USDC:USDC,17655.2981,9.1019e-06,68482.5
2026-02-17T05:00:00+00:00,hyperliquid,BTC/USDC:USDC,17662.05916,9.3661e-06,68448.5
2026-02-17T06:00:00+00:00,hyperliquid,BTC/USDC:USDC,17897.15752,5.223e-06,68216.5
2026-02-17T07:00:00+00:00,hyperliquid,BTC/USDC:USDC,17795.68182,7.8369e-06,68338.5
2026-02-17T08:00:00+00:00,hyperliquid,BTC/USDC:USDC,17948.54626,9.7796e-06,68389.5
2026-02-17T09:00:00+00:00,hyperliquid,BTC/USDC:USDC,17652.27876,4.4543e-06,68173.5
2026-02-17T10:00:00+00:00,hyperliquid,BTC/USDC:USDC,17755.70026,7.2019e-06,68087.5
2026-02-17T11:00:00+00:00,hyperliquid,BTC/USDC:USDC,18549.41292,-8.4394e-06,67849.5
2026-02-17T12:00:00+00:00,hyperliquid,BTC/USDC:USDC,18155.32626,4.5021e-06,67830.5
2026-02-17T13:00:00+00:00,hyperliquid,BTC/USDC:USDC,18494.01914,-1.08985e-05,67877.5
2026-02-17T14:00:00+00:00,hyperliquid,BTC/USDC:USDC,18072.54136,9.984e-06,68073.5
2026-02-17T15:00:00+00:00,hyperliquid,BTC/USDC:USDC,19112.24974,3.8405e-06,67022.5
2026-02-17T16:00:00+00:00,hyperliquid,BTC/USDC:USDC,18920.50288,1.25e-05,67510.5
2026-02-17T17:00:00+00:00,hyperliquid,BTC/USDC:USDC,18777.64796,7.3809e-06,67556.0
2026-02-17T18:00:00+00:00,hyperliquid,BTC/USDC:USDC,20027.06604,1.25e-05,67216.5
2026-02-17T19:00:00+00:00,hyperliquid,BTC/USDC:USDC,20008.4765,1.25e-05,68005.5
2026-02-17T20:00:00+00:00,hyperliquid,BTC/USDC:USDC,19816.52346,1.25e-05,67793.5
2026-02-17T21:00:00+00:00,hyperliquid,BTC/USDC:USDC,19845.9893,1.25e-05,67651.5
2026-02-17T22:00:00+00:00,hyperliquid,BTC/USDC:USDC,19382.60976,1.25e-05,67621.5
2026-02-17T23:00:00+00:00,hyperliquid,BTC/USDC:USDC,19313.84282,1.25e-05,67482.5
2026-02-18T00:00:00+00:00,hyperliquid,BTC/USDC:USDC,19447.57794,1.25e-05,67546.5
2026-02-18T01:00:00+00:00,hyperliquid,BTC/USDC:USDC,19387.02466,1.25e-05,67330.5
2026-02-18T02:00:00+00:00,hyperliquid,BTC/USDC:USDC,19420.02892,1.25e-05,67193.5
2026-02-18T03:00:00+00:00,hyperliquid,BTC/USDC:USDC,19332.62522,1.25e-05,67386.5
2026-02-18T04:00:00+00:00,hyperliquid,BTC/USDC:USDC,19413.67458,1.25e-05,67555.5
2026-02-18T05:00:00+00:00,hyperliquid,BTC/USDC:USDC,19421.25856,1.25e-05,67785.5
2026-02-18T06:00:00+00:00,hyperliquid,BTC/USDC:USDC,18434.67258,2.0415e-06,67596.5
2026-02-18T07:00:00+00:00,hyperliquid,BTC/USDC:USDC,18425.53476,6.9851e-06,67840.5
2026-02-18T08:00:00+00:00,hyperliquid,BTC/USDC:USDC,18511.88614,1.25e-05,68131.5
2026-02-18T09:00:00+00:00,hyperliquid,BTC/USDC:USDC,18815.59336,-3.2744e-06,68053.5
2026-02-18T10:00:00+00:00,hyperliquid,BTC/USDC:USDC,18643.2169,1.04713e-05,68073.5
2026-02-18T11:00:00+00:00,hyperliquid,BTC/USDC:USDC,18412.19888,-2.83e-08,67740.5
2026-02-18T12:00:00+00:00,hyperliquid,BTC/USDC:USDC,18554.82222,1.5436e-06,67444.5
2026-02-18T13:00:00+00:00,hyperliquid,BTC/USDC:USDC,18777.24798,1.25e-05,67489.5
2026-02-18T14:00:00+00:00,hyperliquid,BTC/USDC:USDC,18692.76706,1.25e-05,67245.5
2026-02-18T15:00:00+00:00,hyperliquid,BTC/USDC:USDC,18906.58868,1.25e-05,67356.5
2026-02-18T16:00:00+00:00,hyperliquid,BTC/USDC:USDC,18770.67362,1.25e-05,67623.5
2026-02-18T17:00:00+00:00,hyperliquid,BTC/USDC:USDC,18993.68888,8.7891e-06,67157.5
2026-02-18T18:00:00+00:00,hyperliquid,BTC/USDC:USDC,18523.88004,-1.86271e-05,67177.5
2026-02-18T19:00:00+00:00,hyperliquid,BTC/USDC:USDC,19827.26956,-6.3584e-06,66440.5
2026-02-18T20:00:00+00:00,hyperliquid,BTC/USDC:USDC,19394.902,-3.8007e-06,66207.5
2026-02-18T21:00:00+00:00,hyperliquid,BTC/USDC:USDC,19546.47002,-1.7666e-06,66255.5
2026-02-18T22:00:00+00:00,hyperliquid,BTC/USDC:USDC,18622.79736,6.3441e-06,66304.5
2026-02-18T23:00:00+00:00,hyperliquid,BTC/USDC:USDC,18448.7569,3.4131e-06,66363.5
2026-02-19T00:00:00+00:00,hyperliquid,BTC/USDC:USDC,18392.51058,1.839e-07,66371.5
2026-02-19T01:00:00+00:00,hyperliquid,BTC/USDC:USDC,18424.20164,8.3802e-06,66561.5
2026-02-19T02:00:00+00:00,hyperliquid,BTC/USDC:USDC,18422.57408,1.12e-07,66780.5
2026-02-19T03:00:00+00:00,hyperliquid,BTC/USDC:USDC,18166.50566,5.8471e-06,66775.5
2026-02-19T04:00:00+00:00,hyperliquid,BTC/USDC:USDC,18198.37792,1.25e-05,66965.5
2026-02-19T05:00:00+00:00,hyperliquid,BTC/USDC:USDC,17800.95002,1.18205e-05,66759.5
2026-02-19T06:00:00+00:00,hyperliquid,BTC/USDC:USDC,17773.18022,1.25e-05,66879.5
2026-02-19T07:00:00+00:00,hyperliquid,BTC/USDC:USDC,17697.18828,3.2734e-06,67077.0
2026-02-19T08:00:00+00:00,hyperliquid,BTC/USDC:USDC,18082.41938,1.25e-05,67125.5
2026-02-19T09:00:00+00:00,hyperliquid,BTC/USDC:USDC,18339.35992,6.7073e-06,66921.5
2026-02-19T10:00:00+00:00,hyperliquid,BTC/USDC:USDC,18523.81978,1.25e-05,66781.5
2026-02-19T11:00:00+00:00,hyperliquid,BTC/USDC:USDC,19190.59748,1.25e-05,66808.0
2026-02-19T12:00:00+00:00,hyperliquid,BTC/USDC:USDC,19504.7467599999,1.25e-05,66466.5
2026-02-19T13:00:00+00:00,hyperliquid,BTC/USDC:USDC,19842.92986,1.09854e-05,66516.5
2026-02-19T14:00:00+00:00,hyperliquid,BTC/USDC:USDC,19705.61416,1.02563e-05,65839.5
2026-02-19T15:00:00+00:00,hyperliquid,BTC/USDC:USDC,19773.5805,1.25e-05,66499.5
2026-02-19T16:00:00+00:00,hyperliquid,BTC/USDC:USDC,19348.13018,1.25e-05,66224.5
2026-02-19T17:00:00+00:00,hyperliquid,BTC/USDC:USDC,19799.87708,1.25e-05,66278.5
2026-02-19T18:00:00+00:00,hyperliquid,BTC/USDC:USDC,20117.62608,1.25e-05,66339.5
2026-02-19T19:00:00+00:00,hyperliquid,BTC/USDC:USDC,20601.22794,1.25e-05,66887.5
2026-02-19T20:00:00+00:00,hyperliquid,BTC/USDC:USDC,20681.93144,1.25e-05,67056.5
2026-02-19T21:00:00+00:00,hyperliquid,BTC/USDC:USDC,20709.80302,1.25e-05,67138.5
2026-02-19T22:00:00+00:00,hyperliquid,BTC/USDC:USDC,20874.78202,1.25e-05,66904.5
2026-02-19T23:00:00+00:00,hyperliquid,BTC/USDC:USDC,20818.01922,1.25e-05,66900.5
2026-02-20T00:00:00+00:00,hyperliquid,BTC/USDC:USDC,20904.1224,1.25e-05,67009.0
2026-02-20T01:00:00+00:00,hyperliquid,BTC/USDC:USDC,21422.0076,1.25e-05,67253.5
2026-02-20T02:00:00+00:00,hyperliquid,BTC/USDC:USDC,21214.46912,1.25e-05,67259.5
2026-02-20T03:00:00+00:00,hyperliquid,BTC/USDC:USDC,21251.32232,1.25e-05,67271.5
2026-02-20T04:00:00+00:00,hyperliquid,BTC/USDC:USDC,21394.99954,1.25e-05,67294.5
2026-02-20T05:00:00+00:00,hyperliquid,BTC/USDC:USDC,21412.96398,1.25e-05,67253.5
2026-02-20T06:00:00+00:00,hyperliquid,BTC/USDC:USDC,21641.8109,1.25e-05,67735.5
2026-02-20T07:00:00+00:00,hyperliquid,BTC/USDC:USDC,21661.4369,1.25e-05,67829.5
2026-02-20T08:00:00+00:00,hyperliquid,BTC/USDC:USDC,22016.51662,1.25e-05,67824.5
2026-02-20T09:00:00+00:00,hyperliquid,BTC/USDC:USDC,21982.62892,1.25e-05,67910.5
2026-02-20T10:00:00+00:00,hyperliquid,BTC/USDC:USDC,21902.83094,1.25e-05,68200.5
2026-02-20T11:00:00+00:00,hyperliquid,BTC/USDC:USDC,21343.04756,1.22712e-05,67920.5
2026-02-20T12:00:00+00:00,hyperliquid,BTC/USDC:USDC,20429.7185,-7.2276e-06,67271.5
2026-02-20T13:00:00+00:00,hyperliquid,BTC/USDC:USDC,20095.46228,-3.183e-07,67267.5
2026-02-20T14:00:00+00:00,hyperliquid,BTC/USDC:USDC,21373.7972,1.25e-05,66813.5
2026-02-20T15:00:00+00:00,hyperliquid,BTC/USDC:USDC,20616.95052,1.25e-05,67694.5
2026-02-20T16:00:00+00:00,hyperliquid,BTC/USDC:USDC,19696.73316,4.1183e-06,67607.5
2026-02-20T17:00:00+00:00,hyperliquid,BTC/USDC:USDC,19679.31786,5.6954e-06,67698.5
2026-02-20T18:00:00+00:00,hyperliquid,BTC/USDC:USDC,20215.13168,1.25e-05,67634.5
2026-02-20T19:00:00+00:00,hyperliquid,BTC/USDC:USDC,19978.27826,1.25e-05,67927.5
2026-02-20T20:00:00+00:00,hyperliquid,BTC/USDC:USDC,19914.90536,-2.299e-07,67676.5
2026-02-20T21:00:00+00:00,hyperliquid,BTC/USDC:USDC,19781.4929,6.275e-07,67717.5
2026-02-20T22:00:00+00:00,hyperliquid,BTC/USDC:USDC,19771.1509,-9.225e-07,67774.5
2026-02-20T23:00:00+00:00,hyperliquid,BTC/USDC:USDC,19492.0641,1.10562e-05,68097.5
2026-02-21T00:00:00+00:00,hyperliquid,BTC/USDC:USDC,19444.61594,-1.1028e-05,67960.5
2026-02-21T01:00:00+00:00,hyperliquid,BTC/USDC:USDC,19602.76028,-1.40018e-05,67810.5
2026-02-21T02:00:00+00:00,hyperliquid,BTC/USDC:USDC,19429.10916,-1.812e-07,67911.5
2026-02-21T03:00:00+00:00,hyperliquid,BTC/USDC:USDC,19443.86934,-5.008e-07,67754.5
2026-02-21T04:00:00+00:00,hyperliquid,BTC/USDC:USDC,19430.80652,8.855e-07,67572.5
2026-02-21T05:00:00+00:00,hyperliquid,BTC/USDC:USDC,19170.72488,1.25e-05,67818.5
2026-02-21T06:00:00+00:00,hyperliquid,BTC/USDC:USDC,19154.25826,8.8134e-06,67840.5
2026-02-21T07:00:00+00:00,hyperliquid,BTC/USDC:USDC,19153.01432,-5.1796e-06,67738.5
2026-02-21T08:00:00+00:00,hyperliquid,BTC/USDC:USDC,19177.2428,3.692e-07,67787.5
2026-02-21T09:00:00+00:00,hyperliquid,BTC/USDC:USDC,19637.59442,-1.80391e-05,68006.5
2026-02-21T10:00:00+00:00,hyperliquid,BTC/USDC:USDC,19793.50402,3.9674e-06,68151.5
2026-02-21T11:00:00+00:00,hyperliquid,BTC/USDC:USDC,19865.98344,-4.7263e-06,68181.5
2026-02-21T12:00:00+00:00,hyperliquid,BTC/USDC:USDC,20358.08032,2.3145e-06,68087.5
2026-02-21T13:00:00+00:00,hyperliquid,BTC/USDC:USDC,20269.83588,-7.3944e-06,68135.5
2026-02-21T14:00:00+00:00,hyperliquid,BTC/USDC:USDC,20224.61246,-4.9874e-06,68189.5
2026-02-21T15:00:00+00:00,hyperliquid,BTC/USDC:USDC,20764.14236,-5.035e-06,68421.5
2026-02-21T16:00:00+00:00,hyperliquid,BTC/USDC:USDC,20872.01054,-8.9072e-06,68372.5
2026-02-21T17:00:00+00:00,hyperliquid,BTC/USDC:USDC,21228.17558,-6.3747e-06,68309.5
2026-02-21T18:00:00+00:00,hyperliquid,BTC/USDC:USDC,21226.68724,-4.4067e-06,68403.5
2026-02-21T19:00:00+00:00,hyperliquid,BTC/USDC:USDC,20541.63126,-5.9695e-06,68499.5
2026-02-21T20:00:00+00:00,hyperliquid,BTC/USDC:USDC,20608.80466,-1.5848e-05,68467.0
2026-02-21T21:00:00+00:00,hyperliquid,BTC/USDC:USDC,20612.6568,-5.4115e-06,68180.5
2026-02-21T22:00:00+00:00,hyperliquid,BTC/USDC:USDC,20544.23164,-1.09485e-05,68356.0
2026-02-21T23:00:00+00:00,hyperliquid,BTC/USDC:USDC,20817.39984,-7.1808e-06,67961.5
2026-02-22T00:00:00+00:00,hyperliquid,BTC/USDC:USDC,20866.77974,-2.73743e-05,67890.5
2026-02-22T01:00:00+00:00,hyperliquid,BTC/USDC:USDC,20926.69078,-1.04719e-05,67965.5
2026-02-22T02:00:00+00:00,hyperliquid,BTC/USDC:USDC,20877.45878,-1.31146e-05,68089.5
2026-02-22T03:00:00+00:00,hyperliquid,BTC/USDC:USDC,21035.06548,-1.10584e-05,67932.5
2026-02-22T04:00:00+00:00,hyperliquid,BTC/USDC:USDC,20932.2343,-1.8758e-06,68005.5
2026-02-22T05:00:00+00:00,hyperliquid,BTC/USDC:USDC,20974.78038,-7.367e-07,67978.5
2026-02-22T06:00:00+00:00,hyperliquid,BTC/USDC:USDC,21030.59834,6.576e-07,67977.5
2026-02-22T07:00:00+00:00,hyperliquid,BTC/USDC:USDC,21059.03114,7.5372e-06,68008.5
2026-02-22T08:00:00+00:00,hyperliquid,BTC/USDC:USDC,21116.79782,1.13213e-05,67966.5
2026-02-22T09:00:00+00:00,hyperliquid,BTC/USDC:USDC,21236.68094,6.6867e-06,67951.5
2026-02-22T10:00:00+00:00,hyperliquid,BTC/USDC:USDC,21244.7341,1.25e-05,67994.5
2026-02-22T11:00:00+00:00,hyperliquid,BTC/USDC:USDC,21294.53252,1.25e-05,68125.5
2026-02-22T12:00:00+00:00,hyperliquid,BTC/USDC:USDC,21147.2452,-7.449e-07,68167.5
2026-02-22T13:00:00+00:00,hyperliquid,BTC/USDC:USDC,21548.24542,1.25e-05,67927.5
2026-02-22T14:00:00+00:00,hyperliquid,BTC/USDC:USDC,21493.76468,1.25e-05,67585.5
2026-02-22T15:00:00+00:00,hyperliquid,BTC/USDC:USDC,21185.74468,1.25e-05,67426.5
2026-02-22T16:00:00+00:00,hyperliquid,BTC/USDC:USDC,21187.78942,8.2295e-06,67619.5
2026-02-22T17:00:00+00:00,hyperliquid,BTC/USDC:USDC,21243.50278,-6.962e-07,67582.5
2026-02-22T18:00:00+00:00,hyperliquid,BTC/USDC:USDC,21130.87572,-8.064e-06,67341.5
2026-02-22T19:00:00+00:00,hyperliquid,BTC/USDC:USDC,21022.42666,1.25e-05,67417.5
2026-02-22T20:00:00+00:00,hyperliquid,BTC/USDC:USDC,21087.75562,7.2553e-06,67398.5
2026-02-22T21:00:00+00:00,hyperliquid,BTC/USDC:USDC,21018.45168,7.9103e-06,67386.5
2026-02-22T22:00:00+00:00,hyperliquid,BTC/USDC:USDC,20934.50078,-4.5524e-06,67573.5
2026-02-22T23:00:00+00:00,hyperliquid,BTC/USDC:USDC,21321.525,-6.034e-07,67588.5
2026-02-23T00:00:00+00:00,hyperliquid,BTC/USDC:USDC,21304.79318,-6.9156e-06,67610.5
2026-02-23T01:00:00+00:00,hyperliquid,BTC/USDC:USDC,21344.11794,-2.45443e-05,66240.5
2026-02-23T02:00:00+00:00,hyperliquid,BTC/USDC:USDC,21594.68494,-3.3655e-06,64413.5
2026-02-23T03:00:00+00:00,hyperliquid,BTC/USDC:USDC,21846.78376,2.0689e-06,64777.5
2026-02-23T04:00:00+00:00,hyperliquid,BTC/USDC:USDC,21761.24082,1.0727e-06,64928.5
2026-02-23T05:00:00+00:00,hyperliquid,BTC/USDC:USDC,21940.03762,1.25e-05,64819.5
2026-02-23T06:00:00+00:00,hyperliquid,BTC/USDC:USDC,21638.12158,8.2638e-06,65039.5
2026-02-23T07:00:00+00:00,hyperliquid,BTC/USDC:USDC,21253.91534,1.10121e-05,65782.0
2026-02-23T08:00:00+00:00,hyperliquid,BTC/USDC:USDC,21271.55082,4.3102e-06,65827.5
2026-02-23T09:00:00+00:00,hyperliquid,BTC/USDC:USDC,21168.257,1.25e-05,65714.5
2026-02-23T10:00:00+00:00,hyperliquid,BTC/USDC:USDC,20936.86376,1.20979e-05,66458.5
2026-02-23T11:00:00+00:00,hyperliquid,BTC/USDC:USDC,20892.65414,2.684e-07,66288.5
2026-02-23T12:00:00+00:00,hyperliquid,BTC/USDC:USDC,20798.66038,-2.2077e-05,66161.5
2026-02-23T13:00:00+00:00,hyperliquid,BTC/USDC:USDC,21121.11988,-1.15716e-05,66224.5
2026-02-23T14:00:00+00:00,hyperliquid,BTC/USDC:USDC,20726.40262,-3.8784e-06,66099.5
2026-02-23T15:00:00+00:00,hyperliquid,BTC/USDC:USDC,21197.6276399999,-5.4254e-06,65901.5
2026-02-23T16:00:00+00:00,hyperliquid,BTC/USDC:USDC,20685.57234,1.7235e-06,65604.0
2026-02-23T17:00:00+00:00,hyperliquid,BTC/USDC:USDC,20696.6286,1.2373e-05,65377.5
2026-02-23T18:00:00+00:00,hyperliquid,BTC/USDC:USDC,21063.0,1.25e-05,64693.5
2026-02-23T19:00:00+00:00,hyperliquid,BTC/USDC:USDC,21345.16476,1.25e-05,64710.5
2026-02-23T20:00:00+00:00,hyperliquid,BTC/USDC:USDC,21503.17502,1.25e-05,64314.5
2026-02-23T21:00:00+00:00,hyperliquid,BTC/USDC:USDC,21735.36826,1.25e-05,64572.5
2026-02-23T22:00:00+00:00,hyperliquid,BTC/USDC:USDC,21706.17536,1.25e-05,64661.5
2026-02-23T23:00:00+00:00,hyperliquid,BTC/USDC:USDC,22519.0398,1.25e-05,64718.0
2026-02-24T00:00:00+00:00,hyperliquid,BTC/USDC:USDC,22510.1972,1.25e-05,64673.5
2026-02-24T01:00:00+00:00,hyperliquid,BTC/USDC:USDC,22731.88562,1.25e-05,64799.5
2026-02-24T02:00:00+00:00,hyperliquid,BTC/USDC:USDC,22620.2124,1.21994e-05,64144.5
2026-02-24T03:00:00+00:00,hyperliquid,BTC/USDC:USDC,22237.17516,-4.4971e-06,63885.0
2026-02-24T04:00:00+00:00,hyperliquid,BTC/USDC:USDC,21931.67066,8.8909e-06,63566.0
2026-02-24T05:00:00+00:00,hyperliquid,BTC/USDC:USDC,21983.56172,1.21876e-05,63295.5
2026-02-24T06:00:00+00:00,hyperliquid,BTC/USDC:USDC,21742.57146,9.3692e-06,63016.5
2026-02-24T07:00:00+00:00,hyperliquid,BTC/USDC:USDC,21530.87824,1.25e-05,63128.5
2026-02-24T08:00:00+00:00,hyperliquid,BTC/USDC:USDC,21681.069,1.08499e-05,62996.5
2026-02-24T09:00:00+00:00,hyperliquid,BTC/USDC:USDC,22005.81748,1.25e-05,63361.5
2026-02-24T10:00:00+00:00,hyperliquid,BTC/USDC:USDC,21938.27412,1.25e-05,63147.5
2026-02-24T11:00:00+00:00,hyperliquid,BTC/USDC:USDC,22047.30042,1.25e-05,63278.5
2026-02-24T12:00:00+00:00,hyperliquid,BTC/USDC:USDC,22241.02992,1.25e-05,63109.5
2026-02-24T13:00:00+00:00,hyperliquid,BTC/USDC:USDC,22717.38582,7.2113e-06,62933.5
2026-02-24T14:00:00+00:00,hyperliquid,BTC/USDC:USDC,23550.5167,1.25e-05,62881.5
2026-02-24T15:00:00+00:00,hyperliquid,BTC/USDC:USDC,23137.26958,1.25e-05,63416.5
2026-02-24T16:00:00+00:00,hyperliquid,BTC/USDC:USDC,22981.46962,1.25e-05,64095.5
2026-02-24T17:00:00+00:00,hyperliquid,BTC/USDC:USDC,24236.10608,3.0177e-06,64273.5
2026-02-24T18:00:00+00:00,hyperliquid,BTC/USDC:USDC,24991.59348,1.25e-05,64362.5
2026-02-24T19:00:00+00:00,hyperliquid,BTC/USDC:USDC,25023.04562,7.9935e-06,64488.5
2026-02-24T20:00:00+00:00,hyperliquid,BTC/USDC:USDC,23295.32392,1.21558e-05,64403.5
2026-02-24T21:00:00+00:00,hyperliquid,BTC/USDC:USDC,22629.1568,-1.42543e-05,64193.5
2026-02-24T22:00:00+00:00,hyperliquid,BTC/USDC:USDC,25002.94546,-1.87887e-05,64090.0
2026-02-24T23:00:00+00:00,hyperliquid,BTC/USDC:USDC,24992.87852,-1.56364e-05,64076.5
2026-02-25T00:00:00+00:00,hyperliquid,BTC/USDC:USDC,25306.16,-1.60446e-05,64026.5
2026-02-25T01:00:00+00:00,hyperliquid,BTC/USDC:USDC,24427.81648,-2.0694e-06,64233.5
2026-02-25T02:00:00+00:00,hyperliquid,BTC/USDC:USDC,21775.2470799999,1.25e-05,66027.5
2026-02-25T03:00:00+00:00,hyperliquid,BTC/USDC:USDC,21601.51726,1.04707e-05,65798.5
2026-02-25T04:00:00+00:00,hyperliquid,BTC/USDC:USDC,21621.95882,2.9951e-06,65217.5
2026-02-25T05:00:00+00:00,hyperliquid,BTC/USDC:USDC,21327.42646,7.5187e-06,65390.5
2026-02-25T06:00:00+00:00,hyperliquid,BTC/USDC:USDC,21245.02816,1.25e-05,64920.5
2026-02-25T07:00:00+00:00,hyperliquid,BTC/USDC:USDC,21427.86962,1.09858e-05,64861.0
2026-02-25T08:00:00+00:00,hyperliquid,BTC/USDC:USDC,21467.89562,1.03605e-05,64941.5
2026-02-25T09:00:00+00:00,hyperliquid,BTC/USDC:USDC,21824.61584,1.13849e-05,65463.5
2026-02-25T10:00:00+00:00,hyperliquid,BTC/USDC:USDC,21904.60328,1.25e-05,65537.5
2026-02-25T11:00:00+00:00,hyperliquid,BTC/USDC:USDC,21839.83872,-4.504e-07,65329.5
2026-02-25T12:00:00+00:00,hyperliquid,BTC/USDC:USDC,21749.21218,7.1374e-06,65414.5
2026-02-25T13:00:00+00:00,hyperliquid,BTC/USDC:USDC,22241.68104,9.2095e-06,66030.5
2026-02-25T14:00:00+00:00,hyperliquid,BTC/USDC:USDC,22212.37148,9.0854e-06,66258.5
2026-02-25T15:00:00+00:00,hyperliquid,BTC/USDC:USDC,22232.26764,1.25e-05,67056.5
2026-02-25T16:00:00+00:00,hyperliquid,BTC/USDC:USDC,22118.13526,-4.2306e-06,67458.5
2026-02-25T17:00:00+00:00,hyperliquid,BTC/USDC:USDC,22111.14636,9.0659e-06,68384.5
2026-02-25T18:00:00+00:00,hyperliquid,BTC/USDC:USDC,21711.90332,-2.13504e-05,68568.5
2026-02-25T19:00:00+00:00,hyperliquid,BTC/USDC:USDC,22030.08816,-2.70349e-05,69162.5
2026-02-25T20:00:00+00:00,hyperliquid,BTC/USDC:USDC,22689.47266,-3.0749e-06,68958.5
2026-02-25T21:00:00+00:00,hyperliquid,BTC/USDC:USDC,22908.72794,-7.8365e-06,69158.5
2026-02-25T22:00:00+00:00,hyperliquid,BTC/USDC:USDC,22269.1962,-1.50712e-05,68930.5
2026-02-25T23:00:00+00:00,hyperliquid,BTC/USDC:USDC,22631.4245,-1.42528e-05,68307.5
2026-02-26T00:00:00+00:00,hyperliquid,BTC/USDC:USDC,21890.15882,-5.2025e-06,67696.5
2026-02-26T01:00:00+00:00,hyperliquid,BTC/USDC:USDC,22564.66438,-4.2548e-06,68271.5
2026-02-26T02:00:00+00:00,hyperliquid,BTC/USDC:USDC,22253.76268,-1.06315e-05,68086.0
2026-02-26T03:00:00+00:00,hyperliquid,BTC/USDC:USDC,22391.06688,1.6551e-06,68274.5
2026-02-26T04:00:00+00:00,hyperliquid,BTC/USDC:USDC,21869.72662,1.15177e-05,68171.5
2026-02-26T05:00:00+00:00,hyperliquid,BTC/USDC:USDC,20380.3365599999,4.593e-07,68447.0
2026-02-26T06:00:00+00:00,hyperliquid,BTC/USDC:USDC,20383.14694,4.8699e-06,68326.5
2026-02-26T07:00:00+00:00,hyperliquid,BTC/USDC:USDC,20331.98984,1.09966e-05,68200.5
2026-02-26T08:00:00+00:00,hyperliquid,BTC/USDC:USDC,20087.71732,1.25e-05,67800.5
2026-02-26T09:00:00+00:00,hyperliquid,BTC/USDC:USDC,20191.52284,1.25e-05,67918.5
2026-02-26T10:00:00+00:00,hyperliquid,BTC/USDC:USDC,20966.68984,1.25e-05,68591.5
2026-02-26T11:00:00+00:00,hyperliquid,BTC/USDC:USDC,20894.5206,9.7633e-06,68340.5
2026-02-26T12:00:00+00:00,hyperliquid,BTC/USDC:USDC,20623.73018,5.7912e-06,68018.5
2026-02-26T13:00:00+00:00,hyperliquid,BTC/USDC:USDC,21175.58972,-1.03953e-05,68108.5
2026-02-26T14:00:00+00:00,hyperliquid,BTC/USDC:USDC,21894.00372,-4.017e-06,67808.5
2026-02-26T15:00:00+00:00,hyperliquid,BTC/USDC:USDC,21166.21134,6.1431e-06,67577.5
2026-02-26T16:00:00+00:00,hyperliquid,BTC/USDC:USDC,21299.80042,1.14585e-05,67262.5
2026-02-26T17:00:00+00:00,hyperliquid,BTC/USDC:USDC,21744.7752,1.25e-05,66862.0
2026-02-26T18:00:00+00:00,hyperliquid,BTC/USDC:USDC,21218.6774,1.25e-05,66830.5
2026-02-26T19:00:00+00:00,hyperliquid,BTC/USDC:USDC,21129.86908,1.25e-05,67430.5
2026-02-26T20:00:00+00:00,hyperliquid,BTC/USDC:USDC,20932.02292,1.25e-05,67718.5
2026-02-26T21:00:00+00:00,hyperliquid,BTC/USDC:USDC,21081.63486,1.25e-05,67351.5
2026-02-26T22:00:00+00:00,hyperliquid,BTC/USDC:USDC,21182.3578,1.25e-05,67413.5
2026-02-26T23:00:00+00:00,hyperliquid,BTC/USDC:USDC,21138.6425,6.1004e-06,67464.5
2026-02-27T00:00:00+00:00,hyperliquid,BTC/USDC:USDC,21228.86612,6.8618e-06,67451.5
2026-02-27T01:00:00+00:00,hyperliquid,BTC/USDC:USDC,21064.76874,3.8599e-06,67125.5
2026-02-27T02:00:00+00:00,hyperliquid,BTC/USDC:USDC,20998.0974,1.6838e-06,67426.5
2026-02-27T03:00:00+00:00,hyperliquid,BTC/USDC:USDC,20949.40456,1.5824e-06,67217.5
2026-02-27T04:00:00+00:00,hyperliquid,BTC/USDC:USDC,21404.74268,1.25e-05,67611.5
2026-02-27T05:00:00+00:00,hyperliquid,BTC/USDC:USDC,21563.39444,1.25e-05,67757.5
2026-02-27T06:00:00+00:00,hyperliquid,BTC/USDC:USDC,21616.49598,7.4292e-06,67723.5
2026-02-27T07:00:00+00:00,hyperliquid,BTC/USDC:USDC,21341.33886,9.3511e-06,67618.0
2026-02-27T08:00:00+00:00,hyperliquid,BTC/USDC:USDC,21651.35542,1.25e-05,67695.5
2026-02-27T09:00:00+00:00,hyperliquid,BTC/USDC:USDC,21705.67516,1.25e-05,67908.5
2026-02-27T10:00:00+00:00,hyperliquid,BTC/USDC:USDC,21185.90954,7.9803e-06,67363.0
2026-02-27T11:00:00+00:00,hyperliquid,BTC/USDC:USDC,21291.4573,9.8577e-06,66684.5
2026-02-27T12:00:00+00:00,hyperliquid,BTC/USDC:USDC,21137.39662,1.25e-05,66081.5
2026-02-27T13:00:00+00:00,hyperliquid,BTC/USDC:USDC,21151.85974,1.25e-05,65958.5
2026-02-27T14:00:00+00:00,hyperliquid,BTC/USDC:USDC,21114.3444,1.25e-05,66233.0
2026-02-27T15:00:00+00:00,hyperliquid,BTC/USDC:USDC,20933.74412,1.14182e-05,66011.5
2026-02-27T16:00:00+00:00,hyperliquid,BTC/USDC:USDC,20856.89004,1.25e-05,66079.5
2026-02-27T17:00:00+00:00,hyperliquid,BTC/USDC:USDC,20858.34618,1.3729e-06,65471.5
2026-02-27T18:00:00+00:00,hyperliquid,BTC/USDC:USDC,21359.80694,-1.22431e-05,65663.5
2026-02-27T19:00:00+00:00,hyperliquid,BTC/USDC:USDC,21605.27918,-1.12185e-05,65292.5
2026-02-27T20:00:00+00:00,hyperliquid,BTC/USDC:USDC,21494.24482,5.9117e-06,65500.5
2026-02-27T21:00:00+00:00,hyperliquid,BTC/USDC:USDC,21436.35142,-9.3198e-06,65494.5
2026-02-27T22:00:00+00:00,hyperliquid,BTC/USDC:USDC,21575.1811,-1.2467e-05,65496.5
2026-02-27T23:00:00+00:00,hyperliquid,BTC/USDC:USDC,21639.14168,-1.20825e-05,65561.5
2026-02-28T00:00:00+00:00,hyperliquid,BTC/USDC:USDC,21377.23504,-1.9461e-06,65852.5
2026-02-28T01:00:00+00:00,hyperliquid,BTC/USDC:USDC,21343.69918,-7.583e-06,65869.5
2026-02-28T02:00:00+00:00,hyperliquid,BTC/USDC:USDC,21126.90554,-2.518e-06,65754.5
2026-02-28T03:00:00+00:00,hyperliquid,BTC/USDC:USDC,21123.45026,-1.49206e-05,65861.5
2026-02-28T04:00:00+00:00,hyperliquid,BTC/USDC:USDC,21259.75152,-1.70818e-05,65755.5
2026-02-28T05:00:00+00:00,hyperliquid,BTC/USDC:USDC,21233.33954,2.9674e-06,65626.5
2026-02-28T06:00:00+00:00,hyperliquid,BTC/USDC:USDC,21344.3819,-1.79584e-05,65539.5
2026-02-28T07:00:00+00:00,hyperliquid,BTC/USDC:USDC,21669.8157,-2.71862e-05,63457.5
2026-02-28T08:00:00+00:00,hyperliquid,BTC/USDC:USDC,22087.33582,-2.78314e-05,63651.5
2026-02-28T09:00:00+00:00,hyperliquid,BTC/USDC:USDC,22917.47666,-2.99935e-05,63498.5
2026-02-28T10:00:00+00:00,hyperliquid,BTC/USDC:USDC,22652.42188,-3.77358e-05,63577.0
2026-02-28T11:00:00+00:00,hyperliquid,BTC/USDC:USDC,22717.10332,-2.62875e-05,63992.5
2026-02-28T12:00:00+00:00,hyperliquid,BTC/USDC:USDC,24720.12348,-5.06932e-05,63861.5
2026-02-28T13:00:00+00:00,hyperliquid,BTC/USDC:USDC,24657.67784,-2.82386e-05,63927.5
2026-02-28T14:00:00+00:00,hyperliquid,BTC/USDC:USDC,22280.82626,3.6309e-06,64955.5
2026-02-28T15:00:00+00:00,hyperliquid,BTC/USDC:USDC,21646.05882,-3.8807e-06,64450.5
2026-02-28T16:00:00+00:00,hyperliquid,BTC/USDC:USDC,21499.2608,-9.9908e-06,64738.5
2026-02-28T17:00:00+00:00,hyperliquid,BTC/USDC:USDC,21368.2297,-8.824e-07,65027.5
2026-02-28T18:00:00+00:00,hyperliquid,BTC/USDC:USDC,21368.2584,3.9578e-06,65364.5
2026-02-28T19:00:00+00:00,hyperliquid,BTC/USDC:USDC,21605.10062,1.25e-05,65844.5
2026-02-28T20:00:00+00:00,hyperliquid,BTC/USDC:USDC,21259.37036,-6.8089e-06,66209.5
2026-02-28T21:00:00+00:00,hyperliquid,BTC/USDC:USDC,21784.42868,2.6241e-06,66676.5
2026-02-28T22:00:00+00:00,hyperliquid,BTC/USDC:USDC,21653.43348,-6.8083e-06,66639.5
2026-02-28T23:00:00+00:00,hyperliquid,BTC/USDC:USDC,21307.01744,-4.468e-07,67103.5
2026-03-01T00:00:00+00:00,hyperliquid,BTC/USDC:USDC,21104.45446,8.621e-07,66945.5
2026-03-01T01:00:00+00:00,hyperliquid,BTC/USDC:USDC,21722.12292,2.8173e-06,66727.5
2026-03-01T02:00:00+00:00,hyperliquid,BTC/USDC:USDC,21990.44112,1.25e-05,67796.5
2026-03-01T03:00:00+00:00,hyperliquid,BTC/USDC:USDC,22300.09278,1.25e-05,67668.5
2026-03-01T04:00:00+00:00,hyperliquid,BTC/USDC:USDC,22140.89968,1.25e-05,67531.0
2026-03-01T05:00:00+00:00,hyperliquid,BTC/USDC:USDC,21071.26572,1.25e-05,67373.5
2026-03-01T06:00:00+00:00,hyperliquid,BTC/USDC:USDC,21130.5626399999,1.25e-05,67291.5
2026-03-01T07:00:00+00:00,hyperliquid,BTC/USDC:USDC,21123.38712,1.25e-05,66896.5
2026-03-01T08:00:00+00:00,hyperliquid,BTC/USDC:USDC,21145.69012,1.03833e-05,67093.5
2026-03-01T09:00:00+00:00,hyperliquid,BTC/USDC:USDC,21134.29768,1.3495e-06,66419.5
2026-03-01T10:00:00+00:00,hyperliquid,BTC/USDC:USDC,21354.46138,-9.3563e-06,66397.5
2026-03-01T11:00:00+00:00,hyperliquid,BTC/USDC:USDC,21019.2606,-7.1798e-06,66417.5
2026-03-01T12:00:00+00:00,hyperliquid,BTC/USDC:USDC,20973.37222,1.834e-07,66472.5
2026-03-01T13:00:00+00:00,hyperliquid,BTC/USDC:USDC,21153.12134,-6.1586e-06,66299.5
2026-03-01T14:00:00+00:00,hyperliquid,BTC/USDC:USDC,20825.17786,6.8109e-06,66921.0
2026-03-01T15:00:00+00:00,hyperliquid,BTC/USDC:USDC,20783.22862,1.25e-05,66902.5
2026-03-01T16:00:00+00:00,hyperliquid,BTC/USDC:USDC,20925.23824,-3.5815e-06,66780.5
2026-03-01T17:00:00+00:00,hyperliquid,BTC/USDC:USDC,20912.29586,-1.72526e-05,65970.5
2026-03-01T18:00:00+00:00,hyperliquid,BTC/USDC:USDC,21106.66232,3.3657e-06,66016.5
2026-03-01T19:00:00+00:00,hyperliquid,BTC/USDC:USDC,20731.89762,-9.5129e-06,66308.5
2026-03-01T20:00:00+00:00,hyperliquid,BTC/USDC:USDC,21130.73416,-1.44614e-05,65841.5
2026-03-01T21:00:00+00:00,hyperliquid,BTC/USDC:USDC,21660.04584,-1.4657e-05,65321.5
2026-03-01T22:00:00+00:00,hyperliquid,BTC/USDC:USDC,21627.5759,-1.44586e-05,65640.5
2026-03-01T23:00:00+00:00,hyperliquid,BTC/USDC:USDC,21323.42378,-1.28245e-05,65485.5
2026-03-02T00:00:00+00:00,hyperliquid,BTC/USDC:USDC,21126.69228,4.2932e-06,65747.5
2026-03-02T01:00:00+00:00,hyperliquid,BTC/USDC:USDC,21062.7486199999,7.9533e-06,66571.0
2026-03-02T02:00:00+00:00,hyperliquid,BTC/USDC:USDC,21433.20456,7.0981e-06,66529.5
2026-03-02T03:00:00+00:00,hyperliquid,BTC/USDC:USDC,21075.65822,-5.3236e-06,66126.5
2026-03-02T04:00:00+00:00,hyperliquid,BTC/USDC:USDC,21504.4626,1.3565e-06,66761.5
2026-03-02T05:00:00+00:00,hyperliquid,BTC/USDC:USDC,21314.37246,6.294e-06,66725.5
2026-03-02T06:00:00+00:00,hyperliquid,BTC/USDC:USDC,21541.6543,-5.5023e-06,66617.5
2026-03-02T07:00:00+00:00,hyperliquid,BTC/USDC:USDC,21656.67354,-6.7157e-06,66087.5
2026-03-02T08:00:00+00:00,hyperliquid,BTC/USDC:USDC,21713.81962,-5.6378e-06,65734.5
2026-03-02T09:00:00+00:00,hyperliquid,BTC/USDC:USDC,21756.25574,7.5345e-06,66194.5
2026-03-02T10:00:00+00:00,hyperliquid,BTC/USDC:USDC,21434.31542,-4.2756e-06,66298.5
2026-03-02T11:00:00+00:00,hyperliquid,BTC/USDC:USDC,21589.3679,-6.4506e-06,66222.5
2026-03-02T12:00:00+00:00,hyperliquid,BTC/USDC:USDC,21438.8118,-2.6755e-06,66233.5
2026-03-02T13:00:00+00:00,hyperliquid,BTC/USDC:USDC,21706.90074,-3.7868e-06,65911.5
2026-03-02T14:00:00+00:00,hyperliquid,BTC/USDC:USDC,21806.57786,3.8525e-06,65375.5
2026-03-02T15:00:00+00:00,hyperliquid,BTC/USDC:USDC,22013.25552,2.5743e-06,67298.5
2026-03-02T16:00:00+00:00,hyperliquid,BTC/USDC:USDC,22479.06956,-4.5383e-06,68961.5
2026-03-02T17:00:00+00:00,hyperliquid,BTC/USDC:USDC,23824.89928,-3.74667e-05,69333.5
2026-03-02T18:00:00+00:00,hyperliquid,BTC/USDC:USDC,22881.86578,-1.33479e-05,68894.5
2026-03-02T19:00:00+00:00,hyperliquid,BTC/USDC:USDC,22782.83778,-1.13536e-05,68773.5
2026-03-02T20:00:00+00:00,hyperliquid,BTC/USDC:USDC,22421.8976,-5.4005e-06,69062.5
2026-03-02T21:00:00+00:00,hyperliquid,BTC/USDC:USDC,22083.03902,-7.6178e-06,69026.5
2026-03-02T22:00:00+00:00,hyperliquid,BTC/USDC:USDC,22041.23212,-7.5072e-06,69386.5
2026-03-02T23:00:00+00:00,hyperliquid,BTC/USDC:USDC,22313.20238,-4.4782e-06,69356.5
2026-03-03T00:00:00+00:00,hyperliquid,BTC/USDC:USDC,22602.37636,-1.84569e-05,68787.5
2026-03-03T01:00:00+00:00,hyperliquid,BTC/USDC:USDC,22412.7125,-3.1623e-06,68978.5
2026-03-03T02:00:00+00:00,hyperliquid,BTC/USDC:USDC,22366.78336,-1.66552e-05,68563.5
2026-03-03T03:00:00+00:00,hyperliquid,BTC/USDC:USDC,22513.2067,-9.0902e-06,68466.5
2026-03-03T04:00:00+00:00,hyperliquid,BTC/USDC:USDC,22347.87642,-1.22231e-05,68406.5
2026-03-03T05:00:00+00:00,hyperliquid,BTC/USDC:USDC,22366.82826,9.7503e-06,68036.5
2026-03-03T06:00:00+00:00,hyperliquid,BTC/USDC:USDC,22611.86416,8.837e-06,67951.5
2026-03-03T07:00:00+00:00,hyperliquid,BTC/USDC:USDC,23322.00074,1.25e-05,68007.5
2026-03-03T08:00:00+00:00,hyperliquid,BTC/USDC:USDC,23724.77342,1.25e-05,68145.5
2026-03-03T09:00:00+00:00,hyperliquid,BTC/USDC:USDC,24613.68488,1.25e-05,67016.5
2026-03-03T10:00:00+00:00,hyperliquid,BTC/USDC:USDC,25618.7569,1.25e-05,66512.5
2026-03-03T11:00:00+00:00,hyperliquid,BTC/USDC:USDC,25546.10416,1.25e-05,66861.5
2026-03-03T12:00:00+00:00,hyperliquid,BTC/USDC:USDC,25131.01102,1.25e-05,67128.5
2026-03-03T13:00:00+00:00,hyperliquid,BTC/USDC:USDC,25297.65062,1.25e-05,67236.5
2026-03-03T14:00:00+00:00,hyperliquid,BTC/USDC:USDC,23773.83914,1.25e-05,66865.0
2026-03-03T15:00:00+00:00,hyperliquid,BTC/USDC:USDC,23741.07076,1.25e-05,66677.5
2026-03-03T16:00:00+00:00,hyperliquid,BTC/USDC:USDC,24310.6568799999,1.25e-05,67674.0
2026-03-03T17:00:00+00:00,hyperliquid,BTC/USDC:USDC,23200.7410599999,1.25e-05,67912.5
2026-03-03T18:00:00+00:00,hyperliquid,BTC/USDC:USDC,24056.09212,1.13749e-05,68266.5
2026-03-03T19:00:00+00:00,hyperliquid,BTC/USDC:USDC,23855.91296,4.2904e-06,68605.5
2026-03-03T20:00:00+00:00,hyperliquid,BTC/USDC:USDC,23687.23122,4.0702e-06,68429.5
2026-03-03T21:00:00+00:00,hyperliquid,BTC/USDC:USDC,23535.1369,4.61e-08,68129.5
2026-03-03T22:00:00+00:00,hyperliquid,BTC/USDC:USDC,23373.52068,-4.6435e-06,68222.5
2026-03-03T23:00:00+00:00,hyperliquid,BTC/USDC:USDC,23490.59708,3.3375e-06,68264.5
2026-03-04T00:00:00+00:00,hyperliquid,BTC/USDC:USDC,23500.95864,-3.0027e-06,68245.5
2026-03-04T01:00:00+00:00,hyperliquid,BTC/USDC:USDC,23610.30292,2.2013e-06,68073.0
2026-03-04T02:00:00+00:00,hyperliquid,BTC/USDC:USDC,23910.58002,1.25e-05,68271.5
2026-03-04T03:00:00+00:00,hyperliquid,BTC/USDC:USDC,23962.5108,-2.7369e-05,68258.5
2026-03-04T04:00:00+00:00,hyperliquid,BTC/USDC:USDC,23819.12164,-6.961e-06,67654.5
2026-03-04T05:00:00+00:00,hyperliquid,BTC/USDC:USDC,24127.776,-5.3641e-06,67693.5
2026-03-04T06:00:00+00:00,hyperliquid,BTC/USDC:USDC,24045.04498,1.25e-05,68109.5
2026-03-04T07:00:00+00:00,hyperliquid,BTC/USDC:USDC,24348.04354,1.20265e-05,68556.0
2026-03-04T08:00:00+00:00,hyperliquid,BTC/USDC:USDC,24468.30646,1.25e-05,69395.5
2026-03-04T09:00:00+00:00,hyperliquid,BTC/USDC:USDC,24200.55216,1.25e-05,70766.5
2026-03-04T10:00:00+00:00,hyperliquid,BTC/USDC:USDC,23901.31844,-2.4166e-06,71538.5
2026-03-04T11:00:00+00:00,hyperliquid,BTC/USDC:USDC,23623.15964,-1.8492e-06,71244.5
2026-03-04T12:00:00+00:00,hyperliquid,BTC/USDC:USDC,23857.08292,7.867e-07,71088.5
2026-03-04T13:00:00+00:00,hyperliquid,BTC/USDC:USDC,24869.18018,-2.13469e-05,71285.5
2026-03-04T14:00:00+00:00,hyperliquid,BTC/USDC:USDC,25099.13348,-9.5741e-06,71403.5
2026-03-04T15:00:00+00:00,hyperliquid,BTC/USDC:USDC,25301.04708,-2.67615e-05,71671.5
2026-03-04T16:00:00+00:00,hyperliquid,BTC/USDC:USDC,24429.79068,-1.75241e-05,73415.5
2026-03-04T17:00:00+00:00,hyperliquid,BTC/USDC:USDC,24377.31876,-4.56083e-05,73310.0
2026-03-04T18:00:00+00:00,hyperliquid,BTC/USDC:USDC,24119.0292399999,-3.78537e-05,73228.5
2026-03-04T19:00:00+00:00,hyperliquid,BTC/USDC:USDC,24539.12562,-1.86654e-05,73611.5
2026-03-04T20:00:00+00:00,hyperliquid,BTC/USDC:USDC,25130.54222,-2.71509e-05,73590.5
2026-03-04T21:00:00+00:00,hyperliquid,BTC/USDC:USDC,25234.2004,-3.4172e-05,72911.5
2026-03-04T22:00:00+00:00,hyperliquid,BTC/USDC:USDC,25201.30076,-3.3094e-05,73435.5
2026-03-04T23:00:00+00:00,hyperliquid,BTC/USDC:USDC,24663.5135,-2.51367e-05,72666.5
2026-03-05T00:00:00+00:00,hyperliquid,BTC/USDC:USDC,24742.70444,-1.34662e-05,72751.5
2026-03-05T01:00:00+00:00,hyperliquid,BTC/USDC:USDC,24879.79224,-2.19767e-05,72728.5
2026-03-05T02:00:00+00:00,hyperliquid,BTC/USDC:USDC,23432.87662,-7.0503e-06,72572.5
2026-03-05T03:00:00+00:00,hyperliquid,BTC/USDC:USDC,23385.1758,-8.0577e-06,72482.5
2026-03-05T04:00:00+00:00,hyperliquid,BTC/USDC:USDC,23560.2888400002,-1.79571e-05,72435.5
2026-03-05T05:00:00+00:00,hyperliquid,BTC/USDC:USDC,23508.79552,5.5638e-06,72845.5
2026-03-05T06:00:00+00:00,hyperliquid,BTC/USDC:USDC,23446.3829,-1.15492e-05,72261.5
2026-03-05T07:00:00+00:00,hyperliquid,BTC/USDC:USDC,23444.7899,1.5151e-06,72488.5
2026-03-05T08:00:00+00:00,hyperliquid,BTC/USDC:USDC,23817.12674,2.8318e-06,71994.5
2026-03-05T09:00:00+00:00,hyperliquid,BTC/USDC:USDC,23317.82078,1.25e-05,72386.5
2026-03-05T10:00:00+00:00,hyperliquid,BTC/USDC:USDC,23952.08588,-7.2509e-06,72582.5
2026-03-05T11:00:00+00:00,hyperliquid,BTC/USDC:USDC,23738.91506,-1.15989e-05,73293.5
2026-03-05T12:00:00+00:00,hyperliquid,BTC/USDC:USDC,23065.27264,1.25e-05,72807.5
2026-03-05T13:00:00+00:00,hyperliquid,BTC/USDC:USDC,23623.64896,-1.13062e-05,72747.5
2026-03-05T14:00:00+00:00,hyperliquid,BTC/USDC:USDC,23609.6524,3.9913e-06,72492.5
2026-03-05T15:00:00+00:00,hyperliquid,BTC/USDC:USDC,22888.25806,9.7077e-06,72504.5
2026-03-05T16:00:00+00:00,hyperliquid,BTC/USDC:USDC,23786.30476,3.6354e-06,71360.5
2026-03-05T18:00:00+00:00,hyperliquid,BTC/USDC:USDC,23460.7777,1.25e-05,70955.5
2026-03-05T20:00:00+00:00,hyperliquid,BTC/USDC:USDC,23987.2099,1.25e-05,71018.5
2026-03-05T21:00:00+00:00,hyperliquid,BTC/USDC:USDC,23944.00764,1.25e-05,71275.5
2026-03-05T22:00:00+00:00,hyperliquid,BTC/USDC:USDC,23801.78466,1.25e-05,71202.5
2026-03-05T23:00:00+00:00,hyperliquid,BTC/USDC:USDC,23885.70388,6.0277e-06,71192.5
2026-03-06T00:00:00+00:00,hyperliquid,BTC/USDC:USDC,24137.29362,-5.8543e-06,70799.5
2026-03-06T01:00:00+00:00,hyperliquid,BTC/USDC:USDC,24265.82482,-9.4286e-06,70930.5
2026-03-06T02:00:00+00:00,hyperliquid,BTC/USDC:USDC,24169.31168,-3.4769e-06,71143.5
2026-03-06T03:00:00+00:00,hyperliquid,BTC/USDC:USDC,23958.27592,8.55e-08,71174.5
2026-03-06T04:00:00+00:00,hyperliquid,BTC/USDC:USDC,23848.26904,8.7723e-06,71029.5
2026-03-06T05:00:00+00:00,hyperliquid,BTC/USDC:USDC,23701.43434,1.25e-05,70564.5
2026-03-06T06:00:00+00:00,hyperliquid,BTC/USDC:USDC,23539.30588,2.4279e-06,70380.5
2026-03-06T07:00:00+00:00,hyperliquid,BTC/USDC:USDC,23548.4266,1.25e-05,70778.5
2026-03-06T08:00:00+00:00,hyperliquid,BTC/USDC:USDC,23844.203,1.25e-05,70958.5
2026-03-06T09:00:00+00:00,hyperliquid,BTC/USDC:USDC,23552.58878,1.07182e-05,70708.5
2026-03-06T10:00:00+00:00,hyperliquid,BTC/USDC:USDC,23906.30308,1.15255e-05,70525.5
2026-03-06T11:00:00+00:00,hyperliquid,BTC/USDC:USDC,23570.79544,4.6772e-06,70426.5
2026-03-06T12:00:00+00:00,hyperliquid,BTC/USDC:USDC,23686.28088,1.25e-05,70150.5
2026-03-06T13:00:00+00:00,hyperliquid,BTC/USDC:USDC,23737.05994,1.15221e-05,69890.5
2026-03-06T14:00:00+00:00,hyperliquid,BTC/USDC:USDC,24535.74234,5.9431e-06,69113.5
2026-03-06T15:00:00+00:00,hyperliquid,BTC/USDC:USDC,25630.88198,1.25e-05,68587.5
2026-03-06T16:00:00+00:00,hyperliquid,BTC/USDC:USDC,26994.23004,1.25e-05,68469.5
2026-03-06T17:00:00+00:00,hyperliquid,BTC/USDC:USDC,27172.37666,1.25e-05,68469.5
2026-03-06T18:00:00+00:00,hyperliquid,BTC/USDC:USDC,26319.1063,1.25e-05,68166.5
2026-03-06T19:00:00+00:00,hyperliquid,BTC/USDC:USDC,26325.58036,9.7343e-06,68258.5
2026-03-06T20:00:00+00:00,hyperliquid,BTC/USDC:USDC,25874.16146,1.25e-05,68054.0
2026-03-06T21:00:00+00:00,hyperliquid,BTC/USDC:USDC,25972.87006,1.25e-05,68108.5
2026-03-06T22:00:00+00:00,hyperliquid,BTC/USDC:USDC,26173.44768,1.25e-05,68292.5
2026-03-06T23:00:00+00:00,hyperliquid,BTC/USDC:USDC,25602.15932,8.2304e-06,68253.5
2026-03-07T00:00:00+00:00,hyperliquid,BTC/USDC:USDC,25481.05084,5.3295e-06,68147.5
2026-03-07T01:00:00+00:00,hyperliquid,BTC/USDC:USDC,25332.7169,8.3457e-06,68321.5
2026-03-07T02:00:00+00:00,hyperliquid,BTC/USDC:USDC,25345.39786,4.2286e-06,68185.5
2026-03-07T03:00:00+00:00,hyperliquid,BTC/USDC:USDC,25394.92454,3.09e-06,68368.5
2026-03-07T04:00:00+00:00,hyperliquid,BTC/USDC:USDC,25065.077,1.5322e-06,68051.5
2026-03-07T05:00:00+00:00,hyperliquid,BTC/USDC:USDC,25108.2243,7.8754e-06,68073.5
2026-03-07T06:00:00+00:00,hyperliquid,BTC/USDC:USDC,25203.91718,2.7734e-06,67952.5
2026-03-07T07:00:00+00:00,hyperliquid,BTC/USDC:USDC,25499.30512,-8.098e-06,67619.5
2026-03-07T08:00:00+00:00,hyperliquid,BTC/USDC:USDC,25399.46986,-1.32521e-05,67778.5
2026-03-07T09:00:00+00:00,hyperliquid,BTC/USDC:USDC,25184.879,-9.58e-08,67717.5
2026-03-07T10:00:00+00:00,hyperliquid,BTC/USDC:USDC,25265.37364,3.8262e-06,67941.0
2026-03-07T11:00:00+00:00,hyperliquid,BTC/USDC:USDC,25214.48042,-1.4634e-06,67844.5
2026-03-07T12:00:00+00:00,hyperliquid,BTC/USDC:USDC,25401.75428,6.0259e-06,67988.5
2026-03-07T13:00:00+00:00,hyperliquid,BTC/USDC:USDC,25075.53296,6.9693e-06,67998.0
2026-03-07T14:00:00+00:00,hyperliquid,BTC/USDC:USDC,24783.30622,9.0109e-06,67757.5
2026-03-07T15:00:00+00:00,hyperliquid,BTC/USDC:USDC,24839.5826,1.25e-05,67935.5
2026-03-07T16:00:00+00:00,hyperliquid,BTC/USDC:USDC,24667.39172,1.25e-05,67828.5
2026-03-07T17:00:00+00:00,hyperliquid,BTC/USDC:USDC,24780.17984,1.25e-05,67827.5
2026-03-07T18:00:00+00:00,hyperliquid,BTC/USDC:USDC,24663.44144,1.25e-05,67473.5
2026-03-07T19:00:00+00:00,hyperliquid,BTC/USDC:USDC,24480.15082,1.25e-05,67512.5
2026-03-07T20:00:00+00:00,hyperliquid,BTC/USDC:USDC,24483.34982,1.25e-05,67108.5
2026-03-07T21:00:00+00:00,hyperliquid,BTC/USDC:USDC,24594.0644,-1.1616e-06,67329.5
2026-03-07T22:00:00+00:00,hyperliquid,BTC/USDC:USDC,24463.07242,1.2547e-06,67413.5
2026-03-07T23:00:00+00:00,hyperliquid,BTC/USDC:USDC,24470.29006,3.2388e-06,67198.5
2026-03-08T00:00:00+00:00,hyperliquid,BTC/USDC:USDC,24519.24094,1.14059e-05,67315.5
2026-03-08T01:00:00+00:00,hyperliquid,BTC/USDC:USDC,24828.54288,6.5074e-06,67153.5
2026-03-08T02:00:00+00:00,hyperliquid,BTC/USDC:USDC,24967.67112,5.6565e-06,67222.0
2026-03-08T03:00:00+00:00,hyperliquid,BTC/USDC:USDC,25152.48864,9.5371e-06,66874.5
2026-03-08T04:00:00+00:00,hyperliquid,BTC/USDC:USDC,25336.66706,1.25e-05,66955.5
2026-03-08T05:00:00+00:00,hyperliquid,BTC/USDC:USDC,25055.73712,3.378e-07,66699.5
2026-03-08T06:00:00+00:00,hyperliquid,BTC/USDC:USDC,25121.47754,-3.1058e-06,67157.5
2026-03-08T07:00:00+00:00,hyperliquid,BTC/USDC:USDC,25181.8272,9.5965e-06,67141.5
2026-03-08T08:00:00+00:00,hyperliquid,BTC/USDC:USDC,25043.12524,1.25e-05,67263.5
2026-03-08T09:00:00+00:00,hyperliquid,BTC/USDC:USDC,24997.38798,1.0237e-05,67450.5
2026-03-08T10:00:00+00:00,hyperliquid,BTC/USDC:USDC,25400.09896,1.25e-05,67742.5
2026-03-08T11:00:00+00:00,hyperliquid,BTC/USDC:USDC,24767.45574,-6.8469e-06,67809.5
2026-03-08T12:00:00+00:00,hyperliquid,BTC/USDC:USDC,24929.5708,-2.1644e-06,67513.5
2026-03-08T13:00:00+00:00,hyperliquid,BTC/USDC:USDC,24766.26626,2.898e-06,67310.5
2026-03-08T14:00:00+00:00,hyperliquid,BTC/USDC:USDC,24651.01678,1.3425e-06,67196.5
2026-03-08T15:00:00+00:00,hyperliquid,BTC/USDC:USDC,24651.0831,-3.5398e-06,67304.5
2026-03-08T16:00:00+00:00,hyperliquid,BTC/USDC:USDC,24722.19988,-5.3728e-06,67166.5
2026-03-08T17:00:00+00:00,hyperliquid,BTC/USDC:USDC,24915.10634,-5.5992e-06,66795.0
2026-03-08T18:00:00+00:00,hyperliquid,BTC/USDC:USDC,24376.56848,-6.6582e-06,66972.5
2026-03-08T19:00:00+00:00,hyperliquid,BTC/USDC:USDC,24464.45724,-2.1064e-06,66752.5
2026-03-08T20:00:00+00:00,hyperliquid,BTC/USDC:USDC,24297.34232,7.17e-08,67222.5
2026-03-08T21:00:00+00:00,hyperliquid,BTC/USDC:USDC,24312.91422,8.4608e-06,67192.5
2026-03-08T22:00:00+00:00,hyperliquid,BTC/USDC:USDC,24370.2287,-1.55588e-05,66622.5
2026-03-08T23:00:00+00:00,hyperliquid,BTC/USDC:USDC,22575.56496,7.1137e-06,66202.5
2026-03-09T00:00:00+00:00,hyperliquid,BTC/USDC:USDC,22934.23916,-9.0049e-06,66008.5
2026-03-09T01:00:00+00:00,hyperliquid,BTC/USDC:USDC,22919.2481,2.0992e-06,66316.5
2026-03-09T02:00:00+00:00,hyperliquid,BTC/USDC:USDC,23817.19624,1.25e-05,66231.0
2026-03-09T03:00:00+00:00,hyperliquid,BTC/USDC:USDC,23799.13856,1.25e-05,66824.5
2026-03-09T04:00:00+00:00,hyperliquid,BTC/USDC:USDC,23694.7674,1.25e-05,67245.5
2026-03-09T05:00:00+00:00,hyperliquid,BTC/USDC:USDC,23096.69272,-2.52568e-05,67091.5
2026-03-09T06:00:00+00:00,hyperliquid,BTC/USDC:USDC,22869.18626,-2.58e-06,67784.5
2026-03-09T07:00:00+00:00,hyperliquid,BTC/USDC:USDC,23259.60526,6.057e-07,67210.5
2026-03-09T08:00:00+00:00,hyperliquid,BTC/USDC:USDC,23073.58208,4.643e-07,67476.5
2026-03-09T09:00:00+00:00,hyperliquid,BTC/USDC:USDC,23140.5253,3.8788e-06,67759.5
2026-03-09T10:00:00+00:00,hyperliquid,BTC/USDC:USDC,22912.38086,1.25e-05,67975.5
2026-03-09T11:00:00+00:00,hyperliquid,BTC/USDC:USDC,22645.26886,2.7e-06,67675.5
2026-03-09T12:00:00+00:00,hyperliquid,BTC/USDC:USDC,23087.23066,1.25e-05,67843.5
2026-03-09T13:00:00+00:00,hyperliquid,BTC/USDC:USDC,23332.3067,1.25e-05,68257.5
2026-03-09T14:00:00+00:00,hyperliquid,BTC/USDC:USDC,24119.2151,1.25e-05,69114.0
2026-03-09T15:00:00+00:00,hyperliquid,BTC/USDC:USDC,24480.06668,-1.84193e-05,69162.5
2026-03-09T16:00:00+00:00,hyperliquid,BTC/USDC:USDC,25136.56108,-2.05018e-05,68806.5
2026-03-09T17:00:00+00:00,hyperliquid,BTC/USDC:USDC,24917.04546,-2.6672e-06,68892.5
2026-03-09T18:00:00+00:00,hyperliquid,BTC/USDC:USDC,24569.63102,-7.0246e-06,68504.5
2026-03-09T19:00:00+00:00,hyperliquid,BTC/USDC:USDC,25061.06654,-1.89528e-05,68403.5
2026-03-09T20:00:00+00:00,hyperliquid,BTC/USDC:USDC,25229.68442,-1.09688e-05,69091.5
2026-03-09T21:00:00+00:00,hyperliquid,BTC/USDC:USDC,25338.09018,-1.76471e-05,69006.0
2026-03-09T22:00:00+00:00,hyperliquid,BTC/USDC:USDC,25746.6375,-1.82786e-05,68942.5
2026-03-09T23:00:00+00:00,hyperliquid,BTC/USDC:USDC,25712.1893,-2.60854e-05,68563.5
2026-03-10T00:00:00+00:00,hyperliquid,BTC/USDC:USDC,25661.95334,-2.2041e-05,68348.5
2026-03-10T01:00:00+00:00,hyperliquid,BTC/USDC:USDC,25100.84628,-1.47092e-05,69122.5
2026-03-10T02:00:00+00:00,hyperliquid,BTC/USDC:USDC,25265.69018,-8.4491e-06,69255.5
2026-03-10T03:00:00+00:00,hyperliquid,BTC/USDC:USDC,24548.81092,1.05969e-05,70275.5
2026-03-10T04:00:00+00:00,hyperliquid,BTC/USDC:USDC,24420.81732,1.05957e-05,69598.5
2026-03-10T05:00:00+00:00,hyperliquid,BTC/USDC:USDC,24430.7737,1.25e-05,70186.0
2026-03-10T06:00:00+00:00,hyperliquid,BTC/USDC:USDC,24200.59,1.25e-05,69868.5
2026-03-10T07:00:00+00:00,hyperliquid,BTC/USDC:USDC,24067.95964,5.5384e-06,69869.5
2026-03-10T08:00:00+00:00,hyperliquid,BTC/USDC:USDC,24266.52942,1.25e-05,70454.5
2026-03-10T09:00:00+00:00,hyperliquid,BTC/USDC:USDC,24332.76356,-3.4125e-06,70684.5
2026-03-10T10:00:00+00:00,hyperliquid,BTC/USDC:USDC,24610.03708,-1.04492e-05,70968.5
2026-03-10T11:00:00+00:00,hyperliquid,BTC/USDC:USDC,24900.23614,-1.12655e-05,70592.5
2026-03-10T12:00:00+00:00,hyperliquid,BTC/USDC:USDC,25984.58658,-1.21212e-05,70507.5
2026-03-10T13:00:00+00:00,hyperliquid,BTC/USDC:USDC,25881.78666,-1.07166e-05,70479.5
2026-03-10T14:00:00+00:00,hyperliquid,BTC/USDC:USDC,25801.94928,-8.7509e-06,69648.5
2026-03-10T15:00:00+00:00,hyperliquid,BTC/USDC:USDC,25415.85184,1.09437e-05,71545.5
2026-03-10T16:00:00+00:00,hyperliquid,BTC/USDC:USDC,25719.27814,2.887e-07,71389.5
2026-03-10T17:00:00+00:00,hyperliquid,BTC/USDC:USDC,26098.2523999999,-8.8872e-06,71264.5
2026-03-10T18:00:00+00:00,hyperliquid,BTC/USDC:USDC,26095.9452,-1.60993e-05,70811.5
2026-03-10T19:00:00+00:00,hyperliquid,BTC/USDC:USDC,24852.33074,-2.34654e-05,70002.5
2026-03-10T20:00:00+00:00,hyperliquid,BTC/USDC:USDC,25096.55038,-1.31204e-05,70014.5
2026-03-10T21:00:00+00:00,hyperliquid,BTC/USDC:USDC,24961.58258,-1.92404e-05,70229.5
2026-03-10T22:00:00+00:00,hyperliquid,BTC/USDC:USDC,25207.41782,-2.80693e-05,69792.5
2026-03-10T23:00:00+00:00,hyperliquid,BTC/USDC:USDC,25202.57592,-2.90324e-05,69681.5
2026-03-11T00:00:00+00:00,hyperliquid,BTC/USDC:USDC,25305.86014,-1.95278e-05,69747.5
2026-03-11T01:00:00+00:00,hyperliquid,BTC/USDC:USDC,25284.64058,-1.93809e-05,70040.5
2026-03-11T02:00:00+00:00,hyperliquid,BTC/USDC:USDC,25140.78604,-1.66682e-05,70027.5
2026-03-11T03:00:00+00:00,hyperliquid,BTC/USDC:USDC,25271.93352,-1.57421e-05,69802.5
2026-03-11T04:00:00+00:00,hyperliquid,BTC/USDC:USDC,25412.43014,-1.58661e-05,69530.5
2026-03-11T05:00:00+00:00,hyperliquid,BTC/USDC:USDC,25340.99674,-7.9653e-06,70084.0
2026-03-11T06:00:00+00:00,hyperliquid,BTC/USDC:USDC,25166.8007,-1.31954e-05,69507.5
2026-03-11T07:00:00+00:00,hyperliquid,BTC/USDC:USDC,25264.47908,-1.05257e-05,69873.5
2026-03-11T08:00:00+00:00,hyperliquid,BTC/USDC:USDC,25262.7666,4.0152e-06,69661.5
2026-03-11T09:00:00+00:00,hyperliquid,BTC/USDC:USDC,25081.32136,-6.792e-06,69571.5
2026-03-11T10:00:00+00:00,hyperliquid,BTC/USDC:USDC,25183.96702,-9.3756e-06,69400.5
2026-03-11T11:00:00+00:00,hyperliquid,BTC/USDC:USDC,25303.61158,1.7954e-06,69570.5
2026-03-11T12:00:00+00:00,hyperliquid,BTC/USDC:USDC,25358.46256,1.6308e-06,69174.0
2026-03-11T13:00:00+00:00,hyperliquid,BTC/USDC:USDC,25377.46208,-1.32601e-05,69316.5
2026-03-11T14:00:00+00:00,hyperliquid,BTC/USDC:USDC,25393.25908,6.2606e-06,70172.5
2026-03-11T15:00:00+00:00,hyperliquid,BTC/USDC:USDC,26056.97342,-2.09831e-05,70502.0
2026-03-11T16:00:00+00:00,hyperliquid,BTC/USDC:USDC,26128.37528,-1.57943e-05,70231.5
2026-03-11T17:00:00+00:00,hyperliquid,BTC/USDC:USDC,26394.59934,2.523e-06,70769.5
2026-03-11T18:00:00+00:00,hyperliquid,BTC/USDC:USDC,26259.6303,4.6245e-06,70751.5
2026-03-11T19:00:00+00:00,hyperliquid,BTC/USDC:USDC,26205.67372,-2.7072e-06,70468.5
2026-03-11T20:00:00+00:00,hyperliquid,BTC/USDC:USDC,25561.04128,-2.22122e-05,70472.5
2026-03-11T21:00:00+00:00,hyperliquid,BTC/USDC:USDC,25614.79926,-1.21671e-05,70634.5
2026-03-11T22:00:00+00:00,hyperliquid,BTC/USDC:USDC,25275.81324,-5.3785e-06,70725.5
2026-03-11T23:00:00+00:00,hyperliquid,BTC/USDC:USDC,26052.93936,-1.56104e-05,70426.5
2026-03-12T00:00:00+00:00,hyperliquid,BTC/USDC:USDC,26013.40052,-2.16475e-05,70140.5
2026-03-12T01:00:00+00:00,hyperliquid,BTC/USDC:USDC,26037.34648,-2.20151e-05,70099.0
2026-03-12T02:00:00+00:00,hyperliquid,BTC/USDC:USDC,26150.71464,-2.38166e-05,69783.5
2026-03-12T03:00:00+00:00,hyperliquid,BTC/USDC:USDC,26145.92938,-3.18773e-05,69264.5
2026-03-12T04:00:00+00:00,hyperliquid,BTC/USDC:USDC,26212.4102,-3.5242e-05,69454.5
2026-03-12T05:00:00+00:00,hyperliquid,BTC/USDC:USDC,26201.19036,-2.28764e-05,69333.5
2026-03-12T06:00:00+00:00,hyperliquid,BTC/USDC:USDC,26201.78638,-1.38877e-05,69337.5
2026-03-12T07:00:00+00:00,hyperliquid,BTC/USDC:USDC,26130.16514,-2.9017e-06,69461.5
2026-03-12T08:00:00+00:00,hyperliquid,BTC/USDC:USDC,25820.07002,1.717e-07,69828.5
2026-03-12T09:00:00+00:00,hyperliquid,BTC/USDC:USDC,25969.91278,-1.99452e-05,69797.5
2026-03-12T10:00:00+00:00,hyperliquid,BTC/USDC:USDC,26302.16924,-1.36461e-05,69963.5
2026-03-12T11:00:00+00:00,hyperliquid,BTC/USDC:USDC,26200.3344,-1.53296e-05,70352.5
2026-03-12T12:00:00+00:00,hyperliquid,BTC/USDC:USDC,26842.6777,-2.22054e-05,70286.5
2026-03-12T13:00:00+00:00,hyperliquid,BTC/USDC:USDC,27119.68636,-2.2424e-06,70349.5
2026-03-12T14:00:00+00:00,hyperliquid,BTC/USDC:USDC,27284.0661,1.01079e-05,70263.5
2026-03-12T15:00:00+00:00,hyperliquid,BTC/USDC:USDC,27161.05808,-8.2188e-06,69577.5
2026-03-12T16:00:00+00:00,hyperliquid,BTC/USDC:USDC,26882.0011199999,-1.10469e-05,69986.5
2026-03-12T17:00:00+00:00,hyperliquid,BTC/USDC:USDC,27243.08886,-2.85414e-05,70332.5
2026-03-12T18:00:00+00:00,hyperliquid,BTC/USDC:USDC,27211.3149,-1.38554e-05,70208.0
2026-03-12T19:00:00+00:00,hyperliquid,BTC/USDC:USDC,27099.38746,-1.50196e-05,69781.5
2026-03-12T20:00:00+00:00,hyperliquid,BTC/USDC:USDC,26844.84372,8.896e-07,70414.5
2026-03-12T21:00:00+00:00,hyperliquid,BTC/USDC:USDC,26397.38462,5.4143e-06,70277.5
2026-03-12T22:00:00+00:00,hyperliquid,BTC/USDC:USDC,26272.7769599999,5.5103e-06,70225.5
2026-03-12T23:00:00+00:00,hyperliquid,BTC/USDC:USDC,26270.51966,1.02256e-05,70185.5
2026-03-13T00:00:00+00:00,hyperliquid,BTC/USDC:USDC,26461.15682,7.8019e-06,70385.5
2026-03-13T01:00:00+00:00,hyperliquid,BTC/USDC:USDC,26794.8512,1.25e-05,71587.5
2026-03-13T02:00:00+00:00,hyperliquid,BTC/USDC:USDC,26569.86962,1.25e-05,71541.5
2026-03-13T03:00:00+00:00,hyperliquid,BTC/USDC:USDC,25722.1889,1.25e-05,71191.5
2026-03-13T04:00:00+00:00,hyperliquid,BTC/USDC:USDC,25617.3215,1.25e-05,71353.5
2026-03-13T05:00:00+00:00,hyperliquid,BTC/USDC:USDC,25605.96218,1.25e-05,71349.5
2026-03-13T06:00:00+00:00,hyperliquid,BTC/USDC:USDC,25648.9106,1.25e-05,71462.5
2026-03-13T07:00:00+00:00,hyperliquid,BTC/USDC:USDC,25636.21924,1.25e-05,71404.0
2026-03-13T08:00:00+00:00,hyperliquid,BTC/USDC:USDC,25828.01418,1.25e-05,71490.5
2026-03-13T09:00:00+00:00,hyperliquid,BTC/USDC:USDC,26268.82016,1.25e-05,71948.5
2026-03-13T10:00:00+00:00,hyperliquid,BTC/USDC:USDC,26694.21178,1.25e-05,72162.5
2026-03-13T11:00:00+00:00,hyperliquid,BTC/USDC:USDC,26629.93162,1.25e-05,72457.5
2026-03-13T12:00:00+00:00,hyperliquid,BTC/USDC:USDC,26461.03128,1.25e-05,72281.5
2026-03-13T13:00:00+00:00,hyperliquid,BTC/USDC:USDC,26523.68256,1.25e-05,72797.5
2026-03-13T14:00:00+00:00,hyperliquid,BTC/USDC:USDC,26675.93634,1.25e-05,73426.5
2026-03-13T15:00:00+00:00,hyperliquid,BTC/USDC:USDC,26526.73294,1.25e-05,72296.5
2026-03-13T16:00:00+00:00,hyperliquid,BTC/USDC:USDC,26489.9871599999,8.7083e-06,71637.5
2026-03-13T17:00:00+00:00,hyperliquid,BTC/USDC:USDC,26241.82446,3.8351e-06,71862.5
2026-03-13T18:00:00+00:00,hyperliquid,BTC/USDC:USDC,26363.81058,8.9516e-06,71003.5
2026-03-13T19:00:00+00:00,hyperliquid,BTC/USDC:USDC,26410.96984,1.6939e-06,71065.5
2026-03-13T20:00:00+00:00,hyperliquid,BTC/USDC:USDC,26634.26302,3.7165e-06,71170.5
2026-03-13T21:00:00+00:00,hyperliquid,BTC/USDC:USDC,26609.68686,2.8903e-06,71431.5
2026-03-13T22:00:00+00:00,hyperliquid,BTC/USDC:USDC,26854.17462,-8.9677e-06,70833.5
2026-03-13T23:00:00+00:00,hyperliquid,BTC/USDC:USDC,26833.88616,-1.46018e-05,70698.5
2026-03-14T00:00:00+00:00,hyperliquid,BTC/USDC:USDC,26351.57002,-1.6021e-05,70794.5
2026-03-14T01:00:00+00:00,hyperliquid,BTC/USDC:USDC,26220.90776,-1.45826e-05,70660.5
2026-03-14T02:00:00+00:00,hyperliquid,BTC/USDC:USDC,26084.19988,2.3588e-06,70798.5
2026-03-14T03:00:00+00:00,hyperliquid,BTC/USDC:USDC,26140.56252,1.25e-05,70830.5
2026-03-14T04:00:00+00:00,hyperliquid,BTC/USDC:USDC,26005.55622,-6.5995e-06,71038.5
2026-03-14T05:00:00+00:00,hyperliquid,BTC/USDC:USDC,25864.0643,2.566e-07,71028.5
2026-03-14T06:00:00+00:00,hyperliquid,BTC/USDC:USDC,25832.72572,-1.19784e-05,70925.5
2026-03-14T07:00:00+00:00,hyperliquid,BTC/USDC:USDC,26292.43908,-7.933e-06,70628.5
2026-03-14T08:00:00+00:00,hyperliquid,BTC/USDC:USDC,25973.71274,-3.5505e-06,70570.5
2026-03-14T09:00:00+00:00,hyperliquid,BTC/USDC:USDC,25807.19274,-6.044e-06,70575.5
2026-03-14T10:00:00+00:00,hyperliquid,BTC/USDC:USDC,25736.00232,1.523e-07,70473.5
2026-03-14T11:00:00+00:00,hyperliquid,BTC/USDC:USDC,25734.948,-5.178e-07,70532.5
2026-03-14T12:00:00+00:00,hyperliquid,BTC/USDC:USDC,25723.4423,1.17717e-05,70769.5
2026-03-14T13:00:00+00:00,hyperliquid,BTC/USDC:USDC,25845.98352,-1.843e-07,70705.5
2026-03-14T14:00:00+00:00,hyperliquid,BTC/USDC:USDC,25990.20698,1.2662e-06,70844.5
2026-03-14T15:00:00+00:00,hyperliquid,BTC/USDC:USDC,25892.33736,-1.03941e-05,70560.5
2026-03-14T16:00:00+00:00,hyperliquid,BTC/USDC:USDC,25776.8231,-1.25377e-05,70509.5
2026-03-14T17:00:00+00:00,hyperliquid,BTC/USDC:USDC,25760.2599,-3.2633e-06,70624.5
2026-03-14T18:00:00+00:00,hyperliquid,BTC/USDC:USDC,25774.9548,-4.8016e-06,70553.5
2026-03-14T19:00:00+00:00,hyperliquid,BTC/USDC:USDC,25788.00042,-1.03337e-05,70561.5
2026-03-14T20:00:00+00:00,hyperliquid,BTC/USDC:USDC,25755.72512,-5.3179e-06,70646.5
2026-03-14T21:00:00+00:00,hyperliquid,BTC/USDC:USDC,25658.58452,-1.9814e-06,70733.5
2026-03-14T22:00:00+00:00,hyperliquid,BTC/USDC:USDC,25648.50578,8.1963e-06,70736.5
2026-03-14T23:00:00+00:00,hyperliquid,BTC/USDC:USDC,25613.18478,-3.7482e-06,70768.5
2026-03-15T00:00:00+00:00,hyperliquid,BTC/USDC:USDC,25561.29578,5.1206e-06,71081.5
2026-03-15T01:00:00+00:00,hyperliquid,BTC/USDC:USDC,25382.40346,1.9922e-06,70958.5
2026-03-15T02:00:00+00:00,hyperliquid,BTC/USDC:USDC,25421.08294,1.25e-05,71214.0
2026-03-15T03:00:00+00:00,hyperliquid,BTC/USDC:USDC,25886.04842,1.25e-05,71452.5
2026-03-15T04:00:00+00:00,hyperliquid,BTC/USDC:USDC,25759.98854,2.809e-07,71327.5
2026-03-15T05:00:00+00:00,hyperliquid,BTC/USDC:USDC,25904.8889,7.957e-07,71511.5
2026-03-15T06:00:00+00:00,hyperliquid,BTC/USDC:USDC,25899.3467,9.2096e-06,71453.5
2026-03-15T07:00:00+00:00,hyperliquid,BTC/USDC:USDC,25925.8077,-6.5207e-06,71411.5
2026-03-15T08:00:00+00:00,hyperliquid,BTC/USDC:USDC,25958.2152,1.25e-05,71446.5
2026-03-15T09:00:00+00:00,hyperliquid,BTC/USDC:USDC,26086.68962,9.468e-06,71805.5
2026-03-15T10:00:00+00:00,hyperliquid,BTC/USDC:USDC,26358.5052799999,6.6893e-06,71796.5
2026-03-15T11:00:00+00:00,hyperliquid,BTC/USDC:USDC,26326.21418,2.8839e-06,71736.5
2026-03-15T12:00:00+00:00,hyperliquid,BTC/USDC:USDC,26225.3899,5.6928e-06,71723.5
2026-03-15T13:00:00+00:00,hyperliquid,BTC/USDC:USDC,26157.91878,-2.3755e-06,71628.5
2026-03-15T14:00:00+00:00,hyperliquid,BTC/USDC:USDC,25937.34256,-3.1124e-06,71498.5
2026-03-15T15:00:00+00:00,hyperliquid,BTC/USDC:USDC,26422.96806,-6.692e-07,71555.5
2026-03-15T16:00:00+00:00,hyperliquid,BTC/USDC:USDC,26429.58216,-2.4097e-06,71440.5
2026-03-15T17:00:00+00:00,hyperliquid,BTC/USDC:USDC,26577.53588,-1.61184e-05,71370.5
2026-03-15T18:00:00+00:00,hyperliquid,BTC/USDC:USDC,26506.79704,-1.06149e-05,71764.0
2026-03-15T19:00:00+00:00,hyperliquid,BTC/USDC:USDC,26326.03936,-1.27978e-05,71366.5
2026-03-15T20:00:00+00:00,hyperliquid,BTC/USDC:USDC,26183.85126,-1.3926e-06,71475.5
2026-03-15T21:00:00+00:00,hyperliquid,BTC/USDC:USDC,26428.06984,-9.8983e-06,71678.5
2026-03-15T22:00:00+00:00,hyperliquid,BTC/USDC:USDC,26092.11988,-3.8781e-06,72134.5
