timestamp_utc,exchange,symbol,oi,funding_rate,mark_price
2025-12-14T17:00:00+00:00,hyperliquid,AAVE/USDC:USDC,132569.94,1.25e-05,190.345
2025-12-14T18:00:00+00:00,hyperliquid,AAVE/USDC:USDC,132362.44,3.338e-06,190.37
2025-12-14T19:00:00+00:00,hyperliquid,AAVE/USDC:USDC,132732.54,9.4177e-06,190.63
2025-12-14T20:00:00+00:00,hyperliquid,AAVE/USDC:USDC,133049.0,-1.61149e-05,189.715
2025-12-14T21:00:00+00:00,hyperliquid,AAVE/USDC:USDC,133400.9600000001,-8.6128e-06,189.765
2025-12-14T22:00:00+00:00,hyperliquid,AAVE/USDC:USDC,133686.24,8.598e-07,188.745
2025-12-14T23:00:00+00:00,hyperliquid,AAVE/USDC:USDC,134571.74,1.25e-05,189.185
2025-12-15T00:00:00+00:00,hyperliquid,AAVE/USDC:USDC,134270.84,1.25e-05,188.985
2025-12-15T01:00:00+00:00,hyperliquid,AAVE/USDC:USDC,134897.7999999999,1.25e-05,190.61
2025-12-15T02:00:00+00:00,hyperliquid,AAVE/USDC:USDC,134642.76,1.25e-05,193.365
2025-12-15T03:00:00+00:00,hyperliquid,AAVE/USDC:USDC,133930.86,1.25e-05,192.915
2025-12-15T04:00:00+00:00,hyperliquid,AAVE/USDC:USDC,133911.6,8.3616e-06,193.215
2025-12-15T05:00:00+00:00,hyperliquid,AAVE/USDC:USDC,133977.04,1.25e-05,194.475
2025-12-15T06:00:00+00:00,hyperliquid,AAVE/USDC:USDC,133989.92,6.0463e-06,194.325
2025-12-15T07:00:00+00:00,hyperliquid,AAVE/USDC:USDC,134241.86,1.25e-05,196.395
2025-12-15T08:00:00+00:00,hyperliquid,AAVE/USDC:USDC,134567.64,1.25e-05,194.56
2025-12-15T09:00:00+00:00,hyperliquid,AAVE/USDC:USDC,134343.88,1.25e-05,194.085
2025-12-15T10:00:00+00:00,hyperliquid,AAVE/USDC:USDC,134217.4,1.25e-05,195.02
2025-12-15T11:00:00+00:00,hyperliquid,AAVE/USDC:USDC,134010.18,1.25e-05,194.8
2025-12-15T12:00:00+00:00,hyperliquid,AAVE/USDC:USDC,134040.22,1.09225e-05,195.3
2025-12-15T13:00:00+00:00,hyperliquid,AAVE/USDC:USDC,133834.64,1.25e-05,195.485
2025-12-15T14:00:00+00:00,hyperliquid,AAVE/USDC:USDC,133945.02,1.25e-05,193.57
2025-12-15T15:00:00+00:00,hyperliquid,AAVE/USDC:USDC,133236.84,1.22984e-05,188.94
2025-12-15T16:00:00+00:00,hyperliquid,AAVE/USDC:USDC,134442.28,1.25e-05,184.305
2025-12-15T17:00:00+00:00,hyperliquid,AAVE/USDC:USDC,134234.66,1.25e-05,183.375
2025-12-15T18:00:00+00:00,hyperliquid,AAVE/USDC:USDC,133118.6,1.25e-05,180.005
2025-12-15T19:00:00+00:00,hyperliquid,AAVE/USDC:USDC,133421.2,1.25e-05,183.415
2025-12-15T20:00:00+00:00,hyperliquid,AAVE/USDC:USDC,133621.1,1.25e-05,182.595
2025-12-15T21:00:00+00:00,hyperliquid,AAVE/USDC:USDC,133178.32,1.25e-05,182.26
2025-12-15T22:00:00+00:00,hyperliquid,AAVE/USDC:USDC,133168.74,-3.3965e-06,185.405
2025-12-15T23:00:00+00:00,hyperliquid,AAVE/USDC:USDC,133789.8,-6.3419e-06,187.125
2025-12-16T00:00:00+00:00,hyperliquid,AAVE/USDC:USDC,149649.84,1.25e-05,192.575
2025-12-16T01:00:00+00:00,hyperliquid,AAVE/USDC:USDC,150766.4200000001,1.25e-05,189.885
2025-12-16T02:00:00+00:00,hyperliquid,AAVE/USDC:USDC,150553.3,1.25e-05,190.765
2025-12-16T03:00:00+00:00,hyperliquid,AAVE/USDC:USDC,150422.42,1.17301e-05,189.695
2025-12-16T04:00:00+00:00,hyperliquid,AAVE/USDC:USDC,138801.72,-3.02093e-05,186.875
2025-12-16T05:00:00+00:00,hyperliquid,AAVE/USDC:USDC,135537.36,1.00564e-05,187.05
2025-12-16T06:00:00+00:00,hyperliquid,AAVE/USDC:USDC,134065.36,-1.41847e-05,187.055
2025-12-16T07:00:00+00:00,hyperliquid,AAVE/USDC:USDC,130967.7,1.25e-05,188.23
2025-12-16T08:00:00+00:00,hyperliquid,AAVE/USDC:USDC,130540.22,1.25e-05,186.885
2025-12-16T09:00:00+00:00,hyperliquid,AAVE/USDC:USDC,127850.86,-1.71671e-05,186.125
2025-12-16T10:00:00+00:00,hyperliquid,AAVE/USDC:USDC,127329.6,-7.7671e-06,185.595
2025-12-16T11:00:00+00:00,hyperliquid,AAVE/USDC:USDC,127446.1,1.25e-05,187.995
2025-12-16T12:00:00+00:00,hyperliquid,AAVE/USDC:USDC,127084.42,5.579e-07,188.065
2025-12-16T13:00:00+00:00,hyperliquid,AAVE/USDC:USDC,126854.78,1.25e-05,187.385
2025-12-16T14:00:00+00:00,hyperliquid,AAVE/USDC:USDC,126045.5,-2.1386e-06,186.54
2025-12-16T15:00:00+00:00,hyperliquid,AAVE/USDC:USDC,125411.74,1.25e-05,187.49
2025-12-16T16:00:00+00:00,hyperliquid,AAVE/USDC:USDC,125023.58,1.25e-05,189.14
2025-12-16T17:00:00+00:00,hyperliquid,AAVE/USDC:USDC,126613.3,1.25e-05,187.205
2025-12-16T18:00:00+00:00,hyperliquid,AAVE/USDC:USDC,125455.76,9.3431e-06,185.285
2025-12-16T19:00:00+00:00,hyperliquid,AAVE/USDC:USDC,125306.22,1.25e-05,186.785
2025-12-16T20:00:00+00:00,hyperliquid,AAVE/USDC:USDC,125302.96,1.25e-05,185.51
2025-12-16T21:00:00+00:00,hyperliquid,AAVE/USDC:USDC,125734.54,1.25e-05,185.2
2025-12-16T22:00:00+00:00,hyperliquid,AAVE/USDC:USDC,124889.76,-2.7937e-06,186.245
2025-12-16T23:00:00+00:00,hyperliquid,AAVE/USDC:USDC,126014.16,8.6774e-06,185.265
2025-12-17T00:00:00+00:00,hyperliquid,AAVE/USDC:USDC,124189.82,1.25e-05,185.565
2025-12-17T01:00:00+00:00,hyperliquid,AAVE/USDC:USDC,124031.84,7.5149e-06,185.885
2025-12-17T02:00:00+00:00,hyperliquid,AAVE/USDC:USDC,123762.34,1.25e-05,186.025
2025-12-17T03:00:00+00:00,hyperliquid,AAVE/USDC:USDC,123560.28,9.2089e-06,187.325
2025-12-17T04:00:00+00:00,hyperliquid,AAVE/USDC:USDC,123679.52,1.6578e-06,186.325
2025-12-17T05:00:00+00:00,hyperliquid,AAVE/USDC:USDC,123711.52,8.4687e-06,184.075
2025-12-17T06:00:00+00:00,hyperliquid,AAVE/USDC:USDC,123668.64,1.25e-05,184.42
2025-12-17T07:00:00+00:00,hyperliquid,AAVE/USDC:USDC,123780.66,1.25e-05,185.0
2025-12-17T08:00:00+00:00,hyperliquid,AAVE/USDC:USDC,123879.3,1.25e-05,185.005
2025-12-17T09:00:00+00:00,hyperliquid,AAVE/USDC:USDC,123854.0,1.25e-05,184.055
2025-12-17T12:00:00+00:00,hyperliquid,AAVE/USDC:USDC,123253.12,1.25e-05,184.235
2025-12-17T13:00:00+00:00,hyperliquid,AAVE/USDC:USDC,124184.24,-1.38308e-05,183.895
2025-12-17T14:00:00+00:00,hyperliquid,AAVE/USDC:USDC,124401.18,1.13554e-05,186.065
2025-12-17T15:00:00+00:00,hyperliquid,AAVE/USDC:USDC,123725.8200000001,-8.3493e-06,188.945
2025-12-17T16:00:00+00:00,hyperliquid,AAVE/USDC:USDC,122946.8,1.25e-05,183.25
2025-12-17T17:00:00+00:00,hyperliquid,AAVE/USDC:USDC,122419.3,3.0796e-06,181.835
2025-12-17T18:00:00+00:00,hyperliquid,AAVE/USDC:USDC,121320.08,-6.1853e-06,179.145
2025-12-17T19:00:00+00:00,hyperliquid,AAVE/USDC:USDC,120964.98,1.2265e-05,178.48
2025-12-17T20:00:00+00:00,hyperliquid,AAVE/USDC:USDC,121070.08,-5.2936e-06,179.62
2025-12-17T21:00:00+00:00,hyperliquid,AAVE/USDC:USDC,120402.98,1.25e-05,179.555
2025-12-17T22:00:00+00:00,hyperliquid,AAVE/USDC:USDC,121161.98,-2.19231e-05,178.175
2025-12-17T23:00:00+00:00,hyperliquid,AAVE/USDC:USDC,121570.28,-1.46541e-05,179.115
2025-12-18T00:00:00+00:00,hyperliquid,AAVE/USDC:USDC,121416.44,-8.456e-07,179.58
2025-12-18T01:00:00+00:00,hyperliquid,AAVE/USDC:USDC,121622.0,1.25e-05,178.44
2025-12-18T02:00:00+00:00,hyperliquid,AAVE/USDC:USDC,121779.28,7.2574e-06,177.885
2025-12-18T03:00:00+00:00,hyperliquid,AAVE/USDC:USDC,121746.98,6.7765e-06,178.855
2025-12-18T04:00:00+00:00,hyperliquid,AAVE/USDC:USDC,121727.5,3.6301e-06,178.195
2025-12-18T05:00:00+00:00,hyperliquid,AAVE/USDC:USDC,121572.32,2.4734e-06,178.785
2025-12-18T06:00:00+00:00,hyperliquid,AAVE/USDC:USDC,122225.26,1.25e-05,176.23
2025-12-18T07:00:00+00:00,hyperliquid,AAVE/USDC:USDC,122357.54,1.25e-05,177.295
2025-12-18T08:00:00+00:00,hyperliquid,AAVE/USDC:USDC,122289.72,1.25e-05,177.115
2025-12-18T09:00:00+00:00,hyperliquid,AAVE/USDC:USDC,121862.56,1.25e-05,178.285
2025-12-18T10:00:00+00:00,hyperliquid,AAVE/USDC:USDC,121389.68,-2.6652e-06,178.525
2025-12-18T11:00:00+00:00,hyperliquid,AAVE/USDC:USDC,121523.32,7.9284e-06,178.465
2025-12-18T12:00:00+00:00,hyperliquid,AAVE/USDC:USDC,121633.3,4.3878e-06,176.955
2025-12-18T13:00:00+00:00,hyperliquid,AAVE/USDC:USDC,121149.68,1.25e-05,178.125
2025-12-18T14:00:00+00:00,hyperliquid,AAVE/USDC:USDC,121116.26,1.25e-05,184.395
2025-12-18T15:00:00+00:00,hyperliquid,AAVE/USDC:USDC,120451.4,1.18771e-05,181.525
2025-12-18T16:00:00+00:00,hyperliquid,AAVE/USDC:USDC,120083.78,1.25e-05,182.725
2025-12-18T17:00:00+00:00,hyperliquid,AAVE/USDC:USDC,120234.04,1.25e-05,180.535
2025-12-18T18:00:00+00:00,hyperliquid,AAVE/USDC:USDC,118189.56,1.25e-05,174.65
2025-12-18T19:00:00+00:00,hyperliquid,AAVE/USDC:USDC,118943.42,1.25e-05,172.97
2025-12-18T20:00:00+00:00,hyperliquid,AAVE/USDC:USDC,118395.48,1.25e-05,170.32
2025-12-18T21:00:00+00:00,hyperliquid,AAVE/USDC:USDC,118212.98,1.25e-05,172.575
2025-12-18T22:00:00+00:00,hyperliquid,AAVE/USDC:USDC,118604.36,1.25e-05,174.32
2025-12-18T23:00:00+00:00,hyperliquid,AAVE/USDC:USDC,118495.68,1.25e-05,173.96
2025-12-19T00:00:00+00:00,hyperliquid,AAVE/USDC:USDC,118267.12,1.25e-05,173.415
2025-12-19T01:00:00+00:00,hyperliquid,AAVE/USDC:USDC,117943.0,3.4762e-06,173.905
2025-12-19T02:00:00+00:00,hyperliquid,AAVE/USDC:USDC,117390.56,2.3049e-06,172.52
2025-12-19T03:00:00+00:00,hyperliquid,AAVE/USDC:USDC,116659.18,-5.5038e-06,173.595
2025-12-19T04:00:00+00:00,hyperliquid,AAVE/USDC:USDC,116496.6,7.1228e-06,179.25
2025-12-19T05:00:00+00:00,hyperliquid,AAVE/USDC:USDC,116304.36,1.17234e-05,179.515
2025-12-19T06:00:00+00:00,hyperliquid,AAVE/USDC:USDC,116076.58,1.25e-05,178.445
2025-12-19T07:00:00+00:00,hyperliquid,AAVE/USDC:USDC,115981.86,1.25e-05,180.785
2025-12-19T08:00:00+00:00,hyperliquid,AAVE/USDC:USDC,117221.06,1.25e-05,181.95
2025-12-19T09:00:00+00:00,hyperliquid,AAVE/USDC:USDC,117239.4,1.25e-05,182.065
2025-12-19T10:00:00+00:00,hyperliquid,AAVE/USDC:USDC,117202.18,1.25e-05,181.055
2025-12-19T11:00:00+00:00,hyperliquid,AAVE/USDC:USDC,117176.74,1.25e-05,180.725
2025-12-19T12:00:00+00:00,hyperliquid,AAVE/USDC:USDC,117076.62,9.8245e-06,181.51
2025-12-19T13:00:00+00:00,hyperliquid,AAVE/USDC:USDC,117163.02,1.25e-05,181.585
2025-12-19T14:00:00+00:00,hyperliquid,AAVE/USDC:USDC,117411.74,1.25e-05,182.335
2025-12-19T15:00:00+00:00,hyperliquid,AAVE/USDC:USDC,115932.4,1.25e-05,182.76
2025-12-19T16:00:00+00:00,hyperliquid,AAVE/USDC:USDC,115979.7,1.25e-05,183.295
2025-12-19T17:00:00+00:00,hyperliquid,AAVE/USDC:USDC,115241.6,1.25e-05,184.005
2025-12-19T18:00:00+00:00,hyperliquid,AAVE/USDC:USDC,115076.26,1.25e-05,182.035
2025-12-19T19:00:00+00:00,hyperliquid,AAVE/USDC:USDC,115917.5,1.25e-05,183.325
2025-12-19T20:00:00+00:00,hyperliquid,AAVE/USDC:USDC,115808.28,1.25e-05,185.595
2025-12-19T21:00:00+00:00,hyperliquid,AAVE/USDC:USDC,115844.24,1.25e-05,186.595
2025-12-19T22:00:00+00:00,hyperliquid,AAVE/USDC:USDC,115826.34,1.25e-05,183.43
2025-12-19T23:00:00+00:00,hyperliquid,AAVE/USDC:USDC,115874.88,1.25e-05,183.615
2025-12-20T00:00:00+00:00,hyperliquid,AAVE/USDC:USDC,115715.84,1.25e-05,181.515
2025-12-20T01:00:00+00:00,hyperliquid,AAVE/USDC:USDC,114589.78,5.5984e-06,181.065
2025-12-20T02:00:00+00:00,hyperliquid,AAVE/USDC:USDC,113964.0,1.25e-05,180.265
2025-12-20T03:00:00+00:00,hyperliquid,AAVE/USDC:USDC,113811.58,-9.229e-07,180.725
2025-12-20T04:00:00+00:00,hyperliquid,AAVE/USDC:USDC,113749.18,8.4628e-06,181.68
2025-12-20T05:00:00+00:00,hyperliquid,AAVE/USDC:USDC,113746.26,7.4899e-06,181.535
2025-12-20T06:00:00+00:00,hyperliquid,AAVE/USDC:USDC,113698.26,1.25e-05,181.59
2025-12-20T07:00:00+00:00,hyperliquid,AAVE/USDC:USDC,113861.76,6.6733e-06,182.055
2025-12-20T08:00:00+00:00,hyperliquid,AAVE/USDC:USDC,114079.34,1.25e-05,182.56
2025-12-20T09:00:00+00:00,hyperliquid,AAVE/USDC:USDC,114165.72,1.25e-05,182.245
2025-12-20T10:00:00+00:00,hyperliquid,AAVE/USDC:USDC,114186.28,1.25e-05,181.675
2025-12-20T11:00:00+00:00,hyperliquid,AAVE/USDC:USDC,114202.48,-1.0622e-06,181.035
2025-12-20T12:00:00+00:00,hyperliquid,AAVE/USDC:USDC,114238.12,7.1962e-06,182.145
2025-12-20T13:00:00+00:00,hyperliquid,AAVE/USDC:USDC,115138.66,1.25e-05,181.465
2025-12-20T14:00:00+00:00,hyperliquid,AAVE/USDC:USDC,115026.66,1.25e-05,180.79
2025-12-20T15:00:00+00:00,hyperliquid,AAVE/USDC:USDC,114992.84,1.25e-05,182.15
2025-12-20T16:00:00+00:00,hyperliquid,AAVE/USDC:USDC,116614.48,1.25e-05,182.195
2025-12-20T17:00:00+00:00,hyperliquid,AAVE/USDC:USDC,116643.98,1.25e-05,181.795
2025-12-20T18:00:00+00:00,hyperliquid,AAVE/USDC:USDC,116448.56,1.25e-05,181.515
2025-12-20T19:00:00+00:00,hyperliquid,AAVE/USDC:USDC,116504.9,1.15811e-05,181.065
2025-12-20T20:00:00+00:00,hyperliquid,AAVE/USDC:USDC,116620.92,1.25e-05,181.015
2025-12-20T21:00:00+00:00,hyperliquid,AAVE/USDC:USDC,116602.18,1.25e-05,181.45
2025-12-20T22:00:00+00:00,hyperliquid,AAVE/USDC:USDC,116588.12,3.409e-07,180.54
2025-12-20T23:00:00+00:00,hyperliquid,AAVE/USDC:USDC,116423.78,1.25e-05,180.36
2025-12-21T00:00:00+00:00,hyperliquid,AAVE/USDC:USDC,119667.82,1.25e-05,179.945
2025-12-21T01:00:00+00:00,hyperliquid,AAVE/USDC:USDC,119239.8,5.2676e-06,178.675
2025-12-21T02:00:00+00:00,hyperliquid,AAVE/USDC:USDC,117885.52,1.5038e-06,177.255
2025-12-21T03:00:00+00:00,hyperliquid,AAVE/USDC:USDC,117581.86,4.0531e-06,177.02
2025-12-21T04:00:00+00:00,hyperliquid,AAVE/USDC:USDC,117571.96,2.8916e-06,177.84
2025-12-21T05:00:00+00:00,hyperliquid,AAVE/USDC:USDC,117694.2,1.25e-05,177.55
2025-12-21T06:00:00+00:00,hyperliquid,AAVE/USDC:USDC,117735.9,1.25e-05,177.43
2025-12-21T07:00:00+00:00,hyperliquid,AAVE/USDC:USDC,117746.94,6.464e-07,177.215
2025-12-21T08:00:00+00:00,hyperliquid,AAVE/USDC:USDC,117696.12,1.25e-05,177.635
2025-12-21T09:00:00+00:00,hyperliquid,AAVE/USDC:USDC,115893.36,1.25e-05,178.2
2025-12-21T10:00:00+00:00,hyperliquid,AAVE/USDC:USDC,115872.32,1.01314e-05,179.54
2025-12-21T11:00:00+00:00,hyperliquid,AAVE/USDC:USDC,115390.66,-3.4209e-06,178.25
2025-12-21T12:00:00+00:00,hyperliquid,AAVE/USDC:USDC,115346.92,1.25e-05,177.885
2025-12-21T13:00:00+00:00,hyperliquid,AAVE/USDC:USDC,113290.32,-3.41091e-05,176.665
2025-12-21T14:00:00+00:00,hyperliquid,AAVE/USDC:USDC,112327.8,-1.04966e-05,173.775
2025-12-21T15:00:00+00:00,hyperliquid,AAVE/USDC:USDC,112443.64,-4.23066e-05,174.38
2025-12-21T16:00:00+00:00,hyperliquid,AAVE/USDC:USDC,112558.34,7.5766e-06,175.055
2025-12-21T17:00:00+00:00,hyperliquid,AAVE/USDC:USDC,112537.08,-2.30486e-05,176.755
2025-12-21T18:00:00+00:00,hyperliquid,AAVE/USDC:USDC,112233.7,1.7991e-06,175.915
2025-12-21T19:00:00+00:00,hyperliquid,AAVE/USDC:USDC,112339.46,1.25e-05,176.515
2025-12-21T20:00:00+00:00,hyperliquid,AAVE/USDC:USDC,112162.54,4.6422e-06,176.635
2025-12-21T21:00:00+00:00,hyperliquid,AAVE/USDC:USDC,111946.92,-4.0088e-06,175.855
2025-12-21T22:00:00+00:00,hyperliquid,AAVE/USDC:USDC,112096.4,1.25e-05,166.395
2025-12-21T23:00:00+00:00,hyperliquid,AAVE/USDC:USDC,124531.82,1.25e-05,159.585
2025-12-22T00:00:00+00:00,hyperliquid,AAVE/USDC:USDC,134002.02,1.25e-05,164.22
2025-12-22T01:00:00+00:00,hyperliquid,AAVE/USDC:USDC,136130.6,1.25e-05,161.86
2025-12-22T02:00:00+00:00,hyperliquid,AAVE/USDC:USDC,139351.82,1.25e-05,162.525
2025-12-22T03:00:00+00:00,hyperliquid,AAVE/USDC:USDC,143434.3,1.25e-05,162.02
2025-12-22T04:00:00+00:00,hyperliquid,AAVE/USDC:USDC,151162.12,1.25e-05,162.44
2025-12-22T05:00:00+00:00,hyperliquid,AAVE/USDC:USDC,151908.66,1.25e-05,161.045
2025-12-22T06:00:00+00:00,hyperliquid,AAVE/USDC:USDC,151947.38,1.25e-05,160.44
2025-12-22T07:00:00+00:00,hyperliquid,AAVE/USDC:USDC,155942.3199999999,1.25e-05,160.395
2025-12-22T08:00:00+00:00,hyperliquid,AAVE/USDC:USDC,160475.54,1.25e-05,160.99
2025-12-22T09:00:00+00:00,hyperliquid,AAVE/USDC:USDC,161140.62,1.25e-05,159.52
2025-12-22T10:00:00+00:00,hyperliquid,AAVE/USDC:USDC,159408.76,1.25e-05,159.655
2025-12-22T11:00:00+00:00,hyperliquid,AAVE/USDC:USDC,159851.06,1.25e-05,158.775
2025-12-22T12:00:00+00:00,hyperliquid,AAVE/USDC:USDC,160400.2,1.25e-05,159.175
2025-12-22T13:00:00+00:00,hyperliquid,AAVE/USDC:USDC,160861.68,1.25e-05,158.605
2025-12-22T14:00:00+00:00,hyperliquid,AAVE/USDC:USDC,163687.7800000001,1.25e-05,156.08
2025-12-22T15:00:00+00:00,hyperliquid,AAVE/USDC:USDC,158417.3399999999,-7.1111e-06,156.865
2025-12-22T16:00:00+00:00,hyperliquid,AAVE/USDC:USDC,166031.1,1.25e-05,154.47
2025-12-22T17:00:00+00:00,hyperliquid,AAVE/USDC:USDC,166673.7,1.25e-05,153.965
2025-12-22T18:00:00+00:00,hyperliquid,AAVE/USDC:USDC,182646.92,1.25e-05,157.035
2025-12-22T19:00:00+00:00,hyperliquid,AAVE/USDC:USDC,171188.32,1.25e-05,155.47
2025-12-22T20:00:00+00:00,hyperliquid,AAVE/USDC:USDC,171620.26,1.25e-05,153.31
2025-12-22T21:00:00+00:00,hyperliquid,AAVE/USDC:USDC,165840.96,1.25e-05,149.97
2025-12-22T22:00:00+00:00,hyperliquid,AAVE/USDC:USDC,169763.74,1.25e-05,148.61
2025-12-22T23:00:00+00:00,hyperliquid,AAVE/USDC:USDC,170153.84,1.25e-05,149.555
2025-12-23T00:00:00+00:00,hyperliquid,AAVE/USDC:USDC,176835.4000000001,1.25e-05,150.19
2025-12-23T01:00:00+00:00,hyperliquid,AAVE/USDC:USDC,178675.9599999999,1.25e-05,149.015
2025-12-23T02:00:00+00:00,hyperliquid,AAVE/USDC:USDC,181021.1200000001,1.25e-05,151.085
2025-12-23T03:00:00+00:00,hyperliquid,AAVE/USDC:USDC,181724.36,1.25e-05,151.775
2025-12-23T04:00:00+00:00,hyperliquid,AAVE/USDC:USDC,179475.58,1.25e-05,152.405
2025-12-23T05:00:00+00:00,hyperliquid,AAVE/USDC:USDC,171488.36,4.6189e-06,152.825
2025-12-23T06:00:00+00:00,hyperliquid,AAVE/USDC:USDC,170783.6,1.25e-05,153.08
2025-12-23T07:00:00+00:00,hyperliquid,AAVE/USDC:USDC,170190.82,1.25e-05,153.98
2025-12-23T08:00:00+00:00,hyperliquid,AAVE/USDC:USDC,169845.7,1.25e-05,152.62
2025-12-23T09:00:00+00:00,hyperliquid,AAVE/USDC:USDC,170094.72,1.25e-05,152.42
2025-12-23T10:00:00+00:00,hyperliquid,AAVE/USDC:USDC,170000.66,1.25e-05,151.365
2025-12-23T11:00:00+00:00,hyperliquid,AAVE/USDC:USDC,171006.16,1.25e-05,151.315
2025-12-23T12:00:00+00:00,hyperliquid,AAVE/USDC:USDC,176907.2399999999,-3.7853e-05,150.935
2025-12-23T13:00:00+00:00,hyperliquid,AAVE/USDC:USDC,175659.14,1.25e-05,149.345
2025-12-23T14:00:00+00:00,hyperliquid,AAVE/USDC:USDC,177090.0,1.25e-05,149.94
2025-12-23T15:00:00+00:00,hyperliquid,AAVE/USDC:USDC,180537.2,1.3721e-06,150.695
2025-12-23T16:00:00+00:00,hyperliquid,AAVE/USDC:USDC,188117.7,4.7076e-06,150.175
2025-12-23T17:00:00+00:00,hyperliquid,AAVE/USDC:USDC,188379.32,6.3445e-06,151.205
2025-12-23T18:00:00+00:00,hyperliquid,AAVE/USDC:USDC,188785.96,1.25e-05,149.955
2025-12-23T19:00:00+00:00,hyperliquid,AAVE/USDC:USDC,188941.8,1.25e-05,150.715
2025-12-23T20:00:00+00:00,hyperliquid,AAVE/USDC:USDC,190660.22,1.25e-05,151.08
2025-12-23T21:00:00+00:00,hyperliquid,AAVE/USDC:USDC,190794.26,1.25e-05,151.25
2025-12-23T22:00:00+00:00,hyperliquid,AAVE/USDC:USDC,192299.06,1.25e-05,150.645
2025-12-23T23:00:00+00:00,hyperliquid,AAVE/USDC:USDC,193964.04,1.25e-05,150.145
2025-12-24T00:00:00+00:00,hyperliquid,AAVE/USDC:USDC,193892.36,1.25e-05,150.93
2025-12-24T01:00:00+00:00,hyperliquid,AAVE/USDC:USDC,194971.5599999999,1.25e-05,151.52
2025-12-24T02:00:00+00:00,hyperliquid,AAVE/USDC:USDC,196969.9800000001,1.25e-05,150.655
2025-12-24T03:00:00+00:00,hyperliquid,AAVE/USDC:USDC,195071.34,1.25e-05,149.495
2025-12-24T04:00:00+00:00,hyperliquid,AAVE/USDC:USDC,195152.48,1.25e-05,149.84
2025-12-24T05:00:00+00:00,hyperliquid,AAVE/USDC:USDC,195238.78,1.25e-05,149.175
2025-12-24T06:00:00+00:00,hyperliquid,AAVE/USDC:USDC,194302.74,1.25e-05,148.725
2025-12-24T07:00:00+00:00,hyperliquid,AAVE/USDC:USDC,193370.0,3.7396e-06,148.01
2025-12-24T08:00:00+00:00,hyperliquid,AAVE/USDC:USDC,192067.42,1.25e-05,147.835
2025-12-24T09:00:00+00:00,hyperliquid,AAVE/USDC:USDC,193696.74,1.25e-05,146.925
2025-12-24T10:00:00+00:00,hyperliquid,AAVE/USDC:USDC,193837.9,1.25e-05,147.845
2025-12-24T11:00:00+00:00,hyperliquid,AAVE/USDC:USDC,193806.64,1.25e-05,149.015
2025-12-24T12:00:00+00:00,hyperliquid,AAVE/USDC:USDC,194487.7,3.6796e-06,148.885
2025-12-24T13:00:00+00:00,hyperliquid,AAVE/USDC:USDC,194743.32,6.2447e-06,148.39
2025-12-24T14:00:00+00:00,hyperliquid,AAVE/USDC:USDC,194638.58,1.25e-05,149.45
2025-12-24T15:00:00+00:00,hyperliquid,AAVE/USDC:USDC,191119.12,1.25e-05,148.535
2025-12-24T16:00:00+00:00,hyperliquid,AAVE/USDC:USDC,192386.38,5.3095e-06,148.495
2025-12-24T17:00:00+00:00,hyperliquid,AAVE/USDC:USDC,192339.94,1.25e-05,149.07
2025-12-24T18:00:00+00:00,hyperliquid,AAVE/USDC:USDC,192007.46,3.7864e-06,148.13
2025-12-24T19:00:00+00:00,hyperliquid,AAVE/USDC:USDC,192178.76,9.4294e-06,147.925
2025-12-24T20:00:00+00:00,hyperliquid,AAVE/USDC:USDC,192941.42,-6.8199e-06,148.285
2025-12-24T21:00:00+00:00,hyperliquid,AAVE/USDC:USDC,193176.9,9.7463e-06,147.68
2025-12-24T22:00:00+00:00,hyperliquid,AAVE/USDC:USDC,193387.4,9.1332e-06,147.775
2025-12-24T23:00:00+00:00,hyperliquid,AAVE/USDC:USDC,192554.08,1.25e-05,149.195
2025-12-25T00:00:00+00:00,hyperliquid,AAVE/USDC:USDC,201601.9,1.25e-05,148.405
2025-12-25T01:00:00+00:00,hyperliquid,AAVE/USDC:USDC,202001.68,1.25e-05,149.185
2025-12-25T02:00:00+00:00,hyperliquid,AAVE/USDC:USDC,200524.36,1.25e-05,149.405
2025-12-25T03:00:00+00:00,hyperliquid,AAVE/USDC:USDC,201951.16,1.25e-05,150.765
2025-12-25T04:00:00+00:00,hyperliquid,AAVE/USDC:USDC,201504.08,1.25e-05,150.625
2025-12-25T05:00:00+00:00,hyperliquid,AAVE/USDC:USDC,201271.26,8.821e-06,150.055
2025-12-25T06:00:00+00:00,hyperliquid,AAVE/USDC:USDC,201256.54,1.25e-05,150.365
2025-12-25T07:00:00+00:00,hyperliquid,AAVE/USDC:USDC,200950.66,1.25e-05,150.655
2025-12-25T08:00:00+00:00,hyperliquid,AAVE/USDC:USDC,201023.68,1.25e-05,150.565
2025-12-25T09:00:00+00:00,hyperliquid,AAVE/USDC:USDC,200090.18,8.135e-06,150.675
2025-12-25T10:00:00+00:00,hyperliquid,AAVE/USDC:USDC,200037.86,1.25e-05,151.205
2025-12-25T11:00:00+00:00,hyperliquid,AAVE/USDC:USDC,197542.92,1.25e-05,149.87
2025-12-25T12:00:00+00:00,hyperliquid,AAVE/USDC:USDC,197714.34,9.3117e-06,149.95
2025-12-25T13:00:00+00:00,hyperliquid,AAVE/USDC:USDC,197171.2,1.25e-05,151.475
2025-12-25T14:00:00+00:00,hyperliquid,AAVE/USDC:USDC,198156.44,1.25e-05,152.885
2025-12-25T15:00:00+00:00,hyperliquid,AAVE/USDC:USDC,202257.58,1.25e-05,152.285
2025-12-25T16:00:00+00:00,hyperliquid,AAVE/USDC:USDC,205691.94,1.25e-05,153.71
2025-12-25T17:00:00+00:00,hyperliquid,AAVE/USDC:USDC,208582.68,1.25e-05,152.37
2025-12-25T18:00:00+00:00,hyperliquid,AAVE/USDC:USDC,208577.3,1.25e-05,153.195
2025-12-25T19:00:00+00:00,hyperliquid,AAVE/USDC:USDC,205814.2,1.25e-05,152.525
2025-12-25T20:00:00+00:00,hyperliquid,AAVE/USDC:USDC,205549.04,1.25e-05,152.77
2025-12-25T21:00:00+00:00,hyperliquid,AAVE/USDC:USDC,205514.5,1.25e-05,152.12
2025-12-25T22:00:00+00:00,hyperliquid,AAVE/USDC:USDC,205268.34,1.25e-05,152.47
2025-12-25T23:00:00+00:00,hyperliquid,AAVE/USDC:USDC,197358.8,1.25e-05,149.87
2025-12-26T00:00:00+00:00,hyperliquid,AAVE/USDC:USDC,195193.66,1.25e-05,149.005
2025-12-26T01:00:00+00:00,hyperliquid,AAVE/USDC:USDC,194169.46,1.25e-05,149.715
2025-12-26T02:00:00+00:00,hyperliquid,AAVE/USDC:USDC,194347.78,1.25e-05,150.09
2025-12-26T03:00:00+00:00,hyperliquid,AAVE/USDC:USDC,193760.66,1.25e-05,153.04
2025-12-26T04:00:00+00:00,hyperliquid,AAVE/USDC:USDC,189671.02,1.25e-05,152.075
2025-12-26T05:00:00+00:00,hyperliquid,AAVE/USDC:USDC,189059.46,1.25e-05,152.65
2025-12-26T06:00:00+00:00,hyperliquid,AAVE/USDC:USDC,189026.02,1.25e-05,153.085
2025-12-26T07:00:00+00:00,hyperliquid,AAVE/USDC:USDC,188953.46,1.25e-05,153.825
2025-12-26T08:00:00+00:00,hyperliquid,AAVE/USDC:USDC,186199.38,1.25e-05,153.035
2025-12-26T09:00:00+00:00,hyperliquid,AAVE/USDC:USDC,185356.62,1.25e-05,153.17
2025-12-26T10:00:00+00:00,hyperliquid,AAVE/USDC:USDC,184788.12,1.25e-05,154.43
2025-12-26T11:00:00+00:00,hyperliquid,AAVE/USDC:USDC,184740.22,1.25e-05,154.375
2025-12-26T12:00:00+00:00,hyperliquid,AAVE/USDC:USDC,184950.2,1.25e-05,154.03
2025-12-26T13:00:00+00:00,hyperliquid,AAVE/USDC:USDC,185444.38,1.25e-05,154.59
2025-12-26T14:00:00+00:00,hyperliquid,AAVE/USDC:USDC,184640.98,1.25e-05,156.3
2025-12-26T15:00:00+00:00,hyperliquid,AAVE/USDC:USDC,183342.68,1.25e-05,152.365
2025-12-26T16:00:00+00:00,hyperliquid,AAVE/USDC:USDC,182329.72,1.25e-05,155.1
2025-12-26T17:00:00+00:00,hyperliquid,AAVE/USDC:USDC,181354.7,-1.8763e-06,154.465
2025-12-26T18:00:00+00:00,hyperliquid,AAVE/USDC:USDC,180605.1,1.8513e-06,154.795
2025-12-26T19:00:00+00:00,hyperliquid,AAVE/USDC:USDC,180348.78,1.25e-05,154.365
2025-12-26T20:00:00+00:00,hyperliquid,AAVE/USDC:USDC,179965.62,2.5447e-06,155.255
2025-12-26T21:00:00+00:00,hyperliquid,AAVE/USDC:USDC,178633.22,1.01738e-05,154.81
2025-12-26T22:00:00+00:00,hyperliquid,AAVE/USDC:USDC,178270.14,1.25e-05,153.705
2025-12-26T23:00:00+00:00,hyperliquid,AAVE/USDC:USDC,177768.76,1.25e-05,154.12
2025-12-27T00:00:00+00:00,hyperliquid,AAVE/USDC:USDC,177831.68,1.25e-05,154.235
2025-12-27T01:00:00+00:00,hyperliquid,AAVE/USDC:USDC,177195.24,1.25e-05,154.59
2025-12-27T02:00:00+00:00,hyperliquid,AAVE/USDC:USDC,177116.44,1.25e-05,154.805
2025-12-27T03:00:00+00:00,hyperliquid,AAVE/USDC:USDC,177398.2,1.25e-05,155.115
2025-12-27T04:00:00+00:00,hyperliquid,AAVE/USDC:USDC,177128.86,1.25e-05,155.935
2025-12-27T05:00:00+00:00,hyperliquid,AAVE/USDC:USDC,176020.5,5.5094e-06,154.775
2025-12-27T06:00:00+00:00,hyperliquid,AAVE/USDC:USDC,175776.4,1.23943e-05,155.615
2025-12-27T07:00:00+00:00,hyperliquid,AAVE/USDC:USDC,176074.54,8.7999e-06,156.035
2025-12-27T08:00:00+00:00,hyperliquid,AAVE/USDC:USDC,175647.52,1.25e-05,156.755
2025-12-27T09:00:00+00:00,hyperliquid,AAVE/USDC:USDC,176219.26,5.9983e-06,156.71
2025-12-27T10:00:00+00:00,hyperliquid,AAVE/USDC:USDC,176296.78,9.4684e-06,156.87
2025-12-27T11:00:00+00:00,hyperliquid,AAVE/USDC:USDC,176447.98,1.25e-05,156.245
2025-12-27T12:00:00+00:00,hyperliquid,AAVE/USDC:USDC,178498.42,1.25e-05,156.935
2025-12-27T13:00:00+00:00,hyperliquid,AAVE/USDC:USDC,180650.26,1.25e-05,156.47
2025-12-27T14:00:00+00:00,hyperliquid,AAVE/USDC:USDC,183083.58,1.25e-05,155.645
2025-12-27T15:00:00+00:00,hyperliquid,AAVE/USDC:USDC,183072.06,1.25e-05,156.095
2025-12-27T16:00:00+00:00,hyperliquid,AAVE/USDC:USDC,183428.18,1.25e-05,156.71
2025-12-27T17:00:00+00:00,hyperliquid,AAVE/USDC:USDC,183292.32,1.25e-05,155.735
2025-12-27T18:00:00+00:00,hyperliquid,AAVE/USDC:USDC,184082.36,1.25e-05,155.705
2025-12-27T19:00:00+00:00,hyperliquid,AAVE/USDC:USDC,185024.82,1.25e-05,156.475
2025-12-27T20:00:00+00:00,hyperliquid,AAVE/USDC:USDC,184869.24,1.25e-05,156.115
2025-12-27T21:00:00+00:00,hyperliquid,AAVE/USDC:USDC,184973.38,1.25e-05,156.03
2025-12-27T22:00:00+00:00,hyperliquid,AAVE/USDC:USDC,184587.12,1.25e-05,156.535
2025-12-27T23:00:00+00:00,hyperliquid,AAVE/USDC:USDC,184435.9,1.25e-05,156.315
2025-12-28T00:00:00+00:00,hyperliquid,AAVE/USDC:USDC,183841.84,1.25e-05,157.2
2025-12-28T01:00:00+00:00,hyperliquid,AAVE/USDC:USDC,180190.14,1.25e-05,156.445
2025-12-28T02:00:00+00:00,hyperliquid,AAVE/USDC:USDC,180515.0,1.25e-05,155.685
2025-12-28T03:00:00+00:00,hyperliquid,AAVE/USDC:USDC,180429.04,3.3429e-06,155.915
2025-12-28T04:00:00+00:00,hyperliquid,AAVE/USDC:USDC,180347.64,1.25e-05,155.955
2025-12-28T05:00:00+00:00,hyperliquid,AAVE/USDC:USDC,180314.06,1.25e-05,155.205
2025-12-28T06:00:00+00:00,hyperliquid,AAVE/USDC:USDC,174961.06,-1.31459e-05,154.11
2025-12-28T07:00:00+00:00,hyperliquid,AAVE/USDC:USDC,174102.18,-4.8142e-06,155.595
2025-12-28T08:00:00+00:00,hyperliquid,AAVE/USDC:USDC,173805.94,1.25e-05,155.21
2025-12-28T09:00:00+00:00,hyperliquid,AAVE/USDC:USDC,173571.84,1.19075e-05,154.71
2025-12-28T10:00:00+00:00,hyperliquid,AAVE/USDC:USDC,173637.98,1.25e-05,154.69
2025-12-28T11:00:00+00:00,hyperliquid,AAVE/USDC:USDC,181028.86,1.25e-05,155.855
2025-12-28T12:00:00+00:00,hyperliquid,AAVE/USDC:USDC,181037.64,1.25e-05,155.105
2025-12-28T13:00:00+00:00,hyperliquid,AAVE/USDC:USDC,180468.2,1.25e-05,154.625
2025-12-28T14:00:00+00:00,hyperliquid,AAVE/USDC:USDC,181850.76,1.25e-05,155.165
2025-12-28T15:00:00+00:00,hyperliquid,AAVE/USDC:USDC,181645.52,1.25e-05,155.725
2025-12-28T16:00:00+00:00,hyperliquid,AAVE/USDC:USDC,181919.28,1.25e-05,154.94
2025-12-28T17:00:00+00:00,hyperliquid,AAVE/USDC:USDC,181640.56,1.25e-05,154.925
2025-12-28T18:00:00+00:00,hyperliquid,AAVE/USDC:USDC,181659.5,1.25e-05,154.415
2025-12-28T19:00:00+00:00,hyperliquid,AAVE/USDC:USDC,182019.4,1.25e-05,153.69
2025-12-28T20:00:00+00:00,hyperliquid,AAVE/USDC:USDC,181721.68,1.25e-05,153.245
2025-12-28T21:00:00+00:00,hyperliquid,AAVE/USDC:USDC,181971.7,1.25e-05,152.98
2025-12-28T22:00:00+00:00,hyperliquid,AAVE/USDC:USDC,181707.6,1.25e-05,153.195
2025-12-28T23:00:00+00:00,hyperliquid,AAVE/USDC:USDC,181568.46,1.25e-05,153.565
2025-12-29T00:00:00+00:00,hyperliquid,AAVE/USDC:USDC,181720.6,1.25e-05,153.325
2025-12-29T01:00:00+00:00,hyperliquid,AAVE/USDC:USDC,179033.08,1.25e-05,154.405
2025-12-29T02:00:00+00:00,hyperliquid,AAVE/USDC:USDC,178595.12,1.25e-05,155.01
2025-12-29T03:00:00+00:00,hyperliquid,AAVE/USDC:USDC,179956.2000000001,1.25e-05,155.715
2025-12-29T04:00:00+00:00,hyperliquid,AAVE/USDC:USDC,182886.92,1.25e-05,157.44
2025-12-29T05:00:00+00:00,hyperliquid,AAVE/USDC:USDC,186351.74,1.25e-05,157.16
2025-12-29T06:00:00+00:00,hyperliquid,AAVE/USDC:USDC,186176.9,1.25e-05,156.92
2025-12-29T07:00:00+00:00,hyperliquid,AAVE/USDC:USDC,185816.76,1.25e-05,155.935
2025-12-29T08:00:00+00:00,hyperliquid,AAVE/USDC:USDC,181692.36,1.00143e-05,153.74
2025-12-29T09:00:00+00:00,hyperliquid,AAVE/USDC:USDC,182586.98,1.25e-05,152.395
2025-12-29T10:00:00+00:00,hyperliquid,AAVE/USDC:USDC,181492.02,1.25e-05,152.145
2025-12-29T11:00:00+00:00,hyperliquid,AAVE/USDC:USDC,183259.26,1.25e-05,152.365
2025-12-29T12:00:00+00:00,hyperliquid,AAVE/USDC:USDC,183208.9999999999,1.25e-05,152.105
2025-12-29T13:00:00+00:00,hyperliquid,AAVE/USDC:USDC,183678.52,1.25e-05,151.155
2025-12-29T14:00:00+00:00,hyperliquid,AAVE/USDC:USDC,183079.74,1.25e-05,150.33
2025-12-29T15:00:00+00:00,hyperliquid,AAVE/USDC:USDC,183741.82,1.25e-05,150.635
2025-12-29T16:00:00+00:00,hyperliquid,AAVE/USDC:USDC,183772.22,1.25e-05,151.145
2025-12-29T17:00:00+00:00,hyperliquid,AAVE/USDC:USDC,183974.78,1.25e-05,151.06
2025-12-29T18:00:00+00:00,hyperliquid,AAVE/USDC:USDC,183060.1,1.25e-05,151.1
2025-12-29T19:00:00+00:00,hyperliquid,AAVE/USDC:USDC,184864.0599999999,1.25e-05,149.445
2025-12-29T20:00:00+00:00,hyperliquid,AAVE/USDC:USDC,185221.84,1.25e-05,149.475
2025-12-29T21:00:00+00:00,hyperliquid,AAVE/USDC:USDC,185392.18,1.25e-05,148.805
2025-12-29T22:00:00+00:00,hyperliquid,AAVE/USDC:USDC,185875.76,1.25e-05,149.535
2025-12-29T23:00:00+00:00,hyperliquid,AAVE/USDC:USDC,185769.68,1.25e-05,149.615
2025-12-30T00:00:00+00:00,hyperliquid,AAVE/USDC:USDC,186322.48,1.25e-05,149.425
2025-12-30T01:00:00+00:00,hyperliquid,AAVE/USDC:USDC,186452.7,1.25e-05,149.8
2025-12-30T02:00:00+00:00,hyperliquid,AAVE/USDC:USDC,185898.28,1.25e-05,150.245
2025-12-30T03:00:00+00:00,hyperliquid,AAVE/USDC:USDC,185917.78,1.25e-05,149.755
2025-12-30T04:00:00+00:00,hyperliquid,AAVE/USDC:USDC,186662.04,1.25e-05,151.255
2025-12-30T05:00:00+00:00,hyperliquid,AAVE/USDC:USDC,186515.84,1.25e-05,150.995
2025-12-30T06:00:00+00:00,hyperliquid,AAVE/USDC:USDC,186512.42,1.25e-05,150.465
2025-12-30T07:00:00+00:00,hyperliquid,AAVE/USDC:USDC,186206.08,1.25e-05,150.71
2025-12-30T08:00:00+00:00,hyperliquid,AAVE/USDC:USDC,187895.56,1.25e-05,151.075
2025-12-30T09:00:00+00:00,hyperliquid,AAVE/USDC:USDC,185983.9,1.25e-05,150.895
2025-12-30T10:00:00+00:00,hyperliquid,AAVE/USDC:USDC,187291.22,1.25e-05,151.27
2025-12-30T11:00:00+00:00,hyperliquid,AAVE/USDC:USDC,187272.98,1.25e-05,150.385
2025-12-30T12:00:00+00:00,hyperliquid,AAVE/USDC:USDC,185820.74,1.25e-05,150.075
2025-12-30T13:00:00+00:00,hyperliquid,AAVE/USDC:USDC,185076.28,1.25e-05,150.39
2025-12-30T14:00:00+00:00,hyperliquid,AAVE/USDC:USDC,184341.06,1.25e-05,150.585
2025-12-30T15:00:00+00:00,hyperliquid,AAVE/USDC:USDC,181930.94,1.25e-05,150.98
2025-12-30T16:00:00+00:00,hyperliquid,AAVE/USDC:USDC,180724.16,1.25e-05,150.915
2025-12-30T17:00:00+00:00,hyperliquid,AAVE/USDC:USDC,180532.44,1.25e-05,150.895
2025-12-30T18:00:00+00:00,hyperliquid,AAVE/USDC:USDC,180342.78,1.25e-05,150.47
2025-12-30T19:00:00+00:00,hyperliquid,AAVE/USDC:USDC,180090.04,1.25e-05,150.09
2025-12-30T20:00:00+00:00,hyperliquid,AAVE/USDC:USDC,179745.5,1.25e-05,149.905
2025-12-30T21:00:00+00:00,hyperliquid,AAVE/USDC:USDC,179488.76,1.25e-05,149.84
2025-12-30T22:00:00+00:00,hyperliquid,AAVE/USDC:USDC,180288.5,1.25e-05,149.455
2025-12-30T23:00:00+00:00,hyperliquid,AAVE/USDC:USDC,179311.86,1.25e-05,149.2
2025-12-31T00:00:00+00:00,hyperliquid,AAVE/USDC:USDC,179937.42,1.25e-05,149.445
2025-12-31T01:00:00+00:00,hyperliquid,AAVE/USDC:USDC,180071.64,1.25e-05,148.805
2025-12-31T02:00:00+00:00,hyperliquid,AAVE/USDC:USDC,180408.32,1.25e-05,149.48
2025-12-31T03:00:00+00:00,hyperliquid,AAVE/USDC:USDC,180163.26,1.25e-05,150.06
2025-12-31T04:00:00+00:00,hyperliquid,AAVE/USDC:USDC,180152.88,1.25e-05,149.385
2025-12-31T05:00:00+00:00,hyperliquid,AAVE/USDC:USDC,180793.0,1.25e-05,149.575
2025-12-31T06:00:00+00:00,hyperliquid,AAVE/USDC:USDC,180799.68,1.25e-05,150.105
2025-12-31T07:00:00+00:00,hyperliquid,AAVE/USDC:USDC,177226.2,1.25e-05,150.495
2025-12-31T08:00:00+00:00,hyperliquid,AAVE/USDC:USDC,177274.2,1.25e-05,150.115
2025-12-31T09:00:00+00:00,hyperliquid,AAVE/USDC:USDC,176109.5,1.25e-05,149.45
2025-12-31T10:00:00+00:00,hyperliquid,AAVE/USDC:USDC,176113.34,1.25e-05,149.625
2025-12-31T11:00:00+00:00,hyperliquid,AAVE/USDC:USDC,176271.1,1.25e-05,149.18
2025-12-31T12:00:00+00:00,hyperliquid,AAVE/USDC:USDC,176264.8,1.25e-05,149.635
2025-12-31T13:00:00+00:00,hyperliquid,AAVE/USDC:USDC,176889.74,1.25e-05,148.755
2025-12-31T14:00:00+00:00,hyperliquid,AAVE/USDC:USDC,177811.36,1.25e-05,149.47
2025-12-31T15:00:00+00:00,hyperliquid,AAVE/USDC:USDC,178585.86,1.25e-05,148.71
2025-12-31T16:00:00+00:00,hyperliquid,AAVE/USDC:USDC,179227.12,1.25e-05,147.495
2025-12-31T17:00:00+00:00,hyperliquid,AAVE/USDC:USDC,180272.08,1.25e-05,145.82
2025-12-31T18:00:00+00:00,hyperliquid,AAVE/USDC:USDC,179724.06,1.25e-05,144.665
2025-12-31T19:00:00+00:00,hyperliquid,AAVE/USDC:USDC,180178.94,1.25e-05,144.895
2025-12-31T20:00:00+00:00,hyperliquid,AAVE/USDC:USDC,179959.9,1.25e-05,144.315
2025-12-31T21:00:00+00:00,hyperliquid,AAVE/USDC:USDC,187285.22,1.25e-05,145.685
2025-12-31T22:00:00+00:00,hyperliquid,AAVE/USDC:USDC,194094.72,1.25e-05,146.895
2025-12-31T23:00:00+00:00,hyperliquid,AAVE/USDC:USDC,197794.52,1.25e-05,146.135
2026-01-01T00:00:00+00:00,hyperliquid,AAVE/USDC:USDC,190148.36,1.25e-05,146.085
2026-01-01T01:00:00+00:00,hyperliquid,AAVE/USDC:USDC,186279.02,1.25e-05,146.345
2026-01-01T02:00:00+00:00,hyperliquid,AAVE/USDC:USDC,185715.98,1.25e-05,145.875
2026-01-01T03:00:00+00:00,hyperliquid,AAVE/USDC:USDC,185465.08,1.25e-05,145.88
2026-01-01T04:00:00+00:00,hyperliquid,AAVE/USDC:USDC,185264.54,1.25e-05,146.12
2026-01-01T05:00:00+00:00,hyperliquid,AAVE/USDC:USDC,184619.38,1.25e-05,145.855
2026-01-01T06:00:00+00:00,hyperliquid,AAVE/USDC:USDC,184166.34,1.25e-05,146.095
2026-01-01T07:00:00+00:00,hyperliquid,AAVE/USDC:USDC,183998.1,1.25e-05,146.525
2026-01-01T08:00:00+00:00,hyperliquid,AAVE/USDC:USDC,183648.72,1.25e-05,146.065
2026-01-01T09:00:00+00:00,hyperliquid,AAVE/USDC:USDC,183452.02,1.25e-05,146.175
2026-01-01T10:00:00+00:00,hyperliquid,AAVE/USDC:USDC,183441.2600000001,1.25e-05,146.035
2026-01-01T11:00:00+00:00,hyperliquid,AAVE/USDC:USDC,183523.66,1.25e-05,145.905
2026-01-01T12:00:00+00:00,hyperliquid,AAVE/USDC:USDC,183361.92,1.25e-05,146.27
2026-01-01T13:00:00+00:00,hyperliquid,AAVE/USDC:USDC,185084.38,1.25e-05,145.095
2026-01-01T14:00:00+00:00,hyperliquid,AAVE/USDC:USDC,185128.14,1.25e-05,145.375
2026-01-01T15:00:00+00:00,hyperliquid,AAVE/USDC:USDC,185122.18,1.25e-05,145.695
2026-01-01T16:00:00+00:00,hyperliquid,AAVE/USDC:USDC,183884.54,1.25e-05,146.445
2026-01-01T17:00:00+00:00,hyperliquid,AAVE/USDC:USDC,183690.62,1.25e-05,146.665
2026-01-01T18:00:00+00:00,hyperliquid,AAVE/USDC:USDC,190631.7799999999,1.25e-05,147.415
2026-01-01T19:00:00+00:00,hyperliquid,AAVE/USDC:USDC,192469.98,1.25e-05,147.73
2026-01-01T20:00:00+00:00,hyperliquid,AAVE/USDC:USDC,190703.18,1.25e-05,148.755
2026-01-01T21:00:00+00:00,hyperliquid,AAVE/USDC:USDC,190398.3,1.25e-05,147.435
2026-01-01T22:00:00+00:00,hyperliquid,AAVE/USDC:USDC,190754.44,1.25e-05,148.165
2026-01-01T23:00:00+00:00,hyperliquid,AAVE/USDC:USDC,190521.96,1.25e-05,149.485
2026-01-02T00:00:00+00:00,hyperliquid,AAVE/USDC:USDC,189780.66,1.25e-05,149.205
2026-01-02T01:00:00+00:00,hyperliquid,AAVE/USDC:USDC,189405.7,1.25e-05,149.455
2026-01-02T02:00:00+00:00,hyperliquid,AAVE/USDC:USDC,189093.88,1.25e-05,148.735
2026-01-02T03:00:00+00:00,hyperliquid,AAVE/USDC:USDC,187678.26,1.25e-05,149.025
2026-01-02T04:00:00+00:00,hyperliquid,AAVE/USDC:USDC,186093.62,1.25e-05,151.02
2026-01-02T05:00:00+00:00,hyperliquid,AAVE/USDC:USDC,188535.3,1.25e-05,150.745
2026-01-02T06:00:00+00:00,hyperliquid,AAVE/USDC:USDC,185650.54,1.25e-05,150.395
2026-01-02T07:00:00+00:00,hyperliquid,AAVE/USDC:USDC,185670.52,1.25e-05,150.615
2026-01-02T08:00:00+00:00,hyperliquid,AAVE/USDC:USDC,185534.64,1.25e-05,149.59
2026-01-02T09:00:00+00:00,hyperliquid,AAVE/USDC:USDC,185672.96,1.25e-05,150.355
2026-01-02T10:00:00+00:00,hyperliquid,AAVE/USDC:USDC,187558.28,1.25e-05,152.505
2026-01-02T11:00:00+00:00,hyperliquid,AAVE/USDC:USDC,187408.98,1.25e-05,151.445
2026-01-02T12:00:00+00:00,hyperliquid,AAVE/USDC:USDC,188500.12,1.25e-05,150.625
2026-01-02T13:00:00+00:00,hyperliquid,AAVE/USDC:USDC,187938.62,1.25e-05,151.675
2026-01-02T14:00:00+00:00,hyperliquid,AAVE/USDC:USDC,188066.8,1.25e-05,152.085
2026-01-02T15:00:00+00:00,hyperliquid,AAVE/USDC:USDC,186934.76,1.25e-05,153.805
2026-01-02T16:00:00+00:00,hyperliquid,AAVE/USDC:USDC,186624.76,1.25e-05,154.185
2026-01-02T17:00:00+00:00,hyperliquid,AAVE/USDC:USDC,181170.16,2.5857e-06,156.445
2026-01-02T18:00:00+00:00,hyperliquid,AAVE/USDC:USDC,177181.98,1.25e-05,156.145
2026-01-02T19:00:00+00:00,hyperliquid,AAVE/USDC:USDC,177207.08,1.25e-05,155.685
2026-01-02T20:00:00+00:00,hyperliquid,AAVE/USDC:USDC,176970.36,1.25e-05,156.915
2026-01-02T21:00:00+00:00,hyperliquid,AAVE/USDC:USDC,200414.8,1.25e-05,161.04
2026-01-02T22:00:00+00:00,hyperliquid,AAVE/USDC:USDC,186198.78,1.25e-05,164.48
2026-01-02T23:00:00+00:00,hyperliquid,AAVE/USDC:USDC,186796.78,1.25e-05,164.8
2026-01-03T00:00:00+00:00,hyperliquid,AAVE/USDC:USDC,195998.72,1.25e-05,165.695
2026-01-03T01:00:00+00:00,hyperliquid,AAVE/USDC:USDC,196196.42,1.25e-05,164.92
2026-01-03T02:00:00+00:00,hyperliquid,AAVE/USDC:USDC,194849.12,1.25e-05,164.575
2026-01-03T03:00:00+00:00,hyperliquid,AAVE/USDC:USDC,194710.22,1.25e-05,165.105
2026-01-03T04:00:00+00:00,hyperliquid,AAVE/USDC:USDC,194719.56,1.25e-05,165.1
2026-01-03T05:00:00+00:00,hyperliquid,AAVE/USDC:USDC,194449.02,1.25e-05,164.995
2026-01-03T06:00:00+00:00,hyperliquid,AAVE/USDC:USDC,199105.78,1.25e-05,165.65
2026-01-03T07:00:00+00:00,hyperliquid,AAVE/USDC:USDC,206137.82,1.25e-05,164.325
2026-01-03T08:00:00+00:00,hyperliquid,AAVE/USDC:USDC,203504.44,1.25e-05,161.74
2026-01-03T09:00:00+00:00,hyperliquid,AAVE/USDC:USDC,200720.9,1.25e-05,161.375
2026-01-03T10:00:00+00:00,hyperliquid,AAVE/USDC:USDC,200813.3,1.25e-05,161.675
2026-01-03T11:00:00+00:00,hyperliquid,AAVE/USDC:USDC,200847.86,1.25e-05,159.5
2026-01-03T12:00:00+00:00,hyperliquid,AAVE/USDC:USDC,202128.4,1.25e-05,158.315
2026-01-03T13:00:00+00:00,hyperliquid,AAVE/USDC:USDC,209100.74,1.25e-05,159.67
2026-01-03T14:00:00+00:00,hyperliquid,AAVE/USDC:USDC,213386.66,1.25e-05,160.37
2026-01-03T15:00:00+00:00,hyperliquid,AAVE/USDC:USDC,213570.38,1.25e-05,159.955
2026-01-03T16:00:00+00:00,hyperliquid,AAVE/USDC:USDC,213933.9,1.25e-05,159.975
2026-01-03T17:00:00+00:00,hyperliquid,AAVE/USDC:USDC,214870.58,1.25e-05,160.59
2026-01-03T18:00:00+00:00,hyperliquid,AAVE/USDC:USDC,214554.42,1.25e-05,160.265
2026-01-03T19:00:00+00:00,hyperliquid,AAVE/USDC:USDC,214464.7,1.25e-05,160.495
2026-01-03T20:00:00+00:00,hyperliquid,AAVE/USDC:USDC,214653.88,1.25e-05,160.505
2026-01-03T21:00:00+00:00,hyperliquid,AAVE/USDC:USDC,207348.46,1.25e-05,161.18
2026-01-03T22:00:00+00:00,hyperliquid,AAVE/USDC:USDC,208614.26,1.25e-05,161.44
2026-01-03T23:00:00+00:00,hyperliquid,AAVE/USDC:USDC,211459.72,1.25e-05,162.575
2026-01-04T00:00:00+00:00,hyperliquid,AAVE/USDC:USDC,211237.6200000001,1.25e-05,162.77
2026-01-04T01:00:00+00:00,hyperliquid,AAVE/USDC:USDC,211171.44,1.25e-05,164.245
2026-01-04T02:00:00+00:00,hyperliquid,AAVE/USDC:USDC,211424.66,1.25e-05,164.07
2026-01-04T03:00:00+00:00,hyperliquid,AAVE/USDC:USDC,211686.26,1.25e-05,163.87
2026-01-04T04:00:00+00:00,hyperliquid,AAVE/USDC:USDC,211641.88,1.25e-05,164.405
2026-01-04T05:00:00+00:00,hyperliquid,AAVE/USDC:USDC,209833.24,1.25e-05,163.78
2026-01-04T06:00:00+00:00,hyperliquid,AAVE/USDC:USDC,210181.1,1.25e-05,163.235
2026-01-04T07:00:00+00:00,hyperliquid,AAVE/USDC:USDC,208994.48,1.25e-05,161.69
2026-01-04T08:00:00+00:00,hyperliquid,AAVE/USDC:USDC,208839.42,1.25e-05,161.375
2026-01-04T09:00:00+00:00,hyperliquid,AAVE/USDC:USDC,208362.34,1.25e-05,162.14
2026-01-04T10:00:00+00:00,hyperliquid,AAVE/USDC:USDC,205520.34,1.25e-05,163.11
2026-01-04T11:00:00+00:00,hyperliquid,AAVE/USDC:USDC,204995.44,1.25e-05,162.785
2026-01-04T12:00:00+00:00,hyperliquid,AAVE/USDC:USDC,205827.56,1.25e-05,164.075
2026-01-04T13:00:00+00:00,hyperliquid,AAVE/USDC:USDC,208073.54,1.25e-05,164.73
2026-01-04T14:00:00+00:00,hyperliquid,AAVE/USDC:USDC,207232.74,1.25e-05,164.775
2026-01-04T15:00:00+00:00,hyperliquid,AAVE/USDC:USDC,206908.48,1.25e-05,165.625
2026-01-04T16:00:00+00:00,hyperliquid,AAVE/USDC:USDC,206763.44,1.25e-05,164.725
2026-01-04T17:00:00+00:00,hyperliquid,AAVE/USDC:USDC,207236.32,1.25e-05,165.86
2026-01-04T18:00:00+00:00,hyperliquid,AAVE/USDC:USDC,206590.6,1.25e-05,165.035
2026-01-04T19:00:00+00:00,hyperliquid,AAVE/USDC:USDC,205119.14,1.25e-05,163.42
2026-01-04T20:00:00+00:00,hyperliquid,AAVE/USDC:USDC,204655.18,1.25e-05,162.535
2026-01-04T21:00:00+00:00,hyperliquid,AAVE/USDC:USDC,204504.08,1.25e-05,163.375
2026-01-04T22:00:00+00:00,hyperliquid,AAVE/USDC:USDC,210970.6,1.25e-05,164.11
2026-01-04T23:00:00+00:00,hyperliquid,AAVE/USDC:USDC,211883.7,1.25e-05,164.85
2026-01-05T00:00:00+00:00,hyperliquid,AAVE/USDC:USDC,211823.1,1.25e-05,165.315
2026-01-05T01:00:00+00:00,hyperliquid,AAVE/USDC:USDC,210187.46,1.25e-05,165.065
2026-01-05T02:00:00+00:00,hyperliquid,AAVE/USDC:USDC,212641.18,1.25e-05,167.43
2026-01-05T03:00:00+00:00,hyperliquid,AAVE/USDC:USDC,211370.3,1.25e-05,166.745
2026-01-05T04:00:00+00:00,hyperliquid,AAVE/USDC:USDC,211114.78,1.25e-05,165.98
2026-01-05T05:00:00+00:00,hyperliquid,AAVE/USDC:USDC,201409.32,1.25e-05,162.975
2026-01-05T06:00:00+00:00,hyperliquid,AAVE/USDC:USDC,198585.72,1.25e-05,163.015
2026-01-05T07:00:00+00:00,hyperliquid,AAVE/USDC:USDC,198206.56,1.25e-05,163.345
2026-01-05T08:00:00+00:00,hyperliquid,AAVE/USDC:USDC,198039.7600000001,1.25e-05,164.815
2026-01-05T09:00:00+00:00,hyperliquid,AAVE/USDC:USDC,197300.5,1.25e-05,163.91
2026-01-05T10:00:00+00:00,hyperliquid,AAVE/USDC:USDC,196156.62,1.25e-05,163.875
2026-01-05T11:00:00+00:00,hyperliquid,AAVE/USDC:USDC,203162.2,1.25e-05,165.205
2026-01-05T12:00:00+00:00,hyperliquid,AAVE/USDC:USDC,203149.64,1.25e-05,166.2
2026-01-05T13:00:00+00:00,hyperliquid,AAVE/USDC:USDC,203290.76,1.25e-05,164.875
2026-01-05T14:00:00+00:00,hyperliquid,AAVE/USDC:USDC,202698.86,1.25e-05,165.21
2026-01-05T15:00:00+00:00,hyperliquid,AAVE/USDC:USDC,206134.74,1.25e-05,166.24
2026-01-05T16:00:00+00:00,hyperliquid,AAVE/USDC:USDC,217410.14,1.25e-05,169.435
2026-01-05T17:00:00+00:00,hyperliquid,AAVE/USDC:USDC,215846.74,1.25e-05,170.885
2026-01-05T18:00:00+00:00,hyperliquid,AAVE/USDC:USDC,216983.58,1.25e-05,171.38
2026-01-05T19:00:00+00:00,hyperliquid,AAVE/USDC:USDC,219964.0799999999,1.25e-05,174.495
2026-01-05T20:00:00+00:00,hyperliquid,AAVE/USDC:USDC,233766.82,1.25e-05,173.345
2026-01-05T21:00:00+00:00,hyperliquid,AAVE/USDC:USDC,228069.32,-6.85e-07,171.95
2026-01-05T22:00:00+00:00,hyperliquid,AAVE/USDC:USDC,220180.42,-3.00161e-05,171.255
2026-01-05T23:00:00+00:00,hyperliquid,AAVE/USDC:USDC,217813.42,2.8739e-06,172.585
2026-01-06T00:00:00+00:00,hyperliquid,AAVE/USDC:USDC,216642.4,8.5906e-06,171.24
2026-01-06T01:00:00+00:00,hyperliquid,AAVE/USDC:USDC,216022.24,1.25e-05,173.005
2026-01-06T02:00:00+00:00,hyperliquid,AAVE/USDC:USDC,216004.74,1.25e-05,172.29
2026-01-06T03:00:00+00:00,hyperliquid,AAVE/USDC:USDC,215944.76,1.25e-05,172.31
2026-01-06T04:00:00+00:00,hyperliquid,AAVE/USDC:USDC,217130.88,1.25e-05,173.37
2026-01-06T05:00:00+00:00,hyperliquid,AAVE/USDC:USDC,217252.22,1.25e-05,173.735
2026-01-06T06:00:00+00:00,hyperliquid,AAVE/USDC:USDC,213036.2000000001,-5.97252e-05,172.965
2026-01-06T07:00:00+00:00,hyperliquid,AAVE/USDC:USDC,208503.84,-8.4356e-06,173.645
2026-01-06T08:00:00+00:00,hyperliquid,AAVE/USDC:USDC,207940.18,7.1501e-06,171.67
2026-01-06T09:00:00+00:00,hyperliquid,AAVE/USDC:USDC,206989.9,1.25e-05,172.015
2026-01-06T10:00:00+00:00,hyperliquid,AAVE/USDC:USDC,206930.26,1.25e-05,173.65
2026-01-06T11:00:00+00:00,hyperliquid,AAVE/USDC:USDC,205315.9,1.25e-05,174.015
2026-01-06T12:00:00+00:00,hyperliquid,AAVE/USDC:USDC,205314.18,1.25e-05,174.525
2026-01-06T13:00:00+00:00,hyperliquid,AAVE/USDC:USDC,205320.46,8.3093e-06,174.795
2026-01-06T14:00:00+00:00,hyperliquid,AAVE/USDC:USDC,204579.72,6.7573e-06,174.45
2026-01-06T15:00:00+00:00,hyperliquid,AAVE/USDC:USDC,204364.84,1.25e-05,173.575
2026-01-06T16:00:00+00:00,hyperliquid,AAVE/USDC:USDC,202783.74,1.25e-05,172.975
2026-01-06T17:00:00+00:00,hyperliquid,AAVE/USDC:USDC,199591.12,1.09126e-05,169.965
2026-01-06T18:00:00+00:00,hyperliquid,AAVE/USDC:USDC,200012.6200000001,1.25e-05,168.905
2026-01-06T19:00:00+00:00,hyperliquid,AAVE/USDC:USDC,199664.96,1.25e-05,170.435
2026-01-06T20:00:00+00:00,hyperliquid,AAVE/USDC:USDC,199115.36,1.25e-05,170.535
2026-01-06T21:00:00+00:00,hyperliquid,AAVE/USDC:USDC,199246.0,1.25e-05,171.765
2026-01-06T22:00:00+00:00,hyperliquid,AAVE/USDC:USDC,199634.26,1.25e-05,174.975
2026-01-06T23:00:00+00:00,hyperliquid,AAVE/USDC:USDC,203300.3,1.25e-05,175.135
2026-01-07T00:00:00+00:00,hyperliquid,AAVE/USDC:USDC,212484.98,1.25e-05,175.875
2026-01-07T01:00:00+00:00,hyperliquid,AAVE/USDC:USDC,209640.52,1.25e-05,173.565
2026-01-07T02:00:00+00:00,hyperliquid,AAVE/USDC:USDC,208937.96,1.25e-05,171.965
2026-01-07T03:00:00+00:00,hyperliquid,AAVE/USDC:USDC,209268.52,1.25e-05,173.395
2026-01-07T04:00:00+00:00,hyperliquid,AAVE/USDC:USDC,209343.7,1.25e-05,172.215
2026-01-07T05:00:00+00:00,hyperliquid,AAVE/USDC:USDC,209033.26,1.25e-05,171.09
2026-01-07T06:00:00+00:00,hyperliquid,AAVE/USDC:USDC,209067.0,1.25e-05,171.315
2026-01-07T07:00:00+00:00,hyperliquid,AAVE/USDC:USDC,209052.3,1.25e-05,172.205
2026-01-07T08:00:00+00:00,hyperliquid,AAVE/USDC:USDC,209085.34,1.25e-05,173.715
2026-01-07T09:00:00+00:00,hyperliquid,AAVE/USDC:USDC,208669.2,1.25e-05,173.55
2026-01-07T10:00:00+00:00,hyperliquid,AAVE/USDC:USDC,207278.76,1.25e-05,169.945
2026-01-07T11:00:00+00:00,hyperliquid,AAVE/USDC:USDC,207948.66,1.25e-05,170.745
2026-01-07T12:00:00+00:00,hyperliquid,AAVE/USDC:USDC,203620.52,2.85561e-05,172.005
2026-01-07T13:00:00+00:00,hyperliquid,AAVE/USDC:USDC,203689.02,1.25e-05,171.175
2026-01-07T14:00:00+00:00,hyperliquid,AAVE/USDC:USDC,204059.88,1.25e-05,169.465
2026-01-07T15:00:00+00:00,hyperliquid,AAVE/USDC:USDC,202760.62,1.25e-05,169.04
2026-01-07T16:00:00+00:00,hyperliquid,AAVE/USDC:USDC,201344.6,1.25e-05,167.165
2026-01-07T17:00:00+00:00,hyperliquid,AAVE/USDC:USDC,197666.0,1.25e-05,167.015
2026-01-07T18:00:00+00:00,hyperliquid,AAVE/USDC:USDC,198345.34,1.25e-05,167.475
2026-01-07T19:00:00+00:00,hyperliquid,AAVE/USDC:USDC,198121.5,1.25e-05,167.675
2026-01-07T20:00:00+00:00,hyperliquid,AAVE/USDC:USDC,197836.42,1.25e-05,167.215
2026-01-07T21:00:00+00:00,hyperliquid,AAVE/USDC:USDC,197645.66,1.25e-05,166.68
2026-01-07T22:00:00+00:00,hyperliquid,AAVE/USDC:USDC,197838.72,1.25e-05,166.545
2026-01-07T23:00:00+00:00,hyperliquid,AAVE/USDC:USDC,198468.78,1.25e-05,166.645
2026-01-08T00:00:00+00:00,hyperliquid,AAVE/USDC:USDC,198656.36,1.25e-05,167.595
2026-01-08T01:00:00+00:00,hyperliquid,AAVE/USDC:USDC,198713.44,1.25e-05,167.965
2026-01-08T02:00:00+00:00,hyperliquid,AAVE/USDC:USDC,199023.44,1.25e-05,168.575
2026-01-08T03:00:00+00:00,hyperliquid,AAVE/USDC:USDC,199689.48,1.25e-05,167.745
2026-01-08T04:00:00+00:00,hyperliquid,AAVE/USDC:USDC,199971.42,1.25e-05,167.055
2026-01-08T05:00:00+00:00,hyperliquid,AAVE/USDC:USDC,199283.84,1.25e-05,167.045
2026-01-08T06:00:00+00:00,hyperliquid,AAVE/USDC:USDC,199460.18,1.25e-05,166.705
2026-01-08T07:00:00+00:00,hyperliquid,AAVE/USDC:USDC,190545.4,1.25e-05,163.075
2026-01-08T08:00:00+00:00,hyperliquid,AAVE/USDC:USDC,190238.1,1.25e-05,165.895
2026-01-08T09:00:00+00:00,hyperliquid,AAVE/USDC:USDC,190402.36,1.25e-05,164.75
2026-01-08T10:00:00+00:00,hyperliquid,AAVE/USDC:USDC,190934.0,1.25e-05,163.4
2026-01-08T11:00:00+00:00,hyperliquid,AAVE/USDC:USDC,181570.48,1.25e-05,165.235
2026-01-08T12:00:00+00:00,hyperliquid,AAVE/USDC:USDC,181874.9000000001,1.25e-05,164.41
2026-01-08T13:00:00+00:00,hyperliquid,AAVE/USDC:USDC,181326.5,1.25e-05,162.42
2026-01-08T14:00:00+00:00,hyperliquid,AAVE/USDC:USDC,181827.52,1.25e-05,161.765
2026-01-08T15:00:00+00:00,hyperliquid,AAVE/USDC:USDC,181548.38,1.25e-05,162.69
2026-01-08T16:00:00+00:00,hyperliquid,AAVE/USDC:USDC,179877.92,1.25e-05,165.94
2026-01-08T17:00:00+00:00,hyperliquid,AAVE/USDC:USDC,180020.28,1.25e-05,166.775
2026-01-08T18:00:00+00:00,hyperliquid,AAVE/USDC:USDC,180679.34,1.25e-05,166.59
2026-01-08T19:00:00+00:00,hyperliquid,AAVE/USDC:USDC,180681.44,1.25e-05,165.33
2026-01-08T20:00:00+00:00,hyperliquid,AAVE/USDC:USDC,180250.32,1.25e-05,164.025
2026-01-08T21:00:00+00:00,hyperliquid,AAVE/USDC:USDC,179880.24,1.25e-05,164.305
2026-01-08T22:00:00+00:00,hyperliquid,AAVE/USDC:USDC,179942.04,1.25e-05,165.265
2026-01-08T23:00:00+00:00,hyperliquid,AAVE/USDC:USDC,179373.8799999999,1.25e-05,165.11
2026-01-09T00:00:00+00:00,hyperliquid,AAVE/USDC:USDC,177909.74,1.25e-05,164.51
2026-01-09T01:00:00+00:00,hyperliquid,AAVE/USDC:USDC,177968.34,1.25e-05,165.09
2026-01-09T02:00:00+00:00,hyperliquid,AAVE/USDC:USDC,177463.5,1.25e-05,164.98
2026-01-09T03:00:00+00:00,hyperliquid,AAVE/USDC:USDC,176930.66,1.25e-05,164.875
2026-01-09T04:00:00+00:00,hyperliquid,AAVE/USDC:USDC,176780.98,1.25e-05,166.455
2026-01-09T05:00:00+00:00,hyperliquid,AAVE/USDC:USDC,176745.22,1.25e-05,165.725
2026-01-09T06:00:00+00:00,hyperliquid,AAVE/USDC:USDC,176737.98,1.25e-05,166.265
2026-01-09T07:00:00+00:00,hyperliquid,AAVE/USDC:USDC,176977.42,1.25e-05,166.455
2026-01-09T08:00:00+00:00,hyperliquid,AAVE/USDC:USDC,176999.06,1.25e-05,165.095
2026-01-09T09:00:00+00:00,hyperliquid,AAVE/USDC:USDC,176830.6599999999,1.25e-05,164.115
2026-01-09T10:00:00+00:00,hyperliquid,AAVE/USDC:USDC,176878.88,1.25e-05,164.3
2026-01-09T11:00:00+00:00,hyperliquid,AAVE/USDC:USDC,176772.66,1.25e-05,164.57
2026-01-09T12:00:00+00:00,hyperliquid,AAVE/USDC:USDC,177361.24,1.25e-05,165.3
2026-01-09T13:00:00+00:00,hyperliquid,AAVE/USDC:USDC,177056.28,1.25e-05,165.505
2026-01-09T14:00:00+00:00,hyperliquid,AAVE/USDC:USDC,178056.04,1.25e-05,166.37
2026-01-09T15:00:00+00:00,hyperliquid,AAVE/USDC:USDC,179393.16,1.25e-05,164.875
2026-01-09T16:00:00+00:00,hyperliquid,AAVE/USDC:USDC,180022.24,1.25e-05,167.925
2026-01-09T17:00:00+00:00,hyperliquid,AAVE/USDC:USDC,179269.84,1.25e-05,168.885
2026-01-09T18:00:00+00:00,hyperliquid,AAVE/USDC:USDC,179596.76,1.25e-05,167.845
2026-01-09T19:00:00+00:00,hyperliquid,AAVE/USDC:USDC,178864.2,1.25e-05,165.435
2026-01-09T20:00:00+00:00,hyperliquid,AAVE/USDC:USDC,178420.56,1.25e-05,164.405
2026-01-09T21:00:00+00:00,hyperliquid,AAVE/USDC:USDC,178357.64,1.25e-05,165.05
2026-01-09T22:00:00+00:00,hyperliquid,AAVE/USDC:USDC,179394.72,1.25e-05,165.925
2026-01-09T23:00:00+00:00,hyperliquid,AAVE/USDC:USDC,179579.62,1.25e-05,165.86
2026-01-10T00:00:00+00:00,hyperliquid,AAVE/USDC:USDC,181888.28,1.25e-05,165.67
2026-01-10T01:00:00+00:00,hyperliquid,AAVE/USDC:USDC,181687.62,1.25e-05,164.855
2026-01-10T02:00:00+00:00,hyperliquid,AAVE/USDC:USDC,181664.6,1.25e-05,165.355
2026-01-10T03:00:00+00:00,hyperliquid,AAVE/USDC:USDC,180263.98,1.25e-05,164.55
2026-01-10T04:00:00+00:00,hyperliquid,AAVE/USDC:USDC,179252.22,1.25e-05,164.715
2026-01-10T05:00:00+00:00,hyperliquid,AAVE/USDC:USDC,179025.52,1.25e-05,164.085
2026-01-10T06:00:00+00:00,hyperliquid,AAVE/USDC:USDC,178794.8,1.25e-05,163.92
2026-01-10T07:00:00+00:00,hyperliquid,AAVE/USDC:USDC,180280.16,1.25e-05,164.61
2026-01-10T08:00:00+00:00,hyperliquid,AAVE/USDC:USDC,180469.02,1.25e-05,165.21
2026-01-10T09:00:00+00:00,hyperliquid,AAVE/USDC:USDC,180480.2,1.25e-05,165.68
2026-01-10T10:00:00+00:00,hyperliquid,AAVE/USDC:USDC,181436.76,1.25e-05,165.745
2026-01-10T11:00:00+00:00,hyperliquid,AAVE/USDC:USDC,181442.46,1.25e-05,166.255
2026-01-10T12:00:00+00:00,hyperliquid,AAVE/USDC:USDC,181353.26,1.25e-05,166.515
2026-01-10T13:00:00+00:00,hyperliquid,AAVE/USDC:USDC,181372.58,1.25e-05,167.105
2026-01-10T14:00:00+00:00,hyperliquid,AAVE/USDC:USDC,181467.44,1.25e-05,166.575
2026-01-10T15:00:00+00:00,hyperliquid,AAVE/USDC:USDC,181126.24,1.25e-05,166.455
2026-01-10T16:00:00+00:00,hyperliquid,AAVE/USDC:USDC,181202.26,1.25e-05,165.79
2026-01-10T17:00:00+00:00,hyperliquid,AAVE/USDC:USDC,180177.2,1.25e-05,165.715
2026-01-10T18:00:00+00:00,hyperliquid,AAVE/USDC:USDC,181317.96,1.25e-05,165.33
2026-01-10T19:00:00+00:00,hyperliquid,AAVE/USDC:USDC,181285.96,1.25e-05,165.155
2026-01-10T20:00:00+00:00,hyperliquid,AAVE/USDC:USDC,181397.64,1.25e-05,165.7
2026-01-10T21:00:00+00:00,hyperliquid,AAVE/USDC:USDC,181452.92,1.25e-05,165.75
2026-01-10T22:00:00+00:00,hyperliquid,AAVE/USDC:USDC,181291.6,1.25e-05,164.65
2026-01-10T23:00:00+00:00,hyperliquid,AAVE/USDC:USDC,181373.2,1.25e-05,164.295
2026-01-11T00:00:00+00:00,hyperliquid,AAVE/USDC:USDC,181334.36,1.25e-05,164.825
2026-01-11T01:00:00+00:00,hyperliquid,AAVE/USDC:USDC,181247.08,1.25e-05,165.315
2026-01-11T02:00:00+00:00,hyperliquid,AAVE/USDC:USDC,181289.62,1.25e-05,165.645
2026-01-11T03:00:00+00:00,hyperliquid,AAVE/USDC:USDC,181272.7,1.25e-05,165.27
2026-01-11T04:00:00+00:00,hyperliquid,AAVE/USDC:USDC,181376.12,1.25e-05,165.435
2026-01-11T05:00:00+00:00,hyperliquid,AAVE/USDC:USDC,181405.74,1.25e-05,165.37
2026-01-11T06:00:00+00:00,hyperliquid,AAVE/USDC:USDC,181425.26,1.25e-05,165.81
2026-01-11T07:00:00+00:00,hyperliquid,AAVE/USDC:USDC,181648.44,1.25e-05,165.77
2026-01-11T08:00:00+00:00,hyperliquid,AAVE/USDC:USDC,181691.5,1.25e-05,165.995
2026-01-11T09:00:00+00:00,hyperliquid,AAVE/USDC:USDC,181480.2,1.25e-05,166.555
2026-01-11T10:00:00+00:00,hyperliquid,AAVE/USDC:USDC,182208.88,1.25e-05,166.295
2026-01-11T11:00:00+00:00,hyperliquid,AAVE/USDC:USDC,182253.64,1.25e-05,166.74
2026-01-11T12:00:00+00:00,hyperliquid,AAVE/USDC:USDC,182546.02,1.25e-05,166.945
2026-01-11T13:00:00+00:00,hyperliquid,AAVE/USDC:USDC,182700.88,1.25e-05,167.155
2026-01-11T14:00:00+00:00,hyperliquid,AAVE/USDC:USDC,181896.4,1.25e-05,166.47
2026-01-11T15:00:00+00:00,hyperliquid,AAVE/USDC:USDC,181962.6600000001,1.25e-05,167.98
2026-01-11T16:00:00+00:00,hyperliquid,AAVE/USDC:USDC,181709.4,1.25e-05,167.385
2026-01-11T17:00:00+00:00,hyperliquid,AAVE/USDC:USDC,181470.16,1.25e-05,169.105
2026-01-11T18:00:00+00:00,hyperliquid,AAVE/USDC:USDC,180942.78,1.25e-05,169.485
2026-01-11T19:00:00+00:00,hyperliquid,AAVE/USDC:USDC,182238.7200000001,1.25e-05,170.405
2026-01-11T20:00:00+00:00,hyperliquid,AAVE/USDC:USDC,181398.54,1.25e-05,168.61
2026-01-11T21:00:00+00:00,hyperliquid,AAVE/USDC:USDC,181676.0,1.25e-05,167.01
2026-01-11T22:00:00+00:00,hyperliquid,AAVE/USDC:USDC,181435.6,1.25e-05,167.895
2026-01-11T23:00:00+00:00,hyperliquid,AAVE/USDC:USDC,181435.98,1.25e-05,166.63
2026-01-12T00:00:00+00:00,hyperliquid,AAVE/USDC:USDC,181528.64,1.25e-05,167.665
2026-01-12T01:00:00+00:00,hyperliquid,AAVE/USDC:USDC,181881.46,1.25e-05,167.355
2026-01-12T02:00:00+00:00,hyperliquid,AAVE/USDC:USDC,182338.48,1.25e-05,167.145
2026-01-12T03:00:00+00:00,hyperliquid,AAVE/USDC:USDC,182225.66,1.25e-05,170.455
2026-01-12T04:00:00+00:00,hyperliquid,AAVE/USDC:USDC,180825.52,1.25e-05,169.22
2026-01-12T05:00:00+00:00,hyperliquid,AAVE/USDC:USDC,180747.06,1.25e-05,169.97
2026-01-12T06:00:00+00:00,hyperliquid,AAVE/USDC:USDC,180310.16,1.25e-05,170.005
2026-01-12T07:00:00+00:00,hyperliquid,AAVE/USDC:USDC,179320.06,1.25e-05,168.7
2026-01-12T08:00:00+00:00,hyperliquid,AAVE/USDC:USDC,179252.64,1.25e-05,166.655
2026-01-12T09:00:00+00:00,hyperliquid,AAVE/USDC:USDC,179548.66,1.25e-05,165.23
2026-01-12T10:00:00+00:00,hyperliquid,AAVE/USDC:USDC,179862.62,1.25e-05,164.43
2026-01-12T11:00:00+00:00,hyperliquid,AAVE/USDC:USDC,180638.14,1.25e-05,163.71
2026-01-12T12:00:00+00:00,hyperliquid,AAVE/USDC:USDC,180713.88,1.25e-05,164.54
2026-01-12T13:00:00+00:00,hyperliquid,AAVE/USDC:USDC,182718.34,1.25e-05,164.575
2026-01-12T14:00:00+00:00,hyperliquid,AAVE/USDC:USDC,182584.24,1.25e-05,163.18
2026-01-12T15:00:00+00:00,hyperliquid,AAVE/USDC:USDC,185512.0,1.25e-05,162.345
2026-01-12T16:00:00+00:00,hyperliquid,AAVE/USDC:USDC,185763.7,1.25e-05,164.285
2026-01-12T17:00:00+00:00,hyperliquid,AAVE/USDC:USDC,185559.56,1.25e-05,165.865
2026-01-12T18:00:00+00:00,hyperliquid,AAVE/USDC:USDC,185871.16,1.25e-05,164.355
2026-01-12T19:00:00+00:00,hyperliquid,AAVE/USDC:USDC,185727.78,1.25e-05,165.65
2026-01-12T20:00:00+00:00,hyperliquid,AAVE/USDC:USDC,184995.26,1.25e-05,166.625
2026-01-12T21:00:00+00:00,hyperliquid,AAVE/USDC:USDC,184807.3,1.25e-05,165.41
2026-01-12T22:00:00+00:00,hyperliquid,AAVE/USDC:USDC,184534.62,1.25e-05,165.055
2026-01-12T23:00:00+00:00,hyperliquid,AAVE/USDC:USDC,184397.38,1.25e-05,165.605
2026-01-13T00:00:00+00:00,hyperliquid,AAVE/USDC:USDC,184378.8,1.25e-05,164.905
2026-01-13T01:00:00+00:00,hyperliquid,AAVE/USDC:USDC,184426.48,1.25e-05,165.72
2026-01-13T02:00:00+00:00,hyperliquid,AAVE/USDC:USDC,184436.7,1.25e-05,165.535
2026-01-13T03:00:00+00:00,hyperliquid,AAVE/USDC:USDC,184267.4,1.25e-05,166.31
2026-01-13T04:00:00+00:00,hyperliquid,AAVE/USDC:USDC,184184.76,1.25e-05,167.535
2026-01-13T05:00:00+00:00,hyperliquid,AAVE/USDC:USDC,184000.2,1.25e-05,169.35
2026-01-13T06:00:00+00:00,hyperliquid,AAVE/USDC:USDC,183725.42,1.25e-05,169.71
2026-01-13T07:00:00+00:00,hyperliquid,AAVE/USDC:USDC,183597.74,1.25e-05,170.33
2026-01-13T08:00:00+00:00,hyperliquid,AAVE/USDC:USDC,183532.56,1.25e-05,169.635
2026-01-13T09:00:00+00:00,hyperliquid,AAVE/USDC:USDC,184129.08,1.25e-05,171.705
2026-01-13T10:00:00+00:00,hyperliquid,AAVE/USDC:USDC,186173.14,1.25e-05,170.39
2026-01-13T11:00:00+00:00,hyperliquid,AAVE/USDC:USDC,186777.78,1.25e-05,169.38
2026-01-13T12:00:00+00:00,hyperliquid,AAVE/USDC:USDC,186968.68,1.25e-05,169.455
2026-01-13T13:00:00+00:00,hyperliquid,AAVE/USDC:USDC,186868.2,1.25e-05,169.64
2026-01-13T14:00:00+00:00,hyperliquid,AAVE/USDC:USDC,187158.9000000001,1.25e-05,170.09
2026-01-13T15:00:00+00:00,hyperliquid,AAVE/USDC:USDC,186217.4,1.25e-05,170.275
2026-01-13T16:00:00+00:00,hyperliquid,AAVE/USDC:USDC,186086.3,1.25e-05,173.46
2026-01-13T17:00:00+00:00,hyperliquid,AAVE/USDC:USDC,186630.76,1.25e-05,173.3
2026-01-13T18:00:00+00:00,hyperliquid,AAVE/USDC:USDC,186455.88,1.25e-05,173.5
2026-01-13T19:00:00+00:00,hyperliquid,AAVE/USDC:USDC,187170.08,1.25e-05,174.61
2026-01-13T20:00:00+00:00,hyperliquid,AAVE/USDC:USDC,188337.2,1.25e-05,174.925
2026-01-13T21:00:00+00:00,hyperliquid,AAVE/USDC:USDC,188386.9,1.25e-05,174.205
2026-01-13T22:00:00+00:00,hyperliquid,AAVE/USDC:USDC,188107.0,1.25e-05,174.14
2026-01-13T23:00:00+00:00,hyperliquid,AAVE/USDC:USDC,187100.6,1.25e-05,178.645
2026-01-14T00:00:00+00:00,hyperliquid,AAVE/USDC:USDC,186159.88,1.25e-05,178.275
2026-01-14T01:00:00+00:00,hyperliquid,AAVE/USDC:USDC,184589.42,1.25e-05,178.125
2026-01-14T02:00:00+00:00,hyperliquid,AAVE/USDC:USDC,185578.96,1.25e-05,178.765
2026-01-14T03:00:00+00:00,hyperliquid,AAVE/USDC:USDC,184515.24,1.25e-05,177.675
2026-01-14T04:00:00+00:00,hyperliquid,AAVE/USDC:USDC,185526.9,1.25e-05,178.785
2026-01-14T05:00:00+00:00,hyperliquid,AAVE/USDC:USDC,185545.36,1.25e-05,177.13
2026-01-14T06:00:00+00:00,hyperliquid,AAVE/USDC:USDC,185679.0,1.25e-05,177.325
2026-01-14T07:00:00+00:00,hyperliquid,AAVE/USDC:USDC,184788.88,1.25e-05,178.215
2026-01-14T08:00:00+00:00,hyperliquid,AAVE/USDC:USDC,184963.04,1.25e-05,177.105
2026-01-14T09:00:00+00:00,hyperliquid,AAVE/USDC:USDC,185167.34,1.25e-05,178.005
2026-01-14T10:00:00+00:00,hyperliquid,AAVE/USDC:USDC,185541.54,1.25e-05,177.37
2026-01-14T11:00:00+00:00,hyperliquid,AAVE/USDC:USDC,185780.7,1.25e-05,175.9
2026-01-14T12:00:00+00:00,hyperliquid,AAVE/USDC:USDC,185297.4999999999,1.25e-05,174.715
2026-01-14T13:00:00+00:00,hyperliquid,AAVE/USDC:USDC,185240.94,1.25e-05,174.7
2026-01-14T14:00:00+00:00,hyperliquid,AAVE/USDC:USDC,184959.58,1.25e-05,174.935
2026-01-14T15:00:00+00:00,hyperliquid,AAVE/USDC:USDC,186106.18,1.25e-05,176.56
2026-01-14T16:00:00+00:00,hyperliquid,AAVE/USDC:USDC,186342.3,1.25e-05,177.4
2026-01-14T17:00:00+00:00,hyperliquid,AAVE/USDC:USDC,185208.72,1.25e-05,177.785
2026-01-14T18:00:00+00:00,hyperliquid,AAVE/USDC:USDC,184394.5,1.25e-05,177.125
2026-01-14T19:00:00+00:00,hyperliquid,AAVE/USDC:USDC,184184.32,1.25e-05,177.56
2026-01-14T20:00:00+00:00,hyperliquid,AAVE/USDC:USDC,182490.92,1.25e-05,178.13
2026-01-14T21:00:00+00:00,hyperliquid,AAVE/USDC:USDC,182276.56,1.25e-05,178.43
2026-01-14T22:00:00+00:00,hyperliquid,AAVE/USDC:USDC,178066.6,1.25e-05,178.515
2026-01-14T23:00:00+00:00,hyperliquid,AAVE/USDC:USDC,177455.56,1.25e-05,177.82
2026-01-15T00:00:00+00:00,hyperliquid,AAVE/USDC:USDC,176899.22,1.25e-05,177.95
2026-01-15T01:00:00+00:00,hyperliquid,AAVE/USDC:USDC,176201.24,1.25e-05,177.485
2026-01-15T02:00:00+00:00,hyperliquid,AAVE/USDC:USDC,176188.38,1.25e-05,176.375
2026-01-15T03:00:00+00:00,hyperliquid,AAVE/USDC:USDC,175729.22,1.25e-05,175.53
2026-01-15T04:00:00+00:00,hyperliquid,AAVE/USDC:USDC,175334.28,1.25e-05,172.74
2026-01-15T05:00:00+00:00,hyperliquid,AAVE/USDC:USDC,172247.88,-2.8739e-06,174.36
2026-01-15T06:00:00+00:00,hyperliquid,AAVE/USDC:USDC,166332.06,1.25e-05,174.455
2026-01-15T07:00:00+00:00,hyperliquid,AAVE/USDC:USDC,166163.18,6.9801e-06,174.325
2026-01-15T08:00:00+00:00,hyperliquid,AAVE/USDC:USDC,166608.48,1.25e-05,175.38
2026-01-15T09:00:00+00:00,hyperliquid,AAVE/USDC:USDC,166451.3,6.6508e-06,175.495
2026-01-15T10:00:00+00:00,hyperliquid,AAVE/USDC:USDC,167171.7,1.25e-05,176.71
2026-01-15T11:00:00+00:00,hyperliquid,AAVE/USDC:USDC,166582.6,1.25e-05,174.335
2026-01-15T12:00:00+00:00,hyperliquid,AAVE/USDC:USDC,166260.08,-5.464e-06,174.755
2026-01-15T13:00:00+00:00,hyperliquid,AAVE/USDC:USDC,166419.56,1.07697e-05,175.865
2026-01-15T14:00:00+00:00,hyperliquid,AAVE/USDC:USDC,169597.26,1.25e-05,175.955
2026-01-15T15:00:00+00:00,hyperliquid,AAVE/USDC:USDC,169302.96,1.25e-05,174.62
2026-01-15T16:00:00+00:00,hyperliquid,AAVE/USDC:USDC,170705.14,1.25e-05,172.945
2026-01-15T17:00:00+00:00,hyperliquid,AAVE/USDC:USDC,170559.7,1.25e-05,174.125
2026-01-15T18:00:00+00:00,hyperliquid,AAVE/USDC:USDC,171283.94,1.25e-05,172.49
2026-01-15T19:00:00+00:00,hyperliquid,AAVE/USDC:USDC,171705.1,1.25e-05,169.795
2026-01-15T20:00:00+00:00,hyperliquid,AAVE/USDC:USDC,170665.7,1.25e-05,170.34
2026-01-15T21:00:00+00:00,hyperliquid,AAVE/USDC:USDC,170376.42,2.2127e-06,169.84
2026-01-15T22:00:00+00:00,hyperliquid,AAVE/USDC:USDC,170710.84,1.25e-05,170.025
2026-01-15T23:00:00+00:00,hyperliquid,AAVE/USDC:USDC,170961.6,1.25e-05,170.78
2026-01-16T00:00:00+00:00,hyperliquid,AAVE/USDC:USDC,170684.34,1.25e-05,171.655
2026-01-16T01:00:00+00:00,hyperliquid,AAVE/USDC:USDC,170648.58,1.25e-05,171.865
2026-01-16T02:00:00+00:00,hyperliquid,AAVE/USDC:USDC,170531.74,1.4868e-06,171.545
2026-01-16T03:00:00+00:00,hyperliquid,AAVE/USDC:USDC,170675.48,1.25e-05,171.845
2026-01-16T04:00:00+00:00,hyperliquid,AAVE/USDC:USDC,170606.26,1.25e-05,171.08
2026-01-16T05:00:00+00:00,hyperliquid,AAVE/USDC:USDC,170364.68,1.25e-05,170.725
2026-01-16T06:00:00+00:00,hyperliquid,AAVE/USDC:USDC,170159.54,1.25e-05,172.045
2026-01-16T07:00:00+00:00,hyperliquid,AAVE/USDC:USDC,170167.7,1.25e-05,172.465
2026-01-16T08:00:00+00:00,hyperliquid,AAVE/USDC:USDC,170403.3,1.25e-05,172.965
2026-01-16T09:00:00+00:00,hyperliquid,AAVE/USDC:USDC,169932.0,1.25e-05,173.685
2026-01-16T10:00:00+00:00,hyperliquid,AAVE/USDC:USDC,169483.6,1.25e-05,173.505
2026-01-16T11:00:00+00:00,hyperliquid,AAVE/USDC:USDC,169270.4,9.2313e-06,172.825
2026-01-16T12:00:00+00:00,hyperliquid,AAVE/USDC:USDC,169229.04,6.9981e-06,172.915
2026-01-16T13:00:00+00:00,hyperliquid,AAVE/USDC:USDC,169203.0,1.25e-05,172.755
2026-01-16T14:00:00+00:00,hyperliquid,AAVE/USDC:USDC,170009.84,-3.2851e-06,172.385
2026-01-16T15:00:00+00:00,hyperliquid,AAVE/USDC:USDC,169456.04,-1.1116e-06,171.64
2026-01-16T16:00:00+00:00,hyperliquid,AAVE/USDC:USDC,169662.9,1.25e-05,169.075
2026-01-16T17:00:00+00:00,hyperliquid,AAVE/USDC:USDC,169405.24,1.23337e-05,170.305
2026-01-16T18:00:00+00:00,hyperliquid,AAVE/USDC:USDC,169509.98,1.25e-05,171.76
2026-01-16T19:00:00+00:00,hyperliquid,AAVE/USDC:USDC,169339.54,1.25e-05,171.575
2026-01-16T20:00:00+00:00,hyperliquid,AAVE/USDC:USDC,169849.54,1.25e-05,172.0
2026-01-16T21:00:00+00:00,hyperliquid,AAVE/USDC:USDC,169126.04,1.25e-05,176.225
2026-01-16T22:00:00+00:00,hyperliquid,AAVE/USDC:USDC,166149.78,1.25e-05,175.21
2026-01-16T23:00:00+00:00,hyperliquid,AAVE/USDC:USDC,165497.96,1.25e-05,175.095
2026-01-17T00:00:00+00:00,hyperliquid,AAVE/USDC:USDC,165392.82,1.25e-05,175.44
2026-01-17T01:00:00+00:00,hyperliquid,AAVE/USDC:USDC,165506.84,1.25e-05,175.575
2026-01-17T02:00:00+00:00,hyperliquid,AAVE/USDC:USDC,166101.48,2.581e-06,176.175
2026-01-17T03:00:00+00:00,hyperliquid,AAVE/USDC:USDC,167114.74,1.25e-05,174.705
2026-01-17T04:00:00+00:00,hyperliquid,AAVE/USDC:USDC,166966.68,7.4717e-06,174.815
2026-01-17T05:00:00+00:00,hyperliquid,AAVE/USDC:USDC,166628.04,1.25e-05,175.515
2026-01-17T06:00:00+00:00,hyperliquid,AAVE/USDC:USDC,166634.64,8.6305e-06,175.445
2026-01-17T07:00:00+00:00,hyperliquid,AAVE/USDC:USDC,166696.72,-5.0198e-06,174.535
2026-01-17T08:00:00+00:00,hyperliquid,AAVE/USDC:USDC,165961.18,5.893e-06,174.005
2026-01-17T09:00:00+00:00,hyperliquid,AAVE/USDC:USDC,165866.04,5.6327e-06,175.305
2026-01-17T10:00:00+00:00,hyperliquid,AAVE/USDC:USDC,165953.1800000001,1.25e-05,175.335
2026-01-17T11:00:00+00:00,hyperliquid,AAVE/USDC:USDC,165995.28,1.25e-05,174.585
2026-01-17T12:00:00+00:00,hyperliquid,AAVE/USDC:USDC,165836.54,6.2395e-06,174.565
2026-01-17T13:00:00+00:00,hyperliquid,AAVE/USDC:USDC,165883.02,-3.7425e-06,174.885
2026-01-17T14:00:00+00:00,hyperliquid,AAVE/USDC:USDC,165864.6,7.946e-06,175.365
2026-01-17T15:00:00+00:00,hyperliquid,AAVE/USDC:USDC,165794.22,9.1142e-06,175.775
2026-01-17T16:00:00+00:00,hyperliquid,AAVE/USDC:USDC,165872.12,1.25e-05,176.305
2026-01-17T17:00:00+00:00,hyperliquid,AAVE/USDC:USDC,162538.66,-9.5873e-06,175.135
2026-01-17T18:00:00+00:00,hyperliquid,AAVE/USDC:USDC,162170.3,4.1951e-06,175.025
2026-01-17T19:00:00+00:00,hyperliquid,AAVE/USDC:USDC,161751.24,1.25e-05,175.27
2026-01-17T20:00:00+00:00,hyperliquid,AAVE/USDC:USDC,161479.22,1.25e-05,175.145
2026-01-17T21:00:00+00:00,hyperliquid,AAVE/USDC:USDC,161640.82,1.25e-05,174.65
2026-01-17T22:00:00+00:00,hyperliquid,AAVE/USDC:USDC,161457.18,1.18499e-05,174.77
2026-01-17T23:00:00+00:00,hyperliquid,AAVE/USDC:USDC,161274.8,1.874e-07,173.755
2026-01-18T00:00:00+00:00,hyperliquid,AAVE/USDC:USDC,161738.04,1.25e-05,173.675
2026-01-18T01:00:00+00:00,hyperliquid,AAVE/USDC:USDC,160658.24,5.8207e-06,173.725
2026-01-18T02:00:00+00:00,hyperliquid,AAVE/USDC:USDC,160615.88,1.25e-05,172.875
2026-01-18T03:00:00+00:00,hyperliquid,AAVE/USDC:USDC,160606.2,7.0251e-06,172.645
2026-01-18T04:00:00+00:00,hyperliquid,AAVE/USDC:USDC,160541.72,1.25e-05,173.64
2026-01-18T05:00:00+00:00,hyperliquid,AAVE/USDC:USDC,160398.28,8.8505e-06,173.515
2026-01-18T06:00:00+00:00,hyperliquid,AAVE/USDC:USDC,160346.24,1.25e-05,173.32
2026-01-18T07:00:00+00:00,hyperliquid,AAVE/USDC:USDC,160311.46,4.4728e-06,172.97
2026-01-18T08:00:00+00:00,hyperliquid,AAVE/USDC:USDC,160282.92,1.25e-05,172.725
2026-01-18T09:00:00+00:00,hyperliquid,AAVE/USDC:USDC,160021.82,1.04604e-05,173.065
2026-01-18T10:00:00+00:00,hyperliquid,AAVE/USDC:USDC,159991.4,1.25e-05,173.535
2026-01-18T11:00:00+00:00,hyperliquid,AAVE/USDC:USDC,159955.28,1.25e-05,173.245
2026-01-18T12:00:00+00:00,hyperliquid,AAVE/USDC:USDC,160803.64,1.25e-05,172.77
2026-01-18T13:00:00+00:00,hyperliquid,AAVE/USDC:USDC,161133.08,1.25e-05,173.105
2026-01-18T14:00:00+00:00,hyperliquid,AAVE/USDC:USDC,161534.68,1.25e-05,172.685
2026-01-18T15:00:00+00:00,hyperliquid,AAVE/USDC:USDC,161523.86,1.25e-05,172.43
2026-01-18T16:00:00+00:00,hyperliquid,AAVE/USDC:USDC,161470.1599999999,1.25e-05,174.08
2026-01-18T17:00:00+00:00,hyperliquid,AAVE/USDC:USDC,160824.74,-1.87641e-05,175.335
2026-01-18T18:00:00+00:00,hyperliquid,AAVE/USDC:USDC,161041.3,-8.488e-07,175.51
2026-01-18T19:00:00+00:00,hyperliquid,AAVE/USDC:USDC,160587.1000000001,1.25e-05,176.75
2026-01-18T20:00:00+00:00,hyperliquid,AAVE/USDC:USDC,160553.52,1.25e-05,175.02
2026-01-18T21:00:00+00:00,hyperliquid,AAVE/USDC:USDC,160417.1,-6.9438e-06,175.88
2026-01-18T22:00:00+00:00,hyperliquid,AAVE/USDC:USDC,160490.82,1.25e-05,174.74
2026-01-18T23:00:00+00:00,hyperliquid,AAVE/USDC:USDC,160373.28,1.25e-05,175.07
2026-01-19T00:00:00+00:00,hyperliquid,AAVE/USDC:USDC,159379.8599999998,1.25e-05,164.355
2026-01-19T01:00:00+00:00,hyperliquid,AAVE/USDC:USDC,168700.0799999999,7.6055e-06,162.645
2026-01-19T02:00:00+00:00,hyperliquid,AAVE/USDC:USDC,168264.24,1.03929e-05,162.805
2026-01-19T03:00:00+00:00,hyperliquid,AAVE/USDC:USDC,168255.04,-4.6294e-06,163.54
2026-01-19T04:00:00+00:00,hyperliquid,AAVE/USDC:USDC,167962.58,-4.3987e-06,163.0
2026-01-19T05:00:00+00:00,hyperliquid,AAVE/USDC:USDC,167880.74,7.955e-07,163.13
2026-01-19T06:00:00+00:00,hyperliquid,AAVE/USDC:USDC,168965.36,3.324e-07,162.345
2026-01-19T07:00:00+00:00,hyperliquid,AAVE/USDC:USDC,168587.48,1.25e-05,161.755
2026-01-19T08:00:00+00:00,hyperliquid,AAVE/USDC:USDC,168530.66,1.25e-05,162.26
2026-01-19T09:00:00+00:00,hyperliquid,AAVE/USDC:USDC,168351.84,-1.10869e-05,163.43
2026-01-19T10:00:00+00:00,hyperliquid,AAVE/USDC:USDC,168286.76,-4.019e-07,162.86
2026-01-19T11:00:00+00:00,hyperliquid,AAVE/USDC:USDC,168248.66,4.4732e-06,163.18
2026-01-19T12:00:00+00:00,hyperliquid,AAVE/USDC:USDC,169515.5,1.25e-05,163.665
2026-01-19T13:00:00+00:00,hyperliquid,AAVE/USDC:USDC,169587.04,2.1809e-06,163.345
2026-01-19T14:00:00+00:00,hyperliquid,AAVE/USDC:USDC,169589.3,1.25e-05,162.87
2026-01-19T15:00:00+00:00,hyperliquid,AAVE/USDC:USDC,170073.6,1.25e-05,163.045
2026-01-19T16:00:00+00:00,hyperliquid,AAVE/USDC:USDC,170273.36,1.25e-05,162.52
2026-01-19T17:00:00+00:00,hyperliquid,AAVE/USDC:USDC,175289.28,1.25e-05,164.675
2026-01-19T18:00:00+00:00,hyperliquid,AAVE/USDC:USDC,175155.8,1.25e-05,164.185
2026-01-19T19:00:00+00:00,hyperliquid,AAVE/USDC:USDC,175231.44,1.25e-05,164.445
2026-01-19T20:00:00+00:00,hyperliquid,AAVE/USDC:USDC,174899.84,1.25e-05,165.565
2026-01-19T21:00:00+00:00,hyperliquid,AAVE/USDC:USDC,174724.04,1.25e-05,165.89
2026-01-19T22:00:00+00:00,hyperliquid,AAVE/USDC:USDC,174769.28,1.25e-05,164.645
2026-01-19T23:00:00+00:00,hyperliquid,AAVE/USDC:USDC,169612.16,1.25e-05,163.64
2026-01-20T00:00:00+00:00,hyperliquid,AAVE/USDC:USDC,168632.0000000001,1.25e-05,163.705
2026-01-20T01:00:00+00:00,hyperliquid,AAVE/USDC:USDC,168446.6200000001,2.9364e-06,163.285
2026-01-20T02:00:00+00:00,hyperliquid,AAVE/USDC:USDC,168221.2,1.20818e-05,163.62
2026-01-20T03:00:00+00:00,hyperliquid,AAVE/USDC:USDC,165273.52,1.25e-05,163.74
2026-01-20T04:00:00+00:00,hyperliquid,AAVE/USDC:USDC,165212.82,1.25e-05,163.875
2026-01-20T05:00:00+00:00,hyperliquid,AAVE/USDC:USDC,164291.44,-4.2966e-06,162.74
2026-01-20T06:00:00+00:00,hyperliquid,AAVE/USDC:USDC,164574.68,1.25e-05,163.225
2026-01-20T07:00:00+00:00,hyperliquid,AAVE/USDC:USDC,164366.26,-3.9229e-06,161.145
2026-01-20T08:00:00+00:00,hyperliquid,AAVE/USDC:USDC,163407.32,1.25e-05,160.81
2026-01-20T09:00:00+00:00,hyperliquid,AAVE/USDC:USDC,162764.36,2.8413e-06,159.635
2026-01-20T10:00:00+00:00,hyperliquid,AAVE/USDC:USDC,162693.1,1.25e-05,159.28
2026-01-20T11:00:00+00:00,hyperliquid,AAVE/USDC:USDC,161340.9,1.25e-05,159.715
2026-01-20T12:00:00+00:00,hyperliquid,AAVE/USDC:USDC,162285.8,1.1389e-06,159.375
2026-01-20T13:00:00+00:00,hyperliquid,AAVE/USDC:USDC,162307.36,2.785e-06,159.66
2026-01-20T14:00:00+00:00,hyperliquid,AAVE/USDC:USDC,162601.68,1.25e-05,157.495
2026-01-20T15:00:00+00:00,hyperliquid,AAVE/USDC:USDC,163699.2199999999,1.25e-05,157.565
2026-01-20T16:00:00+00:00,hyperliquid,AAVE/USDC:USDC,165778.02,1.25e-05,156.975
2026-01-20T17:00:00+00:00,hyperliquid,AAVE/USDC:USDC,167450.16,1.25e-05,155.095
2026-01-20T18:00:00+00:00,hyperliquid,AAVE/USDC:USDC,166925.02,1.25e-05,154.88
2026-01-20T19:00:00+00:00,hyperliquid,AAVE/USDC:USDC,166897.34,1.25e-05,154.72
2026-01-20T20:00:00+00:00,hyperliquid,AAVE/USDC:USDC,167271.98,1.25e-05,154.5
2026-01-20T21:00:00+00:00,hyperliquid,AAVE/USDC:USDC,167712.86,1.25e-05,155.455
2026-01-20T22:00:00+00:00,hyperliquid,AAVE/USDC:USDC,168214.54,1.25e-05,154.475
2026-01-20T23:00:00+00:00,hyperliquid,AAVE/USDC:USDC,168784.6,1.25e-05,153.625
2026-01-21T00:00:00+00:00,hyperliquid,AAVE/USDC:USDC,169211.94,1.25e-05,153.555
2026-01-21T01:00:00+00:00,hyperliquid,AAVE/USDC:USDC,169989.6,1.25e-05,155.19
2026-01-21T02:00:00+00:00,hyperliquid,AAVE/USDC:USDC,170057.06,1.25e-05,155.755
2026-01-21T03:00:00+00:00,hyperliquid,AAVE/USDC:USDC,170234.16,1.25e-05,155.815
2026-01-21T04:00:00+00:00,hyperliquid,AAVE/USDC:USDC,170106.56,1.25e-05,156.28
2026-01-21T05:00:00+00:00,hyperliquid,AAVE/USDC:USDC,169617.2,1.25e-05,156.83
2026-01-21T06:00:00+00:00,hyperliquid,AAVE/USDC:USDC,169736.5,1.25e-05,157.74
2026-01-21T07:00:00+00:00,hyperliquid,AAVE/USDC:USDC,169678.28,1.25e-05,156.985
2026-01-21T08:00:00+00:00,hyperliquid,AAVE/USDC:USDC,169752.34,1.25e-05,157.035
2026-01-21T09:00:00+00:00,hyperliquid,AAVE/USDC:USDC,169557.3,1.25e-05,156.515
2026-01-21T10:00:00+00:00,hyperliquid,AAVE/USDC:USDC,169474.3399999999,1.25e-05,156.675
2026-01-21T11:00:00+00:00,hyperliquid,AAVE/USDC:USDC,169888.46,-2.26894e-05,156.67
2026-01-21T12:00:00+00:00,hyperliquid,AAVE/USDC:USDC,171689.42,-2.0088e-05,156.355
2026-01-21T13:00:00+00:00,hyperliquid,AAVE/USDC:USDC,171770.34,1.2352e-06,155.27
2026-01-21T14:00:00+00:00,hyperliquid,AAVE/USDC:USDC,171150.7,1.25e-05,154.48
2026-01-21T15:00:00+00:00,hyperliquid,AAVE/USDC:USDC,167392.14,1.25e-05,158.39
2026-01-21T16:00:00+00:00,hyperliquid,AAVE/USDC:USDC,167719.92,1.25e-05,159.115
2026-01-21T17:00:00+00:00,hyperliquid,AAVE/USDC:USDC,167738.86,4.6335e-06,153.83
2026-01-21T18:00:00+00:00,hyperliquid,AAVE/USDC:USDC,167133.84,7.7721e-06,153.74
2026-01-21T19:00:00+00:00,hyperliquid,AAVE/USDC:USDC,167317.74,1.25e-05,155.5
2026-01-21T20:00:00+00:00,hyperliquid,AAVE/USDC:USDC,167472.3,1.25e-05,161.575
2026-01-21T21:00:00+00:00,hyperliquid,AAVE/USDC:USDC,167391.7,1.25e-05,161.345
2026-01-21T22:00:00+00:00,hyperliquid,AAVE/USDC:USDC,167226.32,1.25e-05,162.59
2026-01-21T23:00:00+00:00,hyperliquid,AAVE/USDC:USDC,167320.66,1.25e-05,161.36
2026-01-22T00:00:00+00:00,hyperliquid,AAVE/USDC:USDC,166672.6600000001,1.25e-05,159.91
2026-01-22T01:00:00+00:00,hyperliquid,AAVE/USDC:USDC,168405.86,1.25e-05,160.935
2026-01-22T02:00:00+00:00,hyperliquid,AAVE/USDC:USDC,168713.44,1.25e-05,161.46
2026-01-22T03:00:00+00:00,hyperliquid,AAVE/USDC:USDC,169112.16,1.25e-05,160.86
2026-01-22T04:00:00+00:00,hyperliquid,AAVE/USDC:USDC,169179.6,1.25e-05,159.975
2026-01-22T05:00:00+00:00,hyperliquid,AAVE/USDC:USDC,169126.4,1.25e-05,160.735
2026-01-22T06:00:00+00:00,hyperliquid,AAVE/USDC:USDC,169097.14,1.25e-05,160.44
2026-01-22T07:00:00+00:00,hyperliquid,AAVE/USDC:USDC,169126.12,1.25e-05,160.345
2026-01-22T08:00:00+00:00,hyperliquid,AAVE/USDC:USDC,169161.46,1.25e-05,159.5
2026-01-22T09:00:00+00:00,hyperliquid,AAVE/USDC:USDC,169270.34,1.25e-05,159.655
2026-01-22T10:00:00+00:00,hyperliquid,AAVE/USDC:USDC,169436.9,9.8518e-06,160.295
2026-01-22T11:00:00+00:00,hyperliquid,AAVE/USDC:USDC,169534.98,1.23546e-05,159.595
2026-01-22T12:00:00+00:00,hyperliquid,AAVE/USDC:USDC,169764.32,-2.5608e-06,158.94
2026-01-22T13:00:00+00:00,hyperliquid,AAVE/USDC:USDC,169881.82,-1.88403e-05,158.675
2026-01-22T14:00:00+00:00,hyperliquid,AAVE/USDC:USDC,170324.7,2.0173e-06,157.815
2026-01-22T15:00:00+00:00,hyperliquid,AAVE/USDC:USDC,172799.68,1.25e-05,157.265
2026-01-22T16:00:00+00:00,hyperliquid,AAVE/USDC:USDC,173541.4,8.2981e-06,156.785
2026-01-22T17:00:00+00:00,hyperliquid,AAVE/USDC:USDC,174373.34,6.9638e-06,157.71
2026-01-22T18:00:00+00:00,hyperliquid,AAVE/USDC:USDC,174419.42,7.7811e-06,157.965
2026-01-22T19:00:00+00:00,hyperliquid,AAVE/USDC:USDC,174387.8,1.25e-05,156.675
2026-01-22T20:00:00+00:00,hyperliquid,AAVE/USDC:USDC,174189.66,1.25e-05,157.675
2026-01-22T21:00:00+00:00,hyperliquid,AAVE/USDC:USDC,173407.2,1.00076e-05,156.89
2026-01-22T22:00:00+00:00,hyperliquid,AAVE/USDC:USDC,173572.3400000001,-4.4487e-06,156.625
2026-01-22T23:00:00+00:00,hyperliquid,AAVE/USDC:USDC,173678.7,5.4095e-06,156.28
2026-01-23T00:00:00+00:00,hyperliquid,AAVE/USDC:USDC,173755.7,1.25e-05,157.09
2026-01-23T01:00:00+00:00,hyperliquid,AAVE/USDC:USDC,173900.3,1.25e-05,157.675
2026-01-23T02:00:00+00:00,hyperliquid,AAVE/USDC:USDC,174064.62,9.3444e-06,158.375
2026-01-23T03:00:00+00:00,hyperliquid,AAVE/USDC:USDC,174242.54,1.25e-05,157.865
2026-01-23T04:00:00+00:00,hyperliquid,AAVE/USDC:USDC,174311.64,1.25e-05,158.43
2026-01-23T05:00:00+00:00,hyperliquid,AAVE/USDC:USDC,174343.64,-2.3619e-06,159.41
2026-01-23T06:00:00+00:00,hyperliquid,AAVE/USDC:USDC,174456.1,-3.6843e-06,158.74
2026-01-23T07:00:00+00:00,hyperliquid,AAVE/USDC:USDC,174252.04,-4.6576e-06,157.535
2026-01-23T08:00:00+00:00,hyperliquid,AAVE/USDC:USDC,173317.16,-9.9259e-06,158.175
2026-01-23T09:00:00+00:00,hyperliquid,AAVE/USDC:USDC,173046.12,4.561e-06,157.2
2026-01-23T10:00:00+00:00,hyperliquid,AAVE/USDC:USDC,172971.36,-7.7689e-06,156.82
2026-01-23T11:00:00+00:00,hyperliquid,AAVE/USDC:USDC,173974.46,1.25e-05,157.165
2026-01-23T12:00:00+00:00,hyperliquid,AAVE/USDC:USDC,174162.46,1.25e-05,158.105
2026-01-23T13:00:00+00:00,hyperliquid,AAVE/USDC:USDC,173963.24,1.25e-05,157.77
2026-01-23T14:00:00+00:00,hyperliquid,AAVE/USDC:USDC,173959.4,1.25e-05,157.28
2026-01-23T15:00:00+00:00,hyperliquid,AAVE/USDC:USDC,173965.66,1.25e-05,156.135
2026-01-23T16:00:00+00:00,hyperliquid,AAVE/USDC:USDC,173381.2,1.25e-05,158.39
2026-01-23T17:00:00+00:00,hyperliquid,AAVE/USDC:USDC,173775.96,1.25e-05,158.605
2026-01-23T18:00:00+00:00,hyperliquid,AAVE/USDC:USDC,173972.16,1.25e-05,159.135
2026-01-23T19:00:00+00:00,hyperliquid,AAVE/USDC:USDC,171883.92,-1.70512e-05,158.96
2026-01-23T20:00:00+00:00,hyperliquid,AAVE/USDC:USDC,171707.34,1.25e-05,157.145
2026-01-23T21:00:00+00:00,hyperliquid,AAVE/USDC:USDC,171618.2,-1.28124e-05,156.28
2026-01-23T22:00:00+00:00,hyperliquid,AAVE/USDC:USDC,171843.3,1.25e-05,156.88
2026-01-23T23:00:00+00:00,hyperliquid,AAVE/USDC:USDC,171823.2,1.25e-05,157.255
2026-01-24T00:00:00+00:00,hyperliquid,AAVE/USDC:USDC,171839.12,1.25e-05,157.16
2026-01-24T01:00:00+00:00,hyperliquid,AAVE/USDC:USDC,171784.72,6.675e-07,156.695
2026-01-24T02:00:00+00:00,hyperliquid,AAVE/USDC:USDC,171647.92,1.25e-05,157.03
2026-01-24T03:00:00+00:00,hyperliquid,AAVE/USDC:USDC,171417.1,-7.246e-07,156.785
2026-01-24T04:00:00+00:00,hyperliquid,AAVE/USDC:USDC,171348.0,6.7772e-06,157.125
2026-01-24T05:00:00+00:00,hyperliquid,AAVE/USDC:USDC,171298.2,1.25e-05,157.335
2026-01-24T06:00:00+00:00,hyperliquid,AAVE/USDC:USDC,171307.84,1.08387e-05,157.325
2026-01-24T07:00:00+00:00,hyperliquid,AAVE/USDC:USDC,171267.62,9.6235e-06,157.745
2026-01-24T08:00:00+00:00,hyperliquid,AAVE/USDC:USDC,171081.7,1.25e-05,157.615
2026-01-24T09:00:00+00:00,hyperliquid,AAVE/USDC:USDC,170953.44,1.25e-05,157.39
2026-01-24T10:00:00+00:00,hyperliquid,AAVE/USDC:USDC,170890.54,1.25e-05,156.565
2026-01-24T11:00:00+00:00,hyperliquid,AAVE/USDC:USDC,170996.94,5.309e-06,156.045
2026-01-24T12:00:00+00:00,hyperliquid,AAVE/USDC:USDC,171062.44,1.25e-05,155.84
2026-01-24T13:00:00+00:00,hyperliquid,AAVE/USDC:USDC,171330.1,1.25e-05,156.145
2026-01-24T14:00:00+00:00,hyperliquid,AAVE/USDC:USDC,171386.32,1.25e-05,155.71
2026-01-24T15:00:00+00:00,hyperliquid,AAVE/USDC:USDC,171535.5399999999,1.25e-05,156.605
2026-01-24T16:00:00+00:00,hyperliquid,AAVE/USDC:USDC,171294.08,1.25e-05,155.65
2026-01-24T17:00:00+00:00,hyperliquid,AAVE/USDC:USDC,171327.14,4.5261e-06,156.065
2026-01-24T18:00:00+00:00,hyperliquid,AAVE/USDC:USDC,171491.82,1.12195e-05,156.295
2026-01-24T19:00:00+00:00,hyperliquid,AAVE/USDC:USDC,171600.0,1.25e-05,156.015
2026-01-24T20:00:00+00:00,hyperliquid,AAVE/USDC:USDC,171725.94,1.25e-05,155.735
2026-01-24T21:00:00+00:00,hyperliquid,AAVE/USDC:USDC,171855.36,7.5711e-06,156.085
2026-01-24T22:00:00+00:00,hyperliquid,AAVE/USDC:USDC,171839.0,3.8769e-06,156.265
2026-01-24T23:00:00+00:00,hyperliquid,AAVE/USDC:USDC,171793.48,1.00087e-05,156.695
2026-01-25T00:00:00+00:00,hyperliquid,AAVE/USDC:USDC,171532.36,1.25e-05,156.115
2026-01-25T01:00:00+00:00,hyperliquid,AAVE/USDC:USDC,171865.46,1.25e-05,156.635
2026-01-25T02:00:00+00:00,hyperliquid,AAVE/USDC:USDC,172132.92,1.25e-05,156.295
2026-01-25T03:00:00+00:00,hyperliquid,AAVE/USDC:USDC,172100.34,1.25e-05,155.97
2026-01-25T04:00:00+00:00,hyperliquid,AAVE/USDC:USDC,172122.0,1.25e-05,154.955
2026-01-25T05:00:00+00:00,hyperliquid,AAVE/USDC:USDC,172381.48,4.1427e-06,154.835
2026-01-25T06:00:00+00:00,hyperliquid,AAVE/USDC:USDC,172562.76,8.056e-06,155.22
2026-01-25T07:00:00+00:00,hyperliquid,AAVE/USDC:USDC,172216.26,1.25e-05,155.005
2026-01-25T08:00:00+00:00,hyperliquid,AAVE/USDC:USDC,172471.26,1.25e-05,155.145
2026-01-25T09:00:00+00:00,hyperliquid,AAVE/USDC:USDC,172203.02,1.25e-05,154.535
2026-01-25T10:00:00+00:00,hyperliquid,AAVE/USDC:USDC,171730.54,1.25e-05,155.085
2026-01-25T11:00:00+00:00,hyperliquid,AAVE/USDC:USDC,171945.58,1.25e-05,155.015
2026-01-25T12:00:00+00:00,hyperliquid,AAVE/USDC:USDC,171960.76,1.25e-05,154.555
2026-01-25T13:00:00+00:00,hyperliquid,AAVE/USDC:USDC,171959.6,1.25e-05,154.71
2026-01-25T14:00:00+00:00,hyperliquid,AAVE/USDC:USDC,172010.54,5.5743e-06,154.87
2026-01-25T15:00:00+00:00,hyperliquid,AAVE/USDC:USDC,171751.48,-1.23235e-05,153.64
2026-01-25T16:00:00+00:00,hyperliquid,AAVE/USDC:USDC,168104.3,3.8196e-06,153.15
2026-01-25T17:00:00+00:00,hyperliquid,AAVE/USDC:USDC,167408.96,-6.767e-06,150.955
2026-01-25T18:00:00+00:00,hyperliquid,AAVE/USDC:USDC,167167.06,3.6214e-06,149.715
2026-01-25T19:00:00+00:00,hyperliquid,AAVE/USDC:USDC,167755.76,1.25e-05,148.845
2026-01-25T20:00:00+00:00,hyperliquid,AAVE/USDC:USDC,170494.04,1.7634e-06,146.42
2026-01-25T21:00:00+00:00,hyperliquid,AAVE/USDC:USDC,170458.84,1.25e-05,147.155
2026-01-25T22:00:00+00:00,hyperliquid,AAVE/USDC:USDC,171915.88,1.25e-05,147.185
2026-01-25T23:00:00+00:00,hyperliquid,AAVE/USDC:USDC,172994.7,1.25e-05,146.005
2026-01-26T00:00:00+00:00,hyperliquid,AAVE/USDC:USDC,174504.2,1.25e-05,147.73
2026-01-26T01:00:00+00:00,hyperliquid,AAVE/USDC:USDC,174539.78,1.25e-05,149.29
2026-01-26T02:00:00+00:00,hyperliquid,AAVE/USDC:USDC,174812.6,1.25e-05,151.425
2026-01-26T03:00:00+00:00,hyperliquid,AAVE/USDC:USDC,174737.24,1.25e-05,150.825
2026-01-26T04:00:00+00:00,hyperliquid,AAVE/USDC:USDC,174549.4,1.25e-05,150.22
2026-01-26T05:00:00+00:00,hyperliquid,AAVE/USDC:USDC,175460.96,1.25e-05,150.925
2026-01-26T06:00:00+00:00,hyperliquid,AAVE/USDC:USDC,175793.78,1.25e-05,150.735
2026-01-26T07:00:00+00:00,hyperliquid,AAVE/USDC:USDC,174482.34,1.25e-05,151.98
2026-01-26T08:00:00+00:00,hyperliquid,AAVE/USDC:USDC,174166.14,1.25e-05,152.355
2026-01-26T09:00:00+00:00,hyperliquid,AAVE/USDC:USDC,173667.22,4.4127e-06,152.04
2026-01-26T10:00:00+00:00,hyperliquid,AAVE/USDC:USDC,173794.2,1.25e-05,151.055
2026-01-26T11:00:00+00:00,hyperliquid,AAVE/USDC:USDC,173714.44,7.5228e-06,151.715
2026-01-26T12:00:00+00:00,hyperliquid,AAVE/USDC:USDC,173849.56,4.074e-07,151.785
2026-01-26T13:00:00+00:00,hyperliquid,AAVE/USDC:USDC,173796.18,1.25e-05,152.335
2026-01-26T14:00:00+00:00,hyperliquid,AAVE/USDC:USDC,173522.42,4.0789e-06,152.565
2026-01-26T15:00:00+00:00,hyperliquid,AAVE/USDC:USDC,173649.24,3.0794e-06,153.13
2026-01-26T16:00:00+00:00,hyperliquid,AAVE/USDC:USDC,172726.3,1.25e-05,152.645
2026-01-26T17:00:00+00:00,hyperliquid,AAVE/USDC:USDC,172010.8,1.25e-05,153.425
2026-01-26T18:00:00+00:00,hyperliquid,AAVE/USDC:USDC,172057.1,1.25e-05,153.16
2026-01-26T19:00:00+00:00,hyperliquid,AAVE/USDC:USDC,172026.78,1.25e-05,154.68
2026-01-26T20:00:00+00:00,hyperliquid,AAVE/USDC:USDC,172279.04,1.25e-05,153.685
2026-01-26T21:00:00+00:00,hyperliquid,AAVE/USDC:USDC,172129.14,1.25e-05,152.855
2026-01-26T22:00:00+00:00,hyperliquid,AAVE/USDC:USDC,172312.78,1.25e-05,154.48
2026-01-26T23:00:00+00:00,hyperliquid,AAVE/USDC:USDC,172235.18,1.25e-05,154.015
2026-01-27T00:00:00+00:00,hyperliquid,AAVE/USDC:USDC,170673.7400000001,1.25e-05,154.155
2026-01-27T01:00:00+00:00,hyperliquid,AAVE/USDC:USDC,171037.2,1.05454e-05,153.98
2026-01-27T02:00:00+00:00,hyperliquid,AAVE/USDC:USDC,171051.82,1.25e-05,154.515
2026-01-27T03:00:00+00:00,hyperliquid,AAVE/USDC:USDC,171033.84,6.5894e-06,154.655
2026-01-27T04:00:00+00:00,hyperliquid,AAVE/USDC:USDC,171007.0999999999,9.1182e-06,154.21
2026-01-27T05:00:00+00:00,hyperliquid,AAVE/USDC:USDC,171008.08,1.25e-05,154.79
2026-01-27T06:00:00+00:00,hyperliquid,AAVE/USDC:USDC,170650.88,4.2873e-06,154.525
2026-01-27T07:00:00+00:00,hyperliquid,AAVE/USDC:USDC,170719.6599999999,9.4671e-06,153.705
2026-01-27T08:00:00+00:00,hyperliquid,AAVE/USDC:USDC,170809.34,7.9853e-06,154.185
2026-01-27T09:00:00+00:00,hyperliquid,AAVE/USDC:USDC,173480.22,-3.11687e-05,154.385
2026-01-27T10:00:00+00:00,hyperliquid,AAVE/USDC:USDC,172376.02,-2.89124e-05,153.245
2026-01-27T11:00:00+00:00,hyperliquid,AAVE/USDC:USDC,171487.3,7.999e-06,153.255
2026-01-27T12:00:00+00:00,hyperliquid,AAVE/USDC:USDC,170379.64,1.25e-05,153.715
2026-01-27T13:00:00+00:00,hyperliquid,AAVE/USDC:USDC,170997.7,-1.95995e-05,154.03
2026-01-27T14:00:00+00:00,hyperliquid,AAVE/USDC:USDC,175510.08,-5.00124e-05,153.96
2026-01-27T15:00:00+00:00,hyperliquid,AAVE/USDC:USDC,194838.9,-2.96443e-05,153.575
2026-01-27T16:00:00+00:00,hyperliquid,AAVE/USDC:USDC,194056.38,-2.3123e-06,154.995
2026-01-27T17:00:00+00:00,hyperliquid,AAVE/USDC:USDC,193144.5,-2.18416e-05,157.38
2026-01-27T18:00:00+00:00,hyperliquid,AAVE/USDC:USDC,192914.08,-1.90926e-05,153.585
2026-01-27T19:00:00+00:00,hyperliquid,AAVE/USDC:USDC,193064.3799999999,-7.7067e-06,155.535
2026-01-27T20:00:00+00:00,hyperliquid,AAVE/USDC:USDC,193116.1,-3.6225e-06,156.325
2026-01-27T21:00:00+00:00,hyperliquid,AAVE/USDC:USDC,192471.86,-2.08762e-05,158.68
2026-01-27T22:00:00+00:00,hyperliquid,AAVE/USDC:USDC,192412.02,-1.94742e-05,158.645
2026-01-27T23:00:00+00:00,hyperliquid,AAVE/USDC:USDC,192263.92,5.8308e-06,159.02
2026-01-28T00:00:00+00:00,hyperliquid,AAVE/USDC:USDC,192347.82,3.0389e-06,158.945
2026-01-28T01:00:00+00:00,hyperliquid,AAVE/USDC:USDC,192669.44,-1.28033e-05,158.43
2026-01-28T02:00:00+00:00,hyperliquid,AAVE/USDC:USDC,192704.46,-2.24036e-05,157.775
2026-01-28T03:00:00+00:00,hyperliquid,AAVE/USDC:USDC,193110.04,-2.5395e-05,158.985
2026-01-28T04:00:00+00:00,hyperliquid,AAVE/USDC:USDC,191890.26,-2.02449e-05,158.59
2026-01-28T05:00:00+00:00,hyperliquid,AAVE/USDC:USDC,192061.78,-1.1505e-06,158.01
2026-01-28T06:00:00+00:00,hyperliquid,AAVE/USDC:USDC,191212.9,-1.42561e-05,156.865
2026-01-28T07:00:00+00:00,hyperliquid,AAVE/USDC:USDC,191254.7,-7.2745e-06,157.805
2026-01-28T08:00:00+00:00,hyperliquid,AAVE/USDC:USDC,191068.4,-6.279e-06,158.535
2026-01-28T09:00:00+00:00,hyperliquid,AAVE/USDC:USDC,190379.16,-3.6561e-06,158.135
2026-01-28T10:00:00+00:00,hyperliquid,AAVE/USDC:USDC,190298.28,1.00286e-05,159.725
2026-01-28T11:00:00+00:00,hyperliquid,AAVE/USDC:USDC,190011.04,-4.1691e-06,160.375
2026-01-28T12:00:00+00:00,hyperliquid,AAVE/USDC:USDC,189790.7,1.11402e-05,162.65
2026-01-28T13:00:00+00:00,hyperliquid,AAVE/USDC:USDC,189299.62,1.23496e-05,162.09
2026-01-28T14:00:00+00:00,hyperliquid,AAVE/USDC:USDC,191057.84,1.21028e-05,163.245
2026-01-28T15:00:00+00:00,hyperliquid,AAVE/USDC:USDC,191105.94,1.25e-05,162.045
2026-01-28T16:00:00+00:00,hyperliquid,AAVE/USDC:USDC,190532.56,1.25e-05,160.47
2026-01-28T17:00:00+00:00,hyperliquid,AAVE/USDC:USDC,189757.6,-8.2708e-06,159.805
2026-01-28T18:00:00+00:00,hyperliquid,AAVE/USDC:USDC,189952.16,1.25e-05,159.98
2026-01-28T19:00:00+00:00,hyperliquid,AAVE/USDC:USDC,189661.24,8.0259e-06,159.87
2026-01-28T20:00:00+00:00,hyperliquid,AAVE/USDC:USDC,189717.8,1.25e-05,160.375
2026-01-28T21:00:00+00:00,hyperliquid,AAVE/USDC:USDC,189261.32,-1.827e-05,159.045
2026-01-28T22:00:00+00:00,hyperliquid,AAVE/USDC:USDC,189306.94,1.25e-05,160.015
2026-01-28T23:00:00+00:00,hyperliquid,AAVE/USDC:USDC,189277.4,6.5184e-06,161.075
2026-01-29T00:00:00+00:00,hyperliquid,AAVE/USDC:USDC,188147.86,-6.80521e-05,159.995
2026-01-29T01:00:00+00:00,hyperliquid,AAVE/USDC:USDC,186806.06,-2.77928e-05,159.845
2026-01-29T02:00:00+00:00,hyperliquid,AAVE/USDC:USDC,186466.82,-2.87602e-05,159.24
2026-01-29T03:00:00+00:00,hyperliquid,AAVE/USDC:USDC,185738.42,-1.93186e-05,157.065
2026-01-29T04:00:00+00:00,hyperliquid,AAVE/USDC:USDC,185183.06,-2.12498e-05,156.64
2026-01-29T05:00:00+00:00,hyperliquid,AAVE/USDC:USDC,185057.76,-1.87553e-05,156.95
2026-01-29T06:00:00+00:00,hyperliquid,AAVE/USDC:USDC,184927.96,-1.86554e-05,156.265
2026-01-29T07:00:00+00:00,hyperliquid,AAVE/USDC:USDC,184835.96,-1.75927e-05,156.72
2026-01-29T08:00:00+00:00,hyperliquid,AAVE/USDC:USDC,184495.96,-6.5355e-06,156.545
2026-01-29T09:00:00+00:00,hyperliquid,AAVE/USDC:USDC,184520.0,-4.31439e-05,156.53
2026-01-29T10:00:00+00:00,hyperliquid,AAVE/USDC:USDC,184072.8,-1.86574e-05,155.175
2026-01-29T11:00:00+00:00,hyperliquid,AAVE/USDC:USDC,181999.76,-2.5211e-05,154.355
2026-01-29T12:00:00+00:00,hyperliquid,AAVE/USDC:USDC,178682.66,5.0685e-06,153.965
2026-01-29T13:00:00+00:00,hyperliquid,AAVE/USDC:USDC,176742.84,1.25e-05,153.68
2026-01-29T14:00:00+00:00,hyperliquid,AAVE/USDC:USDC,176260.86,1.25e-05,154.605
2026-01-29T15:00:00+00:00,hyperliquid,AAVE/USDC:USDC,172591.5400000001,1.25e-05,149.59
2026-01-29T16:00:00+00:00,hyperliquid,AAVE/USDC:USDC,167805.1199999998,-6.8308e-06,146.31
2026-01-29T17:00:00+00:00,hyperliquid,AAVE/USDC:USDC,167708.54,1.25e-05,148.06
2026-01-29T18:00:00+00:00,hyperliquid,AAVE/USDC:USDC,166520.14,1.25e-05,146.57
2026-01-29T19:00:00+00:00,hyperliquid,AAVE/USDC:USDC,164768.0,-2.2879e-06,143.69
2026-01-29T20:00:00+00:00,hyperliquid,AAVE/USDC:USDC,165183.8,1.7263e-06,145.125
2026-01-29T21:00:00+00:00,hyperliquid,AAVE/USDC:USDC,166037.18,1.25e-05,147.13
2026-01-29T22:00:00+00:00,hyperliquid,AAVE/USDC:USDC,165100.38,1.25e-05,147.2
2026-01-29T23:00:00+00:00,hyperliquid,AAVE/USDC:USDC,165344.78,5.1702e-06,146.845
2026-01-30T00:00:00+00:00,hyperliquid,AAVE/USDC:USDC,165166.64,1.25e-05,147.56
2026-01-30T01:00:00+00:00,hyperliquid,AAVE/USDC:USDC,164795.98,-1.2568e-06,146.405
2026-01-30T02:00:00+00:00,hyperliquid,AAVE/USDC:USDC,164994.74,1.25e-05,143.89
2026-01-30T03:00:00+00:00,hyperliquid,AAVE/USDC:USDC,165805.58,7.6236e-06,142.285
2026-01-30T04:00:00+00:00,hyperliquid,AAVE/USDC:USDC,168957.58,1.25e-05,142.975
2026-01-30T05:00:00+00:00,hyperliquid,AAVE/USDC:USDC,169075.76,1.25e-05,143.745
2026-01-30T06:00:00+00:00,hyperliquid,AAVE/USDC:USDC,169070.12,-6.6006e-06,143.07
2026-01-30T07:00:00+00:00,hyperliquid,AAVE/USDC:USDC,168591.96,1.25e-05,140.965
2026-01-30T08:00:00+00:00,hyperliquid,AAVE/USDC:USDC,168279.08,-4.1552e-06,141.375
2026-01-30T09:00:00+00:00,hyperliquid,AAVE/USDC:USDC,168275.48,1.00369e-05,141.075
2026-01-30T10:00:00+00:00,hyperliquid,AAVE/USDC:USDC,168070.32,9.89e-06,140.565
2026-01-30T11:00:00+00:00,hyperliquid,AAVE/USDC:USDC,168292.46,5.8449e-06,141.145
2026-01-30T12:00:00+00:00,hyperliquid,AAVE/USDC:USDC,168641.24,1.9277e-06,142.78
2026-01-30T13:00:00+00:00,hyperliquid,AAVE/USDC:USDC,168455.48,6.2233e-06,141.455
2026-01-30T14:00:00+00:00,hyperliquid,AAVE/USDC:USDC,168738.28,4.262e-07,140.83
2026-01-30T15:00:00+00:00,hyperliquid,AAVE/USDC:USDC,168688.34,8.4178e-06,140.155
2026-01-30T16:00:00+00:00,hyperliquid,AAVE/USDC:USDC,169060.66,1.25e-05,139.36
2026-01-30T17:00:00+00:00,hyperliquid,AAVE/USDC:USDC,168698.42,-8.5404e-06,139.14
2026-01-30T18:00:00+00:00,hyperliquid,AAVE/USDC:USDC,168117.56,4.7458e-06,138.735
2026-01-30T19:00:00+00:00,hyperliquid,AAVE/USDC:USDC,166822.38,1.25e-05,140.96
2026-01-30T20:00:00+00:00,hyperliquid,AAVE/USDC:USDC,168393.88,1.25e-05,140.065
2026-01-30T21:00:00+00:00,hyperliquid,AAVE/USDC:USDC,165199.76,1.25e-05,138.095
2026-01-30T22:00:00+00:00,hyperliquid,AAVE/USDC:USDC,165927.56,1.11977e-05,139.21
2026-01-30T23:00:00+00:00,hyperliquid,AAVE/USDC:USDC,167165.44,1.25e-05,138.625
2026-01-31T00:00:00+00:00,hyperliquid,AAVE/USDC:USDC,167883.8,1.25e-05,137.875
2026-01-31T01:00:00+00:00,hyperliquid,AAVE/USDC:USDC,167567.0,-2.5053e-06,137.48
2026-01-31T02:00:00+00:00,hyperliquid,AAVE/USDC:USDC,167645.06,7.434e-07,137.71
2026-01-31T03:00:00+00:00,hyperliquid,AAVE/USDC:USDC,167686.9,9.8227e-06,138.125
2026-01-31T04:00:00+00:00,hyperliquid,AAVE/USDC:USDC,167689.48,1.25e-05,138.015
2026-01-31T05:00:00+00:00,hyperliquid,AAVE/USDC:USDC,169239.54,1.25e-05,137.63
2026-01-31T06:00:00+00:00,hyperliquid,AAVE/USDC:USDC,169201.02,4.4076e-06,138.005
2026-01-31T07:00:00+00:00,hyperliquid,AAVE/USDC:USDC,169109.92,7.2241e-06,136.905
2026-01-31T08:00:00+00:00,hyperliquid,AAVE/USDC:USDC,168193.86,1.25e-05,136.55
2026-01-31T09:00:00+00:00,hyperliquid,AAVE/USDC:USDC,168445.98,4.3704e-06,134.24
2026-01-31T10:00:00+00:00,hyperliquid,AAVE/USDC:USDC,168270.66,-5.9191e-06,134.3
2026-01-31T11:00:00+00:00,hyperliquid,AAVE/USDC:USDC,168385.82,1.17145e-05,135.145
2026-01-31T12:00:00+00:00,hyperliquid,AAVE/USDC:USDC,168118.58,6.4607e-06,134.355
2026-01-31T13:00:00+00:00,hyperliquid,AAVE/USDC:USDC,168185.0,1.21902e-05,133.83
2026-01-31T14:00:00+00:00,hyperliquid,AAVE/USDC:USDC,167423.26,1.25e-05,133.485
2026-01-31T15:00:00+00:00,hyperliquid,AAVE/USDC:USDC,167621.0,-2.83961e-05,132.82
2026-01-31T16:00:00+00:00,hyperliquid,AAVE/USDC:USDC,167616.86,-1.69402e-05,132.145
2026-01-31T17:00:00+00:00,hyperliquid,AAVE/USDC:USDC,167090.52,-1.14419e-05,128.83
2026-01-31T18:00:00+00:00,hyperliquid,AAVE/USDC:USDC,171943.86,1.25e-05,124.06
2026-01-31T19:00:00+00:00,hyperliquid,AAVE/USDC:USDC,169548.1999999999,1.25e-05,122.565
2026-01-31T20:00:00+00:00,hyperliquid,AAVE/USDC:USDC,173157.4600000004,1.25e-05,123.605
2026-01-31T21:00:00+00:00,hyperliquid,AAVE/USDC:USDC,175760.3,1.25e-05,124.915
2026-01-31T22:00:00+00:00,hyperliquid,AAVE/USDC:USDC,175108.3,7.843e-06,126.58
2026-01-31T23:00:00+00:00,hyperliquid,AAVE/USDC:USDC,169966.58,-7.2124e-06,127.4
2026-02-01T00:00:00+00:00,hyperliquid,AAVE/USDC:USDC,170755.36,1.25e-05,128.91
2026-02-01T01:00:00+00:00,hyperliquid,AAVE/USDC:USDC,173225.06,1.25e-05,129.4
2026-02-01T02:00:00+00:00,hyperliquid,AAVE/USDC:USDC,173303.14,1.25e-05,129.58
2026-02-01T03:00:00+00:00,hyperliquid,AAVE/USDC:USDC,173547.9,1.25e-05,129.215
2026-02-01T04:00:00+00:00,hyperliquid,AAVE/USDC:USDC,173495.8,1.25e-05,129.075
2026-02-01T05:00:00+00:00,hyperliquid,AAVE/USDC:USDC,173581.32,1.25e-05,129.06
2026-02-01T06:00:00+00:00,hyperliquid,AAVE/USDC:USDC,173485.86,1.25e-05,127.875
2026-02-01T07:00:00+00:00,hyperliquid,AAVE/USDC:USDC,173389.78,1.25e-05,127.185
2026-02-01T08:00:00+00:00,hyperliquid,AAVE/USDC:USDC,173371.88,1.25e-05,127.435
2026-02-01T09:00:00+00:00,hyperliquid,AAVE/USDC:USDC,173411.7,1.25e-05,127.0
2026-02-01T10:00:00+00:00,hyperliquid,AAVE/USDC:USDC,173515.46,1.25e-05,127.66
2026-02-01T11:00:00+00:00,hyperliquid,AAVE/USDC:USDC,173323.68,1.25e-05,125.955
2026-02-01T12:00:00+00:00,hyperliquid,AAVE/USDC:USDC,173471.06,1.25e-05,126.87
2026-02-01T13:00:00+00:00,hyperliquid,AAVE/USDC:USDC,173360.18,1.00766e-05,126.545
2026-02-01T14:00:00+00:00,hyperliquid,AAVE/USDC:USDC,173141.86,1.25e-05,125.465
2026-02-01T15:00:00+00:00,hyperliquid,AAVE/USDC:USDC,173306.2,1.8299e-06,125.655
2026-02-01T16:00:00+00:00,hyperliquid,AAVE/USDC:USDC,174595.8,1.25e-05,124.04
2026-02-01T17:00:00+00:00,hyperliquid,AAVE/USDC:USDC,174309.26,1.01477e-05,124.445
2026-02-01T18:00:00+00:00,hyperliquid,AAVE/USDC:USDC,173205.4,1.25e-05,124.565
2026-02-01T19:00:00+00:00,hyperliquid,AAVE/USDC:USDC,172891.82,-3.6926e-06,125.725
2026-02-01T20:00:00+00:00,hyperliquid,AAVE/USDC:USDC,172802.0,-3.6647e-06,124.575
2026-02-01T21:00:00+00:00,hyperliquid,AAVE/USDC:USDC,173037.92,-3.7208e-06,124.79
2026-02-01T22:00:00+00:00,hyperliquid,AAVE/USDC:USDC,172311.82,3.7834e-06,124.28
2026-02-01T23:00:00+00:00,hyperliquid,AAVE/USDC:USDC,172177.52,-4.182e-07,124.705
2026-02-02T00:00:00+00:00,hyperliquid,AAVE/USDC:USDC,172188.08,1.25e-05,124.165
2026-02-02T01:00:00+00:00,hyperliquid,AAVE/USDC:USDC,171737.62,4.4639e-06,126.185
2026-02-02T02:00:00+00:00,hyperliquid,AAVE/USDC:USDC,171738.1,1.25e-05,126.02
2026-02-02T03:00:00+00:00,hyperliquid,AAVE/USDC:USDC,170788.68,1.25e-05,125.145
2026-02-02T04:00:00+00:00,hyperliquid,AAVE/USDC:USDC,170216.04,-1.6657e-06,124.605
2026-02-02T05:00:00+00:00,hyperliquid,AAVE/USDC:USDC,170245.74,-1.9855e-06,125.07
2026-02-02T06:00:00+00:00,hyperliquid,AAVE/USDC:USDC,170393.54,-2.6175e-06,122.32
2026-02-02T07:00:00+00:00,hyperliquid,AAVE/USDC:USDC,170630.02,1.25e-05,124.495
2026-02-02T08:00:00+00:00,hyperliquid,AAVE/USDC:USDC,170692.7,1.25e-05,125.195
2026-02-02T09:00:00+00:00,hyperliquid,AAVE/USDC:USDC,171394.98,1.25e-05,125.26
2026-02-02T10:00:00+00:00,hyperliquid,AAVE/USDC:USDC,173388.86,1.11382e-05,126.465
2026-02-02T11:00:00+00:00,hyperliquid,AAVE/USDC:USDC,173481.5,5.694e-06,126.805
2026-02-02T12:00:00+00:00,hyperliquid,AAVE/USDC:USDC,173433.02,-1.0557e-06,127.255
2026-02-02T13:00:00+00:00,hyperliquid,AAVE/USDC:USDC,174451.66,3.554e-06,127.725
2026-02-02T14:00:00+00:00,hyperliquid,AAVE/USDC:USDC,175627.88,-6.122e-06,128.905
2026-02-02T15:00:00+00:00,hyperliquid,AAVE/USDC:USDC,175953.0,-5.2743e-06,128.29
2026-02-02T16:00:00+00:00,hyperliquid,AAVE/USDC:USDC,176652.02,1.25e-05,129.59
2026-02-02T17:00:00+00:00,hyperliquid,AAVE/USDC:USDC,176749.32,5.8077e-06,129.495
2026-02-02T18:00:00+00:00,hyperliquid,AAVE/USDC:USDC,176874.56,3.9853e-06,128.46
2026-02-02T19:00:00+00:00,hyperliquid,AAVE/USDC:USDC,176824.08,1.20249e-05,128.305
2026-02-02T22:00:00+00:00,hyperliquid,AAVE/USDC:USDC,176815.58,-4.6864e-06,128.225
2026-02-02T23:00:00+00:00,hyperliquid,AAVE/USDC:USDC,176807.02,-2.11847e-05,128.33
2026-02-03T00:00:00+00:00,hyperliquid,AAVE/USDC:USDC,176770.18,-1.7966e-06,128.36
2026-02-03T01:00:00+00:00,hyperliquid,AAVE/USDC:USDC,176708.14,-9.9719e-06,127.91
2026-02-03T02:00:00+00:00,hyperliquid,AAVE/USDC:USDC,177654.48,-8.0845e-06,127.71
2026-02-03T03:00:00+00:00,hyperliquid,AAVE/USDC:USDC,176757.52,7.6583e-06,126.105
2026-02-03T04:00:00+00:00,hyperliquid,AAVE/USDC:USDC,176454.18,1.25e-05,127.895
2026-02-03T05:00:00+00:00,hyperliquid,AAVE/USDC:USDC,181265.16,1.25e-05,128.555
2026-02-03T06:00:00+00:00,hyperliquid,AAVE/USDC:USDC,177067.28,2.1622e-06,127.29
2026-02-03T07:00:00+00:00,hyperliquid,AAVE/USDC:USDC,176913.36,1.8199e-06,127.81
2026-02-03T08:00:00+00:00,hyperliquid,AAVE/USDC:USDC,176637.02,9.1349e-06,128.48
2026-02-03T09:00:00+00:00,hyperliquid,AAVE/USDC:USDC,176633.98,1.3931e-06,128.21
2026-02-03T10:00:00+00:00,hyperliquid,AAVE/USDC:USDC,176841.34,8.7495e-06,126.58
2026-02-03T11:00:00+00:00,hyperliquid,AAVE/USDC:USDC,176814.36,1.25e-05,126.365
2026-02-03T12:00:00+00:00,hyperliquid,AAVE/USDC:USDC,177027.42,9.3067e-06,126.585
2026-02-03T13:00:00+00:00,hyperliquid,AAVE/USDC:USDC,176976.08,8.4389e-06,127.685
2026-02-03T14:00:00+00:00,hyperliquid,AAVE/USDC:USDC,176900.68,1.25e-05,128.18
2026-02-03T15:00:00+00:00,hyperliquid,AAVE/USDC:USDC,178428.22,1.25e-05,125.72
2026-02-03T16:00:00+00:00,hyperliquid,AAVE/USDC:USDC,176450.1599999999,1.25e-05,128.535
2026-02-03T17:00:00+00:00,hyperliquid,AAVE/USDC:USDC,176407.52,1.25e-05,126.09
2026-02-03T18:00:00+00:00,hyperliquid,AAVE/USDC:USDC,177243.08,1.25e-05,123.56
2026-02-03T19:00:00+00:00,hyperliquid,AAVE/USDC:USDC,177255.9,1.25e-05,121.085
2026-02-03T20:00:00+00:00,hyperliquid,AAVE/USDC:USDC,179806.44,1.25e-05,127.11
2026-02-03T21:00:00+00:00,hyperliquid,AAVE/USDC:USDC,180758.88,6.554e-07,128.925
2026-02-03T22:00:00+00:00,hyperliquid,AAVE/USDC:USDC,179910.54,-2.37172e-05,126.935
2026-02-03T23:00:00+00:00,hyperliquid,AAVE/USDC:USDC,179184.1,2.7799e-06,125.125
2026-02-04T00:00:00+00:00,hyperliquid,AAVE/USDC:USDC,175681.02,9.2458e-06,124.96
2026-02-04T01:00:00+00:00,hyperliquid,AAVE/USDC:USDC,175552.34,1.25e-05,126.14
2026-02-04T02:00:00+00:00,hyperliquid,AAVE/USDC:USDC,175581.56,-3.4496e-06,127.25
2026-02-04T03:00:00+00:00,hyperliquid,AAVE/USDC:USDC,175511.6,4.2485e-06,126.42
2026-02-04T04:00:00+00:00,hyperliquid,AAVE/USDC:USDC,175581.0000000001,9.5455e-06,127.87
2026-02-04T05:00:00+00:00,hyperliquid,AAVE/USDC:USDC,175515.62,-1.12911e-05,127.72
2026-02-04T06:00:00+00:00,hyperliquid,AAVE/USDC:USDC,175461.22,3.0839e-06,126.98
2026-02-04T07:00:00+00:00,hyperliquid,AAVE/USDC:USDC,175293.76,6.3993e-06,127.505
2026-02-04T08:00:00+00:00,hyperliquid,AAVE/USDC:USDC,174867.32,1.25e-05,127.855
2026-02-04T09:00:00+00:00,hyperliquid,AAVE/USDC:USDC,174835.72,-7.7757e-06,128.51
2026-02-04T10:00:00+00:00,hyperliquid,AAVE/USDC:USDC,174917.52,8.1712e-06,126.9
2026-02-04T11:00:00+00:00,hyperliquid,AAVE/USDC:USDC,174698.7,-3.8199e-06,126.815
2026-02-04T12:00:00+00:00,hyperliquid,AAVE/USDC:USDC,174115.52,1.25e-05,126.85
2026-02-04T13:00:00+00:00,hyperliquid,AAVE/USDC:USDC,174055.98,-1.12041e-05,126.425
2026-02-04T14:00:00+00:00,hyperliquid,AAVE/USDC:USDC,173956.92,9.748e-07,124.78
2026-02-04T15:00:00+00:00,hyperliquid,AAVE/USDC:USDC,173763.5600000002,-6.043e-07,123.34
2026-02-04T16:00:00+00:00,hyperliquid,AAVE/USDC:USDC,174318.9,1.11824e-05,122.765
2026-02-04T17:00:00+00:00,hyperliquid,AAVE/USDC:USDC,175472.6599999999,7.7618e-06,121.705
2026-02-04T18:00:00+00:00,hyperliquid,AAVE/USDC:USDC,174123.94,-6.1816e-06,121.06
2026-02-04T19:00:00+00:00,hyperliquid,AAVE/USDC:USDC,174970.18,1.25e-05,122.695
2026-02-04T20:00:00+00:00,hyperliquid,AAVE/USDC:USDC,175911.48,5.938e-06,124.695
2026-02-04T21:00:00+00:00,hyperliquid,AAVE/USDC:USDC,175816.92,1.25e-05,124.55
2026-02-04T22:00:00+00:00,hyperliquid,AAVE/USDC:USDC,175491.12,-3.5205e-06,122.735
2026-02-04T23:00:00+00:00,hyperliquid,AAVE/USDC:USDC,174640.1,1.25e-05,122.59
2026-02-05T00:00:00+00:00,hyperliquid,AAVE/USDC:USDC,174060.84,1.0682e-05,123.755
2026-02-05T01:00:00+00:00,hyperliquid,AAVE/USDC:USDC,174197.84,6.5751e-06,123.785
2026-02-05T02:00:00+00:00,hyperliquid,AAVE/USDC:USDC,175586.72,2.8916e-06,124.15
2026-02-05T03:00:00+00:00,hyperliquid,AAVE/USDC:USDC,174905.92,1.25e-05,122.505
2026-02-05T04:00:00+00:00,hyperliquid,AAVE/USDC:USDC,172214.74,1.25e-05,121.755
2026-02-05T05:00:00+00:00,hyperliquid,AAVE/USDC:USDC,172052.86,1.18425e-05,121.005
2026-02-05T06:00:00+00:00,hyperliquid,AAVE/USDC:USDC,171994.0999999999,6.668e-06,120.87
2026-02-05T07:00:00+00:00,hyperliquid,AAVE/USDC:USDC,171923.2,1.10832e-05,120.515
2026-02-05T08:00:00+00:00,hyperliquid,AAVE/USDC:USDC,172006.14,1.1092e-06,120.385
2026-02-05T09:00:00+00:00,hyperliquid,AAVE/USDC:USDC,172501.22,7.9828e-06,121.8
2026-02-05T10:00:00+00:00,hyperliquid,AAVE/USDC:USDC,173037.7,-1.00294e-05,121.61
2026-02-05T11:00:00+00:00,hyperliquid,AAVE/USDC:USDC,173035.8,-4.567e-06,118.95
2026-02-05T12:00:00+00:00,hyperliquid,AAVE/USDC:USDC,173557.08,1.25e-05,118.435
2026-02-05T13:00:00+00:00,hyperliquid,AAVE/USDC:USDC,173080.0800000001,1.25e-05,117.735
2026-02-05T14:00:00+00:00,hyperliquid,AAVE/USDC:USDC,174701.0399999999,1.25e-05,118.54
2026-02-05T15:00:00+00:00,hyperliquid,AAVE/USDC:USDC,176308.66,1.25e-05,116.89
2026-02-05T16:00:00+00:00,hyperliquid,AAVE/USDC:USDC,180502.3400000001,1.25e-05,112.425
2026-02-05T17:00:00+00:00,hyperliquid,AAVE/USDC:USDC,182816.5,1.25e-05,113.905
2026-02-05T18:00:00+00:00,hyperliquid,AAVE/USDC:USDC,182399.7,1.25e-05,112.075
2026-02-05T19:00:00+00:00,hyperliquid,AAVE/USDC:USDC,184282.14,1.25e-05,111.895
2026-02-05T20:00:00+00:00,hyperliquid,AAVE/USDC:USDC,191721.18,-5.06524e-05,110.045
2026-02-05T21:00:00+00:00,hyperliquid,AAVE/USDC:USDC,198681.3,1.25e-05,105.025
2026-02-05T22:00:00+00:00,hyperliquid,AAVE/USDC:USDC,195851.1199999999,1.13764e-05,101.005
2026-02-05T23:00:00+00:00,hyperliquid,AAVE/USDC:USDC,200701.36,-3.92369e-05,102.295
2026-02-06T00:00:00+00:00,hyperliquid,AAVE/USDC:USDC,198692.14,1.25e-05,101.01
2026-02-06T01:00:00+00:00,hyperliquid,AAVE/USDC:USDC,214177.7000000001,1.25e-05,101.05
2026-02-06T02:00:00+00:00,hyperliquid,AAVE/USDC:USDC,211500.0,1.25e-05,106.58
2026-02-06T03:00:00+00:00,hyperliquid,AAVE/USDC:USDC,211088.86,1.25e-05,103.82
2026-02-06T04:00:00+00:00,hyperliquid,AAVE/USDC:USDC,211574.3,1.25e-05,104.275
2026-02-06T05:00:00+00:00,hyperliquid,AAVE/USDC:USDC,214160.14,1.25e-05,105.325
2026-02-06T06:00:00+00:00,hyperliquid,AAVE/USDC:USDC,214037.92,1.25e-05,107.33
2026-02-06T07:00:00+00:00,hyperliquid,AAVE/USDC:USDC,214443.08,1.0639e-05,103.685
2026-02-06T08:00:00+00:00,hyperliquid,AAVE/USDC:USDC,214510.5,1.25e-05,102.95
2026-02-06T09:00:00+00:00,hyperliquid,AAVE/USDC:USDC,212818.02,1.25e-05,102.39
2026-02-06T10:00:00+00:00,hyperliquid,AAVE/USDC:USDC,212639.94,1.25e-05,105.425
2026-02-06T11:00:00+00:00,hyperliquid,AAVE/USDC:USDC,214851.84,1.25e-05,106.355
2026-02-06T12:00:00+00:00,hyperliquid,AAVE/USDC:USDC,216954.7,1.25e-05,106.11
2026-02-06T13:00:00+00:00,hyperliquid,AAVE/USDC:USDC,217151.58,1.25e-05,106.315
2026-02-06T14:00:00+00:00,hyperliquid,AAVE/USDC:USDC,220316.28,1.25e-05,108.085
2026-02-06T15:00:00+00:00,hyperliquid,AAVE/USDC:USDC,215308.18,1.25e-05,109.125
2026-02-06T16:00:00+00:00,hyperliquid,AAVE/USDC:USDC,212914.7800000001,1.25e-05,110.255
2026-02-06T17:00:00+00:00,hyperliquid,AAVE/USDC:USDC,210172.5000000001,1.25e-05,112.845
2026-02-06T18:00:00+00:00,hyperliquid,AAVE/USDC:USDC,209502.94,1.25e-05,114.085
2026-02-06T19:00:00+00:00,hyperliquid,AAVE/USDC:USDC,209683.96,1.15866e-05,113.095
2026-02-06T20:00:00+00:00,hyperliquid,AAVE/USDC:USDC,209730.12,1.25e-05,114.17
2026-02-06T21:00:00+00:00,hyperliquid,AAVE/USDC:USDC,208938.38,8.4724e-06,113.88
2026-02-06T22:00:00+00:00,hyperliquid,AAVE/USDC:USDC,208689.5600000011,1.25e-05,113.6
2026-02-06T23:00:00+00:00,hyperliquid,AAVE/USDC:USDC,208339.96,1.25e-05,114.485
2026-02-07T00:00:00+00:00,hyperliquid,AAVE/USDC:USDC,206981.02,1.25e-05,113.54
2026-02-07T01:00:00+00:00,hyperliquid,AAVE/USDC:USDC,205101.94,-1.63689e-05,112.755
2026-02-07T02:00:00+00:00,hyperliquid,AAVE/USDC:USDC,204673.0,-1.7339e-06,113.89
2026-02-07T03:00:00+00:00,hyperliquid,AAVE/USDC:USDC,204413.48,6.9508e-06,114.0
2026-02-07T04:00:00+00:00,hyperliquid,AAVE/USDC:USDC,204599.78,7.7799e-06,114.86
2026-02-07T05:00:00+00:00,hyperliquid,AAVE/USDC:USDC,205089.86,-1.66249e-05,114.95
2026-02-07T06:00:00+00:00,hyperliquid,AAVE/USDC:USDC,204564.7,-1.14952e-05,114.915
2026-02-07T07:00:00+00:00,hyperliquid,AAVE/USDC:USDC,204254.02,1.06987e-05,112.905
2026-02-07T08:00:00+00:00,hyperliquid,AAVE/USDC:USDC,202493.76,1.25e-05,111.565
2026-02-07T09:00:00+00:00,hyperliquid,AAVE/USDC:USDC,202227.1,8.9205e-06,111.985
2026-02-07T10:00:00+00:00,hyperliquid,AAVE/USDC:USDC,201771.22,1.25e-05,110.86
2026-02-07T11:00:00+00:00,hyperliquid,AAVE/USDC:USDC,201309.72,1.25e-05,110.865
2026-02-07T12:00:00+00:00,hyperliquid,AAVE/USDC:USDC,201028.9800000001,1.25e-05,111.13
2026-02-07T13:00:00+00:00,hyperliquid,AAVE/USDC:USDC,200946.96,-4.8306e-06,113.445
2026-02-07T14:00:00+00:00,hyperliquid,AAVE/USDC:USDC,199296.02,1.25e-05,112.58
2026-02-07T15:00:00+00:00,hyperliquid,AAVE/USDC:USDC,198840.3,3.2002e-06,111.835
2026-02-07T16:00:00+00:00,hyperliquid,AAVE/USDC:USDC,198871.34,9.7432e-06,113.3
2026-02-07T17:00:00+00:00,hyperliquid,AAVE/USDC:USDC,198622.8,1.25e-05,113.15
2026-02-07T18:00:00+00:00,hyperliquid,AAVE/USDC:USDC,198612.8,7.243e-06,113.745
2026-02-07T19:00:00+00:00,hyperliquid,AAVE/USDC:USDC,198496.04,1.05652e-05,114.935
2026-02-07T20:00:00+00:00,hyperliquid,AAVE/USDC:USDC,198680.0,-1.8978e-06,114.5
2026-02-07T21:00:00+00:00,hyperliquid,AAVE/USDC:USDC,198332.62,5.621e-06,114.985
2026-02-07T22:00:00+00:00,hyperliquid,AAVE/USDC:USDC,198344.36,-3.0325e-06,114.75
2026-02-07T23:00:00+00:00,hyperliquid,AAVE/USDC:USDC,199414.14,-1.12995e-05,114.235
2026-02-08T00:00:00+00:00,hyperliquid,AAVE/USDC:USDC,199068.36,-3.5614e-06,113.81
2026-02-08T01:00:00+00:00,hyperliquid,AAVE/USDC:USDC,199308.86,-6.2633e-06,113.545
2026-02-08T02:00:00+00:00,hyperliquid,AAVE/USDC:USDC,199266.78,-7.5082e-06,113.575
2026-02-08T03:00:00+00:00,hyperliquid,AAVE/USDC:USDC,199287.74,-1.87389e-05,113.025
2026-02-08T04:00:00+00:00,hyperliquid,AAVE/USDC:USDC,199307.14,6.62e-06,112.465
2026-02-08T05:00:00+00:00,hyperliquid,AAVE/USDC:USDC,199333.78,-2.26235e-05,112.875
2026-02-08T06:00:00+00:00,hyperliquid,AAVE/USDC:USDC,199501.4,7.0865e-06,112.67
2026-02-08T07:00:00+00:00,hyperliquid,AAVE/USDC:USDC,199304.9,-1.64397e-05,112.595
2026-02-08T08:00:00+00:00,hyperliquid,AAVE/USDC:USDC,199272.38,1.19971e-05,112.285
2026-02-08T09:00:00+00:00,hyperliquid,AAVE/USDC:USDC,198960.7,-5.1323e-06,113.965
2026-02-08T10:00:00+00:00,hyperliquid,AAVE/USDC:USDC,198573.66,1.02873e-05,113.155
2026-02-08T11:00:00+00:00,hyperliquid,AAVE/USDC:USDC,198444.44,-6.3016e-06,112.735
2026-02-08T12:00:00+00:00,hyperliquid,AAVE/USDC:USDC,198558.82,4.771e-07,114.685
2026-02-08T13:00:00+00:00,hyperliquid,AAVE/USDC:USDC,198447.12,1.3814e-06,114.65
2026-02-08T14:00:00+00:00,hyperliquid,AAVE/USDC:USDC,198933.1,5.968e-06,114.125
2026-02-08T15:00:00+00:00,hyperliquid,AAVE/USDC:USDC,198938.06,-2.5526e-06,114.41
2026-02-08T16:00:00+00:00,hyperliquid,AAVE/USDC:USDC,198866.42,1.25e-05,112.915
2026-02-08T17:00:00+00:00,hyperliquid,AAVE/USDC:USDC,199136.32,1.03409e-05,111.79
2026-02-08T18:00:00+00:00,hyperliquid,AAVE/USDC:USDC,198343.92,-1.51512e-05,112.945
2026-02-08T19:00:00+00:00,hyperliquid,AAVE/USDC:USDC,198308.6,1.25e-05,114.035
2026-02-08T20:00:00+00:00,hyperliquid,AAVE/USDC:USDC,198356.1200000001,-6.674e-07,114.23
2026-02-08T21:00:00+00:00,hyperliquid,AAVE/USDC:USDC,198251.66,1.25e-05,113.125
2026-02-08T22:00:00+00:00,hyperliquid,AAVE/USDC:USDC,198398.18,1.25e-05,112.36
2026-02-08T23:00:00+00:00,hyperliquid,AAVE/USDC:USDC,198554.04,1.25e-05,113.18
2026-02-09T00:00:00+00:00,hyperliquid,AAVE/USDC:USDC,198439.62,1.25e-05,112.54
2026-02-09T01:00:00+00:00,hyperliquid,AAVE/USDC:USDC,198283.18,1.25e-05,112.44
2026-02-09T02:00:00+00:00,hyperliquid,AAVE/USDC:USDC,198177.16,1.25e-05,111.86
2026-02-09T03:00:00+00:00,hyperliquid,AAVE/USDC:USDC,198198.36,1.25e-05,112.875
2026-02-09T04:00:00+00:00,hyperliquid,AAVE/USDC:USDC,199018.32,1.25e-05,114.24
2026-02-09T05:00:00+00:00,hyperliquid,AAVE/USDC:USDC,198434.32,4.0667e-06,112.89
2026-02-09T06:00:00+00:00,hyperliquid,AAVE/USDC:USDC,198155.88,1.01302e-05,114.535
2026-02-09T07:00:00+00:00,hyperliquid,AAVE/USDC:USDC,197995.28,8.502e-06,112.745
2026-02-09T08:00:00+00:00,hyperliquid,AAVE/USDC:USDC,197818.3,8.0161e-06,112.3
2026-02-09T09:00:00+00:00,hyperliquid,AAVE/USDC:USDC,198046.98,1.0465e-06,111.25
2026-02-09T10:00:00+00:00,hyperliquid,AAVE/USDC:USDC,197628.12,-4.6066e-06,110.92
2026-02-09T11:00:00+00:00,hyperliquid,AAVE/USDC:USDC,197556.38,1.25e-05,109.925
2026-02-09T12:00:00+00:00,hyperliquid,AAVE/USDC:USDC,198106.26,-3.3893e-06,110.1
2026-02-09T13:00:00+00:00,hyperliquid,AAVE/USDC:USDC,198208.24,1.25e-05,110.65
2026-02-09T14:00:00+00:00,hyperliquid,AAVE/USDC:USDC,198224.56,1.25e-05,110.015
2026-02-09T15:00:00+00:00,hyperliquid,AAVE/USDC:USDC,198264.02,1.25e-05,111.495
2026-02-09T16:00:00+00:00,hyperliquid,AAVE/USDC:USDC,198505.02,7.9459e-06,112.23
2026-02-09T17:00:00+00:00,hyperliquid,AAVE/USDC:USDC,196913.82,1.25e-05,112.87
2026-02-09T18:00:00+00:00,hyperliquid,AAVE/USDC:USDC,196366.86,1.25e-05,114.39
2026-02-09T19:00:00+00:00,hyperliquid,AAVE/USDC:USDC,195465.98,1.25e-05,114.175
2026-02-09T20:00:00+00:00,hyperliquid,AAVE/USDC:USDC,195202.92,1.25e-05,114.145
2026-02-09T21:00:00+00:00,hyperliquid,AAVE/USDC:USDC,194635.26,1.25e-05,113.57
2026-02-09T22:00:00+00:00,hyperliquid,AAVE/USDC:USDC,194833.16,1.25e-05,113.125
2026-02-09T23:00:00+00:00,hyperliquid,AAVE/USDC:USDC,194617.1,1.25e-05,113.11
2026-02-10T00:00:00+00:00,hyperliquid,AAVE/USDC:USDC,194723.38,1.25e-05,112.89
2026-02-10T01:00:00+00:00,hyperliquid,AAVE/USDC:USDC,194962.8,1.25e-05,112.265
2026-02-10T02:00:00+00:00,hyperliquid,AAVE/USDC:USDC,194789.5,1.25e-05,112.96
2026-02-10T03:00:00+00:00,hyperliquid,AAVE/USDC:USDC,194924.34,1.25e-05,112.51
2026-02-10T04:00:00+00:00,hyperliquid,AAVE/USDC:USDC,195028.28,1.25e-05,111.025
2026-02-10T05:00:00+00:00,hyperliquid,AAVE/USDC:USDC,194724.18,1.25e-05,111.7
2026-02-10T06:00:00+00:00,hyperliquid,AAVE/USDC:USDC,195322.68,1.25e-05,110.66
2026-02-10T07:00:00+00:00,hyperliquid,AAVE/USDC:USDC,194395.5399999999,1.25e-05,109.18
2026-02-10T08:00:00+00:00,hyperliquid,AAVE/USDC:USDC,194229.64,1.25e-05,108.84
2026-02-10T09:00:00+00:00,hyperliquid,AAVE/USDC:USDC,194045.58,1.25e-05,109.445
2026-02-10T10:00:00+00:00,hyperliquid,AAVE/USDC:USDC,194003.3,1.25e-05,109.56
2026-02-10T11:00:00+00:00,hyperliquid,AAVE/USDC:USDC,193979.44,1.25e-05,108.83
2026-02-10T12:00:00+00:00,hyperliquid,AAVE/USDC:USDC,193568.92,1.25e-05,108.555
2026-02-10T13:00:00+00:00,hyperliquid,AAVE/USDC:USDC,193559.9,1.25e-05,108.32
2026-02-10T14:00:00+00:00,hyperliquid,AAVE/USDC:USDC,193038.24,1.25e-05,108.84
2026-02-10T15:00:00+00:00,hyperliquid,AAVE/USDC:USDC,191115.5399999999,1.25e-05,108.58
2026-02-10T16:00:00+00:00,hyperliquid,AAVE/USDC:USDC,190347.78,1.25e-05,109.415
2026-02-10T17:00:00+00:00,hyperliquid,AAVE/USDC:USDC,190447.62,1.25e-05,109.585
2026-02-10T18:00:00+00:00,hyperliquid,AAVE/USDC:USDC,190301.5,1.25e-05,110.255
2026-02-10T19:00:00+00:00,hyperliquid,AAVE/USDC:USDC,190370.08,1.25e-05,108.6
2026-02-10T20:00:00+00:00,hyperliquid,AAVE/USDC:USDC,190561.0000000001,1.25e-05,109.015
2026-02-10T21:00:00+00:00,hyperliquid,AAVE/USDC:USDC,190819.64,1.25e-05,109.1
2026-02-10T22:00:00+00:00,hyperliquid,AAVE/USDC:USDC,190830.38,1.25e-05,108.71
2026-02-10T23:00:00+00:00,hyperliquid,AAVE/USDC:USDC,190809.32,1.25e-05,109.055
2026-02-11T00:00:00+00:00,hyperliquid,AAVE/USDC:USDC,190817.74,1.25e-05,109.4
2026-02-11T01:00:00+00:00,hyperliquid,AAVE/USDC:USDC,190827.86,1.25e-05,109.805
2026-02-11T02:00:00+00:00,hyperliquid,AAVE/USDC:USDC,190628.16,1.25e-05,109.805
2026-02-11T03:00:00+00:00,hyperliquid,AAVE/USDC:USDC,190737.8,1.25e-05,109.45
2026-02-11T04:00:00+00:00,hyperliquid,AAVE/USDC:USDC,190652.24,1.25e-05,109.395
2026-02-11T05:00:00+00:00,hyperliquid,AAVE/USDC:USDC,190668.22,1.25e-05,107.81
2026-02-11T06:00:00+00:00,hyperliquid,AAVE/USDC:USDC,190715.46,1.25e-05,107.335
2026-02-11T07:00:00+00:00,hyperliquid,AAVE/USDC:USDC,191816.74,1.25e-05,105.705
2026-02-11T08:00:00+00:00,hyperliquid,AAVE/USDC:USDC,191517.5,1.25e-05,106.14
2026-02-11T09:00:00+00:00,hyperliquid,AAVE/USDC:USDC,191257.92,1.25e-05,105.925
2026-02-11T10:00:00+00:00,hyperliquid,AAVE/USDC:USDC,191412.44,1.25e-05,105.27
2026-02-11T11:00:00+00:00,hyperliquid,AAVE/USDC:USDC,189499.6,1.25e-05,105.165
2026-02-11T12:00:00+00:00,hyperliquid,AAVE/USDC:USDC,189301.6,1.25e-05,105.545
2026-02-11T13:00:00+00:00,hyperliquid,AAVE/USDC:USDC,189618.08,1.25e-05,106.3
2026-02-11T14:00:00+00:00,hyperliquid,AAVE/USDC:USDC,192534.58,1.25e-05,108.32
2026-02-11T15:00:00+00:00,hyperliquid,AAVE/USDC:USDC,190261.48,1.25e-05,106.925
2026-02-11T16:00:00+00:00,hyperliquid,AAVE/USDC:USDC,190974.1200000001,1.25e-05,106.335
2026-02-11T17:00:00+00:00,hyperliquid,AAVE/USDC:USDC,191442.24,1.25e-05,105.37
2026-02-11T18:00:00+00:00,hyperliquid,AAVE/USDC:USDC,192179.28,1.25e-05,106.525
2026-02-11T19:00:00+00:00,hyperliquid,AAVE/USDC:USDC,191885.4,1.25e-05,107.215
2026-02-11T20:00:00+00:00,hyperliquid,AAVE/USDC:USDC,192515.42,1.25e-05,108.175
2026-02-11T21:00:00+00:00,hyperliquid,AAVE/USDC:USDC,192146.4,1.25e-05,108.02
2026-02-11T22:00:00+00:00,hyperliquid,AAVE/USDC:USDC,192171.32,1.25e-05,109.06
2026-02-11T23:00:00+00:00,hyperliquid,AAVE/USDC:USDC,191062.1,1.25e-05,107.7
2026-02-12T00:00:00+00:00,hyperliquid,AAVE/USDC:USDC,190381.18,1.25e-05,107.795
2026-02-12T01:00:00+00:00,hyperliquid,AAVE/USDC:USDC,190640.22,1.25e-05,108.795
2026-02-12T02:00:00+00:00,hyperliquid,AAVE/USDC:USDC,190654.86,1.25e-05,108.7
2026-02-12T03:00:00+00:00,hyperliquid,AAVE/USDC:USDC,190682.14,1.25e-05,108.875
2026-02-12T04:00:00+00:00,hyperliquid,AAVE/USDC:USDC,190948.22,1.25e-05,108.87
2026-02-12T05:00:00+00:00,hyperliquid,AAVE/USDC:USDC,191113.94,1.25e-05,108.69
2026-02-12T06:00:00+00:00,hyperliquid,AAVE/USDC:USDC,190936.34,1.23802e-05,109.325
2026-02-12T07:00:00+00:00,hyperliquid,AAVE/USDC:USDC,190808.78,1.25e-05,109.615
2026-02-12T08:00:00+00:00,hyperliquid,AAVE/USDC:USDC,190785.94,1.25e-05,109.895
2026-02-12T09:00:00+00:00,hyperliquid,AAVE/USDC:USDC,191271.04,1.25e-05,109.64
2026-02-12T10:00:00+00:00,hyperliquid,AAVE/USDC:USDC,192018.68,1.25e-05,110.005
2026-02-12T11:00:00+00:00,hyperliquid,AAVE/USDC:USDC,192408.66,1.25e-05,110.14
2026-02-12T12:00:00+00:00,hyperliquid,AAVE/USDC:USDC,193193.4,1.25e-05,109.855
2026-02-12T13:00:00+00:00,hyperliquid,AAVE/USDC:USDC,195461.16,1.25e-05,109.11
2026-02-12T14:00:00+00:00,hyperliquid,AAVE/USDC:USDC,196185.76,1.25e-05,109.97
2026-02-12T15:00:00+00:00,hyperliquid,AAVE/USDC:USDC,197034.64,1.25e-05,109.855
2026-02-12T16:00:00+00:00,hyperliquid,AAVE/USDC:USDC,194481.04,1.25e-05,107.615
2026-02-12T17:00:00+00:00,hyperliquid,AAVE/USDC:USDC,196978.8399999999,1.25e-05,106.145
2026-02-12T18:00:00+00:00,hyperliquid,AAVE/USDC:USDC,197208.86,1.25e-05,106.34
2026-02-12T19:00:00+00:00,hyperliquid,AAVE/USDC:USDC,199819.28,1.25e-05,108.775
2026-02-12T20:00:00+00:00,hyperliquid,AAVE/USDC:USDC,211897.06,1.25e-05,111.085
2026-02-12T21:00:00+00:00,hyperliquid,AAVE/USDC:USDC,212646.32,1.25e-05,109.52
2026-02-12T22:00:00+00:00,hyperliquid,AAVE/USDC:USDC,210414.68,-3.318e-07,110.335
2026-02-12T23:00:00+00:00,hyperliquid,AAVE/USDC:USDC,208847.0,1.25e-05,112.59
2026-02-13T00:00:00+00:00,hyperliquid,AAVE/USDC:USDC,222218.64,1.25e-05,114.86
2026-02-13T01:00:00+00:00,hyperliquid,AAVE/USDC:USDC,222744.08,1.25e-05,112.655
2026-02-13T02:00:00+00:00,hyperliquid,AAVE/USDC:USDC,223531.78,1.25e-05,112.775
2026-02-13T03:00:00+00:00,hyperliquid,AAVE/USDC:USDC,220234.16,1.25e-05,111.64
2026-02-13T04:00:00+00:00,hyperliquid,AAVE/USDC:USDC,220155.6,1.25e-05,112.15
2026-02-13T05:00:00+00:00,hyperliquid,AAVE/USDC:USDC,220850.94,1.25e-05,111.205
2026-02-13T06:00:00+00:00,hyperliquid,AAVE/USDC:USDC,221644.54,1.25e-05,110.175
2026-02-13T07:00:00+00:00,hyperliquid,AAVE/USDC:USDC,222193.84,1.25e-05,110.735
2026-02-13T08:00:00+00:00,hyperliquid,AAVE/USDC:USDC,222331.34,1.25e-05,110.71
2026-02-13T09:00:00+00:00,hyperliquid,AAVE/USDC:USDC,221665.94,1.25e-05,112.13
2026-02-13T10:00:00+00:00,hyperliquid,AAVE/USDC:USDC,221771.02,1.25e-05,112.675
2026-02-13T11:00:00+00:00,hyperliquid,AAVE/USDC:USDC,221445.58,4.3376e-06,112.64
2026-02-13T12:00:00+00:00,hyperliquid,AAVE/USDC:USDC,220524.2,1.25e-05,112.315
2026-02-13T13:00:00+00:00,hyperliquid,AAVE/USDC:USDC,220223.64,1.25e-05,112.545
2026-02-13T14:00:00+00:00,hyperliquid,AAVE/USDC:USDC,221264.22,1.25e-05,112.795
2026-02-13T15:00:00+00:00,hyperliquid,AAVE/USDC:USDC,223322.7,1.25e-05,114.555
2026-02-13T16:00:00+00:00,hyperliquid,AAVE/USDC:USDC,246807.44,1.25e-05,116.63
2026-02-13T17:00:00+00:00,hyperliquid,AAVE/USDC:USDC,249133.24,1.25e-05,118.555
2026-02-13T18:00:00+00:00,hyperliquid,AAVE/USDC:USDC,248539.6400000001,1.25e-05,118.26
2026-02-13T19:00:00+00:00,hyperliquid,AAVE/USDC:USDC,248296.78,1.25e-05,118.845
2026-02-13T20:00:00+00:00,hyperliquid,AAVE/USDC:USDC,247900.6,1.25e-05,119.31
2026-02-13T21:00:00+00:00,hyperliquid,AAVE/USDC:USDC,247769.52,1.25e-05,119.485
2026-02-13T22:00:00+00:00,hyperliquid,AAVE/USDC:USDC,248914.66,1.25e-05,119.605
2026-02-13T23:00:00+00:00,hyperliquid,AAVE/USDC:USDC,247341.42,1.25e-05,119.765
2026-02-14T00:00:00+00:00,hyperliquid,AAVE/USDC:USDC,246976.3400000001,1.25e-05,118.755
2026-02-14T01:00:00+00:00,hyperliquid,AAVE/USDC:USDC,247065.04,1.25e-05,119.975
2026-02-14T02:00:00+00:00,hyperliquid,AAVE/USDC:USDC,246974.52,1.25e-05,119.895
2026-02-14T03:00:00+00:00,hyperliquid,AAVE/USDC:USDC,246531.84,1.25e-05,120.1
2026-02-14T04:00:00+00:00,hyperliquid,AAVE/USDC:USDC,246722.74,1.25e-05,120.275
2026-02-14T05:00:00+00:00,hyperliquid,AAVE/USDC:USDC,250929.62,1.25e-05,120.61
2026-02-14T06:00:00+00:00,hyperliquid,AAVE/USDC:USDC,254339.16,1.25e-05,120.935
2026-02-14T07:00:00+00:00,hyperliquid,AAVE/USDC:USDC,257274.38,1.25e-05,122.12
2026-02-14T08:00:00+00:00,hyperliquid,AAVE/USDC:USDC,259214.72,1.25e-05,123.82
2026-02-14T09:00:00+00:00,hyperliquid,AAVE/USDC:USDC,259339.9800000001,1.25e-05,126.34
2026-02-14T10:00:00+00:00,hyperliquid,AAVE/USDC:USDC,259851.14,1.25e-05,126.24
2026-02-14T11:00:00+00:00,hyperliquid,AAVE/USDC:USDC,262634.8,1.25e-05,127.91
2026-02-14T12:00:00+00:00,hyperliquid,AAVE/USDC:USDC,257191.18,1.25e-05,128.255
2026-02-14T13:00:00+00:00,hyperliquid,AAVE/USDC:USDC,256962.26,1.25e-05,126.33
2026-02-14T14:00:00+00:00,hyperliquid,AAVE/USDC:USDC,257380.32,1.25e-05,128.445
2026-02-14T15:00:00+00:00,hyperliquid,AAVE/USDC:USDC,258741.64,1.25e-05,128.555
2026-02-14T16:00:00+00:00,hyperliquid,AAVE/USDC:USDC,258628.2,1.25e-05,129.185
2026-02-14T17:00:00+00:00,hyperliquid,AAVE/USDC:USDC,258384.4599999999,1.25e-05,129.79
2026-02-14T18:00:00+00:00,hyperliquid,AAVE/USDC:USDC,246764.64,1.25e-05,128.795
2026-02-14T19:00:00+00:00,hyperliquid,AAVE/USDC:USDC,246591.86,1.25e-05,128.915
2026-02-14T20:00:00+00:00,hyperliquid,AAVE/USDC:USDC,247962.98,1.25e-05,129.92
2026-02-14T21:00:00+00:00,hyperliquid,AAVE/USDC:USDC,248449.6,1.25e-05,130.405
2026-02-14T22:00:00+00:00,hyperliquid,AAVE/USDC:USDC,248848.0,1.25e-05,129.435
2026-02-14T23:00:00+00:00,hyperliquid,AAVE/USDC:USDC,248879.34,1.25e-05,129.395
2026-02-15T00:00:00+00:00,hyperliquid,AAVE/USDC:USDC,248715.48,1.25e-05,127.95
2026-02-15T01:00:00+00:00,hyperliquid,AAVE/USDC:USDC,247699.92,1.25e-05,128.39
2026-02-15T02:00:00+00:00,hyperliquid,AAVE/USDC:USDC,247320.32,1.25e-05,128.315
2026-02-15T03:00:00+00:00,hyperliquid,AAVE/USDC:USDC,247263.9,1.25e-05,128.255
2026-02-15T04:00:00+00:00,hyperliquid,AAVE/USDC:USDC,246666.46,1.25e-05,129.05
2026-02-15T05:00:00+00:00,hyperliquid,AAVE/USDC:USDC,247383.12,1.25e-05,129.72
2026-02-15T06:00:00+00:00,hyperliquid,AAVE/USDC:USDC,247731.6600000001,1.25e-05,131.125
2026-02-15T07:00:00+00:00,hyperliquid,AAVE/USDC:USDC,247900.64,1.25e-05,130.28
2026-02-15T08:00:00+00:00,hyperliquid,AAVE/USDC:USDC,247685.0,1.25e-05,131.365
2026-02-15T09:00:00+00:00,hyperliquid,AAVE/USDC:USDC,245833.74,1.25e-05,129.105
2026-02-15T10:00:00+00:00,hyperliquid,AAVE/USDC:USDC,245523.18,1.25e-05,129.38
2026-02-15T11:00:00+00:00,hyperliquid,AAVE/USDC:USDC,243648.82,1.25e-05,128.845
2026-02-15T12:00:00+00:00,hyperliquid,AAVE/USDC:USDC,243552.32,1.25e-05,128.805
2026-02-15T13:00:00+00:00,hyperliquid,AAVE/USDC:USDC,245187.58,1.25e-05,126.585
2026-02-15T14:00:00+00:00,hyperliquid,AAVE/USDC:USDC,237943.3,1.25e-05,125.35
2026-02-15T15:00:00+00:00,hyperliquid,AAVE/USDC:USDC,236485.28,1.25e-05,126.18
2026-02-15T16:00:00+00:00,hyperliquid,AAVE/USDC:USDC,236112.82,1.25e-05,126.695
2026-02-15T17:00:00+00:00,hyperliquid,AAVE/USDC:USDC,236630.32,1.25e-05,126.865
2026-02-15T18:00:00+00:00,hyperliquid,AAVE/USDC:USDC,237554.32,1.25e-05,124.355
2026-02-15T19:00:00+00:00,hyperliquid,AAVE/USDC:USDC,240533.66,1.25e-05,124.695
2026-02-15T20:00:00+00:00,hyperliquid,AAVE/USDC:USDC,239256.4,1.25e-05,123.215
2026-02-15T21:00:00+00:00,hyperliquid,AAVE/USDC:USDC,239096.46,1.25e-05,124.47
2026-02-15T22:00:00+00:00,hyperliquid,AAVE/USDC:USDC,239566.8599999999,1.25e-05,124.85
2026-02-15T23:00:00+00:00,hyperliquid,AAVE/USDC:USDC,239520.92,1.25e-05,125.03
2026-02-16T00:00:00+00:00,hyperliquid,AAVE/USDC:USDC,240061.1,1.25e-05,125.68
2026-02-16T01:00:00+00:00,hyperliquid,AAVE/USDC:USDC,240024.64,1.25e-05,125.795
2026-02-16T02:00:00+00:00,hyperliquid,AAVE/USDC:USDC,239555.06,1.25e-05,125.875
2026-02-16T03:00:00+00:00,hyperliquid,AAVE/USDC:USDC,239424.78,1.25e-05,125.765
2026-02-16T04:00:00+00:00,hyperliquid,AAVE/USDC:USDC,242145.7199999999,1.25e-05,126.655
2026-02-16T05:00:00+00:00,hyperliquid,AAVE/USDC:USDC,242442.08,1.25e-05,126.645
2026-02-16T06:00:00+00:00,hyperliquid,AAVE/USDC:USDC,242307.72,1.25e-05,125.745
2026-02-16T07:00:00+00:00,hyperliquid,AAVE/USDC:USDC,242712.88,1.25e-05,126.27
2026-02-16T08:00:00+00:00,hyperliquid,AAVE/USDC:USDC,243034.64,1.25e-05,126.97
2026-02-16T09:00:00+00:00,hyperliquid,AAVE/USDC:USDC,243268.08,1.25e-05,127.35
2026-02-16T10:00:00+00:00,hyperliquid,AAVE/USDC:USDC,243037.5,1.25e-05,127.205
2026-02-16T11:00:00+00:00,hyperliquid,AAVE/USDC:USDC,243084.68,1.25e-05,127.015
2026-02-16T12:00:00+00:00,hyperliquid,AAVE/USDC:USDC,243319.88,1.25e-05,126.405
2026-02-16T13:00:00+00:00,hyperliquid,AAVE/USDC:USDC,245394.96,1.25e-05,128.585
2026-02-16T14:00:00+00:00,hyperliquid,AAVE/USDC:USDC,242609.64,1.25e-05,126.015
2026-02-16T15:00:00+00:00,hyperliquid,AAVE/USDC:USDC,242608.16,1.25e-05,126.615
2026-02-16T16:00:00+00:00,hyperliquid,AAVE/USDC:USDC,242248.16,1.25e-05,123.855
2026-02-16T17:00:00+00:00,hyperliquid,AAVE/USDC:USDC,245085.4,1.25e-05,125.055
2026-02-16T18:00:00+00:00,hyperliquid,AAVE/USDC:USDC,243439.48,1.25e-05,125.135
2026-02-16T19:00:00+00:00,hyperliquid,AAVE/USDC:USDC,243543.64,1.25e-05,125.175
2026-02-16T20:00:00+00:00,hyperliquid,AAVE/USDC:USDC,243282.7,1.25e-05,124.92
2026-02-16T21:00:00+00:00,hyperliquid,AAVE/USDC:USDC,243213.94,1.25e-05,125.795
2026-02-16T22:00:00+00:00,hyperliquid,AAVE/USDC:USDC,243180.66,1.25e-05,127.02
2026-02-16T23:00:00+00:00,hyperliquid,AAVE/USDC:USDC,243260.82,1.25e-05,126.235
2026-02-17T00:00:00+00:00,hyperliquid,AAVE/USDC:USDC,243298.4999999999,1.25e-05,127.07
2026-02-17T01:00:00+00:00,hyperliquid,AAVE/USDC:USDC,243840.1,1.25e-05,127.215
2026-02-17T02:00:00+00:00,hyperliquid,AAVE/USDC:USDC,240347.48,1.25e-05,126.54
2026-02-17T03:00:00+00:00,hyperliquid,AAVE/USDC:USDC,240247.8,1.25e-05,127.445
2026-02-17T04:00:00+00:00,hyperliquid,AAVE/USDC:USDC,241402.3399999999,1.25e-05,126.545
2026-02-17T05:00:00+00:00,hyperliquid,AAVE/USDC:USDC,241435.6199999999,1.25e-05,125.425
2026-02-17T06:00:00+00:00,hyperliquid,AAVE/USDC:USDC,241881.4399999999,1.25e-05,124.765
2026-02-17T07:00:00+00:00,hyperliquid,AAVE/USDC:USDC,239417.98,1.25e-05,125.35
2026-02-17T08:00:00+00:00,hyperliquid,AAVE/USDC:USDC,239199.7,1.25e-05,125.82
2026-02-17T09:00:00+00:00,hyperliquid,AAVE/USDC:USDC,239137.3000000001,1.25e-05,125.13
2026-02-17T10:00:00+00:00,hyperliquid,AAVE/USDC:USDC,239068.52,1.25e-05,124.76
2026-02-17T11:00:00+00:00,hyperliquid,AAVE/USDC:USDC,238588.4,1.25e-05,124.38
2026-02-17T12:00:00+00:00,hyperliquid,AAVE/USDC:USDC,232014.7,1.03139e-05,124.71
2026-02-17T13:00:00+00:00,hyperliquid,AAVE/USDC:USDC,233900.08,1.25e-05,126.4
2026-02-17T14:00:00+00:00,hyperliquid,AAVE/USDC:USDC,236288.5999999999,1.25e-05,127.805
2026-02-17T15:00:00+00:00,hyperliquid,AAVE/USDC:USDC,238157.58,1.25e-05,125.445
2026-02-17T16:00:00+00:00,hyperliquid,AAVE/USDC:USDC,239107.62,1.25e-05,127.815
2026-02-17T17:00:00+00:00,hyperliquid,AAVE/USDC:USDC,242151.82,1.25e-05,128.455
2026-02-17T18:00:00+00:00,hyperliquid,AAVE/USDC:USDC,242014.04,1.25e-05,126.775
2026-02-17T19:00:00+00:00,hyperliquid,AAVE/USDC:USDC,242293.14,1.25e-05,128.16
2026-02-17T20:00:00+00:00,hyperliquid,AAVE/USDC:USDC,242411.56,1.25e-05,127.645
2026-02-17T21:00:00+00:00,hyperliquid,AAVE/USDC:USDC,242522.3,1.25e-05,126.71
2026-02-17T22:00:00+00:00,hyperliquid,AAVE/USDC:USDC,242468.28,1.25e-05,127.025
2026-02-17T23:00:00+00:00,hyperliquid,AAVE/USDC:USDC,241973.42,1.25e-05,126.34
2026-02-18T00:00:00+00:00,hyperliquid,AAVE/USDC:USDC,241657.06,1.25e-05,126.81
2026-02-18T01:00:00+00:00,hyperliquid,AAVE/USDC:USDC,241727.54,1.25e-05,125.725
2026-02-18T02:00:00+00:00,hyperliquid,AAVE/USDC:USDC,242703.94,1.25e-05,125.62
2026-02-18T03:00:00+00:00,hyperliquid,AAVE/USDC:USDC,242047.84,1.25e-05,126.815
2026-02-18T04:00:00+00:00,hyperliquid,AAVE/USDC:USDC,241942.42,1.25e-05,126.98
2026-02-18T05:00:00+00:00,hyperliquid,AAVE/USDC:USDC,242081.84,1.25e-05,126.745
2026-02-18T06:00:00+00:00,hyperliquid,AAVE/USDC:USDC,242024.32,1.25e-05,126.705
2026-02-18T07:00:00+00:00,hyperliquid,AAVE/USDC:USDC,242203.48,1.19322e-05,127.19
2026-02-18T08:00:00+00:00,hyperliquid,AAVE/USDC:USDC,243827.7,1.25e-05,127.845
2026-02-18T09:00:00+00:00,hyperliquid,AAVE/USDC:USDC,261800.22,1.25e-05,126.57
2026-02-18T10:00:00+00:00,hyperliquid,AAVE/USDC:USDC,262069.2,1.25e-05,127.07
2026-02-18T11:00:00+00:00,hyperliquid,AAVE/USDC:USDC,260866.2,1.25e-05,126.965
2026-02-18T12:00:00+00:00,hyperliquid,AAVE/USDC:USDC,248441.06,1.25e-05,127.215
2026-02-18T13:00:00+00:00,hyperliquid,AAVE/USDC:USDC,248045.8,1.25e-05,127.55
2026-02-18T14:00:00+00:00,hyperliquid,AAVE/USDC:USDC,244709.38,1.25e-05,125.935
2026-02-18T15:00:00+00:00,hyperliquid,AAVE/USDC:USDC,243082.54,1.25e-05,126.46
2026-02-18T16:00:00+00:00,hyperliquid,AAVE/USDC:USDC,245273.04,1.25e-05,127.105
2026-02-18T17:00:00+00:00,hyperliquid,AAVE/USDC:USDC,244478.74,1.25e-05,126.245
2026-02-18T18:00:00+00:00,hyperliquid,AAVE/USDC:USDC,244308.92,1.25e-05,126.0
2026-02-18T19:00:00+00:00,hyperliquid,AAVE/USDC:USDC,243101.06,1.25e-05,124.55
2026-02-18T20:00:00+00:00,hyperliquid,AAVE/USDC:USDC,243892.0200000001,-1.12504e-05,121.725
2026-02-18T21:00:00+00:00,hyperliquid,AAVE/USDC:USDC,243291.58,-4.1237e-06,122.32
2026-02-18T22:00:00+00:00,hyperliquid,AAVE/USDC:USDC,242900.44,9.5934e-06,122.675
2026-02-18T23:00:00+00:00,hyperliquid,AAVE/USDC:USDC,242808.48,5.9878e-06,122.815
2026-02-19T00:00:00+00:00,hyperliquid,AAVE/USDC:USDC,240367.82,1.25e-05,122.76
2026-02-19T01:00:00+00:00,hyperliquid,AAVE/USDC:USDC,240189.44,1.25e-05,123.23
2026-02-19T02:00:00+00:00,hyperliquid,AAVE/USDC:USDC,240108.04,1.25e-05,123.58
2026-02-19T03:00:00+00:00,hyperliquid,AAVE/USDC:USDC,240178.1,1.25e-05,123.675
2026-02-19T04:00:00+00:00,hyperliquid,AAVE/USDC:USDC,239961.2,1.25e-05,123.685
2026-02-19T05:00:00+00:00,hyperliquid,AAVE/USDC:USDC,239877.7,1.25e-05,123.605
2026-02-19T06:00:00+00:00,hyperliquid,AAVE/USDC:USDC,239765.06,1.25e-05,123.31
2026-02-19T07:00:00+00:00,hyperliquid,AAVE/USDC:USDC,239539.54,1.25e-05,124.22
2026-02-19T08:00:00+00:00,hyperliquid,AAVE/USDC:USDC,235545.9,1.25e-05,123.62
2026-02-19T09:00:00+00:00,hyperliquid,AAVE/USDC:USDC,236341.26,-1.25605e-05,122.335
2026-02-19T10:00:00+00:00,hyperliquid,AAVE/USDC:USDC,235928.26,1.25e-05,122.545
2026-02-19T11:00:00+00:00,hyperliquid,AAVE/USDC:USDC,236786.06,1.25e-05,122.18
2026-02-19T12:00:00+00:00,hyperliquid,AAVE/USDC:USDC,236344.62,1.25e-05,122.475
2026-02-19T13:00:00+00:00,hyperliquid,AAVE/USDC:USDC,235879.18,1.25e-05,121.845
2026-02-19T14:00:00+00:00,hyperliquid,AAVE/USDC:USDC,235642.5,1.25e-05,120.885
2026-02-19T15:00:00+00:00,hyperliquid,AAVE/USDC:USDC,235417.74,1.25e-05,122.545
2026-02-19T16:00:00+00:00,hyperliquid,AAVE/USDC:USDC,234710.04,1.25e-05,122.005
2026-02-19T17:00:00+00:00,hyperliquid,AAVE/USDC:USDC,234763.28,1.25e-05,121.98
2026-02-19T18:00:00+00:00,hyperliquid,AAVE/USDC:USDC,235688.42,2.0595e-06,121.645
2026-02-19T19:00:00+00:00,hyperliquid,AAVE/USDC:USDC,235623.14,1.25e-05,123.16
2026-02-19T20:00:00+00:00,hyperliquid,AAVE/USDC:USDC,236392.18,1.25e-05,123.61
2026-02-19T21:00:00+00:00,hyperliquid,AAVE/USDC:USDC,236258.78,1.25e-05,123.645
2026-02-19T22:00:00+00:00,hyperliquid,AAVE/USDC:USDC,236058.8,1.25e-05,123.415
2026-02-19T23:00:00+00:00,hyperliquid,AAVE/USDC:USDC,236049.46,1.25e-05,123.155
2026-02-20T00:00:00+00:00,hyperliquid,AAVE/USDC:USDC,240457.86,1.25e-05,125.055
2026-02-20T01:00:00+00:00,hyperliquid,AAVE/USDC:USDC,251385.06,1.25e-05,125.645
2026-02-20T02:00:00+00:00,hyperliquid,AAVE/USDC:USDC,251525.0,1.25e-05,124.49
2026-02-20T03:00:00+00:00,hyperliquid,AAVE/USDC:USDC,251833.34,1.25e-05,124.25
2026-02-20T04:00:00+00:00,hyperliquid,AAVE/USDC:USDC,252322.06,1.25e-05,123.395
2026-02-20T05:00:00+00:00,hyperliquid,AAVE/USDC:USDC,252233.52,1.25e-05,123.225
2026-02-20T06:00:00+00:00,hyperliquid,AAVE/USDC:USDC,254524.3,1.25e-05,124.34
2026-02-20T07:00:00+00:00,hyperliquid,AAVE/USDC:USDC,254492.26,1.25e-05,124.09
2026-02-20T08:00:00+00:00,hyperliquid,AAVE/USDC:USDC,254333.24,1.25e-05,124.07
2026-02-20T09:00:00+00:00,hyperliquid,AAVE/USDC:USDC,254573.02,1.25e-05,124.865
2026-02-20T10:00:00+00:00,hyperliquid,AAVE/USDC:USDC,252577.38,1.25e-05,125.18
2026-02-20T11:00:00+00:00,hyperliquid,AAVE/USDC:USDC,251133.16,1.25e-05,124.91
2026-02-20T12:00:00+00:00,hyperliquid,AAVE/USDC:USDC,250636.7,1.25e-05,124.335
2026-02-20T13:00:00+00:00,hyperliquid,AAVE/USDC:USDC,252487.7800000001,8.164e-06,123.6
2026-02-20T14:00:00+00:00,hyperliquid,AAVE/USDC:USDC,238103.0000000001,-0.0001057509,114.66
2026-02-20T15:00:00+00:00,hyperliquid,AAVE/USDC:USDC,232747.1399999998,-8.908e-07,119.15
2026-02-20T16:00:00+00:00,hyperliquid,AAVE/USDC:USDC,234407.78,-6.033e-06,117.515
2026-02-20T17:00:00+00:00,hyperliquid,AAVE/USDC:USDC,231412.66,1.25e-05,117.745
2026-02-20T18:00:00+00:00,hyperliquid,AAVE/USDC:USDC,240256.36,-2.17953e-05,117.355
2026-02-20T19:00:00+00:00,hyperliquid,AAVE/USDC:USDC,243027.54,1.25e-05,117.015
2026-02-20T20:00:00+00:00,hyperliquid,AAVE/USDC:USDC,238970.1000000001,1.25e-05,116.985
2026-02-20T21:00:00+00:00,hyperliquid,AAVE/USDC:USDC,237929.66,1.25e-05,116.725
2026-02-20T22:00:00+00:00,hyperliquid,AAVE/USDC:USDC,236401.68,1.25e-05,117.4
2026-02-20T23:00:00+00:00,hyperliquid,AAVE/USDC:USDC,236482.16,1.25e-05,116.595
2026-02-21T00:00:00+00:00,hyperliquid,AAVE/USDC:USDC,236542.3,-2.9014e-06,115.655
2026-02-21T01:00:00+00:00,hyperliquid,AAVE/USDC:USDC,234998.74,1.25e-05,114.74
2026-02-21T02:00:00+00:00,hyperliquid,AAVE/USDC:USDC,235308.56,1.06008e-05,115.045
2026-02-21T03:00:00+00:00,hyperliquid,AAVE/USDC:USDC,234948.14,1.23041e-05,116.2
2026-02-21T04:00:00+00:00,hyperliquid,AAVE/USDC:USDC,235004.24,7.289e-07,116.005
2026-02-21T05:00:00+00:00,hyperliquid,AAVE/USDC:USDC,235233.3,1.20544e-05,116.5
2026-02-21T06:00:00+00:00,hyperliquid,AAVE/USDC:USDC,235758.6800000001,1.25e-05,117.19
2026-02-21T07:00:00+00:00,hyperliquid,AAVE/USDC:USDC,234920.74,5.9691e-06,118.585
2026-02-21T08:00:00+00:00,hyperliquid,AAVE/USDC:USDC,235502.08,1.25e-05,118.82
2026-02-21T09:00:00+00:00,hyperliquid,AAVE/USDC:USDC,236027.42,1.09535e-05,119.15
2026-02-21T10:00:00+00:00,hyperliquid,AAVE/USDC:USDC,235649.6,1.25e-05,120.53
2026-02-21T11:00:00+00:00,hyperliquid,AAVE/USDC:USDC,236239.4400000001,1.25e-05,120.935
2026-02-21T12:00:00+00:00,hyperliquid,AAVE/USDC:USDC,233769.5,9.2746e-06,122.325
2026-02-21T13:00:00+00:00,hyperliquid,AAVE/USDC:USDC,233885.3600000001,1.25e-05,122.035
2026-02-21T14:00:00+00:00,hyperliquid,AAVE/USDC:USDC,234399.3,9.1014e-06,123.255
2026-02-21T15:00:00+00:00,hyperliquid,AAVE/USDC:USDC,235794.12,-1.63578e-05,122.56
2026-02-21T16:00:00+00:00,hyperliquid,AAVE/USDC:USDC,236356.24,-5.526e-06,121.205
2026-02-21T17:00:00+00:00,hyperliquid,AAVE/USDC:USDC,237388.92,6.9899e-06,122.26
2026-02-21T18:00:00+00:00,hyperliquid,AAVE/USDC:USDC,238682.28,1.01431e-05,123.53
2026-02-21T19:00:00+00:00,hyperliquid,AAVE/USDC:USDC,239448.06,1.25e-05,123.615
2026-02-21T20:00:00+00:00,hyperliquid,AAVE/USDC:USDC,238475.24,3.673e-07,123.285
2026-02-21T21:00:00+00:00,hyperliquid,AAVE/USDC:USDC,237778.76,1.25e-05,122.305
2026-02-21T22:00:00+00:00,hyperliquid,AAVE/USDC:USDC,236704.78,-9.1238e-06,122.195
2026-02-21T23:00:00+00:00,hyperliquid,AAVE/USDC:USDC,236530.84,-1.00907e-05,121.815
2026-02-22T00:00:00+00:00,hyperliquid,AAVE/USDC:USDC,236241.48,-6.668e-07,121.435
2026-02-22T01:00:00+00:00,hyperliquid,AAVE/USDC:USDC,237974.46,1.25e-05,120.56
2026-02-22T02:00:00+00:00,hyperliquid,AAVE/USDC:USDC,235183.14,3.6662e-06,120.385
2026-02-22T03:00:00+00:00,hyperliquid,AAVE/USDC:USDC,235205.1,1.25e-05,119.91
2026-02-22T04:00:00+00:00,hyperliquid,AAVE/USDC:USDC,235146.46,-1.05175e-05,119.335
2026-02-22T05:00:00+00:00,hyperliquid,AAVE/USDC:USDC,234028.94,1.25e-05,119.2
2026-02-22T06:00:00+00:00,hyperliquid,AAVE/USDC:USDC,232834.12,8.0203e-06,119.04
2026-02-22T07:00:00+00:00,hyperliquid,AAVE/USDC:USDC,232317.42,8.1371e-06,118.875
2026-02-22T08:00:00+00:00,hyperliquid,AAVE/USDC:USDC,232383.8400000001,1.25e-05,118.825
2026-02-22T09:00:00+00:00,hyperliquid,AAVE/USDC:USDC,232709.8,1.10727e-05,118.61
2026-02-22T10:00:00+00:00,hyperliquid,AAVE/USDC:USDC,233022.7399999999,1.25e-05,119.21
2026-02-22T11:00:00+00:00,hyperliquid,AAVE/USDC:USDC,232936.1,1.25e-05,119.53
2026-02-22T12:00:00+00:00,hyperliquid,AAVE/USDC:USDC,232779.56,-4.5833e-06,119.47
2026-02-22T13:00:00+00:00,hyperliquid,AAVE/USDC:USDC,234094.9,1.25e-05,118.34
2026-02-22T14:00:00+00:00,hyperliquid,AAVE/USDC:USDC,234543.14,1.25e-05,117.925
2026-02-22T15:00:00+00:00,hyperliquid,AAVE/USDC:USDC,234110.6,1.25e-05,117.94
2026-02-22T16:00:00+00:00,hyperliquid,AAVE/USDC:USDC,234307.9,1.25e-05,118.405
2026-02-22T17:00:00+00:00,hyperliquid,AAVE/USDC:USDC,235346.76,1.25e-05,118.115
2026-02-22T18:00:00+00:00,hyperliquid,AAVE/USDC:USDC,235498.36,1.03357e-05,117.6
2026-02-22T19:00:00+00:00,hyperliquid,AAVE/USDC:USDC,236010.26,1.25e-05,117.825
2026-02-22T20:00:00+00:00,hyperliquid,AAVE/USDC:USDC,235765.72,1.25e-05,117.93
2026-02-22T21:00:00+00:00,hyperliquid,AAVE/USDC:USDC,234234.52,1.25e-05,117.45
2026-02-22T22:00:00+00:00,hyperliquid,AAVE/USDC:USDC,233927.82,1.25e-05,117.865
2026-02-22T23:00:00+00:00,hyperliquid,AAVE/USDC:USDC,233726.86,1.25e-05,118.155
2026-02-23T00:00:00+00:00,hyperliquid,AAVE/USDC:USDC,233841.8,1.25e-05,118.29
2026-02-23T01:00:00+00:00,hyperliquid,AAVE/USDC:USDC,233813.32,1.25e-05,115.24
2026-02-23T02:00:00+00:00,hyperliquid,AAVE/USDC:USDC,229094.8199999999,1.25e-05,111.825
2026-02-23T03:00:00+00:00,hyperliquid,AAVE/USDC:USDC,226037.14,-1.26577e-05,112.78
2026-02-23T04:00:00+00:00,hyperliquid,AAVE/USDC:USDC,219065.74,-6.0081e-06,112.2
2026-02-23T05:00:00+00:00,hyperliquid,AAVE/USDC:USDC,218868.98,6.0626e-06,112.51
2026-02-23T06:00:00+00:00,hyperliquid,AAVE/USDC:USDC,217691.42,2.9382e-06,113.73
2026-02-23T07:00:00+00:00,hyperliquid,AAVE/USDC:USDC,215348.72,1.25e-05,115.675
2026-02-23T08:00:00+00:00,hyperliquid,AAVE/USDC:USDC,215119.12,1.23036e-05,114.735
2026-02-23T09:00:00+00:00,hyperliquid,AAVE/USDC:USDC,215645.32,1.25e-05,115.26
2026-02-23T10:00:00+00:00,hyperliquid,AAVE/USDC:USDC,213860.28,1.25e-05,117.835
2026-02-23T11:00:00+00:00,hyperliquid,AAVE/USDC:USDC,213778.94,1.25e-05,117.655
2026-02-23T12:00:00+00:00,hyperliquid,AAVE/USDC:USDC,214083.52,1.25e-05,117.16
2026-02-23T13:00:00+00:00,hyperliquid,AAVE/USDC:USDC,214072.9,1.25e-05,119.01
2026-02-23T14:00:00+00:00,hyperliquid,AAVE/USDC:USDC,214349.18,1.25e-05,118.745
2026-02-23T15:00:00+00:00,hyperliquid,AAVE/USDC:USDC,222960.24,1.25e-05,118.33
2026-02-23T16:00:00+00:00,hyperliquid,AAVE/USDC:USDC,224052.3,1.25e-05,116.565
2026-02-23T17:00:00+00:00,hyperliquid,AAVE/USDC:USDC,224192.58,1.25e-05,115.835
2026-02-23T18:00:00+00:00,hyperliquid,AAVE/USDC:USDC,221125.9000000001,1.25e-05,114.645
2026-02-23T19:00:00+00:00,hyperliquid,AAVE/USDC:USDC,225807.4600000001,1.25e-05,114.385
2026-02-23T20:00:00+00:00,hyperliquid,AAVE/USDC:USDC,226050.18,1.25e-05,114.675
2026-02-23T21:00:00+00:00,hyperliquid,AAVE/USDC:USDC,222449.72,1.25e-05,114.675
2026-02-23T22:00:00+00:00,hyperliquid,AAVE/USDC:USDC,219241.6,1.25e-05,115.205
2026-02-23T23:00:00+00:00,hyperliquid,AAVE/USDC:USDC,219331.06,1.25e-05,114.83
2026-02-24T00:00:00+00:00,hyperliquid,AAVE/USDC:USDC,219311.6199999999,1.25e-05,114.795
2026-02-24T01:00:00+00:00,hyperliquid,AAVE/USDC:USDC,219238.18,9.2585e-06,114.89
2026-02-24T02:00:00+00:00,hyperliquid,AAVE/USDC:USDC,219758.24,1.25e-05,114.395
2026-02-24T03:00:00+00:00,hyperliquid,AAVE/USDC:USDC,220312.46,5.4578e-06,113.5
2026-02-24T04:00:00+00:00,hyperliquid,AAVE/USDC:USDC,219767.92,1.25e-05,112.605
2026-02-24T05:00:00+00:00,hyperliquid,AAVE/USDC:USDC,215689.64,1.25e-05,112.755
2026-02-24T06:00:00+00:00,hyperliquid,AAVE/USDC:USDC,215810.16,8.5655e-06,112.54
2026-02-24T07:00:00+00:00,hyperliquid,AAVE/USDC:USDC,215292.72,1.25e-05,112.4
2026-02-24T08:00:00+00:00,hyperliquid,AAVE/USDC:USDC,215294.32,1.25e-05,112.52
2026-02-24T09:00:00+00:00,hyperliquid,AAVE/USDC:USDC,215636.88,1.25e-05,113.515
2026-02-24T10:00:00+00:00,hyperliquid,AAVE/USDC:USDC,215660.7,1.25e-05,112.955
2026-02-24T11:00:00+00:00,hyperliquid,AAVE/USDC:USDC,217459.14,1.25e-05,113.24
2026-02-24T12:00:00+00:00,hyperliquid,AAVE/USDC:USDC,216395.78,1.25e-05,113.18
2026-02-24T13:00:00+00:00,hyperliquid,AAVE/USDC:USDC,216478.22,1.25e-05,112.78
2026-02-24T14:00:00+00:00,hyperliquid,AAVE/USDC:USDC,216734.14,1.25e-05,112.615
2026-02-24T15:00:00+00:00,hyperliquid,AAVE/USDC:USDC,217172.3,1.25e-05,113.83
2026-02-24T16:00:00+00:00,hyperliquid,AAVE/USDC:USDC,218376.84,1.25e-05,115.67
2026-02-24T17:00:00+00:00,hyperliquid,AAVE/USDC:USDC,218907.7,1.25e-05,115.53
2026-02-24T18:00:00+00:00,hyperliquid,AAVE/USDC:USDC,218771.42,1.25e-05,116.23
2026-02-24T19:00:00+00:00,hyperliquid,AAVE/USDC:USDC,219023.36,1.25e-05,115.54
2026-02-24T20:00:00+00:00,hyperliquid,AAVE/USDC:USDC,219694.28,1.25e-05,114.595
2026-02-24T21:00:00+00:00,hyperliquid,AAVE/USDC:USDC,219396.0600000001,1.25e-05,113.69
2026-02-24T22:00:00+00:00,hyperliquid,AAVE/USDC:USDC,218014.1,1.25e-05,113.455
2026-02-24T23:00:00+00:00,hyperliquid,AAVE/USDC:USDC,218315.2400000001,1.02203e-05,114.235
2026-02-25T00:00:00+00:00,hyperliquid,AAVE/USDC:USDC,218185.4000000001,1.25e-05,114.235
2026-02-25T01:00:00+00:00,hyperliquid,AAVE/USDC:USDC,218114.0,1.25e-05,114.385
2026-02-25T02:00:00+00:00,hyperliquid,AAVE/USDC:USDC,216251.3,1.25e-05,118.715
2026-02-25T03:00:00+00:00,hyperliquid,AAVE/USDC:USDC,215781.98,1.25e-05,118.325
2026-02-25T04:00:00+00:00,hyperliquid,AAVE/USDC:USDC,215152.38,1.25e-05,117.07
2026-02-25T05:00:00+00:00,hyperliquid,AAVE/USDC:USDC,215726.82,1.25e-05,117.905
2026-02-25T06:00:00+00:00,hyperliquid,AAVE/USDC:USDC,215532.18,1.24932e-05,116.51
2026-02-25T07:00:00+00:00,hyperliquid,AAVE/USDC:USDC,215373.98,1.07435e-05,116.345
2026-02-25T08:00:00+00:00,hyperliquid,AAVE/USDC:USDC,215299.1,1.25e-05,116.67
2026-02-25T09:00:00+00:00,hyperliquid,AAVE/USDC:USDC,215372.54,1.25e-05,117.425
2026-02-25T10:00:00+00:00,hyperliquid,AAVE/USDC:USDC,214125.64,1.25e-05,118.205
2026-02-25T11:00:00+00:00,hyperliquid,AAVE/USDC:USDC,221834.2800000002,-6.19785e-05,115.99
2026-02-25T12:00:00+00:00,hyperliquid,AAVE/USDC:USDC,224493.0,-3.74512e-05,115.78
2026-02-25T13:00:00+00:00,hyperliquid,AAVE/USDC:USDC,225709.7199999999,-2.36364e-05,117.29
2026-02-25T14:00:00+00:00,hyperliquid,AAVE/USDC:USDC,226992.16,-1.76913e-05,117.595
2026-02-25T15:00:00+00:00,hyperliquid,AAVE/USDC:USDC,228591.76,-1.8321e-05,119.8
2026-02-25T16:00:00+00:00,hyperliquid,AAVE/USDC:USDC,228470.86,3.939e-07,121.44
2026-02-25T17:00:00+00:00,hyperliquid,AAVE/USDC:USDC,228512.92,6.033e-07,121.925
2026-02-25T18:00:00+00:00,hyperliquid,AAVE/USDC:USDC,228877.42,-2.69135e-05,122.555
2026-02-25T19:00:00+00:00,hyperliquid,AAVE/USDC:USDC,226624.02,-1.76081e-05,122.66
2026-02-25T20:00:00+00:00,hyperliquid,AAVE/USDC:USDC,225447.08,-1.0381e-06,122.75
2026-02-25T21:00:00+00:00,hyperliquid,AAVE/USDC:USDC,225271.84,1.7673e-06,122.5
2026-02-25T22:00:00+00:00,hyperliquid,AAVE/USDC:USDC,223849.38,8.2694e-06,122.105
2026-02-25T23:00:00+00:00,hyperliquid,AAVE/USDC:USDC,221897.36,3.5838e-06,120.315
2026-02-26T00:00:00+00:00,hyperliquid,AAVE/USDC:USDC,218247.24,3.9391e-06,118.685
2026-02-26T01:00:00+00:00,hyperliquid,AAVE/USDC:USDC,218415.98,-6.0176e-06,119.485
2026-02-26T02:00:00+00:00,hyperliquid,AAVE/USDC:USDC,218231.26,-8.988e-06,118.685
2026-02-26T03:00:00+00:00,hyperliquid,AAVE/USDC:USDC,219053.34,-1.44581e-05,118.82
2026-02-26T04:00:00+00:00,hyperliquid,AAVE/USDC:USDC,219405.3,-9.1869e-06,118.085
2026-02-26T05:00:00+00:00,hyperliquid,AAVE/USDC:USDC,219232.04,-2.1165e-05,118.415
2026-02-26T06:00:00+00:00,hyperliquid,AAVE/USDC:USDC,221543.14,-3.38211e-05,115.96
2026-02-26T07:00:00+00:00,hyperliquid,AAVE/USDC:USDC,221388.4800000001,-1.07188e-05,115.295
2026-02-26T08:00:00+00:00,hyperliquid,AAVE/USDC:USDC,220944.44,-2.4485e-06,114.535
2026-02-26T09:00:00+00:00,hyperliquid,AAVE/USDC:USDC,220312.4,-1.30103e-05,114.665
2026-02-26T10:00:00+00:00,hyperliquid,AAVE/USDC:USDC,218496.46,1.25e-05,116.885
2026-02-26T11:00:00+00:00,hyperliquid,AAVE/USDC:USDC,217589.5,4.5769e-06,115.765
2026-02-26T12:00:00+00:00,hyperliquid,AAVE/USDC:USDC,219745.74,1.418e-06,114.655
2026-02-26T13:00:00+00:00,hyperliquid,AAVE/USDC:USDC,218712.52,9.508e-07,114.83
2026-02-26T14:00:00+00:00,hyperliquid,AAVE/USDC:USDC,218667.18,-1.45716e-05,113.725
2026-02-26T15:00:00+00:00,hyperliquid,AAVE/USDC:USDC,214725.2,-1.93551e-05,113.79
2026-02-26T16:00:00+00:00,hyperliquid,AAVE/USDC:USDC,213927.92,-1.33065e-05,113.97
2026-02-26T17:00:00+00:00,hyperliquid,AAVE/USDC:USDC,210856.94,2.9087e-06,114.035
2026-02-26T18:00:00+00:00,hyperliquid,AAVE/USDC:USDC,212904.64,-3.6642e-06,112.1
2026-02-26T19:00:00+00:00,hyperliquid,AAVE/USDC:USDC,212959.2199999999,1.25e-05,112.815
2026-02-26T20:00:00+00:00,hyperliquid,AAVE/USDC:USDC,213437.86,1.25e-05,114.13
2026-02-26T21:00:00+00:00,hyperliquid,AAVE/USDC:USDC,213228.98,1.2e-05,114.17
2026-02-26T22:00:00+00:00,hyperliquid,AAVE/USDC:USDC,212940.54,1.25e-05,114.51
2026-02-26T23:00:00+00:00,hyperliquid,AAVE/USDC:USDC,212676.92,1.25e-05,114.545
2026-02-27T00:00:00+00:00,hyperliquid,AAVE/USDC:USDC,212627.34,1.25e-05,114.375
2026-02-27T01:00:00+00:00,hyperliquid,AAVE/USDC:USDC,212480.5,9.9865e-06,114.61
2026-02-27T02:00:00+00:00,hyperliquid,AAVE/USDC:USDC,212270.76,1.25e-05,114.625
2026-02-27T03:00:00+00:00,hyperliquid,AAVE/USDC:USDC,211300.14,6.7186e-06,115.135
2026-02-27T04:00:00+00:00,hyperliquid,AAVE/USDC:USDC,211027.98,1.25e-05,117.065
2026-02-27T05:00:00+00:00,hyperliquid,AAVE/USDC:USDC,210470.02,1.25e-05,117.935
2026-02-27T06:00:00+00:00,hyperliquid,AAVE/USDC:USDC,210486.88,1.25e-05,119.05
2026-02-27T07:00:00+00:00,hyperliquid,AAVE/USDC:USDC,210284.74,1.25e-05,118.395
2026-02-27T08:00:00+00:00,hyperliquid,AAVE/USDC:USDC,206361.12,1.25e-05,119.695
2026-02-27T09:00:00+00:00,hyperliquid,AAVE/USDC:USDC,206422.5399999999,1.25e-05,121.145
2026-02-27T10:00:00+00:00,hyperliquid,AAVE/USDC:USDC,206410.64,1.25e-05,119.3
2026-02-27T11:00:00+00:00,hyperliquid,AAVE/USDC:USDC,207046.36,1.25e-05,118.48
2026-02-27T12:00:00+00:00,hyperliquid,AAVE/USDC:USDC,206958.3600000001,1.25e-05,116.31
2026-02-27T13:00:00+00:00,hyperliquid,AAVE/USDC:USDC,209269.56,1.25e-05,115.865
2026-02-27T14:00:00+00:00,hyperliquid,AAVE/USDC:USDC,207164.22,1.16592e-05,116.035
2026-02-27T15:00:00+00:00,hyperliquid,AAVE/USDC:USDC,206764.54,1.25e-05,115.365
2026-02-27T16:00:00+00:00,hyperliquid,AAVE/USDC:USDC,206320.86,3.7621e-06,114.19
2026-02-27T17:00:00+00:00,hyperliquid,AAVE/USDC:USDC,208334.44,-1.02083e-05,112.63
2026-02-27T18:00:00+00:00,hyperliquid,AAVE/USDC:USDC,209853.44,-1.2337e-05,113.745
2026-02-27T19:00:00+00:00,hyperliquid,AAVE/USDC:USDC,209975.24,-1.6957e-06,112.745
2026-02-27T20:00:00+00:00,hyperliquid,AAVE/USDC:USDC,209787.12,-1.3328e-06,112.535
2026-02-27T21:00:00+00:00,hyperliquid,AAVE/USDC:USDC,208732.54,1.04108e-05,111.485
2026-02-27T22:00:00+00:00,hyperliquid,AAVE/USDC:USDC,208829.8199999999,-2.73246e-05,111.495
2026-02-27T23:00:00+00:00,hyperliquid,AAVE/USDC:USDC,207976.28,3.8266e-06,112.23
2026-02-28T00:00:00+00:00,hyperliquid,AAVE/USDC:USDC,207801.9600000001,5.403e-07,112.79
2026-02-28T01:00:00+00:00,hyperliquid,AAVE/USDC:USDC,205603.28,1.3525e-06,113.07
2026-02-28T02:00:00+00:00,hyperliquid,AAVE/USDC:USDC,205689.14,-7.4701e-06,112.585
2026-02-28T03:00:00+00:00,hyperliquid,AAVE/USDC:USDC,205703.1,2.5085e-06,112.445
2026-02-28T04:00:00+00:00,hyperliquid,AAVE/USDC:USDC,205655.18,3.697e-07,111.855
2026-02-28T05:00:00+00:00,hyperliquid,AAVE/USDC:USDC,205587.94,-1.2771e-05,111.585
2026-02-28T06:00:00+00:00,hyperliquid,AAVE/USDC:USDC,205463.12,-6.0261e-06,111.14
2026-02-28T07:00:00+00:00,hyperliquid,AAVE/USDC:USDC,204765.98,1.10312e-05,106.64
2026-02-28T08:00:00+00:00,hyperliquid,AAVE/USDC:USDC,203142.6400000001,-8.9463e-06,106.385
2026-02-28T09:00:00+00:00,hyperliquid,AAVE/USDC:USDC,203274.58,-2.8047e-06,105.875
2026-02-28T10:00:00+00:00,hyperliquid,AAVE/USDC:USDC,202658.14,-4.8655e-06,105.57
2026-02-28T11:00:00+00:00,hyperliquid,AAVE/USDC:USDC,202134.86,1.25e-05,106.23
2026-02-28T12:00:00+00:00,hyperliquid,AAVE/USDC:USDC,203229.3200000001,1.4014e-06,106.03
2026-02-28T13:00:00+00:00,hyperliquid,AAVE/USDC:USDC,203669.54,-1.43565e-05,106.12
2026-02-28T14:00:00+00:00,hyperliquid,AAVE/USDC:USDC,203440.26,1.25e-05,108.375
2026-02-28T15:00:00+00:00,hyperliquid,AAVE/USDC:USDC,204186.86,4.225e-07,107.275
2026-02-28T16:00:00+00:00,hyperliquid,AAVE/USDC:USDC,204069.14,-8.7312e-06,107.315
2026-02-28T17:00:00+00:00,hyperliquid,AAVE/USDC:USDC,201860.86,1.25e-05,108.12
2026-02-28T18:00:00+00:00,hyperliquid,AAVE/USDC:USDC,201671.22,1.25e-05,108.18
2026-02-28T19:00:00+00:00,hyperliquid,AAVE/USDC:USDC,197947.0800000001,1.25e-05,109.97
2026-02-28T20:00:00+00:00,hyperliquid,AAVE/USDC:USDC,199118.4,1.25e-05,110.73
2026-02-28T21:00:00+00:00,hyperliquid,AAVE/USDC:USDC,198630.8199999999,1.24776e-05,111.86
2026-02-28T22:00:00+00:00,hyperliquid,AAVE/USDC:USDC,198899.92,1.25e-05,111.48
2026-02-28T23:00:00+00:00,hyperliquid,AAVE/USDC:USDC,197971.56,1.25e-05,112.53
2026-03-01T00:00:00+00:00,hyperliquid,AAVE/USDC:USDC,198127.18,1.25e-05,112.1
2026-03-01T01:00:00+00:00,hyperliquid,AAVE/USDC:USDC,198053.42,1.13406e-05,111.84
2026-03-01T02:00:00+00:00,hyperliquid,AAVE/USDC:USDC,196055.58,1.25e-05,116.89
2026-03-01T03:00:00+00:00,hyperliquid,AAVE/USDC:USDC,195731.9,1.25e-05,116.88
2026-03-01T04:00:00+00:00,hyperliquid,AAVE/USDC:USDC,195581.6599999999,1.25e-05,116.645
2026-03-01T05:00:00+00:00,hyperliquid,AAVE/USDC:USDC,195910.58,1.25e-05,115.87
2026-03-01T06:00:00+00:00,hyperliquid,AAVE/USDC:USDC,196099.88,1.25e-05,115.595
2026-03-01T07:00:00+00:00,hyperliquid,AAVE/USDC:USDC,196305.54,1.25e-05,114.52
2026-03-01T08:00:00+00:00,hyperliquid,AAVE/USDC:USDC,196287.88,1.25e-05,115.41
2026-03-01T09:00:00+00:00,hyperliquid,AAVE/USDC:USDC,195970.86,1.25e-05,114.315
2026-03-01T10:00:00+00:00,hyperliquid,AAVE/USDC:USDC,195655.3,1.25e-05,113.875
2026-03-01T11:00:00+00:00,hyperliquid,AAVE/USDC:USDC,195643.82,1.25e-05,113.16
2026-03-01T12:00:00+00:00,hyperliquid,AAVE/USDC:USDC,195533.08,1.25e-05,113.07
2026-03-01T13:00:00+00:00,hyperliquid,AAVE/USDC:USDC,195131.58,1.11793e-05,112.91
2026-03-01T14:00:00+00:00,hyperliquid,AAVE/USDC:USDC,194763.5,1.25e-05,115.08
2026-03-01T15:00:00+00:00,hyperliquid,AAVE/USDC:USDC,194819.82,1.25e-05,114.37
2026-03-01T16:00:00+00:00,hyperliquid,AAVE/USDC:USDC,196257.18,-3.43627e-05,114.825
2026-03-01T17:00:00+00:00,hyperliquid,AAVE/USDC:USDC,195512.8,-6.6651e-06,113.615
2026-03-01T18:00:00+00:00,hyperliquid,AAVE/USDC:USDC,195198.1,1.25e-05,113.015
2026-03-01T19:00:00+00:00,hyperliquid,AAVE/USDC:USDC,195306.26,2.3718e-06,113.86
2026-03-01T20:00:00+00:00,hyperliquid,AAVE/USDC:USDC,195450.3799999999,1.25e-05,112.575
2026-03-01T21:00:00+00:00,hyperliquid,AAVE/USDC:USDC,194840.66,1.25e-05,111.32
2026-03-01T22:00:00+00:00,hyperliquid,AAVE/USDC:USDC,196006.02,1.25e-05,112.115
2026-03-01T23:00:00+00:00,hyperliquid,AAVE/USDC:USDC,195840.2600000001,1.25e-05,112.525
2026-03-02T00:00:00+00:00,hyperliquid,AAVE/USDC:USDC,195678.2200000001,1.25e-05,113.615
2026-03-02T01:00:00+00:00,hyperliquid,AAVE/USDC:USDC,196545.04,1.25e-05,114.7
2026-03-02T02:00:00+00:00,hyperliquid,AAVE/USDC:USDC,196537.56,1.25e-05,115.36
2026-03-02T03:00:00+00:00,hyperliquid,AAVE/USDC:USDC,197493.9,1.25e-05,114.145
2026-03-02T04:00:00+00:00,hyperliquid,AAVE/USDC:USDC,196683.86,1.01281e-05,116.025
2026-03-02T05:00:00+00:00,hyperliquid,AAVE/USDC:USDC,196650.2,1.25e-05,115.375
2026-03-02T06:00:00+00:00,hyperliquid,AAVE/USDC:USDC,196634.8,6.5276e-06,115.375
2026-03-02T07:00:00+00:00,hyperliquid,AAVE/USDC:USDC,196604.36,3.6418e-06,113.905
2026-03-02T08:00:00+00:00,hyperliquid,AAVE/USDC:USDC,195898.52,1.25e-05,112.89
2026-03-02T09:00:00+00:00,hyperliquid,AAVE/USDC:USDC,195432.7,7.6813e-06,114.025
2026-03-02T10:00:00+00:00,hyperliquid,AAVE/USDC:USDC,195535.64,1.25e-05,115.12
2026-03-02T11:00:00+00:00,hyperliquid,AAVE/USDC:USDC,195533.06,6.2899e-06,114.695
2026-03-02T12:00:00+00:00,hyperliquid,AAVE/USDC:USDC,195525.2,1.25e-05,114.56
2026-03-02T13:00:00+00:00,hyperliquid,AAVE/USDC:USDC,195602.96,1.25e-05,114.155
2026-03-02T14:00:00+00:00,hyperliquid,AAVE/USDC:USDC,194440.38,1.25e-05,114.035
2026-03-02T15:00:00+00:00,hyperliquid,AAVE/USDC:USDC,194851.1199999998,1.25e-05,119.06
2026-03-02T16:00:00+00:00,hyperliquid,AAVE/USDC:USDC,195592.26,1.25e-05,122.495
2026-03-02T17:00:00+00:00,hyperliquid,AAVE/USDC:USDC,195712.54,1.25e-05,124.015
2026-03-02T18:00:00+00:00,hyperliquid,AAVE/USDC:USDC,195845.1,1.25e-05,124.14
2026-03-02T19:00:00+00:00,hyperliquid,AAVE/USDC:USDC,195980.9,1.25e-05,123.795
2026-03-02T20:00:00+00:00,hyperliquid,AAVE/USDC:USDC,195556.46,1.25e-05,123.995
2026-03-02T21:00:00+00:00,hyperliquid,AAVE/USDC:USDC,194445.7,1.25e-05,121.895
2026-03-02T22:00:00+00:00,hyperliquid,AAVE/USDC:USDC,193028.32,1.25e-05,123.005
2026-03-02T23:00:00+00:00,hyperliquid,AAVE/USDC:USDC,193411.34,1.25e-05,123.73
2026-03-03T00:00:00+00:00,hyperliquid,AAVE/USDC:USDC,192924.5,1.25e-05,122.705
2026-03-03T01:00:00+00:00,hyperliquid,AAVE/USDC:USDC,192934.0,1.25e-05,121.46
2026-03-03T02:00:00+00:00,hyperliquid,AAVE/USDC:USDC,192745.06,1.25e-05,120.515
2026-03-03T03:00:00+00:00,hyperliquid,AAVE/USDC:USDC,191697.28,1.25e-05,120.445
2026-03-03T04:00:00+00:00,hyperliquid,AAVE/USDC:USDC,191651.66,1.25e-05,120.015
2026-03-03T05:00:00+00:00,hyperliquid,AAVE/USDC:USDC,190810.8,1.25e-05,119.11
2026-03-03T06:00:00+00:00,hyperliquid,AAVE/USDC:USDC,190963.36,1.11021e-05,119.405
2026-03-03T07:00:00+00:00,hyperliquid,AAVE/USDC:USDC,191069.36,1.25e-05,119.595
2026-03-03T08:00:00+00:00,hyperliquid,AAVE/USDC:USDC,190928.76,1.25e-05,119.925
2026-03-03T09:00:00+00:00,hyperliquid,AAVE/USDC:USDC,189794.46,1.25e-05,118.095
2026-03-03T10:00:00+00:00,hyperliquid,AAVE/USDC:USDC,190462.58,1.25e-05,116.81
2026-03-03T11:00:00+00:00,hyperliquid,AAVE/USDC:USDC,190872.3599999999,3.69e-07,112.365
2026-03-03T12:00:00+00:00,hyperliquid,AAVE/USDC:USDC,186884.32,-5.16619e-05,111.755
2026-03-03T13:00:00+00:00,hyperliquid,AAVE/USDC:USDC,185458.14,-4.91888e-05,111.255
2026-03-03T14:00:00+00:00,hyperliquid,AAVE/USDC:USDC,184886.5,-4.7882e-05,109.595
2026-03-03T15:00:00+00:00,hyperliquid,AAVE/USDC:USDC,191402.5,-2.10557e-05,109.055
2026-03-03T16:00:00+00:00,hyperliquid,AAVE/USDC:USDC,193729.3,-1.8564e-06,109.425
2026-03-03T17:00:00+00:00,hyperliquid,AAVE/USDC:USDC,194582.06,1.25e-05,110.025
2026-03-03T18:00:00+00:00,hyperliquid,AAVE/USDC:USDC,189030.04,-1.4375e-05,109.415
2026-03-03T19:00:00+00:00,hyperliquid,AAVE/USDC:USDC,188200.16,-2.88408e-05,109.925
2026-03-03T20:00:00+00:00,hyperliquid,AAVE/USDC:USDC,185986.6,-1.59696e-05,109.835
2026-03-03T21:00:00+00:00,hyperliquid,AAVE/USDC:USDC,185995.28,-2.24592e-05,108.59
2026-03-03T22:00:00+00:00,hyperliquid,AAVE/USDC:USDC,186083.44,-1.3662e-05,109.815
2026-03-03T23:00:00+00:00,hyperliquid,AAVE/USDC:USDC,188814.82,1.25e-05,111.415
2026-03-04T00:00:00+00:00,hyperliquid,AAVE/USDC:USDC,191283.74,1.25e-05,110.96
2026-03-04T01:00:00+00:00,hyperliquid,AAVE/USDC:USDC,191359.62,3.8569e-06,110.485
2026-03-04T02:00:00+00:00,hyperliquid,AAVE/USDC:USDC,191374.78,4.3642e-06,110.145
2026-03-04T03:00:00+00:00,hyperliquid,AAVE/USDC:USDC,190498.24,-2.6556e-06,110.635
2026-03-04T04:00:00+00:00,hyperliquid,AAVE/USDC:USDC,190102.56,1.25e-05,111.045
2026-03-04T05:00:00+00:00,hyperliquid,AAVE/USDC:USDC,190220.0,1.25e-05,110.52
2026-03-04T06:00:00+00:00,hyperliquid,AAVE/USDC:USDC,190169.58,1.25e-05,110.835
2026-03-04T07:00:00+00:00,hyperliquid,AAVE/USDC:USDC,188629.82,-4.249e-07,111.645
2026-03-04T08:00:00+00:00,hyperliquid,AAVE/USDC:USDC,188949.72,-2.50602e-05,112.105
2026-03-04T09:00:00+00:00,hyperliquid,AAVE/USDC:USDC,189606.5199999999,-1.37331e-05,113.73
2026-03-04T10:00:00+00:00,hyperliquid,AAVE/USDC:USDC,190173.88,1.25e-05,115.33
2026-03-04T11:00:00+00:00,hyperliquid,AAVE/USDC:USDC,187729.34,1.11621e-05,114.815
2026-03-04T12:00:00+00:00,hyperliquid,AAVE/USDC:USDC,187508.0,1.25e-05,115.77
2026-03-04T13:00:00+00:00,hyperliquid,AAVE/USDC:USDC,185060.5,-1.5858e-05,113.695
2026-03-04T14:00:00+00:00,hyperliquid,AAVE/USDC:USDC,184167.26,-1.0462e-06,115.135
2026-03-04T15:00:00+00:00,hyperliquid,AAVE/USDC:USDC,182722.24,3.4268e-06,115.39
2026-03-04T16:00:00+00:00,hyperliquid,AAVE/USDC:USDC,178682.98,9.6005e-06,118.23
2026-03-04T17:00:00+00:00,hyperliquid,AAVE/USDC:USDC,177076.24,6.257e-07,117.6
2026-03-04T18:00:00+00:00,hyperliquid,AAVE/USDC:USDC,177202.6,1.25e-05,117.205
2026-03-04T19:00:00+00:00,hyperliquid,AAVE/USDC:USDC,176681.54,-8.1216e-06,117.115
2026-03-04T20:00:00+00:00,hyperliquid,AAVE/USDC:USDC,177509.46,-5.8468e-06,117.86
2026-03-04T21:00:00+00:00,hyperliquid,AAVE/USDC:USDC,178642.7,-1.09118e-05,117.16
2026-03-04T22:00:00+00:00,hyperliquid,AAVE/USDC:USDC,178459.54,1.25e-05,117.5
2026-03-04T23:00:00+00:00,hyperliquid,AAVE/USDC:USDC,179233.9400000001,-4.2112e-06,115.45
2026-03-05T00:00:00+00:00,hyperliquid,AAVE/USDC:USDC,178111.84,1.25e-05,115.915
2026-03-05T01:00:00+00:00,hyperliquid,AAVE/USDC:USDC,178123.36,1.25e-05,116.17
2026-03-05T02:00:00+00:00,hyperliquid,AAVE/USDC:USDC,178527.76,1.25e-05,115.91
2026-03-05T03:00:00+00:00,hyperliquid,AAVE/USDC:USDC,178408.6,1.25e-05,116.095
2026-03-05T04:00:00+00:00,hyperliquid,AAVE/USDC:USDC,178344.02,1.25e-05,115.46
2026-03-05T05:00:00+00:00,hyperliquid,AAVE/USDC:USDC,178559.88,1.25e-05,116.245
2026-03-05T06:00:00+00:00,hyperliquid,AAVE/USDC:USDC,178344.3,1.25e-05,115.535
2026-03-05T07:00:00+00:00,hyperliquid,AAVE/USDC:USDC,178218.66,1.25e-05,115.89
2026-03-05T08:00:00+00:00,hyperliquid,AAVE/USDC:USDC,178257.06,1.25e-05,114.445
2026-03-05T09:00:00+00:00,hyperliquid,AAVE/USDC:USDC,178520.0799999999,1.25e-05,116.095
2026-03-05T10:00:00+00:00,hyperliquid,AAVE/USDC:USDC,178887.48,1.25e-05,116.55
2026-03-05T11:00:00+00:00,hyperliquid,AAVE/USDC:USDC,179564.72,1.25e-05,118.44
2026-03-05T12:00:00+00:00,hyperliquid,AAVE/USDC:USDC,180217.04,1.25e-05,117.625
2026-03-05T13:00:00+00:00,hyperliquid,AAVE/USDC:USDC,180558.78,2.6872e-06,117.43
2026-03-05T14:00:00+00:00,hyperliquid,AAVE/USDC:USDC,178824.9400000001,-2.66769e-05,117.585
2026-03-05T15:00:00+00:00,hyperliquid,AAVE/USDC:USDC,178279.88,2.7027e-06,118.38
2026-03-05T16:00:00+00:00,hyperliquid,AAVE/USDC:USDC,179682.3600000001,-3.53049e-05,115.765
2026-03-05T18:00:00+00:00,hyperliquid,AAVE/USDC:USDC,178635.16,3.3799e-06,115.68
2026-03-05T20:00:00+00:00,hyperliquid,AAVE/USDC:USDC,179646.58,4.7096e-06,118.735
2026-03-05T21:00:00+00:00,hyperliquid,AAVE/USDC:USDC,179126.44,1.25e-05,119.06
2026-03-05T22:00:00+00:00,hyperliquid,AAVE/USDC:USDC,179329.66,-5.3957e-06,117.835
2026-03-05T23:00:00+00:00,hyperliquid,AAVE/USDC:USDC,178976.9,1.25e-05,116.88
2026-03-06T00:00:00+00:00,hyperliquid,AAVE/USDC:USDC,178664.08,1.25e-05,116.825
2026-03-06T01:00:00+00:00,hyperliquid,AAVE/USDC:USDC,178495.02,1.25e-05,117.1
2026-03-06T02:00:00+00:00,hyperliquid,AAVE/USDC:USDC,178101.06,1.25e-05,117.92
2026-03-06T03:00:00+00:00,hyperliquid,AAVE/USDC:USDC,177975.22,1.25e-05,118.045
2026-03-06T04:00:00+00:00,hyperliquid,AAVE/USDC:USDC,177837.98,1.25e-05,118.315
2026-03-06T05:00:00+00:00,hyperliquid,AAVE/USDC:USDC,177836.4,-9.1688e-06,117.085
2026-03-06T06:00:00+00:00,hyperliquid,AAVE/USDC:USDC,177140.82,-1.45462e-05,117.17
2026-03-06T07:00:00+00:00,hyperliquid,AAVE/USDC:USDC,176758.2,1.25e-05,117.79
2026-03-06T08:00:00+00:00,hyperliquid,AAVE/USDC:USDC,176638.92,4.1682e-06,118.2
2026-03-06T09:00:00+00:00,hyperliquid,AAVE/USDC:USDC,176069.12,1.3527e-06,117.56
2026-03-06T10:00:00+00:00,hyperliquid,AAVE/USDC:USDC,175782.04,3.4175e-06,116.15
2026-03-06T11:00:00+00:00,hyperliquid,AAVE/USDC:USDC,175770.02,-2.6927e-06,115.56
2026-03-06T12:00:00+00:00,hyperliquid,AAVE/USDC:USDC,175694.34,1.9139e-06,114.495
2026-03-06T13:00:00+00:00,hyperliquid,AAVE/USDC:USDC,175290.34,1.04377e-05,114.11
2026-03-06T14:00:00+00:00,hyperliquid,AAVE/USDC:USDC,174206.4600000001,1.25e-05,112.73
2026-03-06T15:00:00+00:00,hyperliquid,AAVE/USDC:USDC,174109.94,-1.18332e-05,110.84
2026-03-06T16:00:00+00:00,hyperliquid,AAVE/USDC:USDC,174031.1,-3.9833e-06,110.595
2026-03-06T17:00:00+00:00,hyperliquid,AAVE/USDC:USDC,173983.76,-2.133e-05,110.45
2026-03-06T18:00:00+00:00,hyperliquid,AAVE/USDC:USDC,173607.2,-3.505e-07,110.515
2026-03-06T19:00:00+00:00,hyperliquid,AAVE/USDC:USDC,175282.2400000001,1.25e-05,111.05
2026-03-06T20:00:00+00:00,hyperliquid,AAVE/USDC:USDC,175364.64,2.7699e-06,111.29
2026-03-06T21:00:00+00:00,hyperliquid,AAVE/USDC:USDC,175527.26,1.23537e-05,111.575
2026-03-06T22:00:00+00:00,hyperliquid,AAVE/USDC:USDC,175307.4,1.25e-05,111.955
2026-03-06T23:00:00+00:00,hyperliquid,AAVE/USDC:USDC,175348.68,1.25e-05,111.16
2026-03-07T00:00:00+00:00,hyperliquid,AAVE/USDC:USDC,175427.1,1.25e-05,110.925
2026-03-07T01:00:00+00:00,hyperliquid,AAVE/USDC:USDC,175564.32,1.25e-05,110.94
2026-03-07T02:00:00+00:00,hyperliquid,AAVE/USDC:USDC,175557.64,1.25e-05,110.67
2026-03-07T03:00:00+00:00,hyperliquid,AAVE/USDC:USDC,175591.1,1.25e-05,110.995
2026-03-07T04:00:00+00:00,hyperliquid,AAVE/USDC:USDC,175490.62,9.352e-07,110.22
2026-03-07T05:00:00+00:00,hyperliquid,AAVE/USDC:USDC,175381.44,4.3069e-06,110.17
2026-03-07T06:00:00+00:00,hyperliquid,AAVE/USDC:USDC,175413.34,-4.0784e-06,110.12
2026-03-07T07:00:00+00:00,hyperliquid,AAVE/USDC:USDC,175482.88,1.7206e-06,109.625
2026-03-07T08:00:00+00:00,hyperliquid,AAVE/USDC:USDC,175603.54,8.9806e-06,110.325
2026-03-07T09:00:00+00:00,hyperliquid,AAVE/USDC:USDC,175123.62,1.25e-05,110.08
2026-03-07T10:00:00+00:00,hyperliquid,AAVE/USDC:USDC,175243.4,1.25e-05,110.38
2026-03-07T11:00:00+00:00,hyperliquid,AAVE/USDC:USDC,175165.48,1.25e-05,109.895
2026-03-07T12:00:00+00:00,hyperliquid,AAVE/USDC:USDC,175411.18,-6.7031e-06,109.91
2026-03-07T13:00:00+00:00,hyperliquid,AAVE/USDC:USDC,175482.76,4.9213e-06,109.75
2026-03-07T14:00:00+00:00,hyperliquid,AAVE/USDC:USDC,175343.86,-8.7989e-06,109.67
2026-03-07T15:00:00+00:00,hyperliquid,AAVE/USDC:USDC,175282.0000000001,-3.5161e-06,110.005
2026-03-07T16:00:00+00:00,hyperliquid,AAVE/USDC:USDC,175175.1,1.027e-07,109.595
2026-03-07T17:00:00+00:00,hyperliquid,AAVE/USDC:USDC,174397.16,-3.3e-08,109.725
2026-03-07T18:00:00+00:00,hyperliquid,AAVE/USDC:USDC,175197.94,1.02459e-05,109.01
2026-03-07T19:00:00+00:00,hyperliquid,AAVE/USDC:USDC,174887.84,-9.9086e-06,109.1
2026-03-07T20:00:00+00:00,hyperliquid,AAVE/USDC:USDC,174604.72,-4.4315e-06,108.73
2026-03-07T21:00:00+00:00,hyperliquid,AAVE/USDC:USDC,174765.86,-8.027e-06,108.81
2026-03-07T22:00:00+00:00,hyperliquid,AAVE/USDC:USDC,174663.54,1.607e-06,109.2
2026-03-07T23:00:00+00:00,hyperliquid,AAVE/USDC:USDC,174748.14,4.2827e-06,108.535
2026-03-08T00:00:00+00:00,hyperliquid,AAVE/USDC:USDC,174803.1,3.2604e-06,108.795
2026-03-08T01:00:00+00:00,hyperliquid,AAVE/USDC:USDC,174878.44,1.5518e-06,108.085
2026-03-08T02:00:00+00:00,hyperliquid,AAVE/USDC:USDC,174781.52,-1.6044e-06,108.43
2026-03-08T03:00:00+00:00,hyperliquid,AAVE/USDC:USDC,174834.12,3.6383e-06,107.2
2026-03-08T04:00:00+00:00,hyperliquid,AAVE/USDC:USDC,174886.68,-1.77458e-05,107.505
2026-03-08T05:00:00+00:00,hyperliquid,AAVE/USDC:USDC,175673.0,-6.7263e-06,107.215
2026-03-08T06:00:00+00:00,hyperliquid,AAVE/USDC:USDC,176089.12,-7.1505e-06,107.685
2026-03-08T07:00:00+00:00,hyperliquid,AAVE/USDC:USDC,176164.76,1.25e-05,107.275
2026-03-08T08:00:00+00:00,hyperliquid,AAVE/USDC:USDC,176410.9599999999,6.3345e-06,107.675
2026-03-08T09:00:00+00:00,hyperliquid,AAVE/USDC:USDC,176522.34,5.0683e-06,107.625
2026-03-08T10:00:00+00:00,hyperliquid,AAVE/USDC:USDC,178410.7,1.01235e-05,108.33
2026-03-08T11:00:00+00:00,hyperliquid,AAVE/USDC:USDC,178041.0,1.6109e-06,109.09
2026-03-08T12:00:00+00:00,hyperliquid,AAVE/USDC:USDC,178164.48,-1.16238e-05,108.065
2026-03-08T13:00:00+00:00,hyperliquid,AAVE/USDC:USDC,177868.58,-9.7829e-06,107.68
2026-03-08T14:00:00+00:00,hyperliquid,AAVE/USDC:USDC,178171.14,-1.404e-06,106.945
2026-03-08T15:00:00+00:00,hyperliquid,AAVE/USDC:USDC,178104.4,-4.2442e-06,106.89
2026-03-08T16:00:00+00:00,hyperliquid,AAVE/USDC:USDC,178241.22,7.498e-07,106.595
2026-03-08T17:00:00+00:00,hyperliquid,AAVE/USDC:USDC,176991.9,4.2624e-06,105.87
2026-03-08T18:00:00+00:00,hyperliquid,AAVE/USDC:USDC,177537.36,-1.3914e-05,105.965
2026-03-08T19:00:00+00:00,hyperliquid,AAVE/USDC:USDC,177527.84,-1.60957e-05,105.915
2026-03-08T20:00:00+00:00,hyperliquid,AAVE/USDC:USDC,176776.1,-4.8023e-06,107.07
2026-03-08T21:00:00+00:00,hyperliquid,AAVE/USDC:USDC,176715.72,-6.0751e-06,106.88
2026-03-08T22:00:00+00:00,hyperliquid,AAVE/USDC:USDC,177122.4,-6.8835e-06,105.675
2026-03-08T23:00:00+00:00,hyperliquid,AAVE/USDC:USDC,177788.88,1.25e-05,105.77
2026-03-09T00:00:00+00:00,hyperliquid,AAVE/USDC:USDC,177816.3400000001,1.25e-05,105.72
2026-03-09T01:00:00+00:00,hyperliquid,AAVE/USDC:USDC,176374.12,1.25e-05,106.25
2026-03-09T02:00:00+00:00,hyperliquid,AAVE/USDC:USDC,175978.62,1.856e-06,106.095
2026-03-09T03:00:00+00:00,hyperliquid,AAVE/USDC:USDC,177820.08,1.7146e-06,106.96
2026-03-09T04:00:00+00:00,hyperliquid,AAVE/USDC:USDC,177782.92,-1.24759e-05,107.105
2026-03-09T05:00:00+00:00,hyperliquid,AAVE/USDC:USDC,177504.62,-4.0015e-06,106.64
2026-03-09T06:00:00+00:00,hyperliquid,AAVE/USDC:USDC,178103.1400000001,1.25e-05,108.4
2026-03-09T07:00:00+00:00,hyperliquid,AAVE/USDC:USDC,178210.06,-5.7575e-06,106.78
2026-03-09T08:00:00+00:00,hyperliquid,AAVE/USDC:USDC,178019.28,1.25e-05,106.5
2026-03-09T09:00:00+00:00,hyperliquid,AAVE/USDC:USDC,181429.26,1.25e-05,106.36
2026-03-09T10:00:00+00:00,hyperliquid,AAVE/USDC:USDC,183066.16,1.25e-05,106.43
2026-03-09T11:00:00+00:00,hyperliquid,AAVE/USDC:USDC,181552.62,3.0946e-06,105.73
2026-03-09T12:00:00+00:00,hyperliquid,AAVE/USDC:USDC,180263.54,4.2615e-06,106.36
2026-03-09T13:00:00+00:00,hyperliquid,AAVE/USDC:USDC,181523.92,-1.15826e-05,105.96
2026-03-09T14:00:00+00:00,hyperliquid,AAVE/USDC:USDC,183563.5,1.25e-05,107.465
2026-03-09T15:00:00+00:00,hyperliquid,AAVE/USDC:USDC,194063.82,1.25e-05,106.68
2026-03-09T16:00:00+00:00,hyperliquid,AAVE/USDC:USDC,184748.36,-1.38787e-05,105.105
2026-03-09T17:00:00+00:00,hyperliquid,AAVE/USDC:USDC,185913.22,1.25e-05,105.95
2026-03-09T18:00:00+00:00,hyperliquid,AAVE/USDC:USDC,187222.98,9.6932e-06,105.45
2026-03-09T19:00:00+00:00,hyperliquid,AAVE/USDC:USDC,188337.2,1.25e-05,106.06
2026-03-09T20:00:00+00:00,hyperliquid,AAVE/USDC:USDC,186689.5800000001,1.25e-05,107.795
2026-03-09T21:00:00+00:00,hyperliquid,AAVE/USDC:USDC,186779.48,1.25e-05,107.74
2026-03-09T22:00:00+00:00,hyperliquid,AAVE/USDC:USDC,185427.24,9.175e-06,107.88
2026-03-09T23:00:00+00:00,hyperliquid,AAVE/USDC:USDC,185878.76,-5.0081e-06,106.645
2026-03-10T00:00:00+00:00,hyperliquid,AAVE/USDC:USDC,186867.08,1.25e-05,106.705
2026-03-10T01:00:00+00:00,hyperliquid,AAVE/USDC:USDC,186545.8,1.25e-05,107.23
2026-03-10T02:00:00+00:00,hyperliquid,AAVE/USDC:USDC,186614.08,8.4701e-06,107.77
2026-03-10T03:00:00+00:00,hyperliquid,AAVE/USDC:USDC,191209.34,1.25e-05,109.51
2026-03-10T04:00:00+00:00,hyperliquid,AAVE/USDC:USDC,189592.5,1.25e-05,108.05
2026-03-10T05:00:00+00:00,hyperliquid,AAVE/USDC:USDC,189757.34,1.25e-05,109.4
2026-03-10T06:00:00+00:00,hyperliquid,AAVE/USDC:USDC,189407.0,1.25e-05,108.86
2026-03-10T07:00:00+00:00,hyperliquid,AAVE/USDC:USDC,189560.76,1.25e-05,109.09
2026-03-10T08:00:00+00:00,hyperliquid,AAVE/USDC:USDC,189540.36,1.25e-05,111.02
2026-03-10T09:00:00+00:00,hyperliquid,AAVE/USDC:USDC,200685.84,1.25e-05,112.06
2026-03-10T10:00:00+00:00,hyperliquid,AAVE/USDC:USDC,187650.12,1.25e-05,112.77
2026-03-10T11:00:00+00:00,hyperliquid,AAVE/USDC:USDC,187288.64,1.25e-05,111.555
2026-03-10T12:00:00+00:00,hyperliquid,AAVE/USDC:USDC,188345.7,1.25e-05,111.31
2026-03-10T13:00:00+00:00,hyperliquid,AAVE/USDC:USDC,188363.1,1.25e-05,111.795
2026-03-10T14:00:00+00:00,hyperliquid,AAVE/USDC:USDC,187021.84,1.25e-05,110.88
2026-03-10T15:00:00+00:00,hyperliquid,AAVE/USDC:USDC,185111.26,1.25e-05,114.495
2026-03-10T16:00:00+00:00,hyperliquid,AAVE/USDC:USDC,184682.84,1.25e-05,114.38
2026-03-10T17:00:00+00:00,hyperliquid,AAVE/USDC:USDC,184914.16,1.25e-05,114.125
2026-03-10T18:00:00+00:00,hyperliquid,AAVE/USDC:USDC,197628.0,1.25e-05,113.725
2026-03-10T19:00:00+00:00,hyperliquid,AAVE/USDC:USDC,197359.38,1.25e-05,111.665
2026-03-10T20:00:00+00:00,hyperliquid,AAVE/USDC:USDC,197344.84,1.25e-05,111.665
2026-03-10T21:00:00+00:00,hyperliquid,AAVE/USDC:USDC,197271.04,1.25e-05,112.105
2026-03-10T22:00:00+00:00,hyperliquid,AAVE/USDC:USDC,197263.72,1.25e-05,110.93
2026-03-10T23:00:00+00:00,hyperliquid,AAVE/USDC:USDC,197249.08,1.25e-05,111.325
2026-03-11T00:00:00+00:00,hyperliquid,AAVE/USDC:USDC,197062.54,1.25e-05,111.495
2026-03-11T01:00:00+00:00,hyperliquid,AAVE/USDC:USDC,197221.9400000001,1.25e-05,111.31
2026-03-11T02:00:00+00:00,hyperliquid,AAVE/USDC:USDC,197819.08,1.25e-05,111.165
2026-03-11T03:00:00+00:00,hyperliquid,AAVE/USDC:USDC,197289.82,1.25e-05,110.51
2026-03-11T04:00:00+00:00,hyperliquid,AAVE/USDC:USDC,198195.66,1.25e-05,109.82
2026-03-11T05:00:00+00:00,hyperliquid,AAVE/USDC:USDC,198044.1600000001,1.25e-05,110.56
2026-03-11T06:00:00+00:00,hyperliquid,AAVE/USDC:USDC,198269.76,1.25e-05,109.095
2026-03-11T07:00:00+00:00,hyperliquid,AAVE/USDC:USDC,198271.54,1.16217e-05,109.605
2026-03-11T08:00:00+00:00,hyperliquid,AAVE/USDC:USDC,198746.4,1.25e-05,109.11
2026-03-11T09:00:00+00:00,hyperliquid,AAVE/USDC:USDC,198686.82,1.25e-05,109.47
2026-03-11T10:00:00+00:00,hyperliquid,AAVE/USDC:USDC,198887.14,1.25e-05,109.295
2026-03-11T11:00:00+00:00,hyperliquid,AAVE/USDC:USDC,199155.3,1.25e-05,109.94
2026-03-11T12:00:00+00:00,hyperliquid,AAVE/USDC:USDC,199269.64,1.25e-05,109.75
2026-03-11T13:00:00+00:00,hyperliquid,AAVE/USDC:USDC,199404.88,1.25e-05,110.69
2026-03-11T14:00:00+00:00,hyperliquid,AAVE/USDC:USDC,199482.24,1.25e-05,112.655
2026-03-11T15:00:00+00:00,hyperliquid,AAVE/USDC:USDC,199725.16,1.25e-05,111.925
2026-03-11T16:00:00+00:00,hyperliquid,AAVE/USDC:USDC,199454.16,1.25e-05,111.29
2026-03-11T17:00:00+00:00,hyperliquid,AAVE/USDC:USDC,199360.5800000001,1.25e-05,112.63
2026-03-11T18:00:00+00:00,hyperliquid,AAVE/USDC:USDC,198847.62,1.25e-05,111.965
2026-03-11T19:00:00+00:00,hyperliquid,AAVE/USDC:USDC,198659.5,1.25e-05,112.14
2026-03-11T20:00:00+00:00,hyperliquid,AAVE/USDC:USDC,198599.14,1.25e-05,112.035
2026-03-11T21:00:00+00:00,hyperliquid,AAVE/USDC:USDC,198464.14,1.25e-05,111.32
2026-03-11T22:00:00+00:00,hyperliquid,AAVE/USDC:USDC,198120.22,1.25e-05,111.66
2026-03-11T23:00:00+00:00,hyperliquid,AAVE/USDC:USDC,198919.4600000001,1.25e-05,111.13
2026-03-12T00:00:00+00:00,hyperliquid,AAVE/USDC:USDC,198919.5600000002,1.25e-05,110.315
2026-03-12T01:00:00+00:00,hyperliquid,AAVE/USDC:USDC,198898.44,1.25e-05,110.05
2026-03-12T02:00:00+00:00,hyperliquid,AAVE/USDC:USDC,196575.8,1.2179e-06,109.01
2026-03-12T03:00:00+00:00,hyperliquid,AAVE/USDC:USDC,195535.84,-9.881e-07,108.24
2026-03-12T04:00:00+00:00,hyperliquid,AAVE/USDC:USDC,194700.02,8.8349e-06,108.09
2026-03-12T05:00:00+00:00,hyperliquid,AAVE/USDC:USDC,194088.8,-3.8331e-06,107.74
2026-03-12T06:00:00+00:00,hyperliquid,AAVE/USDC:USDC,198333.32,1.25e-05,107.765
2026-03-12T07:00:00+00:00,hyperliquid,AAVE/USDC:USDC,200249.96,3.7971e-06,108.46
2026-03-12T08:00:00+00:00,hyperliquid,AAVE/USDC:USDC,199262.14,1.25e-05,109.05
2026-03-12T09:00:00+00:00,hyperliquid,AAVE/USDC:USDC,199405.92,1.25e-05,109.01
2026-03-12T10:00:00+00:00,hyperliquid,AAVE/USDC:USDC,199316.92,1.25e-05,109.445
2026-03-12T11:00:00+00:00,hyperliquid,AAVE/USDC:USDC,199902.36,1.25e-05,110.69
2026-03-12T12:00:00+00:00,hyperliquid,AAVE/USDC:USDC,199802.36,1.25e-05,110.535
2026-03-12T13:00:00+00:00,hyperliquid,AAVE/USDC:USDC,199661.4,1.25e-05,110.395
2026-03-12T14:00:00+00:00,hyperliquid,AAVE/USDC:USDC,202051.12,1.25e-05,109.535
2026-03-12T15:00:00+00:00,hyperliquid,AAVE/USDC:USDC,202086.12,1.25e-05,107.775
2026-03-12T16:00:00+00:00,hyperliquid,AAVE/USDC:USDC,202117.6,1.25e-05,108.955
2026-03-12T17:00:00+00:00,hyperliquid,AAVE/USDC:USDC,202426.4,1.25e-05,109.975
2026-03-12T18:00:00+00:00,hyperliquid,AAVE/USDC:USDC,202520.74,1.25e-05,109.8
2026-03-12T19:00:00+00:00,hyperliquid,AAVE/USDC:USDC,202484.98,1.25e-05,109.71
2026-03-12T20:00:00+00:00,hyperliquid,AAVE/USDC:USDC,202212.74,1.25e-05,111.61
2026-03-12T21:00:00+00:00,hyperliquid,AAVE/USDC:USDC,202518.42,1.25e-05,110.745
2026-03-12T22:00:00+00:00,hyperliquid,AAVE/USDC:USDC,204058.5,1.25e-05,111.48
2026-03-12T23:00:00+00:00,hyperliquid,AAVE/USDC:USDC,205315.16,1.25e-05,111.51
2026-03-13T00:00:00+00:00,hyperliquid,AAVE/USDC:USDC,204663.72,1.25e-05,111.155
2026-03-13T01:00:00+00:00,hyperliquid,AAVE/USDC:USDC,207582.18,1.25e-05,114.01
2026-03-13T02:00:00+00:00,hyperliquid,AAVE/USDC:USDC,208972.68,1.25e-05,115.12
2026-03-13T03:00:00+00:00,hyperliquid,AAVE/USDC:USDC,203210.14,1.25e-05,114.54
2026-03-13T04:00:00+00:00,hyperliquid,AAVE/USDC:USDC,202843.12,1.25e-05,115.37
2026-03-13T05:00:00+00:00,hyperliquid,AAVE/USDC:USDC,202984.6,1.25e-05,114.895
2026-03-13T06:00:00+00:00,hyperliquid,AAVE/USDC:USDC,197102.66,2.177e-07,114.07
2026-03-13T07:00:00+00:00,hyperliquid,AAVE/USDC:USDC,194731.62,5.9797e-06,114.09
2026-03-13T08:00:00+00:00,hyperliquid,AAVE/USDC:USDC,194432.2800000001,1.25e-05,113.93
2026-03-13T09:00:00+00:00,hyperliquid,AAVE/USDC:USDC,194514.26,1.25e-05,115.105
2026-03-13T10:00:00+00:00,hyperliquid,AAVE/USDC:USDC,194988.1600000001,1.25e-05,115.565
2026-03-13T11:00:00+00:00,hyperliquid,AAVE/USDC:USDC,194316.26,1.25e-05,115.725
2026-03-13T12:00:00+00:00,hyperliquid,AAVE/USDC:USDC,194197.1,1.25e-05,116.26
2026-03-13T13:00:00+00:00,hyperliquid,AAVE/USDC:USDC,193588.24,1.25e-05,117.28
2026-03-13T14:00:00+00:00,hyperliquid,AAVE/USDC:USDC,193843.76,1.2163e-05,118.245
2026-03-13T15:00:00+00:00,hyperliquid,AAVE/USDC:USDC,194151.7,4.256e-07,114.975
2026-03-13T16:00:00+00:00,hyperliquid,AAVE/USDC:USDC,194742.36,1.25e-05,114.15
2026-03-13T17:00:00+00:00,hyperliquid,AAVE/USDC:USDC,196079.04,1.03568e-05,114.32
2026-03-13T18:00:00+00:00,hyperliquid,AAVE/USDC:USDC,196098.7,8.8449e-06,113.005
2026-03-13T19:00:00+00:00,hyperliquid,AAVE/USDC:USDC,198202.68,1.25e-05,112.54
2026-03-13T20:00:00+00:00,hyperliquid,AAVE/USDC:USDC,197927.8,6.0686e-06,112.975
2026-03-13T21:00:00+00:00,hyperliquid,AAVE/USDC:USDC,198025.4,1.25e-05,113.66
2026-03-13T22:00:00+00:00,hyperliquid,AAVE/USDC:USDC,197891.0000000001,1.2956e-06,112.365
2026-03-13T23:00:00+00:00,hyperliquid,AAVE/USDC:USDC,199166.22,2.6743e-06,111.955
2026-03-14T00:00:00+00:00,hyperliquid,AAVE/USDC:USDC,199345.02,1.25e-05,112.26
2026-03-14T01:00:00+00:00,hyperliquid,AAVE/USDC:USDC,199636.78,1.25e-05,111.835
2026-03-14T02:00:00+00:00,hyperliquid,AAVE/USDC:USDC,199906.3,1.25e-05,112.525
2026-03-14T03:00:00+00:00,hyperliquid,AAVE/USDC:USDC,199223.7,1.25e-05,112.445
2026-03-14T04:00:00+00:00,hyperliquid,AAVE/USDC:USDC,199044.2,1.25e-05,112.605
2026-03-14T05:00:00+00:00,hyperliquid,AAVE/USDC:USDC,209897.36,1.25e-05,112.37
2026-03-14T06:00:00+00:00,hyperliquid,AAVE/USDC:USDC,209803.56,1.25e-05,112.03
2026-03-14T07:00:00+00:00,hyperliquid,AAVE/USDC:USDC,205304.04,1.5505e-06,111.32
2026-03-14T08:00:00+00:00,hyperliquid,AAVE/USDC:USDC,205034.36,1.25e-05,111.2
2026-03-14T09:00:00+00:00,hyperliquid,AAVE/USDC:USDC,202908.9,1.25e-05,111.255
2026-03-14T10:00:00+00:00,hyperliquid,AAVE/USDC:USDC,202724.5,1.25e-05,110.765
2026-03-14T11:00:00+00:00,hyperliquid,AAVE/USDC:USDC,202425.1,-1.16491e-05,109.985
2026-03-14T12:00:00+00:00,hyperliquid,AAVE/USDC:USDC,202646.64,-3.6621e-06,110.45
2026-03-14T13:00:00+00:00,hyperliquid,AAVE/USDC:USDC,202735.78,-1.67262e-05,110.045
2026-03-14T14:00:00+00:00,hyperliquid,AAVE/USDC:USDC,201774.46,1.25e-05,110.655
2026-03-14T15:00:00+00:00,hyperliquid,AAVE/USDC:USDC,202550.98,-5.679e-06,110.085
2026-03-14T16:00:00+00:00,hyperliquid,AAVE/USDC:USDC,202807.34,1.25e-05,110.505
2026-03-14T17:00:00+00:00,hyperliquid,AAVE/USDC:USDC,202868.72,1.25e-05,110.815
2026-03-14T18:00:00+00:00,hyperliquid,AAVE/USDC:USDC,202796.38,1.25e-05,110.515
2026-03-14T19:00:00+00:00,hyperliquid,AAVE/USDC:USDC,203036.68,1.25e-05,110.3
2026-03-14T20:00:00+00:00,hyperliquid,AAVE/USDC:USDC,203221.28,1.25e-05,110.16
2026-03-14T21:00:00+00:00,hyperliquid,AAVE/USDC:USDC,203032.62,1.25e-05,110.395
2026-03-14T22:00:00+00:00,hyperliquid,AAVE/USDC:USDC,203161.66,1.08557e-05,110.63
2026-03-14T23:00:00+00:00,hyperliquid,AAVE/USDC:USDC,203520.38,1.25e-05,110.76
2026-03-15T00:00:00+00:00,hyperliquid,AAVE/USDC:USDC,203597.2,1.25e-05,110.96
2026-03-15T01:00:00+00:00,hyperliquid,AAVE/USDC:USDC,203615.38,8.4719e-06,110.315
2026-03-15T02:00:00+00:00,hyperliquid,AAVE/USDC:USDC,205538.9799999999,-1.80433e-05,111.31
2026-03-15T03:00:00+00:00,hyperliquid,AAVE/USDC:USDC,207048.46,7.5234e-06,111.605
2026-03-15T04:00:00+00:00,hyperliquid,AAVE/USDC:USDC,207097.44,-7.157e-07,111.15
2026-03-15T05:00:00+00:00,hyperliquid,AAVE/USDC:USDC,207350.28,-3.1584e-06,110.98
2026-03-15T06:00:00+00:00,hyperliquid,AAVE/USDC:USDC,207467.1,4.2314e-06,111.185
2026-03-15T07:00:00+00:00,hyperliquid,AAVE/USDC:USDC,207936.04,1.25e-05,111.15
2026-03-15T08:00:00+00:00,hyperliquid,AAVE/USDC:USDC,207948.18,1.25e-05,111.355
2026-03-15T09:00:00+00:00,hyperliquid,AAVE/USDC:USDC,208273.76,1.25e-05,112.945
2026-03-15T10:00:00+00:00,hyperliquid,AAVE/USDC:USDC,208258.5,1.25e-05,113.195
2026-03-15T11:00:00+00:00,hyperliquid,AAVE/USDC:USDC,207561.14,8.0682e-06,113.69
2026-03-15T12:00:00+00:00,hyperliquid,AAVE/USDC:USDC,207596.94,-2.2223e-06,113.59
2026-03-15T13:00:00+00:00,hyperliquid,AAVE/USDC:USDC,207379.98,1.18039e-05,113.47
2026-03-15T14:00:00+00:00,hyperliquid,AAVE/USDC:USDC,207525.72,3.3482e-06,112.905
2026-03-15T15:00:00+00:00,hyperliquid,AAVE/USDC:USDC,207253.9,1.4614e-06,112.935
2026-03-15T16:00:00+00:00,hyperliquid,AAVE/USDC:USDC,207060.56,1.25e-05,112.94
2026-03-15T17:00:00+00:00,hyperliquid,AAVE/USDC:USDC,207141.06,4.4491e-06,113.3
2026-03-15T18:00:00+00:00,hyperliquid,AAVE/USDC:USDC,202268.66,-2.3754e-05,114.555
2026-03-15T19:00:00+00:00,hyperliquid,AAVE/USDC:USDC,201511.6,-2.5077e-06,114.285
2026-03-15T20:00:00+00:00,hyperliquid,AAVE/USDC:USDC,201278.7999999999,-1.10011e-05,114.86
2026-03-15T21:00:00+00:00,hyperliquid,AAVE/USDC:USDC,199773.26,-1.0216e-05,115.545
2026-03-15T22:00:00+00:00,hyperliquid,AAVE/USDC:USDC,199269.36,1.25e-05,116.24
2026-03-15T23:00:00+00:00,hyperliquid,AAVE/USDC:USDC,196864.54,1.25e-05,117.435
2026-03-16T00:00:00+00:00,hyperliquid,AAVE/USDC:USDC,194645.26,1.25e-05,117.015
2026-03-16T01:00:00+00:00,hyperliquid,AAVE/USDC:USDC,194362.72,1.25e-05,116.545
2026-03-16T02:00:00+00:00,hyperliquid,AAVE/USDC:USDC,195978.7,-1.24197e-05,116.82
2026-03-16T03:00:00+00:00,hyperliquid,AAVE/USDC:USDC,195871.92,-1.5334e-06,116.165
2026-03-16T04:00:00+00:00,hyperliquid,AAVE/USDC:USDC,195275.44,-8.4412e-06,118.35
2026-03-16T05:00:00+00:00,hyperliquid,AAVE/USDC:USDC,195801.62,3.2986e-06,118.585
2026-03-16T06:00:00+00:00,hyperliquid,AAVE/USDC:USDC,196187.38,1.25e-05,119.075
2026-03-16T07:00:00+00:00,hyperliquid,AAVE/USDC:USDC,193901.24,1.25e-05,119.615
2026-03-16T08:00:00+00:00,hyperliquid,AAVE/USDC:USDC,193204.38,1.25e-05,119.485
2026-03-16T09:00:00+00:00,hyperliquid,AAVE/USDC:USDC,192439.8,3.997e-06,118.78
2026-03-16T10:00:00+00:00,hyperliquid,AAVE/USDC:USDC,192095.52,1.21879e-05,119.485
2026-03-16T11:00:00+00:00,hyperliquid,AAVE/USDC:USDC,192297.7200000001,1.25e-05,119.475
2026-03-16T12:00:00+00:00,hyperliquid,AAVE/USDC:USDC,192246.14,1.25e-05,118.695
2026-03-16T13:00:00+00:00,hyperliquid,AAVE/USDC:USDC,192495.16,-6.8695e-06,120.48
2026-03-16T14:00:00+00:00,hyperliquid,AAVE/USDC:USDC,190088.66,1.25e-05,121.59
2026-03-16T15:00:00+00:00,hyperliquid,AAVE/USDC:USDC,187637.32,-3.3543e-06,120.385
2026-03-16T16:00:00+00:00,hyperliquid,AAVE/USDC:USDC,187178.18,-6.7065e-06,119.805
2026-03-16T17:00:00+00:00,hyperliquid,AAVE/USDC:USDC,186953.38,1.14608e-05,121.425
2026-03-16T18:00:00+00:00,hyperliquid,AAVE/USDC:USDC,186728.0600000001,3.2774e-06,121.655
2026-03-16T19:00:00+00:00,hyperliquid,AAVE/USDC:USDC,185812.86,3.8628e-06,121.07
2026-03-16T20:00:00+00:00,hyperliquid,AAVE/USDC:USDC,185101.64,-1.12134e-05,121.905
2026-03-16T21:00:00+00:00,hyperliquid,AAVE/USDC:USDC,184607.3,4.8716e-06,122.515
2026-03-16T22:00:00+00:00,hyperliquid,AAVE/USDC:USDC,183610.04,1.25e-05,123.69
2026-03-16T23:00:00+00:00,hyperliquid,AAVE/USDC:USDC,184022.04,1.25e-05,120.85
2026-03-17T00:00:00+00:00,hyperliquid,AAVE/USDC:USDC,183079.32,-1.10601e-05,121.95
2026-03-17T01:00:00+00:00,hyperliquid,AAVE/USDC:USDC,182292.28,1.25e-05,122.84
2026-03-17T02:00:00+00:00,hyperliquid,AAVE/USDC:USDC,182363.56,8.6719e-06,123.275
2026-03-17T03:00:00+00:00,hyperliquid,AAVE/USDC:USDC,181229.52,2.6082e-06,122.365
2026-03-17T04:00:00+00:00,hyperliquid,AAVE/USDC:USDC,179959.44,-4.15625e-05,121.505
2026-03-17T05:00:00+00:00,hyperliquid,AAVE/USDC:USDC,181681.04,5.931e-07,119.88
2026-03-17T06:00:00+00:00,hyperliquid,AAVE/USDC:USDC,181467.52,-1.89783e-05,119.95
2026-03-17T07:00:00+00:00,hyperliquid,AAVE/USDC:USDC,181439.88,-2.2414e-05,120.405
2026-03-17T08:00:00+00:00,hyperliquid,AAVE/USDC:USDC,181996.68,8.0465e-06,121.105
2026-03-17T09:00:00+00:00,hyperliquid,AAVE/USDC:USDC,181556.56,8.3165e-06,120.65
2026-03-17T10:00:00+00:00,hyperliquid,AAVE/USDC:USDC,180104.76,-7.995e-07,121.87
2026-03-17T11:00:00+00:00,hyperliquid,AAVE/USDC:USDC,179333.92,9.8519e-06,122.425
2026-03-17T12:00:00+00:00,hyperliquid,AAVE/USDC:USDC,179131.48,1.25e-05,122.015
2026-03-17T13:00:00+00:00,hyperliquid,AAVE/USDC:USDC,176938.08,-4.0489e-06,121.08
2026-03-17T14:00:00+00:00,hyperliquid,AAVE/USDC:USDC,177757.3,1.25e-05,120.845
2026-03-17T15:00:00+00:00,hyperliquid,AAVE/USDC:USDC,178343.9799999999,1.25e-05,121.46
2026-03-17T16:00:00+00:00,hyperliquid,AAVE/USDC:USDC,178197.72,1.25e-05,121.41
2026-03-17T17:00:00+00:00,hyperliquid,AAVE/USDC:USDC,177835.8,7.0085e-06,121.225
2026-03-17T18:00:00+00:00,hyperliquid,AAVE/USDC:USDC,177940.98,1.25e-05,121.84
2026-03-17T19:00:00+00:00,hyperliquid,AAVE/USDC:USDC,176755.44,-7.4775e-06,121.225
2026-03-17T20:00:00+00:00,hyperliquid,AAVE/USDC:USDC,176772.0,-2.07127e-05,121.265
2026-03-17T21:00:00+00:00,hyperliquid,AAVE/USDC:USDC,177656.06,-1.27023e-05,121.635
2026-03-17T22:00:00+00:00,hyperliquid,AAVE/USDC:USDC,177931.22,1.25e-05,122.02
2026-03-17T23:00:00+00:00,hyperliquid,AAVE/USDC:USDC,177643.36,1.3545e-06,120.78
2026-03-18T00:00:00+00:00,hyperliquid,AAVE/USDC:USDC,177555.2,1.25e-05,119.515
2026-03-18T01:00:00+00:00,hyperliquid,AAVE/USDC:USDC,176422.92,1.25e-05,120.33
2026-03-18T02:00:00+00:00,hyperliquid,AAVE/USDC:USDC,176415.64,1.25e-05,120.15
2026-03-18T03:00:00+00:00,hyperliquid,AAVE/USDC:USDC,176526.56,1.25e-05,121.15
2026-03-18T04:00:00+00:00,hyperliquid,AAVE/USDC:USDC,176714.5,1.25e-05,121.52
2026-03-18T05:00:00+00:00,hyperliquid,AAVE/USDC:USDC,176811.82,1.25e-05,121.575
2026-03-18T06:00:00+00:00,hyperliquid,AAVE/USDC:USDC,176820.9,1.25e-05,121.05
2026-03-18T07:00:00+00:00,hyperliquid,AAVE/USDC:USDC,177195.0,1.25e-05,120.955
2026-03-18T08:00:00+00:00,hyperliquid,AAVE/USDC:USDC,177237.1,1.25e-05,120.8
2026-03-18T09:00:00+00:00,hyperliquid,AAVE/USDC:USDC,177178.16,-1.533e-06,120.3
2026-03-18T10:00:00+00:00,hyperliquid,AAVE/USDC:USDC,177234.64,-7.2541e-06,120.385
2026-03-18T11:00:00+00:00,hyperliquid,AAVE/USDC:USDC,177713.18,1.25e-05,119.645
2026-03-18T12:00:00+00:00,hyperliquid,AAVE/USDC:USDC,179146.78,1.25e-05,117.34
2026-03-18T13:00:00+00:00,hyperliquid,AAVE/USDC:USDC,179752.6200000001,1.25e-05,114.97
2026-03-18T14:00:00+00:00,hyperliquid,AAVE/USDC:USDC,180749.08,1.25e-05,114.835
2026-03-18T15:00:00+00:00,hyperliquid,AAVE/USDC:USDC,184233.36,1.25e-05,113.41
2026-03-18T16:00:00+00:00,hyperliquid,AAVE/USDC:USDC,183185.88,1.25e-05,113.275
2026-03-18T17:00:00+00:00,hyperliquid,AAVE/USDC:USDC,183258.9,1.25e-05,113.195
2026-03-18T18:00:00+00:00,hyperliquid,AAVE/USDC:USDC,183155.52,1.25e-05,114.795
2026-03-18T19:00:00+00:00,hyperliquid,AAVE/USDC:USDC,187904.5600000001,1.25e-05,114.04
2026-03-18T20:00:00+00:00,hyperliquid,AAVE/USDC:USDC,185710.06,1.25e-05,113.525
2026-03-18T21:00:00+00:00,hyperliquid,AAVE/USDC:USDC,185487.26,1.25e-05,115.33
2026-03-18T22:00:00+00:00,hyperliquid,AAVE/USDC:USDC,185538.26,1.25e-05,114.97
2026-03-18T23:00:00+00:00,hyperliquid,AAVE/USDC:USDC,184928.76,1.25e-05,115.225
2026-03-19T00:00:00+00:00,hyperliquid,AAVE/USDC:USDC,184960.44,1.25e-05,115.04
2026-03-19T01:00:00+00:00,hyperliquid,AAVE/USDC:USDC,184985.74,1.25e-05,115.02
2026-03-19T02:00:00+00:00,hyperliquid,AAVE/USDC:USDC,184174.72,1.25e-05,115.62
2026-03-19T03:00:00+00:00,hyperliquid,AAVE/USDC:USDC,183663.48,1.25e-05,116.71
2026-03-19T04:00:00+00:00,hyperliquid,AAVE/USDC:USDC,183210.3,1.25e-05,116.91
2026-03-19T05:00:00+00:00,hyperliquid,AAVE/USDC:USDC,183282.36,3.139e-06,116.695
2026-03-19T06:00:00+00:00,hyperliquid,AAVE/USDC:USDC,184203.1,-4.5022e-06,115.58
2026-03-19T07:00:00+00:00,hyperliquid,AAVE/USDC:USDC,183842.18,-1.10111e-05,114.82
2026-03-19T08:00:00+00:00,hyperliquid,AAVE/USDC:USDC,183612.8,1.25e-05,114.2
2026-03-19T09:00:00+00:00,hyperliquid,AAVE/USDC:USDC,183741.82,1.06975e-05,114.555
2026-03-19T10:00:00+00:00,hyperliquid,AAVE/USDC:USDC,183956.76,1.12785e-05,115.28
2026-03-19T11:00:00+00:00,hyperliquid,AAVE/USDC:USDC,184181.4,1.25e-05,114.68
2026-03-19T12:00:00+00:00,hyperliquid,AAVE/USDC:USDC,184322.8,1.25e-05,114.08
2026-03-19T13:00:00+00:00,hyperliquid,AAVE/USDC:USDC,184921.16,1.25e-05,112.105
2026-03-19T14:00:00+00:00,hyperliquid,AAVE/USDC:USDC,185659.92,1.25e-05,112.74
2026-03-19T15:00:00+00:00,hyperliquid,AAVE/USDC:USDC,185287.48,1.25e-05,111.575
2026-03-19T16:00:00+00:00,hyperliquid,AAVE/USDC:USDC,185978.26,1.25e-05,111.265
2026-03-19T17:00:00+00:00,hyperliquid,AAVE/USDC:USDC,185801.9,1.25e-05,110.985
2026-03-19T18:00:00+00:00,hyperliquid,AAVE/USDC:USDC,187825.56,1.25e-05,111.915
2026-03-19T19:00:00+00:00,hyperliquid,AAVE/USDC:USDC,188005.92,1.25e-05,112.245
2026-03-19T20:00:00+00:00,hyperliquid,AAVE/USDC:USDC,187741.78,-1.24864e-05,111.26
2026-03-19T21:00:00+00:00,hyperliquid,AAVE/USDC:USDC,187409.68,1.25e-05,112.285
2026-03-19T22:00:00+00:00,hyperliquid,AAVE/USDC:USDC,185513.0,-1.8308e-05,111.785
2026-03-19T23:00:00+00:00,hyperliquid,AAVE/USDC:USDC,185058.64,-1.31093e-05,111.68
2026-03-20T00:00:00+00:00,hyperliquid,AAVE/USDC:USDC,185036.24,-1.6543e-06,111.595
2026-03-20T01:00:00+00:00,hyperliquid,AAVE/USDC:USDC,184941.04,1.25e-05,112.305
2026-03-20T02:00:00+00:00,hyperliquid,AAVE/USDC:USDC,184632.68,1.25e-05,111.985
2026-03-20T03:00:00+00:00,hyperliquid,AAVE/USDC:USDC,184597.86,1.25e-05,112.145
2026-03-20T04:00:00+00:00,hyperliquid,AAVE/USDC:USDC,184852.8799999999,1.25e-05,112.16
2026-03-20T05:00:00+00:00,hyperliquid,AAVE/USDC:USDC,185198.04,1.25e-05,112.385
2026-03-20T06:00:00+00:00,hyperliquid,AAVE/USDC:USDC,186042.76,1.25e-05,112.56
2026-03-20T07:00:00+00:00,hyperliquid,AAVE/USDC:USDC,185957.76,1.25e-05,111.195
2026-03-20T08:00:00+00:00,hyperliquid,AAVE/USDC:USDC,186032.54,1.25e-05,112.095
2026-03-20T09:00:00+00:00,hyperliquid,AAVE/USDC:USDC,185429.3799999999,3.46e-07,112.135
2026-03-20T10:00:00+00:00,hyperliquid,AAVE/USDC:USDC,186496.7200000001,-2.16949e-05,111.895
2026-03-20T11:00:00+00:00,hyperliquid,AAVE/USDC:USDC,186919.56,6.4556e-06,111.935
2026-03-20T12:00:00+00:00,hyperliquid,AAVE/USDC:USDC,187178.16,1.25e-05,111.865
2026-03-20T13:00:00+00:00,hyperliquid,AAVE/USDC:USDC,187137.74,8.994e-06,111.225
2026-03-20T14:00:00+00:00,hyperliquid,AAVE/USDC:USDC,187366.26,8.0398e-06,110.65
2026-03-20T15:00:00+00:00,hyperliquid,AAVE/USDC:USDC,186900.14,-5.2712e-06,109.085
2026-03-20T16:00:00+00:00,hyperliquid,AAVE/USDC:USDC,187114.7,9.573e-07,109.965
2026-03-20T17:00:00+00:00,hyperliquid,AAVE/USDC:USDC,188837.0,1.25e-05,110.49
2026-03-20T18:00:00+00:00,hyperliquid,AAVE/USDC:USDC,188840.2,-1.6018e-06,110.49
2026-03-20T19:00:00+00:00,hyperliquid,AAVE/USDC:USDC,188119.5,1.25e-05,110.185
2026-03-20T20:00:00+00:00,hyperliquid,AAVE/USDC:USDC,188320.76,1.25e-05,110.425
2026-03-20T21:00:00+00:00,hyperliquid,AAVE/USDC:USDC,188155.08,1.25e-05,110.335
2026-03-20T22:00:00+00:00,hyperliquid,AAVE/USDC:USDC,187986.64,1.25e-05,111.505
2026-03-20T23:00:00+00:00,hyperliquid,AAVE/USDC:USDC,188188.42,1.25e-05,111.6
2026-03-21T00:00:00+00:00,hyperliquid,AAVE/USDC:USDC,188098.2,1.25e-05,111.505
2026-03-21T01:00:00+00:00,hyperliquid,AAVE/USDC:USDC,188146.78,1.25e-05,111.53
2026-03-21T02:00:00+00:00,hyperliquid,AAVE/USDC:USDC,188194.32,1.25e-05,111.09
2026-03-21T03:00:00+00:00,hyperliquid,AAVE/USDC:USDC,188259.04,1.25e-05,111.565
2026-03-21T04:00:00+00:00,hyperliquid,AAVE/USDC:USDC,188120.4,1.25e-05,111.72
2026-03-21T05:00:00+00:00,hyperliquid,AAVE/USDC:USDC,188953.78,1.25e-05,111.585
2026-03-21T06:00:00+00:00,hyperliquid,AAVE/USDC:USDC,188998.66,-8.4455e-06,111.355
2026-03-21T07:00:00+00:00,hyperliquid,AAVE/USDC:USDC,188849.84,1.25e-05,111.415
2026-03-21T08:00:00+00:00,hyperliquid,AAVE/USDC:USDC,188777.54,1.25e-05,111.355
2026-03-21T09:00:00+00:00,hyperliquid,AAVE/USDC:USDC,188957.72,3.4535e-06,111.67
2026-03-21T10:00:00+00:00,hyperliquid,AAVE/USDC:USDC,188732.34,1.25e-05,111.48
2026-03-21T11:00:00+00:00,hyperliquid,AAVE/USDC:USDC,188724.92,1.25e-05,111.375
2026-03-21T12:00:00+00:00,hyperliquid,AAVE/USDC:USDC,188780.1,1.25e-05,111.475
2026-03-21T13:00:00+00:00,hyperliquid,AAVE/USDC:USDC,189048.18,1.25e-05,111.525
2026-03-21T14:00:00+00:00,hyperliquid,AAVE/USDC:USDC,189137.44,1.25e-05,111.86
2026-03-21T15:00:00+00:00,hyperliquid,AAVE/USDC:USDC,189152.52,1.25e-05,111.71
2026-03-21T16:00:00+00:00,hyperliquid,AAVE/USDC:USDC,189095.48,1.25e-05,112.53
2026-03-21T17:00:00+00:00,hyperliquid,AAVE/USDC:USDC,189140.1,1.25e-05,111.85
2026-03-21T18:00:00+00:00,hyperliquid,AAVE/USDC:USDC,188806.18,1.25e-05,111.79
2026-03-21T19:00:00+00:00,hyperliquid,AAVE/USDC:USDC,188831.58,1.25e-05,111.695
2026-03-21T20:00:00+00:00,hyperliquid,AAVE/USDC:USDC,188850.4,9.6544e-06,111.795
2026-03-21T21:00:00+00:00,hyperliquid,AAVE/USDC:USDC,188823.3,4.4417e-06,112.04
2026-03-21T22:00:00+00:00,hyperliquid,AAVE/USDC:USDC,189924.14,1.25e-05,111.345
2026-03-21T23:00:00+00:00,hyperliquid,AAVE/USDC:USDC,190387.5200000001,1.25e-05,111.105
2026-03-22T00:00:00+00:00,hyperliquid,AAVE/USDC:USDC,188751.2,1.25e-05,107.195
2026-03-22T01:00:00+00:00,hyperliquid,AAVE/USDC:USDC,188905.76,7.7606e-06,108.78
2026-03-22T02:00:00+00:00,hyperliquid,AAVE/USDC:USDC,189341.4,1.25e-05,108.965
2026-03-22T03:00:00+00:00,hyperliquid,AAVE/USDC:USDC,189376.52,1.25e-05,108.87
2026-03-22T04:00:00+00:00,hyperliquid,AAVE/USDC:USDC,189666.88,1.6151e-06,109.34
2026-03-22T05:00:00+00:00,hyperliquid,AAVE/USDC:USDC,190283.68,-7.1235e-06,109.71
2026-03-22T06:00:00+00:00,hyperliquid,AAVE/USDC:USDC,188495.52,-7.9869e-06,108.995
2026-03-22T07:00:00+00:00,hyperliquid,AAVE/USDC:USDC,189778.84,-1.70016e-05,108.92
2026-03-22T08:00:00+00:00,hyperliquid,AAVE/USDC:USDC,189035.4,2.846e-06,107.805
2026-03-22T09:00:00+00:00,hyperliquid,AAVE/USDC:USDC,189131.92,2.746e-06,108.235
2026-03-22T10:00:00+00:00,hyperliquid,AAVE/USDC:USDC,189049.78,5.3781e-06,108.085
2026-03-22T11:00:00+00:00,hyperliquid,AAVE/USDC:USDC,188908.02,3.9353e-06,107.18
2026-03-22T12:00:00+00:00,hyperliquid,AAVE/USDC:USDC,189219.16,1.25e-05,106.675
2026-03-22T13:00:00+00:00,hyperliquid,AAVE/USDC:USDC,189159.74,1.25e-05,107.33
2026-03-22T14:00:00+00:00,hyperliquid,AAVE/USDC:USDC,189236.34,-1.8901e-06,106.97
2026-03-22T15:00:00+00:00,hyperliquid,AAVE/USDC:USDC,189202.36,-1.64534e-05,107.06
2026-03-22T16:00:00+00:00,hyperliquid,AAVE/USDC:USDC,189308.4,-1.29632e-05,107.195
2026-03-22T17:00:00+00:00,hyperliquid,AAVE/USDC:USDC,189303.7,-1.6852e-05,107.215
2026-03-22T18:00:00+00:00,hyperliquid,AAVE/USDC:USDC,189316.42,1.0246e-06,106.81
2026-03-22T19:00:00+00:00,hyperliquid,AAVE/USDC:USDC,189573.16,-2.60353e-05,106.55
2026-03-22T20:00:00+00:00,hyperliquid,AAVE/USDC:USDC,189559.02,-5.2532e-06,106.535
2026-03-22T21:00:00+00:00,hyperliquid,AAVE/USDC:USDC,189666.32,4.0583e-06,106.175
2026-03-22T22:00:00+00:00,hyperliquid,AAVE/USDC:USDC,191147.26,-1.45834e-05,105.33
2026-03-22T23:00:00+00:00,hyperliquid,AAVE/USDC:USDC,191083.64,7.4333e-06,106.855
2026-03-23T00:00:00+00:00,hyperliquid,AAVE/USDC:USDC,191305.06,1.25e-05,106.41
2026-03-23T01:00:00+00:00,hyperliquid,AAVE/USDC:USDC,191350.3,1.25e-05,106.225
2026-03-23T02:00:00+00:00,hyperliquid,AAVE/USDC:USDC,191122.58,1.25e-05,106.61
2026-03-23T03:00:00+00:00,hyperliquid,AAVE/USDC:USDC,190323.0399999999,1.25e-05,108.065
2026-03-23T04:00:00+00:00,hyperliquid,AAVE/USDC:USDC,190563.84,1.25e-05,107.135
2026-03-23T05:00:00+00:00,hyperliquid,AAVE/USDC:USDC,190618.44,1.25e-05,107.995
2026-03-23T06:00:00+00:00,hyperliquid,AAVE/USDC:USDC,190714.62,1.8197e-06,107.12
2026-03-23T07:00:00+00:00,hyperliquid,AAVE/USDC:USDC,192281.22,-5.0813e-06,105.79
2026-03-23T08:00:00+00:00,hyperliquid,AAVE/USDC:USDC,192362.18,7.2584e-06,105.88
2026-03-23T09:00:00+00:00,hyperliquid,AAVE/USDC:USDC,192505.6,8.5346e-06,105.26
2026-03-23T10:00:00+00:00,hyperliquid,AAVE/USDC:USDC,192473.34,1.25e-05,105.595
2026-03-23T11:00:00+00:00,hyperliquid,AAVE/USDC:USDC,192471.08,-1.899e-07,105.6
2026-03-23T12:00:00+00:00,hyperliquid,AAVE/USDC:USDC,191561.02,1.25e-05,108.66
2026-03-23T13:00:00+00:00,hyperliquid,AAVE/USDC:USDC,191290.6600000001,1.25e-05,110.17
2026-03-23T14:00:00+00:00,hyperliquid,AAVE/USDC:USDC,190748.96,-3.8769e-06,110.965
2026-03-23T15:00:00+00:00,hyperliquid,AAVE/USDC:USDC,190434.5,1.25e-05,111.75
2026-03-23T16:00:00+00:00,hyperliquid,AAVE/USDC:USDC,190330.02,1.25e-05,109.97
2026-03-23T17:00:00+00:00,hyperliquid,AAVE/USDC:USDC,190799.7,1.25e-05,110.4
2026-03-23T18:00:00+00:00,hyperliquid,AAVE/USDC:USDC,194557.2,1.25e-05,110.735
2026-03-23T19:00:00+00:00,hyperliquid,AAVE/USDC:USDC,190673.3399999999,1.25e-05,111.025
2026-03-23T20:00:00+00:00,hyperliquid,AAVE/USDC:USDC,189761.54,1.25e-05,109.775
2026-03-23T21:00:00+00:00,hyperliquid,AAVE/USDC:USDC,189802.32,1.25e-05,110.275
2026-03-23T22:00:00+00:00,hyperliquid,AAVE/USDC:USDC,189797.66,3.592e-06,109.83
2026-03-23T23:00:00+00:00,hyperliquid,AAVE/USDC:USDC,189735.68,8.4119e-06,109.91
2026-03-24T00:00:00+00:00,hyperliquid,AAVE/USDC:USDC,189777.96,1.25e-05,110.29
2026-03-24T01:00:00+00:00,hyperliquid,AAVE/USDC:USDC,189656.54,1.25e-05,109.65
2026-03-24T02:00:00+00:00,hyperliquid,AAVE/USDC:USDC,189769.64,1.25e-05,109.83
2026-03-24T03:00:00+00:00,hyperliquid,AAVE/USDC:USDC,189716.7,1.7393e-06,109.84
2026-03-24T04:00:00+00:00,hyperliquid,AAVE/USDC:USDC,189550.16,1.25e-05,110.19
2026-03-24T05:00:00+00:00,hyperliquid,AAVE/USDC:USDC,189494.48,1.25e-05,109.215
2026-03-24T06:00:00+00:00,hyperliquid,AAVE/USDC:USDC,188961.6199999999,1.25e-05,109.075
2026-03-24T07:00:00+00:00,hyperliquid,AAVE/USDC:USDC,188396.04,1.25e-05,109.595
2026-03-24T08:00:00+00:00,hyperliquid,AAVE/USDC:USDC,187717.78,1.25e-05,110.31
2026-03-24T09:00:00+00:00,hyperliquid,AAVE/USDC:USDC,187592.76,1.25e-05,110.59
2026-03-24T10:00:00+00:00,hyperliquid,AAVE/USDC:USDC,187432.72,1.25e-05,110.125
2026-03-24T11:00:00+00:00,hyperliquid,AAVE/USDC:USDC,187489.78,1.25e-05,110.595
2026-03-24T12:00:00+00:00,hyperliquid,AAVE/USDC:USDC,187465.3,1.25e-05,110.46
2026-03-24T13:00:00+00:00,hyperliquid,AAVE/USDC:USDC,187414.4,1.25e-05,110.38
2026-03-24T14:00:00+00:00,hyperliquid,AAVE/USDC:USDC,187385.02,1.25e-05,109.385
2026-03-24T15:00:00+00:00,hyperliquid,AAVE/USDC:USDC,187505.34,1.25e-05,109.01
2026-03-24T16:00:00+00:00,hyperliquid,AAVE/USDC:USDC,188041.12,1.25e-05,109.325
2026-03-24T17:00:00+00:00,hyperliquid,AAVE/USDC:USDC,187767.22,1.25e-05,108.83
2026-03-24T18:00:00+00:00,hyperliquid,AAVE/USDC:USDC,188667.48,1.25e-05,108.385
2026-03-24T19:00:00+00:00,hyperliquid,AAVE/USDC:USDC,189738.28,1.25e-05,109.13
2026-03-24T20:00:00+00:00,hyperliquid,AAVE/USDC:USDC,189701.88,1.25e-05,109.075
2026-03-24T21:00:00+00:00,hyperliquid,AAVE/USDC:USDC,189775.5,1.25e-05,111.18
2026-03-24T22:00:00+00:00,hyperliquid,AAVE/USDC:USDC,206807.1,1.25e-05,111.89
2026-03-24T23:00:00+00:00,hyperliquid,AAVE/USDC:USDC,207215.64,1.25e-05,111.755
2026-03-25T00:00:00+00:00,hyperliquid,AAVE/USDC:USDC,207426.9,1.25e-05,112.4
2026-03-25T01:00:00+00:00,hyperliquid,AAVE/USDC:USDC,207148.66,1.25e-05,112.465
2026-03-25T02:00:00+00:00,hyperliquid,AAVE/USDC:USDC,206967.68,1.25e-05,112.415
2026-03-25T03:00:00+00:00,hyperliquid,AAVE/USDC:USDC,207005.98,1.25e-05,112.005
2026-03-25T04:00:00+00:00,hyperliquid,AAVE/USDC:USDC,206756.94,1.25e-05,112.025
2026-03-25T05:00:00+00:00,hyperliquid,AAVE/USDC:USDC,206588.2,1.25e-05,112.345
2026-03-25T06:00:00+00:00,hyperliquid,AAVE/USDC:USDC,206645.12,1.25e-05,112.43
2026-03-25T07:00:00+00:00,hyperliquid,AAVE/USDC:USDC,206669.6,1.25e-05,112.61
2026-03-25T08:00:00+00:00,hyperliquid,AAVE/USDC:USDC,206501.74,1.25e-05,112.975
2026-03-25T09:00:00+00:00,hyperliquid,AAVE/USDC:USDC,206133.14,1.25e-05,113.35
2026-03-25T10:00:00+00:00,hyperliquid,AAVE/USDC:USDC,205896.86,1.25e-05,113.78
2026-03-25T11:00:00+00:00,hyperliquid,AAVE/USDC:USDC,205573.78,1.25e-05,114.685
2026-03-25T12:00:00+00:00,hyperliquid,AAVE/USDC:USDC,205234.7,1.25e-05,115.785
2026-03-25T13:00:00+00:00,hyperliquid,AAVE/USDC:USDC,203420.72,1.25e-05,115.31
2026-03-25T14:00:00+00:00,hyperliquid,AAVE/USDC:USDC,202182.34,1.25e-05,115.425
2026-03-25T15:00:00+00:00,hyperliquid,AAVE/USDC:USDC,202308.4,1.25e-05,115.24
2026-03-25T16:00:00+00:00,hyperliquid,AAVE/USDC:USDC,220582.76,1.25e-05,114.825
2026-03-25T17:00:00+00:00,hyperliquid,AAVE/USDC:USDC,220872.88,1.25e-05,115.57
2026-03-25T18:00:00+00:00,hyperliquid,AAVE/USDC:USDC,215304.12,1.25e-05,113.63
2026-03-25T19:00:00+00:00,hyperliquid,AAVE/USDC:USDC,215195.94,1.25e-05,112.625
2026-03-25T20:00:00+00:00,hyperliquid,AAVE/USDC:USDC,201005.1,1.4282e-06,112.335
2026-03-25T21:00:00+00:00,hyperliquid,AAVE/USDC:USDC,198690.6,4.0325e-06,111.955
2026-03-25T22:00:00+00:00,hyperliquid,AAVE/USDC:USDC,198507.12,1.25e-05,112.795
2026-03-25T23:00:00+00:00,hyperliquid,AAVE/USDC:USDC,198392.42,1.25e-05,112.715
2026-03-26T00:00:00+00:00,hyperliquid,AAVE/USDC:USDC,198372.22,1.25e-05,112.66
2026-03-26T01:00:00+00:00,hyperliquid,AAVE/USDC:USDC,198352.7,1.25e-05,112.225
2026-03-26T02:00:00+00:00,hyperliquid,AAVE/USDC:USDC,198347.54,1.25e-05,112.07
2026-03-26T03:00:00+00:00,hyperliquid,AAVE/USDC:USDC,198371.08,1.25e-05,111.255
2026-03-26T04:00:00+00:00,hyperliquid,AAVE/USDC:USDC,191229.56,-6.6022e-06,110.56
2026-03-26T05:00:00+00:00,hyperliquid,AAVE/USDC:USDC,190773.24,-7.98e-06,110.095
2026-03-26T06:00:00+00:00,hyperliquid,AAVE/USDC:USDC,190343.16,1.25e-05,108.215
2026-03-26T07:00:00+00:00,hyperliquid,AAVE/USDC:USDC,190143.12,-4.002e-07,108.295
2026-03-26T08:00:00+00:00,hyperliquid,AAVE/USDC:USDC,190658.8400000001,-3.244e-07,108.115
2026-03-26T09:00:00+00:00,hyperliquid,AAVE/USDC:USDC,190830.14,-9.5568e-06,107.815
2026-03-26T10:00:00+00:00,hyperliquid,AAVE/USDC:USDC,190708.38,-4.7945e-06,106.325
2026-03-26T11:00:00+00:00,hyperliquid,AAVE/USDC:USDC,190455.9200000001,3.069e-06,106.62
2026-03-26T12:00:00+00:00,hyperliquid,AAVE/USDC:USDC,189843.86,1.25e-05,106.43
2026-03-26T13:00:00+00:00,hyperliquid,AAVE/USDC:USDC,191110.26,1.25e-05,106.375
2026-03-26T14:00:00+00:00,hyperliquid,AAVE/USDC:USDC,191499.28,1.25e-05,107.075
2026-03-26T15:00:00+00:00,hyperliquid,AAVE/USDC:USDC,191160.7,1.25e-05,106.365
2026-03-26T16:00:00+00:00,hyperliquid,AAVE/USDC:USDC,191548.36,1.25e-05,105.165
2026-03-26T17:00:00+00:00,hyperliquid,AAVE/USDC:USDC,191915.26,1.25e-05,105.115
2026-03-26T18:00:00+00:00,hyperliquid,AAVE/USDC:USDC,191661.84,9.137e-07,105.155
2026-03-26T19:00:00+00:00,hyperliquid,AAVE/USDC:USDC,196716.16,1.25e-05,104.69
2026-03-26T20:00:00+00:00,hyperliquid,AAVE/USDC:USDC,197329.4999999999,1.25e-05,104.035
2026-03-26T21:00:00+00:00,hyperliquid,AAVE/USDC:USDC,196861.9,1.25e-05,105.01
2026-03-26T22:00:00+00:00,hyperliquid,AAVE/USDC:USDC,194074.06,1.25e-05,105.25
2026-03-26T23:00:00+00:00,hyperliquid,AAVE/USDC:USDC,194295.36,1.25e-05,105.4
2026-03-27T00:00:00+00:00,hyperliquid,AAVE/USDC:USDC,194140.26,9.3574e-06,105.135
2026-03-27T01:00:00+00:00,hyperliquid,AAVE/USDC:USDC,194308.26,4.018e-07,105.725
2026-03-27T02:00:00+00:00,hyperliquid,AAVE/USDC:USDC,193960.18,-1.03861e-05,106.57
2026-03-27T03:00:00+00:00,hyperliquid,AAVE/USDC:USDC,193855.18,1.25e-05,106.08
2026-03-27T04:00:00+00:00,hyperliquid,AAVE/USDC:USDC,193678.76,1.25e-05,105.525
2026-03-27T05:00:00+00:00,hyperliquid,AAVE/USDC:USDC,193501.88,-9.5718e-06,105.55
2026-03-27T06:00:00+00:00,hyperliquid,AAVE/USDC:USDC,193547.08,7.11e-06,105.77
2026-03-27T07:00:00+00:00,hyperliquid,AAVE/USDC:USDC,193509.12,1.24154e-05,105.62
2026-03-27T08:00:00+00:00,hyperliquid,AAVE/USDC:USDC,193419.36,1.25e-05,106.385
2026-03-27T09:00:00+00:00,hyperliquid,AAVE/USDC:USDC,193076.86,5.2462e-06,105.06
2026-03-27T10:00:00+00:00,hyperliquid,AAVE/USDC:USDC,193966.8000000001,4.245e-06,105.02
2026-03-27T11:00:00+00:00,hyperliquid,AAVE/USDC:USDC,200802.12,1.25e-05,101.74
2026-03-27T12:00:00+00:00,hyperliquid,AAVE/USDC:USDC,203009.7600000001,1.25e-05,101.16
2026-03-27T13:00:00+00:00,hyperliquid,AAVE/USDC:USDC,203741.54,1.25e-05,101.405
2026-03-27T14:00:00+00:00,hyperliquid,AAVE/USDC:USDC,204199.04,1.25e-05,100.41
2026-03-27T15:00:00+00:00,hyperliquid,AAVE/USDC:USDC,206239.74,1.25e-05,100.53
2026-03-27T16:00:00+00:00,hyperliquid,AAVE/USDC:USDC,210081.94,1.25e-05,100.57
2026-03-27T17:00:00+00:00,hyperliquid,AAVE/USDC:USDC,211229.78,1.25e-05,100.265
2026-03-27T18:00:00+00:00,hyperliquid,AAVE/USDC:USDC,209539.6,1.25e-05,99.591
2026-03-27T19:00:00+00:00,hyperliquid,AAVE/USDC:USDC,209278.62,1.25e-05,98.267
2026-03-27T20:00:00+00:00,hyperliquid,AAVE/USDC:USDC,210133.36,1.25e-05,98.923
2026-03-27T21:00:00+00:00,hyperliquid,AAVE/USDC:USDC,210820.5,1.25e-05,98.379
2026-03-27T22:00:00+00:00,hyperliquid,AAVE/USDC:USDC,211038.8,1.25e-05,98.2105
2026-03-27T23:00:00+00:00,hyperliquid,AAVE/USDC:USDC,213390.72,1.25e-05,98.1215
2026-03-28T00:00:00+00:00,hyperliquid,AAVE/USDC:USDC,215006.56,1.25e-05,98.564
2026-03-28T01:00:00+00:00,hyperliquid,AAVE/USDC:USDC,215075.18,1.25e-05,98.0385
2026-03-28T02:00:00+00:00,hyperliquid,AAVE/USDC:USDC,214919.62,1.25e-05,97.8845
2026-03-28T03:00:00+00:00,hyperliquid,AAVE/USDC:USDC,215074.24,1.20343e-05,97.057
2026-03-28T04:00:00+00:00,hyperliquid,AAVE/USDC:USDC,215145.96,1.25e-05,96.533
2026-03-28T05:00:00+00:00,hyperliquid,AAVE/USDC:USDC,214615.74,1.25e-05,96.7755
2026-03-28T06:00:00+00:00,hyperliquid,AAVE/USDC:USDC,214699.9,1.25e-05,96.829
2026-03-28T07:00:00+00:00,hyperliquid,AAVE/USDC:USDC,214824.66,1.25e-05,96.915
2026-03-28T08:00:00+00:00,hyperliquid,AAVE/USDC:USDC,215235.3,1.25e-05,98.0165
2026-03-28T09:00:00+00:00,hyperliquid,AAVE/USDC:USDC,215560.8399999999,1.16831e-05,97.573
2026-03-28T10:00:00+00:00,hyperliquid,AAVE/USDC:USDC,215836.5,1.25e-05,97.1175
2026-03-28T11:00:00+00:00,hyperliquid,AAVE/USDC:USDC,216319.4,-1.6115e-05,96.671
2026-03-28T12:00:00+00:00,hyperliquid,AAVE/USDC:USDC,217319.2,1.25e-05,96.972
2026-03-28T13:00:00+00:00,hyperliquid,AAVE/USDC:USDC,217240.98,-6.2495e-06,96.583
2026-03-28T14:00:00+00:00,hyperliquid,AAVE/USDC:USDC,217498.9399999999,-1.89769e-05,97.0345
2026-03-28T15:00:00+00:00,hyperliquid,AAVE/USDC:USDC,217991.34,1.25e-05,97.124
2026-03-28T16:00:00+00:00,hyperliquid,AAVE/USDC:USDC,218520.12,1.25e-05,97.9935
2026-03-28T17:00:00+00:00,hyperliquid,AAVE/USDC:USDC,218342.26,1.25e-05,98.4315
2026-03-28T18:00:00+00:00,hyperliquid,AAVE/USDC:USDC,218229.3,1.25e-05,98.065
2026-03-28T19:00:00+00:00,hyperliquid,AAVE/USDC:USDC,219139.2,1.25e-05,98.3235
2026-03-28T20:00:00+00:00,hyperliquid,AAVE/USDC:USDC,220252.34,1.25e-05,98.658
2026-03-28T21:00:00+00:00,hyperliquid,AAVE/USDC:USDC,220106.52,1.25e-05,98.31
2026-03-28T22:00:00+00:00,hyperliquid,AAVE/USDC:USDC,220025.26,1.25e-05,97.3885
2026-03-28T23:00:00+00:00,hyperliquid,AAVE/USDC:USDC,220049.96,1.25e-05,97.564
2026-03-29T00:00:00+00:00,hyperliquid,AAVE/USDC:USDC,220280.34,1.25e-05,96.983
2026-03-29T01:00:00+00:00,hyperliquid,AAVE/USDC:USDC,220343.26,1.25e-05,97.0255
2026-03-29T02:00:00+00:00,hyperliquid,AAVE/USDC:USDC,220363.04,1.25e-05,97.027
2026-03-29T03:00:00+00:00,hyperliquid,AAVE/USDC:USDC,220379.02,1.25e-05,97.3575
2026-03-29T04:00:00+00:00,hyperliquid,AAVE/USDC:USDC,220313.92,1.25e-05,97.6585
2026-03-29T05:00:00+00:00,hyperliquid,AAVE/USDC:USDC,220455.64,1.25e-05,97.2255
2026-03-29T06:00:00+00:00,hyperliquid,AAVE/USDC:USDC,220377.92,1.25e-05,97.1555
2026-03-29T07:00:00+00:00,hyperliquid,AAVE/USDC:USDC,220734.9,1.25e-05,96.3995
2026-03-29T08:00:00+00:00,hyperliquid,AAVE/USDC:USDC,220631.3,1.25e-05,96.5625
2026-03-29T09:00:00+00:00,hyperliquid,AAVE/USDC:USDC,220941.18,1.25e-05,96.585
2026-03-29T10:00:00+00:00,hyperliquid,AAVE/USDC:USDC,221380.8,1.25e-05,96.149
2026-03-29T11:00:00+00:00,hyperliquid,AAVE/USDC:USDC,219446.46,-1.11662e-05,95.7745
2026-03-29T12:00:00+00:00,hyperliquid,AAVE/USDC:USDC,219257.4,1.23367e-05,95.8
2026-03-29T13:00:00+00:00,hyperliquid,AAVE/USDC:USDC,219781.88,1.25e-05,95.6565
2026-03-29T14:00:00+00:00,hyperliquid,AAVE/USDC:USDC,220146.58,1.25e-05,95.358
2026-03-29T15:00:00+00:00,hyperliquid,AAVE/USDC:USDC,220338.1,1.25e-05,95.6975
2026-03-29T16:00:00+00:00,hyperliquid,AAVE/USDC:USDC,220550.82,1.25e-05,95.3925
2026-03-29T17:00:00+00:00,hyperliquid,AAVE/USDC:USDC,221189.46,1.25e-05,95.324
2026-03-29T18:00:00+00:00,hyperliquid,AAVE/USDC:USDC,221228.46,1.25e-05,94.8635
2026-03-29T19:00:00+00:00,hyperliquid,AAVE/USDC:USDC,221257.74,1.25e-05,95.1405
2026-03-29T20:00:00+00:00,hyperliquid,AAVE/USDC:USDC,221587.96,1.25e-05,95.3395
2026-03-29T21:00:00+00:00,hyperliquid,AAVE/USDC:USDC,219756.7,1.25e-05,95.9515
2026-03-29T22:00:00+00:00,hyperliquid,AAVE/USDC:USDC,219656.28,1.25e-05,95.425
2026-03-29T23:00:00+00:00,hyperliquid,AAVE/USDC:USDC,233233.82,1.25e-05,95.219
2026-03-30T00:00:00+00:00,hyperliquid,AAVE/USDC:USDC,233593.16,1.25e-05,95.4305
2026-03-30T01:00:00+00:00,hyperliquid,AAVE/USDC:USDC,232784.56,1.25e-05,96.656
2026-03-30T02:00:00+00:00,hyperliquid,AAVE/USDC:USDC,233510.02,1.25e-05,97.351
2026-03-30T03:00:00+00:00,hyperliquid,AAVE/USDC:USDC,242397.64,1.25e-05,97.9615
2026-03-30T04:00:00+00:00,hyperliquid,AAVE/USDC:USDC,246064.58,1.25e-05,98.35
2026-03-30T05:00:00+00:00,hyperliquid,AAVE/USDC:USDC,246286.4,1.25e-05,98.4885
2026-03-30T06:00:00+00:00,hyperliquid,AAVE/USDC:USDC,250019.3799999999,1.25e-05,98.031
2026-03-30T07:00:00+00:00,hyperliquid,AAVE/USDC:USDC,250932.94,1.25e-05,97.9125
2026-03-30T08:00:00+00:00,hyperliquid,AAVE/USDC:USDC,254781.58,1.25e-05,98.723
2026-03-30T09:00:00+00:00,hyperliquid,AAVE/USDC:USDC,256987.84,1.25e-05,98.601
2026-03-30T10:00:00+00:00,hyperliquid,AAVE/USDC:USDC,257529.96,1.25e-05,97.838
2026-03-30T11:00:00+00:00,hyperliquid,AAVE/USDC:USDC,256512.82,1.25e-05,98.1045
2026-03-30T12:00:00+00:00,hyperliquid,AAVE/USDC:USDC,255058.66,1.25e-05,98.61
2026-03-30T13:00:00+00:00,hyperliquid,AAVE/USDC:USDC,254811.1,1.25e-05,98.958
2026-03-30T14:00:00+00:00,hyperliquid,AAVE/USDC:USDC,276091.2,1.25e-05,99.559
2026-03-30T15:00:00+00:00,hyperliquid,AAVE/USDC:USDC,277509.5599999999,1.25e-05,99.0615
2026-03-30T16:00:00+00:00,hyperliquid,AAVE/USDC:USDC,277307.7999999999,1.25e-05,98.5235
2026-03-30T17:00:00+00:00,hyperliquid,AAVE/USDC:USDC,276948.9999999999,1.25e-05,98.511
2026-03-30T18:00:00+00:00,hyperliquid,AAVE/USDC:USDC,274396.26,1.25e-05,97.7445
2026-03-30T19:00:00+00:00,hyperliquid,AAVE/USDC:USDC,273648.08,1.25e-05,96.905
2026-03-30T20:00:00+00:00,hyperliquid,AAVE/USDC:USDC,272024.94,1.25e-05,96.715
2026-03-30T21:00:00+00:00,hyperliquid,AAVE/USDC:USDC,272249.48,1.25e-05,96.8365
2026-03-30T22:00:00+00:00,hyperliquid,AAVE/USDC:USDC,274049.1,1.25e-05,97.3395
2026-03-30T23:00:00+00:00,hyperliquid,AAVE/USDC:USDC,273972.7,1.25e-05,96.2925
2026-03-31T00:00:00+00:00,hyperliquid,AAVE/USDC:USDC,274029.58,1.25e-05,96.7845
2026-03-31T01:00:00+00:00,hyperliquid,AAVE/USDC:USDC,274459.58,1.25e-05,97.5035
2026-03-31T02:00:00+00:00,hyperliquid,AAVE/USDC:USDC,274725.9,1.25e-05,98.272
2026-03-31T03:00:00+00:00,hyperliquid,AAVE/USDC:USDC,275041.0600000001,1.25e-05,98.603
2026-03-31T04:00:00+00:00,hyperliquid,AAVE/USDC:USDC,275186.84,1.25e-05,97.993
2026-03-31T05:00:00+00:00,hyperliquid,AAVE/USDC:USDC,275200.4600000001,8.5186e-06,97.438
2026-03-31T06:00:00+00:00,hyperliquid,AAVE/USDC:USDC,275177.9,1.07213e-05,97.876
2026-03-31T07:00:00+00:00,hyperliquid,AAVE/USDC:USDC,276093.52,1.25e-05,97.76
2026-03-31T08:00:00+00:00,hyperliquid,AAVE/USDC:USDC,276846.4600000001,1.25e-05,97.5275
2026-03-31T09:00:00+00:00,hyperliquid,AAVE/USDC:USDC,276646.78,1.25e-05,96.6235
2026-03-31T10:00:00+00:00,hyperliquid,AAVE/USDC:USDC,275584.0,1.25e-05,95.744
2026-03-31T11:00:00+00:00,hyperliquid,AAVE/USDC:USDC,275948.1800000001,1.25e-05,95.711
2026-03-31T12:00:00+00:00,hyperliquid,AAVE/USDC:USDC,276759.92,1.25e-05,96.8945
2026-03-31T13:00:00+00:00,hyperliquid,AAVE/USDC:USDC,276730.08,1.0938e-05,96.667
2026-03-31T14:00:00+00:00,hyperliquid,AAVE/USDC:USDC,277070.1400000001,1.25e-05,97.887
2026-03-31T15:00:00+00:00,hyperliquid,AAVE/USDC:USDC,278991.28,3.645e-07,97.193
2026-03-31T16:00:00+00:00,hyperliquid,AAVE/USDC:USDC,278664.1200000001,1.25e-05,96.739
2026-03-31T17:00:00+00:00,hyperliquid,AAVE/USDC:USDC,277258.22,7.9129e-06,97.664
2026-03-31T18:00:00+00:00,hyperliquid,AAVE/USDC:USDC,279492.7600000001,-1.13845e-05,97.6235
2026-03-31T19:00:00+00:00,hyperliquid,AAVE/USDC:USDC,279041.08,1.25e-05,98.011
2026-03-31T20:00:00+00:00,hyperliquid,AAVE/USDC:USDC,278875.3600000001,-8.4345e-06,98.076
2026-03-31T21:00:00+00:00,hyperliquid,AAVE/USDC:USDC,278984.36,3.28e-06,98.8525
2026-03-31T22:00:00+00:00,hyperliquid,AAVE/USDC:USDC,278296.4,-9.134e-07,98.0465
2026-03-31T23:00:00+00:00,hyperliquid,AAVE/USDC:USDC,278527.24,1.25e-05,97.555
2026-04-01T00:00:00+00:00,hyperliquid,AAVE/USDC:USDC,278441.7799999999,1.25e-05,97.988
2026-04-01T01:00:00+00:00,hyperliquid,AAVE/USDC:USDC,278754.2,1.25e-05,98.195
2026-04-01T02:00:00+00:00,hyperliquid,AAVE/USDC:USDC,278459.46,1.25e-05,97.4475
2026-04-01T03:00:00+00:00,hyperliquid,AAVE/USDC:USDC,285734.2,1.25e-05,97.476
2026-04-01T04:00:00+00:00,hyperliquid,AAVE/USDC:USDC,285490.0,1.25e-05,98.0985
2026-04-01T05:00:00+00:00,hyperliquid,AAVE/USDC:USDC,285332.46,1.25e-05,98.081
2026-04-01T06:00:00+00:00,hyperliquid,AAVE/USDC:USDC,278044.68,4.0285e-06,99.118
2026-04-01T07:00:00+00:00,hyperliquid,AAVE/USDC:USDC,277324.5200000001,9.2753e-06,100.455
2026-04-01T08:00:00+00:00,hyperliquid,AAVE/USDC:USDC,277027.94,1.25e-05,100.245
2026-04-01T09:00:00+00:00,hyperliquid,AAVE/USDC:USDC,276700.14,5.7941e-06,99.7075
2026-04-01T10:00:00+00:00,hyperliquid,AAVE/USDC:USDC,276352.68,4.6687e-06,99.1845
2026-04-01T11:00:00+00:00,hyperliquid,AAVE/USDC:USDC,274545.2,1.053e-07,99.355
2026-04-01T12:00:00+00:00,hyperliquid,AAVE/USDC:USDC,273876.76,-1.39991e-05,98.843
2026-04-01T13:00:00+00:00,hyperliquid,AAVE/USDC:USDC,271228.2600000001,2.2558e-06,98.938
2026-04-01T14:00:00+00:00,hyperliquid,AAVE/USDC:USDC,270559.9799999999,1.25e-05,98.998
2026-04-01T15:00:00+00:00,hyperliquid,AAVE/USDC:USDC,271247.5200000001,2.268e-07,99.9635
2026-04-01T16:00:00+00:00,hyperliquid,AAVE/USDC:USDC,269986.8599999999,1.25e-05,99.873
2026-04-01T17:00:00+00:00,hyperliquid,AAVE/USDC:USDC,270129.5000000001,1.25e-05,100.68
2026-04-01T18:00:00+00:00,hyperliquid,AAVE/USDC:USDC,270070.32,1.25e-05,99.2115
2026-04-01T19:00:00+00:00,hyperliquid,AAVE/USDC:USDC,270323.32,1.25e-05,98.8865
2026-04-01T20:00:00+00:00,hyperliquid,AAVE/USDC:USDC,273127.92,-1.38714e-05,99.4295
2026-04-01T21:00:00+00:00,hyperliquid,AAVE/USDC:USDC,272808.6800000001,-1.57553e-05,98.7075
2026-04-01T22:00:00+00:00,hyperliquid,AAVE/USDC:USDC,272550.3799999999,-4.5408e-06,98.887
2026-04-01T23:00:00+00:00,hyperliquid,AAVE/USDC:USDC,272115.1199999999,-2.42859e-05,98.1085
2026-04-02T00:00:00+00:00,hyperliquid,AAVE/USDC:USDC,272635.5800000001,4.4605e-06,97.992
2026-04-02T01:00:00+00:00,hyperliquid,AAVE/USDC:USDC,272429.54,1.25e-05,98.2435
2026-04-02T02:00:00+00:00,hyperliquid,AAVE/USDC:USDC,272988.2599999999,-2.7403e-06,95.825
2026-04-02T03:00:00+00:00,hyperliquid,AAVE/USDC:USDC,273084.78,-2.63982e-05,94.7645
2026-04-02T04:00:00+00:00,hyperliquid,AAVE/USDC:USDC,273125.2,-1.60805e-05,94.1625
2026-04-02T05:00:00+00:00,hyperliquid,AAVE/USDC:USDC,273214.16,-1.15493e-05,93.963
2026-04-02T06:00:00+00:00,hyperliquid,AAVE/USDC:USDC,273312.3,3.8052e-06,94.443
2026-04-02T07:00:00+00:00,hyperliquid,AAVE/USDC:USDC,274362.88,1.25e-05,94.308
2026-04-02T08:00:00+00:00,hyperliquid,AAVE/USDC:USDC,274915.12,1.25e-05,94.2895
2026-04-02T09:00:00+00:00,hyperliquid,AAVE/USDC:USDC,274524.7600000001,1.25e-05,93.6465
2026-04-02T10:00:00+00:00,hyperliquid,AAVE/USDC:USDC,275788.5799999999,1.15577e-05,93.866
2026-04-02T11:00:00+00:00,hyperliquid,AAVE/USDC:USDC,275944.78,1.25e-05,93.6885
2026-04-02T12:00:00+00:00,hyperliquid,AAVE/USDC:USDC,276217.1199999999,4.0665e-06,93.3235
2026-04-02T13:00:00+00:00,hyperliquid,AAVE/USDC:USDC,285338.34,1.25e-05,92.887
2026-04-02T14:00:00+00:00,hyperliquid,AAVE/USDC:USDC,288163.8,1.25e-05,93.325
2026-04-02T15:00:00+00:00,hyperliquid,AAVE/USDC:USDC,287828.2800000001,1.25e-05,94.799
2026-04-02T16:00:00+00:00,hyperliquid,AAVE/USDC:USDC,285363.26,4.155e-06,94.424
2026-04-02T17:00:00+00:00,hyperliquid,AAVE/USDC:USDC,286490.9599999999,-6.0818e-06,94.417
2026-04-02T18:00:00+00:00,hyperliquid,AAVE/USDC:USDC,284511.0999999999,9.3428e-06,94.5245
2026-04-02T19:00:00+00:00,hyperliquid,AAVE/USDC:USDC,285184.9,1.25e-05,94.8305
2026-04-02T20:00:00+00:00,hyperliquid,AAVE/USDC:USDC,284928.64,1.25e-05,94.5625
2026-04-02T21:00:00+00:00,hyperliquid,AAVE/USDC:USDC,285140.64,1.25e-05,94.8335
2026-04-02T22:00:00+00:00,hyperliquid,AAVE/USDC:USDC,285638.82,1.25e-05,94.0525
2026-04-02T23:00:00+00:00,hyperliquid,AAVE/USDC:USDC,285476.0,1.25e-05,94.1835
2026-04-03T00:00:00+00:00,hyperliquid,AAVE/USDC:USDC,285632.8000000001,1.25e-05,94.47
2026-04-03T01:00:00+00:00,hyperliquid,AAVE/USDC:USDC,285527.44,1.25e-05,94.3815
2026-04-03T02:00:00+00:00,hyperliquid,AAVE/USDC:USDC,285814.34,1.25e-05,94.453
2026-04-03T03:00:00+00:00,hyperliquid,AAVE/USDC:USDC,285849.4400000001,1.25e-05,94.6375
2026-04-03T04:00:00+00:00,hyperliquid,AAVE/USDC:USDC,285961.12,1.25e-05,94.9005
2026-04-03T05:00:00+00:00,hyperliquid,AAVE/USDC:USDC,285967.8,1.25e-05,95.2575
2026-04-03T06:00:00+00:00,hyperliquid,AAVE/USDC:USDC,285665.9600000001,5.6958e-06,95.3995
2026-04-03T07:00:00+00:00,hyperliquid,AAVE/USDC:USDC,285199.58,4.4553e-06,95.2225
2026-04-03T08:00:00+00:00,hyperliquid,AAVE/USDC:USDC,285160.6200000001,1.25e-05,95.3215
2026-04-03T09:00:00+00:00,hyperliquid,AAVE/USDC:USDC,286039.4600000001,1.25e-05,95.635
2026-04-03T10:00:00+00:00,hyperliquid,AAVE/USDC:USDC,286437.0399999999,1.25e-05,95.513
2026-04-03T11:00:00+00:00,hyperliquid,AAVE/USDC:USDC,286818.16,1.25e-05,95.3895
2026-04-03T12:00:00+00:00,hyperliquid,AAVE/USDC:USDC,287190.8799999999,1.25e-05,95.253
2026-04-03T13:00:00+00:00,hyperliquid,AAVE/USDC:USDC,287316.1800000001,2.1173e-06,94.752
2026-04-03T14:00:00+00:00,hyperliquid,AAVE/USDC:USDC,287194.38,2.2024e-06,94.761
2026-04-03T15:00:00+00:00,hyperliquid,AAVE/USDC:USDC,286683.6000000001,3.9222e-06,95.2905
2026-04-03T16:00:00+00:00,hyperliquid,AAVE/USDC:USDC,286989.62,1.25e-05,94.871
2026-04-03T17:00:00+00:00,hyperliquid,AAVE/USDC:USDC,286240.3799999999,-1.6585e-06,95.128
2026-04-03T18:00:00+00:00,hyperliquid,AAVE/USDC:USDC,287150.3000000001,1.25e-05,94.3965
2026-04-03T19:00:00+00:00,hyperliquid,AAVE/USDC:USDC,288736.8800000001,1.25e-05,94.1175
2026-04-03T20:00:00+00:00,hyperliquid,AAVE/USDC:USDC,288838.3,1.25e-05,94.366
2026-04-03T21:00:00+00:00,hyperliquid,AAVE/USDC:USDC,288901.74,1.25e-05,94.4955
2026-04-03T22:00:00+00:00,hyperliquid,AAVE/USDC:USDC,288552.56,1.25e-05,94.8165
2026-04-03T23:00:00+00:00,hyperliquid,AAVE/USDC:USDC,288405.92,-8.6124e-06,94.4085
2026-04-04T00:00:00+00:00,hyperliquid,AAVE/USDC:USDC,288720.5600000001,1.19298e-05,94.646
2026-04-04T01:00:00+00:00,hyperliquid,AAVE/USDC:USDC,288782.22,1.25e-05,94.607
2026-04-04T02:00:00+00:00,hyperliquid,AAVE/USDC:USDC,288345.8,1.09522e-05,94.8595
2026-04-04T03:00:00+00:00,hyperliquid,AAVE/USDC:USDC,288244.76,1.25e-05,94.6375
2026-04-04T04:00:00+00:00,hyperliquid,AAVE/USDC:USDC,286905.96,1.25e-05,94.9645
2026-04-04T05:00:00+00:00,hyperliquid,AAVE/USDC:USDC,286973.36,1.25e-05,94.585
2026-04-04T06:00:00+00:00,hyperliquid,AAVE/USDC:USDC,286997.56,1.25e-05,94.4945
2026-04-04T07:00:00+00:00,hyperliquid,AAVE/USDC:USDC,286732.14,1.25e-05,95.022
2026-04-04T08:00:00+00:00,hyperliquid,AAVE/USDC:USDC,287020.48,1.25e-05,95.033
2026-04-04T09:00:00+00:00,hyperliquid,AAVE/USDC:USDC,286719.06,1.25e-05,94.5845
2026-04-04T10:00:00+00:00,hyperliquid,AAVE/USDC:USDC,287853.5,1.25e-05,94.6715
2026-04-04T11:00:00+00:00,hyperliquid,AAVE/USDC:USDC,288374.6399999999,1.25e-05,95.07
2026-04-04T12:00:00+00:00,hyperliquid,AAVE/USDC:USDC,288012.9,9.6019e-06,94.7635
2026-04-04T13:00:00+00:00,hyperliquid,AAVE/USDC:USDC,287811.26,1.25e-05,94.719
2026-04-04T14:00:00+00:00,hyperliquid,AAVE/USDC:USDC,289134.76,1.25e-05,94.7595
2026-04-04T15:00:00+00:00,hyperliquid,AAVE/USDC:USDC,285831.8199999999,1.25e-05,94.966
2026-04-04T16:00:00+00:00,hyperliquid,AAVE/USDC:USDC,285814.0200000001,1.25e-05,94.9555
2026-04-04T17:00:00+00:00,hyperliquid,AAVE/USDC:USDC,285583.2400000001,1.25e-05,94.2335
2026-04-04T18:00:00+00:00,hyperliquid,AAVE/USDC:USDC,286060.22,1.25e-05,94.79
2026-04-04T19:00:00+00:00,hyperliquid,AAVE/USDC:USDC,286309.6400000001,1.25e-05,94.757
2026-04-04T20:00:00+00:00,hyperliquid,AAVE/USDC:USDC,286279.64,1.25e-05,94.602
2026-04-04T21:00:00+00:00,hyperliquid,AAVE/USDC:USDC,286778.52,1.25e-05,94.5425
2026-04-04T22:00:00+00:00,hyperliquid,AAVE/USDC:USDC,286915.0600000001,1.25e-05,94.7565
2026-04-04T23:00:00+00:00,hyperliquid,AAVE/USDC:USDC,285147.94,1.04801e-05,94.523
2026-04-05T00:00:00+00:00,hyperliquid,AAVE/USDC:USDC,285618.04,1.25e-05,94.544
2026-04-05T01:00:00+00:00,hyperliquid,AAVE/USDC:USDC,285600.46,1.25e-05,94.689
2026-04-05T02:00:00+00:00,hyperliquid,AAVE/USDC:USDC,285660.5000000001,1.25e-05,94.1925
2026-04-05T03:00:00+00:00,hyperliquid,AAVE/USDC:USDC,284069.46,1.23627e-05,94.214
2026-04-05T04:00:00+00:00,hyperliquid,AAVE/USDC:USDC,283806.36,1.25e-05,94.052
2026-04-05T05:00:00+00:00,hyperliquid,AAVE/USDC:USDC,284588.0800000001,1.25e-05,94.214
2026-04-05T06:00:00+00:00,hyperliquid,AAVE/USDC:USDC,281349.7799999998,-3.9286e-06,93.3105
2026-04-05T07:00:00+00:00,hyperliquid,AAVE/USDC:USDC,280670.08,1.25e-05,92.9815
2026-04-05T08:00:00+00:00,hyperliquid,AAVE/USDC:USDC,280739.3799999999,1.25e-05,92.6675
2026-04-05T09:00:00+00:00,hyperliquid,AAVE/USDC:USDC,282038.08,1.25e-05,92.7715
2026-04-05T10:00:00+00:00,hyperliquid,AAVE/USDC:USDC,282057.28,1.25e-05,92.8995
2026-04-05T11:00:00+00:00,hyperliquid,AAVE/USDC:USDC,281741.08,7.0542e-06,92.4905
2026-04-05T12:00:00+00:00,hyperliquid,AAVE/USDC:USDC,277280.98,-6.6431e-06,91.968
2026-04-05T13:00:00+00:00,hyperliquid,AAVE/USDC:USDC,276082.76,-2.644e-07,91.227
2026-04-05T14:00:00+00:00,hyperliquid,AAVE/USDC:USDC,276131.6200000001,1.25e-05,91.182
2026-04-05T15:00:00+00:00,hyperliquid,AAVE/USDC:USDC,277394.5,1.25e-05,91.0075
2026-04-05T16:00:00+00:00,hyperliquid,AAVE/USDC:USDC,278642.52,1.25e-05,91.6145
2026-04-05T17:00:00+00:00,hyperliquid,AAVE/USDC:USDC,278614.5800000001,1.25e-05,91.0615
2026-04-05T18:00:00+00:00,hyperliquid,AAVE/USDC:USDC,279275.04,1.25e-05,91.562
2026-04-05T19:00:00+00:00,hyperliquid,AAVE/USDC:USDC,279229.22,1.25e-05,91.6805
2026-04-05T20:00:00+00:00,hyperliquid,AAVE/USDC:USDC,280002.74,1.25e-05,91.7765
2026-04-05T21:00:00+00:00,hyperliquid,AAVE/USDC:USDC,280350.5800000001,1.25e-05,92.1995
2026-04-05T22:00:00+00:00,hyperliquid,AAVE/USDC:USDC,280450.0000000001,1.25e-05,92.23
2026-04-05T23:00:00+00:00,hyperliquid,AAVE/USDC:USDC,280080.0200000001,1.25e-05,92.8115
2026-04-06T00:00:00+00:00,hyperliquid,AAVE/USDC:USDC,279553.4200000001,2.4363e-06,94.4855
2026-04-06T01:00:00+00:00,hyperliquid,AAVE/USDC:USDC,278976.68,1.25e-05,94.356
2026-04-06T02:00:00+00:00,hyperliquid,AAVE/USDC:USDC,279030.5600000001,1.25e-05,94.3895
2026-04-06T03:00:00+00:00,hyperliquid,AAVE/USDC:USDC,277893.9800000001,1.25e-05,96.025
2026-04-06T04:00:00+00:00,hyperliquid,AAVE/USDC:USDC,277777.0000000001,1.25e-05,96.039
2026-04-06T05:00:00+00:00,hyperliquid,AAVE/USDC:USDC,277903.6000000001,1.25e-05,95.5435
2026-04-06T06:00:00+00:00,hyperliquid,AAVE/USDC:USDC,277908.66,1.6724e-06,95.472
2026-04-06T07:00:00+00:00,hyperliquid,AAVE/USDC:USDC,277692.02,1.25e-05,95.377
2026-04-06T08:00:00+00:00,hyperliquid,AAVE/USDC:USDC,277250.7199999999,1.25e-05,95.701
2026-04-06T09:00:00+00:00,hyperliquid,AAVE/USDC:USDC,277488.26,1.25e-05,96.271
2026-04-06T10:00:00+00:00,hyperliquid,AAVE/USDC:USDC,277205.76,1.25e-05,97.297
2026-04-06T11:00:00+00:00,hyperliquid,AAVE/USDC:USDC,276830.6200000001,1.25e-05,97.2995
2026-04-06T12:00:00+00:00,hyperliquid,AAVE/USDC:USDC,276708.8399999999,1.25e-05,96.9845
2026-04-06T13:00:00+00:00,hyperliquid,AAVE/USDC:USDC,276604.16,1.25e-05,96.602
2026-04-06T14:00:00+00:00,hyperliquid,AAVE/USDC:USDC,277595.54,1.25e-05,96.9735
2026-04-06T15:00:00+00:00,hyperliquid,AAVE/USDC:USDC,277153.8799999999,1.25e-05,97.6935
2026-04-06T16:00:00+00:00,hyperliquid,AAVE/USDC:USDC,275871.34,1.0505e-06,97.388
2026-04-06T17:00:00+00:00,hyperliquid,AAVE/USDC:USDC,276614.4399999999,1.25e-05,95.0055
2026-04-06T18:00:00+00:00,hyperliquid,AAVE/USDC:USDC,277186.46,1.25e-05,95.4025
2026-04-06T19:00:00+00:00,hyperliquid,AAVE/USDC:USDC,277915.2799999999,1.25e-05,95.4135
2026-04-06T20:00:00+00:00,hyperliquid,AAVE/USDC:USDC,278994.7800000001,1.25e-05,95.0455
2026-04-06T21:00:00+00:00,hyperliquid,AAVE/USDC:USDC,277690.12,-3.9152e-06,94.7685
2026-04-06T22:00:00+00:00,hyperliquid,AAVE/USDC:USDC,279064.4199999999,1.25e-05,94.455
2026-04-06T23:00:00+00:00,hyperliquid,AAVE/USDC:USDC,279267.5200000001,-1.51e-08,93.031
2026-04-07T00:00:00+00:00,hyperliquid,AAVE/USDC:USDC,280029.5000000001,1.25e-05,93.1855
2026-04-07T01:00:00+00:00,hyperliquid,AAVE/USDC:USDC,279612.1,1.25e-05,92.8705
2026-04-07T02:00:00+00:00,hyperliquid,AAVE/USDC:USDC,280132.74,1.25e-05,92.575
2026-04-07T03:00:00+00:00,hyperliquid,AAVE/USDC:USDC,280260.72,1.25e-05,92.8365
2026-04-07T04:00:00+00:00,hyperliquid,AAVE/USDC:USDC,279721.84,5.2663e-06,92.6395
2026-04-07T05:00:00+00:00,hyperliquid,AAVE/USDC:USDC,279457.8199999999,1.25e-05,92.8095
2026-04-07T06:00:00+00:00,hyperliquid,AAVE/USDC:USDC,280132.82,1.25e-05,92.0715
2026-04-07T07:00:00+00:00,hyperliquid,AAVE/USDC:USDC,280421.06,1.25e-05,91.667
2026-04-07T08:00:00+00:00,hyperliquid,AAVE/USDC:USDC,280959.2600000001,1.25e-05,92.0315
2026-04-07T09:00:00+00:00,hyperliquid,AAVE/USDC:USDC,284924.5800000001,-1.29879e-05,91.8735
2026-04-07T10:00:00+00:00,hyperliquid,AAVE/USDC:USDC,284941.7200000001,1.25e-05,91.8105
2026-04-07T11:00:00+00:00,hyperliquid,AAVE/USDC:USDC,283594.5800000002,-2.36761e-05,88.1635
2026-04-07T12:00:00+00:00,hyperliquid,AAVE/USDC:USDC,291874.5600000002,1.10419e-05,86.1355
2026-04-07T13:00:00+00:00,hyperliquid,AAVE/USDC:USDC,298960.1799999999,1.25e-05,87.37
2026-04-07T14:00:00+00:00,hyperliquid,AAVE/USDC:USDC,307385.3000000001,5.77e-06,87.679
2026-04-07T15:00:00+00:00,hyperliquid,AAVE/USDC:USDC,308195.52,3.4508e-06,86.941
2026-04-07T16:00:00+00:00,hyperliquid,AAVE/USDC:USDC,310340.5599999999,1.25e-05,86.7695
2026-04-07T17:00:00+00:00,hyperliquid,AAVE/USDC:USDC,315251.0600000001,1.25e-05,87.0015
2026-04-07T18:00:00+00:00,hyperliquid,AAVE/USDC:USDC,314330.52,1.25e-05,87.8015
2026-04-07T19:00:00+00:00,hyperliquid,AAVE/USDC:USDC,314536.1,6.6625e-06,87.672
2026-04-07T20:00:00+00:00,hyperliquid,AAVE/USDC:USDC,314033.82,1.25e-05,89.907
2026-04-07T21:00:00+00:00,hyperliquid,AAVE/USDC:USDC,314054.12,1.25e-05,89.662
2026-04-07T22:00:00+00:00,hyperliquid,AAVE/USDC:USDC,312485.4399999999,1.25e-05,91.481
2026-04-07T23:00:00+00:00,hyperliquid,AAVE/USDC:USDC,307502.8399999998,1.25e-05,95.4915
2026-04-08T00:00:00+00:00,hyperliquid,AAVE/USDC:USDC,305135.08,1.25e-05,96.157
2026-04-08T01:00:00+00:00,hyperliquid,AAVE/USDC:USDC,306182.38,1.25e-05,94.388
2026-04-08T02:00:00+00:00,hyperliquid,AAVE/USDC:USDC,307289.04,1.25e-05,94.8245
2026-04-08T03:00:00+00:00,hyperliquid,AAVE/USDC:USDC,307135.8199999999,1.25e-05,94.8575
2026-04-08T04:00:00+00:00,hyperliquid,AAVE/USDC:USDC,306409.7000000001,1.25e-05,94.8395
2026-04-08T05:00:00+00:00,hyperliquid,AAVE/USDC:USDC,308192.4,1.25e-05,94.8095
2026-04-08T06:00:00+00:00,hyperliquid,AAVE/USDC:USDC,313305.9399999999,-2.3824e-06,95.1595
2026-04-08T07:00:00+00:00,hyperliquid,AAVE/USDC:USDC,313199.78,2.0484e-06,95.269
2026-04-08T08:00:00+00:00,hyperliquid,AAVE/USDC:USDC,312676.3399999999,1.25e-05,96.1685
2026-04-08T09:00:00+00:00,hyperliquid,AAVE/USDC:USDC,312206.2799999999,1.25e-05,95.7035
2026-04-08T10:00:00+00:00,hyperliquid,AAVE/USDC:USDC,312745.78,2.916e-07,95.5225
2026-04-08T11:00:00+00:00,hyperliquid,AAVE/USDC:USDC,313069.84,1.25e-05,95.4575
2026-04-08T12:00:00+00:00,hyperliquid,AAVE/USDC:USDC,312536.9400000001,1.25e-05,95.595
2026-04-08T13:00:00+00:00,hyperliquid,AAVE/USDC:USDC,313016.5399999999,1.25e-05,95.724
2026-04-08T14:00:00+00:00,hyperliquid,AAVE/USDC:USDC,313369.28,1.25e-05,95.636
2026-04-08T15:00:00+00:00,hyperliquid,AAVE/USDC:USDC,312060.4800000001,1.08281e-05,93.8175
2026-04-08T16:00:00+00:00,hyperliquid,AAVE/USDC:USDC,312591.2199999999,1.25e-05,94.2365
2026-04-08T17:00:00+00:00,hyperliquid,AAVE/USDC:USDC,312672.56,-1.10086e-05,94.432
2026-04-08T18:00:00+00:00,hyperliquid,AAVE/USDC:USDC,313180.08,9.4532e-06,94.6595
2026-04-08T19:00:00+00:00,hyperliquid,AAVE/USDC:USDC,312561.84,-2.03533e-05,93.1795
2026-04-08T20:00:00+00:00,hyperliquid,AAVE/USDC:USDC,312851.02,-9.8055e-06,93.712
2026-04-08T21:00:00+00:00,hyperliquid,AAVE/USDC:USDC,315566.32,-2.95615e-05,93.3325
2026-04-08T22:00:00+00:00,hyperliquid,AAVE/USDC:USDC,313232.0000000001,1.25e-05,92.8835
2026-04-08T23:00:00+00:00,hyperliquid,AAVE/USDC:USDC,312010.78,-9.5171e-06,91.7505
2026-04-09T00:00:00+00:00,hyperliquid,AAVE/USDC:USDC,311359.34,4.1219e-06,91.9165
2026-04-09T01:00:00+00:00,hyperliquid,AAVE/USDC:USDC,310353.9999999999,-1.64259e-05,90.8825
2026-04-09T02:00:00+00:00,hyperliquid,AAVE/USDC:USDC,309418.76,-1.14864e-05,90.8785
2026-04-09T03:00:00+00:00,hyperliquid,AAVE/USDC:USDC,309111.7600000001,-6.429e-06,90.612
2026-04-09T04:00:00+00:00,hyperliquid,AAVE/USDC:USDC,308369.24,-3.09169e-05,89.6595
2026-04-09T05:00:00+00:00,hyperliquid,AAVE/USDC:USDC,307156.1,-1.21455e-05,89.7265
2026-04-09T06:00:00+00:00,hyperliquid,AAVE/USDC:USDC,304241.5799999998,1.25e-05,90.3795
2026-04-09T07:00:00+00:00,hyperliquid,AAVE/USDC:USDC,303848.4400000001,1.25e-05,90.8995
2026-04-09T08:00:00+00:00,hyperliquid,AAVE/USDC:USDC,301887.02,1.25e-05,90.699
2026-04-09T09:00:00+00:00,hyperliquid,AAVE/USDC:USDC,301751.4400000001,1.25e-05,90.1855
2026-04-09T10:00:00+00:00,hyperliquid,AAVE/USDC:USDC,303783.2600000001,9.9515e-06,90.2975
2026-04-09T11:00:00+00:00,hyperliquid,AAVE/USDC:USDC,303160.42,-1.8875e-06,90.0115
2026-04-09T12:00:00+00:00,hyperliquid,AAVE/USDC:USDC,304562.2799999999,-2.3831e-05,89.782
2026-04-09T13:00:00+00:00,hyperliquid,AAVE/USDC:USDC,303265.8,1.25e-05,89.977
2026-04-09T14:00:00+00:00,hyperliquid,AAVE/USDC:USDC,303986.4199999999,1.25e-05,89.808
2026-04-09T15:00:00+00:00,hyperliquid,AAVE/USDC:USDC,304719.08,1.25e-05,90.228
2026-04-09T16:00:00+00:00,hyperliquid,AAVE/USDC:USDC,307366.1199999999,1.25e-05,92.0595
2026-04-09T17:00:00+00:00,hyperliquid,AAVE/USDC:USDC,308805.36,1.25e-05,91.362
2026-04-09T18:00:00+00:00,hyperliquid,AAVE/USDC:USDC,310514.26,8.224e-07,91.23
2026-04-09T19:00:00+00:00,hyperliquid,AAVE/USDC:USDC,309982.86,1.25e-05,91.6685
2026-04-09T20:00:00+00:00,hyperliquid,AAVE/USDC:USDC,312621.3799999999,1.25e-05,91.211
2026-04-09T21:00:00+00:00,hyperliquid,AAVE/USDC:USDC,316941.6200000001,1.25e-05,91.716
2026-04-09T22:00:00+00:00,hyperliquid,AAVE/USDC:USDC,318702.14,1.25e-05,91.549
2026-04-09T23:00:00+00:00,hyperliquid,AAVE/USDC:USDC,318693.34,1.25e-05,91.325
2026-04-10T00:00:00+00:00,hyperliquid,AAVE/USDC:USDC,323608.52,1.25e-05,90.443
2026-04-10T01:00:00+00:00,hyperliquid,AAVE/USDC:USDC,323644.3399999998,1.25e-05,90.215
2026-04-10T02:00:00+00:00,hyperliquid,AAVE/USDC:USDC,323965.2800000001,1.25e-05,90.3805
2026-04-10T03:00:00+00:00,hyperliquid,AAVE/USDC:USDC,324264.2,1.25e-05,90.3025
2026-04-10T04:00:00+00:00,hyperliquid,AAVE/USDC:USDC,324742.36,9.5684e-06,89.9475
2026-04-10T05:00:00+00:00,hyperliquid,AAVE/USDC:USDC,324419.64,1.25e-05,90.4375
2026-04-10T06:00:00+00:00,hyperliquid,AAVE/USDC:USDC,324242.0599999999,1.25e-05,90.568
2026-04-10T07:00:00+00:00,hyperliquid,AAVE/USDC:USDC,324459.62,1.25e-05,89.8695
2026-04-10T08:00:00+00:00,hyperliquid,AAVE/USDC:USDC,323726.74,1.25e-05,89.6575
2026-04-10T09:00:00+00:00,hyperliquid,AAVE/USDC:USDC,323107.2799999999,1.25e-05,89.4995
2026-04-10T10:00:00+00:00,hyperliquid,AAVE/USDC:USDC,323550.4999999999,1.25e-05,89.956
2026-04-10T11:00:00+00:00,hyperliquid,AAVE/USDC:USDC,323812.52,1.25e-05,90.266
2026-04-10T12:00:00+00:00,hyperliquid,AAVE/USDC:USDC,323302.72,1.25e-05,90.153
2026-04-10T13:00:00+00:00,hyperliquid,AAVE/USDC:USDC,322677.42,1.25e-05,90.4195
2026-04-10T14:00:00+00:00,hyperliquid,AAVE/USDC:USDC,322689.82,1.25e-05,90.4555
2026-04-10T15:00:00+00:00,hyperliquid,AAVE/USDC:USDC,321356.24,1.25e-05,92.2385
2026-04-10T16:00:00+00:00,hyperliquid,AAVE/USDC:USDC,309724.48,1.19538e-05,91.9375
2026-04-10T17:00:00+00:00,hyperliquid,AAVE/USDC:USDC,308962.28,1.25e-05,92.8
2026-04-10T18:00:00+00:00,hyperliquid,AAVE/USDC:USDC,308479.96,1.25e-05,92.6865
2026-04-10T19:00:00+00:00,hyperliquid,AAVE/USDC:USDC,308297.76,1.25e-05,93.366
2026-04-10T20:00:00+00:00,hyperliquid,AAVE/USDC:USDC,310749.16,1.25e-05,94.755
2026-04-10T21:00:00+00:00,hyperliquid,AAVE/USDC:USDC,308307.6200000001,1.25e-05,94.819
2026-04-10T22:00:00+00:00,hyperliquid,AAVE/USDC:USDC,307028.92,7.7899e-06,94.1945
2026-04-10T23:00:00+00:00,hyperliquid,AAVE/USDC:USDC,306477.98,-6.7089e-06,93.5815
2026-04-11T00:00:00+00:00,hyperliquid,AAVE/USDC:USDC,307390.6600000001,1.25e-05,93.559
2026-04-11T01:00:00+00:00,hyperliquid,AAVE/USDC:USDC,309351.06,1.25e-05,93.0035
2026-04-11T02:00:00+00:00,hyperliquid,AAVE/USDC:USDC,318782.3,1.25e-05,93.3645
2026-04-11T03:00:00+00:00,hyperliquid,AAVE/USDC:USDC,319235.44,1.25e-05,93.2705
2026-04-11T04:00:00+00:00,hyperliquid,AAVE/USDC:USDC,321166.3,1.25e-05,92.5575
2026-04-11T05:00:00+00:00,hyperliquid,AAVE/USDC:USDC,323386.34,1.25e-05,92.3815
2026-04-11T06:00:00+00:00,hyperliquid,AAVE/USDC:USDC,321737.6,1.25e-05,91.7515
2026-04-11T07:00:00+00:00,hyperliquid,AAVE/USDC:USDC,321171.7,1.25e-05,91.605
2026-04-11T08:00:00+00:00,hyperliquid,AAVE/USDC:USDC,320182.56,1.25e-05,91.7285
2026-04-11T09:00:00+00:00,hyperliquid,AAVE/USDC:USDC,320111.98,1.25e-05,91.9705
2026-04-11T10:00:00+00:00,hyperliquid,AAVE/USDC:USDC,320787.2199999999,1.25e-05,92.163
2026-04-11T11:00:00+00:00,hyperliquid,AAVE/USDC:USDC,322900.28,1.25e-05,91.689
2026-04-11T12:00:00+00:00,hyperliquid,AAVE/USDC:USDC,324034.64,1.25e-05,91.8
2026-04-11T13:00:00+00:00,hyperliquid,AAVE/USDC:USDC,325466.7599999999,1.25e-05,91.6995
2026-04-11T14:00:00+00:00,hyperliquid,AAVE/USDC:USDC,328798.5000000001,1.25e-05,91.3675
2026-04-11T15:00:00+00:00,hyperliquid,AAVE/USDC:USDC,330892.4800000002,1.25e-05,91.6495
2026-04-11T16:00:00+00:00,hyperliquid,AAVE/USDC:USDC,333340.72,1.25e-05,92.4245
2026-04-11T17:00:00+00:00,hyperliquid,AAVE/USDC:USDC,338689.24,1.25e-05,93.5985
2026-04-11T18:00:00+00:00,hyperliquid,AAVE/USDC:USDC,339790.6,1.25e-05,93.3485
2026-04-11T19:00:00+00:00,hyperliquid,AAVE/USDC:USDC,348568.44,1.40453e-05,94.741
2026-04-11T20:00:00+00:00,hyperliquid,AAVE/USDC:USDC,354599.8000000002,1.25e-05,96.047
2026-04-11T21:00:00+00:00,hyperliquid,AAVE/USDC:USDC,354329.52,1.25e-05,95.1755
2026-04-11T22:00:00+00:00,hyperliquid,AAVE/USDC:USDC,355379.08,2.59277e-05,95.3205
2026-04-11T23:00:00+00:00,hyperliquid,AAVE/USDC:USDC,356473.4,1.25e-05,95.156
2026-04-12T00:00:00+00:00,hyperliquid,AAVE/USDC:USDC,356083.92,1.25e-05,94.589
2026-04-12T01:00:00+00:00,hyperliquid,AAVE/USDC:USDC,356066.08,1.25e-05,94.6615
2026-04-12T02:00:00+00:00,hyperliquid,AAVE/USDC:USDC,357798.6,1.25e-05,90.3365
2026-04-12T03:00:00+00:00,hyperliquid,AAVE/USDC:USDC,346668.16,1.25e-05,90.4605
2026-04-12T04:00:00+00:00,hyperliquid,AAVE/USDC:USDC,346456.74,1.25e-05,89.9445
2026-04-12T05:00:00+00:00,hyperliquid,AAVE/USDC:USDC,346270.1,1.25e-05,89.8585
2026-04-12T06:00:00+00:00,hyperliquid,AAVE/USDC:USDC,346846.3999999999,1.25e-05,90.1165
2026-04-12T07:00:00+00:00,hyperliquid,AAVE/USDC:USDC,347498.9999999999,6.8539e-06,89.6105
2026-04-12T08:00:00+00:00,hyperliquid,AAVE/USDC:USDC,347734.2999999999,1.25e-05,89.964
2026-04-12T09:00:00+00:00,hyperliquid,AAVE/USDC:USDC,348214.6999999999,1.25e-05,89.8565
2026-04-12T10:00:00+00:00,hyperliquid,AAVE/USDC:USDC,349197.6000000001,1.25e-05,89.9515
2026-04-12T11:00:00+00:00,hyperliquid,AAVE/USDC:USDC,349981.8,1.25e-05,89.487
2026-04-12T12:00:00+00:00,hyperliquid,AAVE/USDC:USDC,350060.54,1.25e-05,89.974
2026-04-12T13:00:00+00:00,hyperliquid,AAVE/USDC:USDC,349759.9,1.25e-05,89.681
2026-04-12T14:00:00+00:00,hyperliquid,AAVE/USDC:USDC,350597.66,1.25e-05,89.731
2026-04-12T15:00:00+00:00,hyperliquid,AAVE/USDC:USDC,350453.3600000001,1.25e-05,89.2995
2026-04-12T16:00:00+00:00,hyperliquid,AAVE/USDC:USDC,350694.3800000001,1.25e-05,89.3725
2026-04-12T17:00:00+00:00,hyperliquid,AAVE/USDC:USDC,350860.02,1.25e-05,89.4425
2026-04-12T18:00:00+00:00,hyperliquid,AAVE/USDC:USDC,352502.46,1.25e-05,90.241
2026-04-12T19:00:00+00:00,hyperliquid,AAVE/USDC:USDC,366669.9,1.25e-05,90.9995
2026-04-12T20:00:00+00:00,hyperliquid,AAVE/USDC:USDC,370441.4799999999,1.25e-05,90.484
2026-04-12T21:00:00+00:00,hyperliquid,AAVE/USDC:USDC,370200.6199999999,1.25e-05,91.588
2026-04-12T22:00:00+00:00,hyperliquid,AAVE/USDC:USDC,370552.26,1.25e-05,90.0715
2026-04-12T23:00:00+00:00,hyperliquid,AAVE/USDC:USDC,370709.4,1.25e-05,89.75
2026-04-13T00:00:00+00:00,hyperliquid,AAVE/USDC:USDC,371064.08,1.25e-05,89.974
2026-04-13T01:00:00+00:00,hyperliquid,AAVE/USDC:USDC,370560.16,1.25e-05,91.2025
2026-04-13T02:00:00+00:00,hyperliquid,AAVE/USDC:USDC,368568.2199999999,1.25e-05,92.5535
2026-04-13T03:00:00+00:00,hyperliquid,AAVE/USDC:USDC,367462.7599999999,1.25e-05,92.6235
2026-04-13T04:00:00+00:00,hyperliquid,AAVE/USDC:USDC,365154.7200000001,1.25e-05,94.8585
2026-04-13T05:00:00+00:00,hyperliquid,AAVE/USDC:USDC,368594.4799999999,1.25e-05,96.5545
2026-04-13T06:00:00+00:00,hyperliquid,AAVE/USDC:USDC,365977.0399999999,1.25e-05,96.5615
2026-04-13T07:00:00+00:00,hyperliquid,AAVE/USDC:USDC,366239.0,1.25e-05,97.101
2026-04-13T08:00:00+00:00,hyperliquid,AAVE/USDC:USDC,367046.44,1.25e-05,95.26
2026-04-13T09:00:00+00:00,hyperliquid,AAVE/USDC:USDC,367539.62,1.25e-05,95.1725
2026-04-13T10:00:00+00:00,hyperliquid,AAVE/USDC:USDC,366744.7200000001,1.25e-05,94.1515
2026-04-13T11:00:00+00:00,hyperliquid,AAVE/USDC:USDC,365810.14,1.25e-05,93.6165
2026-04-13T12:00:00+00:00,hyperliquid,AAVE/USDC:USDC,366736.08,1.25e-05,94.1345
2026-04-13T13:00:00+00:00,hyperliquid,AAVE/USDC:USDC,367893.7399999999,1.25e-05,94.8555
2026-04-13T14:00:00+00:00,hyperliquid,AAVE/USDC:USDC,371129.9400000001,1.25e-05,94.6905
2026-04-13T15:00:00+00:00,hyperliquid,AAVE/USDC:USDC,367178.54,1.25e-05,94.719
2026-04-13T16:00:00+00:00,hyperliquid,AAVE/USDC:USDC,367102.0,1.25e-05,94.151
2026-04-13T17:00:00+00:00,hyperliquid,AAVE/USDC:USDC,368627.6,1.25e-05,94.8805
2026-04-13T18:00:00+00:00,hyperliquid,AAVE/USDC:USDC,370030.28,1.25e-05,94.7025
2026-04-13T19:00:00+00:00,hyperliquid,AAVE/USDC:USDC,376035.3200000001,1.25e-05,95.5785
2026-04-13T20:00:00+00:00,hyperliquid,AAVE/USDC:USDC,377501.9399999999,1.25e-05,96.5495
2026-04-13T21:00:00+00:00,hyperliquid,AAVE/USDC:USDC,379661.5800000001,1.25e-05,96.3295
2026-04-13T22:00:00+00:00,hyperliquid,AAVE/USDC:USDC,379749.6,1.25e-05,97.369
2026-04-13T23:00:00+00:00,hyperliquid,AAVE/USDC:USDC,395679.5399999999,1.25e-05,100.48
2026-04-14T00:00:00+00:00,hyperliquid,AAVE/USDC:USDC,414368.1799999999,3.36349e-05,103.875
2026-04-14T01:00:00+00:00,hyperliquid,AAVE/USDC:USDC,398216.24,1.25e-05,100.48
2026-04-14T02:00:00+00:00,hyperliquid,AAVE/USDC:USDC,396847.0199999997,1.25e-05,101.075
2026-04-14T03:00:00+00:00,hyperliquid,AAVE/USDC:USDC,396351.6199999999,1.25e-05,100.76
2026-04-14T04:00:00+00:00,hyperliquid,AAVE/USDC:USDC,397903.1,1.25e-05,101.335
2026-04-14T05:00:00+00:00,hyperliquid,AAVE/USDC:USDC,398565.1,1.25e-05,100.325
2026-04-14T06:00:00+00:00,hyperliquid,AAVE/USDC:USDC,398825.0800000001,1.25e-05,99.597
2026-04-14T07:00:00+00:00,hyperliquid,AAVE/USDC:USDC,398712.18,1.25e-05,100.19
2026-04-14T08:00:00+00:00,hyperliquid,AAVE/USDC:USDC,403722.1000000001,1.25e-05,100.13
2026-04-14T09:00:00+00:00,hyperliquid,AAVE/USDC:USDC,405031.5000000001,1.25e-05,101.385
2026-04-14T10:00:00+00:00,hyperliquid,AAVE/USDC:USDC,402403.1800000001,1.25e-05,100.965
2026-04-14T11:00:00+00:00,hyperliquid,AAVE/USDC:USDC,402616.72,1.25e-05,100.695
2026-04-14T12:00:00+00:00,hyperliquid,AAVE/USDC:USDC,404224.82,1.25e-05,100.165
2026-04-14T13:00:00+00:00,hyperliquid,AAVE/USDC:USDC,410674.84,1.25e-05,100.485
2026-04-14T14:00:00+00:00,hyperliquid,AAVE/USDC:USDC,411526.02,1.25e-05,100.565
2026-04-14T15:00:00+00:00,hyperliquid,AAVE/USDC:USDC,408432.7399999999,1.25e-05,100.615
2026-04-14T16:00:00+00:00,hyperliquid,AAVE/USDC:USDC,407974.5,1.25e-05,99.8975
2026-04-14T17:00:00+00:00,hyperliquid,AAVE/USDC:USDC,410314.2800000001,1.25e-05,99.143
2026-04-14T18:00:00+00:00,hyperliquid,AAVE/USDC:USDC,409946.7000000001,1.25e-05,99.388
2026-04-14T19:00:00+00:00,hyperliquid,AAVE/USDC:USDC,395205.46,1.25e-05,97.9635
2026-04-14T20:00:00+00:00,hyperliquid,AAVE/USDC:USDC,395353.44,1.25e-05,98.44
2026-04-14T21:00:00+00:00,hyperliquid,AAVE/USDC:USDC,385937.9400000001,6.7292e-06,97.9575
2026-04-14T22:00:00+00:00,hyperliquid,AAVE/USDC:USDC,383784.6800000001,1.25e-05,98.8245
2026-04-14T23:00:00+00:00,hyperliquid,AAVE/USDC:USDC,387424.62,1.25e-05,99.4525
2026-04-15T00:00:00+00:00,hyperliquid,AAVE/USDC:USDC,392961.16,1.25e-05,100.66
2026-04-15T01:00:00+00:00,hyperliquid,AAVE/USDC:USDC,393207.46,1.25e-05,100.565
2026-04-15T02:00:00+00:00,hyperliquid,AAVE/USDC:USDC,393906.3400000001,1.25e-05,100.56
2026-04-15T03:00:00+00:00,hyperliquid,AAVE/USDC:USDC,393188.6,1.25e-05,100.32
2026-04-15T04:00:00+00:00,hyperliquid,AAVE/USDC:USDC,392888.3800000001,1.25e-05,100.69
2026-04-15T05:00:00+00:00,hyperliquid,AAVE/USDC:USDC,393784.3200000001,1.25e-05,101.005
2026-04-15T06:00:00+00:00,hyperliquid,AAVE/USDC:USDC,393947.6799999999,1.25e-05,100.23
2026-04-15T07:00:00+00:00,hyperliquid,AAVE/USDC:USDC,394468.14,1.25e-05,100.37
2026-04-15T08:00:00+00:00,hyperliquid,AAVE/USDC:USDC,393813.46,1.25e-05,99.4545
2026-04-15T09:00:00+00:00,hyperliquid,AAVE/USDC:USDC,413129.0,1.25e-05,100.815
2026-04-15T10:00:00+00:00,hyperliquid,AAVE/USDC:USDC,399280.3799999998,1.25e-05,99.864
2026-04-15T11:00:00+00:00,hyperliquid,AAVE/USDC:USDC,397155.0800000001,1.25e-05,100.18
2026-04-15T12:00:00+00:00,hyperliquid,AAVE/USDC:USDC,419710.12,1.25e-05,101.815
2026-04-15T13:00:00+00:00,hyperliquid,AAVE/USDC:USDC,433488.52,1.25e-05,102.58
2026-04-15T14:00:00+00:00,hyperliquid,AAVE/USDC:USDC,430637.22,1.25e-05,103.275
2026-04-15T15:00:00+00:00,hyperliquid,AAVE/USDC:USDC,408302.5600000001,1.25e-05,106.345
2026-04-15T16:00:00+00:00,hyperliquid,AAVE/USDC:USDC,404561.8,1.25e-05,108.495
2026-04-15T17:00:00+00:00,hyperliquid,AAVE/USDC:USDC,396323.16,1.25e-05,106.435
2026-04-15T18:00:00+00:00,hyperliquid,AAVE/USDC:USDC,397561.7600000002,1.25e-05,107.255
2026-04-15T19:00:00+00:00,hyperliquid,AAVE/USDC:USDC,411514.7800000001,1.25e-05,107.9
2026-04-15T20:00:00+00:00,hyperliquid,AAVE/USDC:USDC,402388.1,1.25e-05,107.405
2026-04-15T21:00:00+00:00,hyperliquid,AAVE/USDC:USDC,401466.46,1.25e-05,105.86
2026-04-15T22:00:00+00:00,hyperliquid,AAVE/USDC:USDC,401319.62,1.25e-05,105.98
2026-04-15T23:00:00+00:00,hyperliquid,AAVE/USDC:USDC,402127.4799999999,1.25e-05,105.115
2026-04-16T00:00:00+00:00,hyperliquid,AAVE/USDC:USDC,403682.8,1.25e-05,105.9
2026-04-16T01:00:00+00:00,hyperliquid,AAVE/USDC:USDC,406253.0999999999,1.25e-05,105.855
2026-04-16T02:00:00+00:00,hyperliquid,AAVE/USDC:USDC,403844.96,1.25e-05,106.065
2026-04-16T03:00:00+00:00,hyperliquid,AAVE/USDC:USDC,400177.3400000001,1.25e-05,106.43
2026-04-16T04:00:00+00:00,hyperliquid,AAVE/USDC:USDC,399706.46,1.25e-05,106.375
2026-04-16T05:00:00+00:00,hyperliquid,AAVE/USDC:USDC,401281.5399999999,1.25e-05,106.525
2026-04-16T06:00:00+00:00,hyperliquid,AAVE/USDC:USDC,401246.7199999997,1.25e-05,106.245
2026-04-16T07:00:00+00:00,hyperliquid,AAVE/USDC:USDC,402795.4399999997,1.25e-05,106.335
2026-04-16T08:00:00+00:00,hyperliquid,AAVE/USDC:USDC,401702.34,1.25e-05,106.33
2026-04-16T09:00:00+00:00,hyperliquid,AAVE/USDC:USDC,401597.5799999998,1.25e-05,106.71
2026-04-16T10:00:00+00:00,hyperliquid,AAVE/USDC:USDC,401506.5599999999,1.25e-05,105.425
2026-04-16T11:00:00+00:00,hyperliquid,AAVE/USDC:USDC,400303.3399999999,1.25e-05,105.755
2026-04-16T12:00:00+00:00,hyperliquid,AAVE/USDC:USDC,400017.2999999999,1.25e-05,106.635
2026-04-16T13:00:00+00:00,hyperliquid,AAVE/USDC:USDC,398366.74,1.25e-05,107.085
2026-04-16T14:00:00+00:00,hyperliquid,AAVE/USDC:USDC,391409.8400000001,1.25e-05,104.015
2026-04-16T15:00:00+00:00,hyperliquid,AAVE/USDC:USDC,392355.2400000001,1.25e-05,105.79
2026-04-16T16:00:00+00:00,hyperliquid,AAVE/USDC:USDC,402422.5800000001,1.25e-05,110.23
2026-04-16T17:00:00+00:00,hyperliquid,AAVE/USDC:USDC,400021.9400000001,1.25e-05,109.14
2026-04-16T18:00:00+00:00,hyperliquid,AAVE/USDC:USDC,403530.6400000002,1.25e-05,112.595
2026-04-16T19:00:00+00:00,hyperliquid,AAVE/USDC:USDC,412635.84,1.25e-05,114.715
2026-04-16T20:00:00+00:00,hyperliquid,AAVE/USDC:USDC,403081.56,1.25e-05,116.665
2026-04-16T21:00:00+00:00,hyperliquid,AAVE/USDC:USDC,392663.92,1.25e-05,116.125
2026-04-16T22:00:00+00:00,hyperliquid,AAVE/USDC:USDC,392180.56,1.25e-05,116.665
2026-04-16T23:00:00+00:00,hyperliquid,AAVE/USDC:USDC,389479.68,1.25e-05,115.0
2026-04-17T00:00:00+00:00,hyperliquid,AAVE/USDC:USDC,391950.24,1.25e-05,115.53
2026-04-17T01:00:00+00:00,hyperliquid,AAVE/USDC:USDC,391552.64,1.25e-05,115.515
2026-04-17T02:00:00+00:00,hyperliquid,AAVE/USDC:USDC,395639.38,1.25e-05,113.69
2026-04-17T03:00:00+00:00,hyperliquid,AAVE/USDC:USDC,397168.64,1.25e-05,113.165
2026-04-17T04:00:00+00:00,hyperliquid,AAVE/USDC:USDC,397050.0,1.25e-05,113.665
2026-04-17T05:00:00+00:00,hyperliquid,AAVE/USDC:USDC,396919.38,1.25e-05,112.525
2026-04-17T06:00:00+00:00,hyperliquid,AAVE/USDC:USDC,396742.7600000001,1.25e-05,112.0
2026-04-17T07:00:00+00:00,hyperliquid,AAVE/USDC:USDC,398039.5200000001,1.25e-05,113.905
2026-04-17T08:00:00+00:00,hyperliquid,AAVE/USDC:USDC,398535.1400000001,1.25e-05,113.09
2026-04-17T09:00:00+00:00,hyperliquid,AAVE/USDC:USDC,404857.3799999999,1.25e-05,114.29
2026-04-17T10:00:00+00:00,hyperliquid,AAVE/USDC:USDC,404858.7599999999,1.25e-05,115.905
2026-04-17T11:00:00+00:00,hyperliquid,AAVE/USDC:USDC,403874.6600000001,1.25e-05,115.405
2026-04-17T12:00:00+00:00,hyperliquid,AAVE/USDC:USDC,402967.2399999999,1.25e-05,117.135
2026-04-17T13:00:00+00:00,hyperliquid,AAVE/USDC:USDC,402350.3000000001,1.25e-05,116.34
2026-04-17T14:00:00+00:00,hyperliquid,AAVE/USDC:USDC,403049.2800000001,1.25e-05,117.315
2026-04-17T15:00:00+00:00,hyperliquid,AAVE/USDC:USDC,401445.1000000002,1.25e-05,116.105
2026-04-17T16:00:00+00:00,hyperliquid,AAVE/USDC:USDC,400835.2199999999,1.25e-05,116.915
2026-04-17T17:00:00+00:00,hyperliquid,AAVE/USDC:USDC,398615.06,1.25e-05,118.13
2026-04-17T18:00:00+00:00,hyperliquid,AAVE/USDC:USDC,406941.2400000001,1.25e-05,118.045
2026-04-17T19:00:00+00:00,hyperliquid,AAVE/USDC:USDC,406702.76,1.25e-05,117.565
2026-04-17T20:00:00+00:00,hyperliquid,AAVE/USDC:USDC,407935.4,1.25e-05,117.1
2026-04-17T21:00:00+00:00,hyperliquid,AAVE/USDC:USDC,405379.5800000001,1.25e-05,116.725
2026-04-17T22:00:00+00:00,hyperliquid,AAVE/USDC:USDC,401481.7399999999,1.25e-05,116.29
2026-04-17T23:00:00+00:00,hyperliquid,AAVE/USDC:USDC,399419.7000000001,1.25e-05,115.915
2026-04-18T00:00:00+00:00,hyperliquid,AAVE/USDC:USDC,394098.9199999999,1.25e-05,115.185
2026-04-18T01:00:00+00:00,hyperliquid,AAVE/USDC:USDC,393810.66,1.25e-05,114.885
2026-04-18T02:00:00+00:00,hyperliquid,AAVE/USDC:USDC,394093.08,1.25e-05,115.16
2026-04-18T03:00:00+00:00,hyperliquid,AAVE/USDC:USDC,393791.0200000001,1.25e-05,115.275
2026-04-18T04:00:00+00:00,hyperliquid,AAVE/USDC:USDC,396176.8200000001,1.25e-05,114.095
2026-04-18T05:00:00+00:00,hyperliquid,AAVE/USDC:USDC,396442.84,1.25e-05,114.965
2026-04-18T06:00:00+00:00,hyperliquid,AAVE/USDC:USDC,396241.48,1.25e-05,114.855
2026-04-18T07:00:00+00:00,hyperliquid,AAVE/USDC:USDC,397880.08,1.25e-05,115.125
2026-04-18T08:00:00+00:00,hyperliquid,AAVE/USDC:USDC,398770.66,1.25e-05,114.9
2026-04-18T09:00:00+00:00,hyperliquid,AAVE/USDC:USDC,383710.7999999999,1.25e-05,113.245
2026-04-18T10:00:00+00:00,hyperliquid,AAVE/USDC:USDC,379266.6399999999,1.25e-05,113.005
2026-04-18T11:00:00+00:00,hyperliquid,AAVE/USDC:USDC,376844.8600000001,1.25e-05,111.255
2026-04-18T12:00:00+00:00,hyperliquid,AAVE/USDC:USDC,376089.32,1.25e-05,111.73
2026-04-18T13:00:00+00:00,hyperliquid,AAVE/USDC:USDC,377482.9,1.25e-05,111.67
2026-04-18T14:00:00+00:00,hyperliquid,AAVE/USDC:USDC,376251.2399999999,1.25e-05,111.635
2026-04-18T15:00:00+00:00,hyperliquid,AAVE/USDC:USDC,396370.3800000001,1.25e-05,112.855
2026-04-18T16:00:00+00:00,hyperliquid,AAVE/USDC:USDC,408632.4400000001,1.25e-05,112.59
2026-04-18T17:00:00+00:00,hyperliquid,AAVE/USDC:USDC,416696.66,1.25e-05,112.125
2026-04-18T18:00:00+00:00,hyperliquid,AAVE/USDC:USDC,415224.72,1.25e-05,111.635
2026-04-18T19:00:00+00:00,hyperliquid,AAVE/USDC:USDC,385336.32,1.25e-05,105.64
2026-04-18T20:00:00+00:00,hyperliquid,AAVE/USDC:USDC,410186.2199999999,-2.669e-05,102.85
2026-04-18T21:00:00+00:00,hyperliquid,AAVE/USDC:USDC,433246.4400000001,2.4365e-06,104.815
2026-04-18T22:00:00+00:00,hyperliquid,AAVE/USDC:USDC,409255.2600000001,1.25e-05,106.665
2026-04-18T23:00:00+00:00,hyperliquid,AAVE/USDC:USDC,396097.1599999997,-3.21677e-05,103.46
2026-04-19T00:00:00+00:00,hyperliquid,AAVE/USDC:USDC,385641.4,6.4846e-06,101.055
2026-04-19T01:00:00+00:00,hyperliquid,AAVE/USDC:USDC,414630.6400000001,1.25e-05,99.296
2026-04-19T02:00:00+00:00,hyperliquid,AAVE/USDC:USDC,423330.8599999999,2.9005e-06,98.1805
2026-04-19T03:00:00+00:00,hyperliquid,AAVE/USDC:USDC,450726.3200000003,1.25e-05,94.844
2026-04-19T04:00:00+00:00,hyperliquid,AAVE/USDC:USDC,445102.7800000001,1.25e-05,95.222
2026-04-19T05:00:00+00:00,hyperliquid,AAVE/USDC:USDC,485505.3199999999,1.25e-05,94.917
2026-04-19T06:00:00+00:00,hyperliquid,AAVE/USDC:USDC,504401.6200000003,1.25e-05,92.8435
2026-04-19T07:00:00+00:00,hyperliquid,AAVE/USDC:USDC,535551.3400000003,1.25e-05,91.9055
2026-04-19T08:00:00+00:00,hyperliquid,AAVE/USDC:USDC,539544.84,1.25e-05,92.5905
2026-04-19T09:00:00+00:00,hyperliquid,AAVE/USDC:USDC,598419.5200000004,2.07209e-05,92.102
2026-04-19T10:00:00+00:00,hyperliquid,AAVE/USDC:USDC,603208.5200000001,1.25e-05,92.7655
2026-04-19T11:00:00+00:00,hyperliquid,AAVE/USDC:USDC,563511.72,1.25e-05,93.5855
2026-04-19T12:00:00+00:00,hyperliquid,AAVE/USDC:USDC,509650.0200000009,-0.0002153213,90.005
2026-04-19T13:00:00+00:00,hyperliquid,AAVE/USDC:USDC,472447.6000000001,1.25e-05,92.2605
2026-04-19T14:00:00+00:00,hyperliquid,AAVE/USDC:USDC,483500.8399999998,1.25e-05,92.3985
2026-04-19T15:00:00+00:00,hyperliquid,AAVE/USDC:USDC,494784.3799999999,1.25e-05,92.7335
2026-04-19T16:00:00+00:00,hyperliquid,AAVE/USDC:USDC,492698.9399999999,9.2442e-06,91.8945
2026-04-19T17:00:00+00:00,hyperliquid,AAVE/USDC:USDC,495934.8400000001,1.25e-05,91.248
2026-04-19T18:00:00+00:00,hyperliquid,AAVE/USDC:USDC,532478.22,1.25e-05,90.2375
2026-04-19T19:00:00+00:00,hyperliquid,AAVE/USDC:USDC,534892.4200000005,-5.8494e-05,90.175
2026-04-19T20:00:00+00:00,hyperliquid,AAVE/USDC:USDC,549837.6999999998,-1.26435e-05,90.5775
2026-04-19T21:00:00+00:00,hyperliquid,AAVE/USDC:USDC,549459.0,7.09e-08,90.161
2026-04-19T22:00:00+00:00,hyperliquid,AAVE/USDC:USDC,555628.0200000004,-3.62296e-05,90.0805
2026-04-19T23:00:00+00:00,hyperliquid,AAVE/USDC:USDC,551077.8000000003,1.25e-05,89.69
2026-04-20T00:00:00+00:00,hyperliquid,AAVE/USDC:USDC,550827.5400000004,1.25e-05,90.035
2026-04-20T01:00:00+00:00,hyperliquid,AAVE/USDC:USDC,555393.28,1.25e-05,91.59
2026-04-20T02:00:00+00:00,hyperliquid,AAVE/USDC:USDC,560603.52,-1.62426e-05,91.6645
2026-04-20T03:00:00+00:00,hyperliquid,AAVE/USDC:USDC,560127.9,1.25e-05,91.2475
2026-04-20T04:00:00+00:00,hyperliquid,AAVE/USDC:USDC,560030.7000000001,1.25e-05,92.94
2026-04-20T05:00:00+00:00,hyperliquid,AAVE/USDC:USDC,546266.92,1.25e-05,91.934
2026-04-20T06:00:00+00:00,hyperliquid,AAVE/USDC:USDC,534992.4600000002,1.25e-05,91.36
2026-04-20T07:00:00+00:00,hyperliquid,AAVE/USDC:USDC,534439.2000000002,1.25e-05,91.984
2026-04-20T08:00:00+00:00,hyperliquid,AAVE/USDC:USDC,529133.24,1.25e-05,92.2695
2026-04-20T09:00:00+00:00,hyperliquid,AAVE/USDC:USDC,530753.0199999999,1.25e-05,91.4295
2026-04-20T10:00:00+00:00,hyperliquid,AAVE/USDC:USDC,535122.7600000001,1.25e-05,91.1475
2026-04-20T11:00:00+00:00,hyperliquid,AAVE/USDC:USDC,543421.3600000009,1.25e-05,89.2915
2026-04-20T12:00:00+00:00,hyperliquid,AAVE/USDC:USDC,547874.0799999995,1.25e-05,90.324
2026-04-20T13:00:00+00:00,hyperliquid,AAVE/USDC:USDC,554576.9199999998,1.25e-05,90.2695
2026-04-20T14:00:00+00:00,hyperliquid,AAVE/USDC:USDC,559206.2000000001,1.25e-05,89.945
2026-04-20T15:00:00+00:00,hyperliquid,AAVE/USDC:USDC,564706.2600000001,1.25e-05,88.8765
2026-04-20T16:00:00+00:00,hyperliquid,AAVE/USDC:USDC,573023.8199999998,1.25e-05,86.834
2026-04-20T17:00:00+00:00,hyperliquid,AAVE/USDC:USDC,583464.1400000001,1.25e-05,88.159
2026-04-20T18:00:00+00:00,hyperliquid,AAVE/USDC:USDC,590092.1600000003,1.25e-05,90.117
2026-04-20T19:00:00+00:00,hyperliquid,AAVE/USDC:USDC,597120.5400000002,1.25e-05,90.3415
2026-04-20T20:00:00+00:00,hyperliquid,AAVE/USDC:USDC,608331.7000000001,1.25e-05,90.0195
2026-04-20T21:00:00+00:00,hyperliquid,AAVE/USDC:USDC,577401.14,1.25e-05,92.1905
2026-04-20T22:00:00+00:00,hyperliquid,AAVE/USDC:USDC,570345.5800000001,1.25e-05,92.668
2026-04-20T23:00:00+00:00,hyperliquid,AAVE/USDC:USDC,575122.78,1.25e-05,91.0115
2026-04-21T00:00:00+00:00,hyperliquid,AAVE/USDC:USDC,573571.08,1.25e-05,90.433
2026-04-21T01:00:00+00:00,hyperliquid,AAVE/USDC:USDC,574511.3,1.25e-05,91.9105
2026-04-21T02:00:00+00:00,hyperliquid,AAVE/USDC:USDC,567096.2599999999,1.25e-05,91.7635
2026-04-21T03:00:00+00:00,hyperliquid,AAVE/USDC:USDC,568236.8999999999,1.25e-05,91.328
2026-04-21T04:00:00+00:00,hyperliquid,AAVE/USDC:USDC,599804.9600000003,1.32602e-05,93.962
2026-04-21T05:00:00+00:00,hyperliquid,AAVE/USDC:USDC,601319.5999999997,1.25e-05,93.0595
2026-04-21T06:00:00+00:00,hyperliquid,AAVE/USDC:USDC,601200.9599999997,1.25e-05,94.605
2026-04-21T07:00:00+00:00,hyperliquid,AAVE/USDC:USDC,590528.4799999997,1.25e-05,92.2495
2026-04-21T08:00:00+00:00,hyperliquid,AAVE/USDC:USDC,586656.2599999999,1.25e-05,92.5335
2026-04-21T09:00:00+00:00,hyperliquid,AAVE/USDC:USDC,586618.4600000003,1.25e-05,92.6535
2026-04-21T10:00:00+00:00,hyperliquid,AAVE/USDC:USDC,594683.2999999999,1.25e-05,94.156
2026-04-21T11:00:00+00:00,hyperliquid,AAVE/USDC:USDC,591537.12,1.25e-05,93.361
2026-04-21T12:00:00+00:00,hyperliquid,AAVE/USDC:USDC,597045.7400000001,1.25e-05,93.052
2026-04-21T13:00:00+00:00,hyperliquid,AAVE/USDC:USDC,575216.0600000002,1.25e-05,91.71
2026-04-21T14:00:00+00:00,hyperliquid,AAVE/USDC:USDC,578370.38,1.25e-05,91.3715
2026-04-21T15:00:00+00:00,hyperliquid,AAVE/USDC:USDC,579970.6999999998,1.25e-05,91.348
2026-04-21T16:00:00+00:00,hyperliquid,AAVE/USDC:USDC,592524.12,1.25e-05,92.39
2026-04-21T17:00:00+00:00,hyperliquid,AAVE/USDC:USDC,593207.52,1.25e-05,91.5195
2026-04-21T18:00:00+00:00,hyperliquid,AAVE/USDC:USDC,604012.5399999996,1.25e-05,91.588
2026-04-21T19:00:00+00:00,hyperliquid,AAVE/USDC:USDC,595811.0199999998,1.25e-05,91.356
2026-04-21T20:00:00+00:00,hyperliquid,AAVE/USDC:USDC,585553.3199999996,1.25e-05,90.6665
2026-04-21T21:00:00+00:00,hyperliquid,AAVE/USDC:USDC,586519.68,1.25e-05,91.163
2026-04-21T22:00:00+00:00,hyperliquid,AAVE/USDC:USDC,585168.3,1.25e-05,91.152
2026-04-21T23:00:00+00:00,hyperliquid,AAVE/USDC:USDC,584726.6399999999,1.25e-05,91.3895
2026-04-22T00:00:00+00:00,hyperliquid,AAVE/USDC:USDC,584454.3800000002,1.25e-05,92.012
2026-04-22T01:00:00+00:00,hyperliquid,AAVE/USDC:USDC,584887.42,1.25e-05,92.0485
2026-04-22T02:00:00+00:00,hyperliquid,AAVE/USDC:USDC,580759.7000000001,1.25e-05,92.337
2026-04-22T03:00:00+00:00,hyperliquid,AAVE/USDC:USDC,578403.5,1.25e-05,92.7795
2026-04-22T04:00:00+00:00,hyperliquid,AAVE/USDC:USDC,578363.5999999999,1.25e-05,92.6755
2026-04-22T05:00:00+00:00,hyperliquid,AAVE/USDC:USDC,577396.4,1.25e-05,93.1115
2026-04-22T06:00:00+00:00,hyperliquid,AAVE/USDC:USDC,585370.5800000002,1.25e-05,93.2335
2026-04-22T07:00:00+00:00,hyperliquid,AAVE/USDC:USDC,580447.4599999998,1.25e-05,93.2975
2026-04-22T08:00:00+00:00,hyperliquid,AAVE/USDC:USDC,584396.52,1.25e-05,93.4805
2026-04-22T09:00:00+00:00,hyperliquid,AAVE/USDC:USDC,578390.1800000002,1.25e-05,93.851
2026-04-22T10:00:00+00:00,hyperliquid,AAVE/USDC:USDC,578361.7200000001,1.25e-05,93.519
2026-04-22T11:00:00+00:00,hyperliquid,AAVE/USDC:USDC,577428.3200000002,1.25e-05,93.518
2026-04-22T12:00:00+00:00,hyperliquid,AAVE/USDC:USDC,576408.4400000001,1.25e-05,93.5485
2026-04-22T13:00:00+00:00,hyperliquid,AAVE/USDC:USDC,567617.4400000002,1.25e-05,93.567
2026-04-22T14:00:00+00:00,hyperliquid,AAVE/USDC:USDC,579041.48,1.25e-05,95.1125
2026-04-22T15:00:00+00:00,hyperliquid,AAVE/USDC:USDC,581223.2,1.25e-05,93.9035
2026-04-22T16:00:00+00:00,hyperliquid,AAVE/USDC:USDC,582058.8400000001,1.25e-05,94.369
2026-04-22T17:00:00+00:00,hyperliquid,AAVE/USDC:USDC,580684.6799999999,1.25e-05,94.237
2026-04-22T18:00:00+00:00,hyperliquid,AAVE/USDC:USDC,580857.7400000001,1.25e-05,95.349
2026-04-22T19:00:00+00:00,hyperliquid,AAVE/USDC:USDC,582247.6999999996,1.25e-05,94.5335
2026-04-22T20:00:00+00:00,hyperliquid,AAVE/USDC:USDC,582266.8200000001,1.25e-05,94.4725
2026-04-22T21:00:00+00:00,hyperliquid,AAVE/USDC:USDC,586198.5199999999,1.25e-05,94.2675
2026-04-22T22:00:00+00:00,hyperliquid,AAVE/USDC:USDC,589400.1599999999,1.25e-05,94.775
2026-04-22T23:00:00+00:00,hyperliquid,AAVE/USDC:USDC,588739.18,1.25e-05,94.419
2026-04-23T00:00:00+00:00,hyperliquid,AAVE/USDC:USDC,587967.7599999999,1.25e-05,94.25
2026-04-23T01:00:00+00:00,hyperliquid,AAVE/USDC:USDC,586370.8999999999,1.25e-05,93.6715
2026-04-23T02:00:00+00:00,hyperliquid,AAVE/USDC:USDC,582531.1799999999,1.25e-05,92.9195
2026-04-23T03:00:00+00:00,hyperliquid,AAVE/USDC:USDC,581764.18,1.25e-05,92.6355
2026-04-23T04:00:00+00:00,hyperliquid,AAVE/USDC:USDC,573039.5800000001,1.25e-05,91.9095
2026-04-23T05:00:00+00:00,hyperliquid,AAVE/USDC:USDC,573332.76,1.25e-05,92.2185
2026-04-23T06:00:00+00:00,hyperliquid,AAVE/USDC:USDC,576966.6400000001,1.25e-05,92.26
2026-04-23T07:00:00+00:00,hyperliquid,AAVE/USDC:USDC,574619.1000000001,1.25e-05,91.971
2026-04-23T08:00:00+00:00,hyperliquid,AAVE/USDC:USDC,574312.44,1.25e-05,91.6455
2026-04-23T09:00:00+00:00,hyperliquid,AAVE/USDC:USDC,570250.3000000002,1.25e-05,91.4395
2026-04-23T10:00:00+00:00,hyperliquid,AAVE/USDC:USDC,572963.1799999998,1.25e-05,91.489
2026-04-23T11:00:00+00:00,hyperliquid,AAVE/USDC:USDC,573229.4,1.25e-05,91.3835
2026-04-23T12:00:00+00:00,hyperliquid,AAVE/USDC:USDC,572583.1199999999,1.25e-05,92.046
2026-04-23T13:00:00+00:00,hyperliquid,AAVE/USDC:USDC,571550.4800000001,1.25e-05,92.3105
2026-04-23T14:00:00+00:00,hyperliquid,AAVE/USDC:USDC,570762.2799999998,1.25e-05,92.748
2026-04-23T15:00:00+00:00,hyperliquid,AAVE/USDC:USDC,583876.88,1.25e-05,93.0505
2026-04-23T16:00:00+00:00,hyperliquid,AAVE/USDC:USDC,586827.6800000002,1.25e-05,93.778
2026-04-23T17:00:00+00:00,hyperliquid,AAVE/USDC:USDC,578950.8399999997,1.25e-05,92.818
2026-04-23T18:00:00+00:00,hyperliquid,AAVE/USDC:USDC,581755.3200000002,1.25e-05,92.4235
2026-04-23T19:00:00+00:00,hyperliquid,AAVE/USDC:USDC,564962.66,1.25e-05,91.596
2026-04-23T20:00:00+00:00,hyperliquid,AAVE/USDC:USDC,583873.5600000002,1.25e-05,92.806
2026-04-23T21:00:00+00:00,hyperliquid,AAVE/USDC:USDC,580420.2999999998,1.25e-05,93.9295
2026-04-23T22:00:00+00:00,hyperliquid,AAVE/USDC:USDC,588330.3400000002,1.25e-05,94.5575
2026-04-23T23:00:00+00:00,hyperliquid,AAVE/USDC:USDC,579972.7999999999,1.25e-05,93.9935
2026-04-24T00:00:00+00:00,hyperliquid,AAVE/USDC:USDC,581955.1000000001,1.25e-05,94.4875
2026-04-24T01:00:00+00:00,hyperliquid,AAVE/USDC:USDC,585030.2800000001,1.25e-05,94.096
2026-04-24T02:00:00+00:00,hyperliquid,AAVE/USDC:USDC,589360.9800000001,1.25e-05,95.012
2026-04-24T03:00:00+00:00,hyperliquid,AAVE/USDC:USDC,589518.7000000003,1.25e-05,94.26
2026-04-24T04:00:00+00:00,hyperliquid,AAVE/USDC:USDC,589403.0800000001,1.25e-05,93.8905
2026-04-24T05:00:00+00:00,hyperliquid,AAVE/USDC:USDC,592639.3400000001,1.25e-05,93.3885
2026-04-24T06:00:00+00:00,hyperliquid,AAVE/USDC:USDC,599176.5400000009,1.25e-05,93.6355
2026-04-24T07:00:00+00:00,hyperliquid,AAVE/USDC:USDC,601722.0800000001,1.25e-05,93.4195
2026-04-24T08:00:00+00:00,hyperliquid,AAVE/USDC:USDC,603915.5800000001,1.25e-05,93.406
2026-04-24T09:00:00+00:00,hyperliquid,AAVE/USDC:USDC,602466.66,1.25e-05,92.8095
2026-04-24T10:00:00+00:00,hyperliquid,AAVE/USDC:USDC,601172.7000000002,1.25e-05,93.2665
2026-04-24T11:00:00+00:00,hyperliquid,AAVE/USDC:USDC,603757.9999999995,1.25e-05,94.789
2026-04-24T12:00:00+00:00,hyperliquid,AAVE/USDC:USDC,602295.6400000001,1.25e-05,95.239
2026-04-24T13:00:00+00:00,hyperliquid,AAVE/USDC:USDC,622314.6200000003,1.25e-05,94.773
2026-04-24T14:00:00+00:00,hyperliquid,AAVE/USDC:USDC,638377.9400000003,1.25e-05,93.5105
2026-04-24T15:00:00+00:00,hyperliquid,AAVE/USDC:USDC,643755.6800000002,1.25e-05,93.519
2026-04-24T16:00:00+00:00,hyperliquid,AAVE/USDC:USDC,642657.1400000001,1.25e-05,94.288
2026-04-24T17:00:00+00:00,hyperliquid,AAVE/USDC:USDC,642210.5800000001,1.25e-05,93.8205
2026-04-24T18:00:00+00:00,hyperliquid,AAVE/USDC:USDC,642394.34,1.25e-05,93.886
2026-04-24T19:00:00+00:00,hyperliquid,AAVE/USDC:USDC,645381.48,1.25e-05,94.6845
2026-04-24T20:00:00+00:00,hyperliquid,AAVE/USDC:USDC,643828.04,1.25e-05,94.8875
2026-04-24T21:00:00+00:00,hyperliquid,AAVE/USDC:USDC,639436.3999999998,1.25e-05,95.5295
2026-04-24T22:00:00+00:00,hyperliquid,AAVE/USDC:USDC,632314.3600000001,1.25e-05,94.638
2026-04-24T23:00:00+00:00,hyperliquid,AAVE/USDC:USDC,632796.2399999999,1.25e-05,93.792
2026-04-25T00:00:00+00:00,hyperliquid,AAVE/USDC:USDC,633513.2000000001,1.25e-05,94.3885
2026-04-25T01:00:00+00:00,hyperliquid,AAVE/USDC:USDC,633497.16,1.25e-05,94.484
2026-04-25T02:00:00+00:00,hyperliquid,AAVE/USDC:USDC,633656.9199999999,1.25e-05,94.4395
2026-04-25T03:00:00+00:00,hyperliquid,AAVE/USDC:USDC,633471.44,1.25e-05,94.993
2026-04-25T04:00:00+00:00,hyperliquid,AAVE/USDC:USDC,630197.1,1.25e-05,94.839
2026-04-25T05:00:00+00:00,hyperliquid,AAVE/USDC:USDC,627990.1799999999,1.25e-05,94.1515
2026-04-25T06:00:00+00:00,hyperliquid,AAVE/USDC:USDC,626923.3400000001,1.25e-05,94.8365
2026-04-25T07:00:00+00:00,hyperliquid,AAVE/USDC:USDC,627426.3799999999,1.25e-05,94.545
2026-04-25T08:00:00+00:00,hyperliquid,AAVE/USDC:USDC,627937.8400000001,1.25e-05,94.762
2026-04-25T09:00:00+00:00,hyperliquid,AAVE/USDC:USDC,628938.82,1.25e-05,95.315
2026-04-25T10:00:00+00:00,hyperliquid,AAVE/USDC:USDC,636605.78,1.25e-05,95.7735
2026-04-25T11:00:00+00:00,hyperliquid,AAVE/USDC:USDC,637809.98,1.25e-05,95.9695
2026-04-25T12:00:00+00:00,hyperliquid,AAVE/USDC:USDC,637918.9999999999,1.25e-05,95.2185
2026-04-25T13:00:00+00:00,hyperliquid,AAVE/USDC:USDC,639346.6199999999,1.25e-05,95.433
2026-04-25T14:00:00+00:00,hyperliquid,AAVE/USDC:USDC,640494.36,1.25e-05,95.708
2026-04-25T15:00:00+00:00,hyperliquid,AAVE/USDC:USDC,635734.3399999994,1.25e-05,94.9345
2026-04-25T16:00:00+00:00,hyperliquid,AAVE/USDC:USDC,635366.28,1.25e-05,94.7765
2026-04-25T17:00:00+00:00,hyperliquid,AAVE/USDC:USDC,633600.7799999999,1.25e-05,94.5645
2026-04-25T18:00:00+00:00,hyperliquid,AAVE/USDC:USDC,636104.8599999999,1.25e-05,94.59
2026-04-25T19:00:00+00:00,hyperliquid,AAVE/USDC:USDC,636210.8199999998,1.25e-05,94.486
2026-04-25T20:00:00+00:00,hyperliquid,AAVE/USDC:USDC,633432.1199999999,1.25e-05,93.839
2026-04-25T21:00:00+00:00,hyperliquid,AAVE/USDC:USDC,636164.5200000001,1.25e-05,94.44
2026-04-25T22:00:00+00:00,hyperliquid,AAVE/USDC:USDC,636597.0599999999,1.25e-05,94.104
2026-04-25T23:00:00+00:00,hyperliquid,AAVE/USDC:USDC,637418.3799999999,1.25e-05,94.019
2026-04-26T00:00:00+00:00,hyperliquid,AAVE/USDC:USDC,637255.5799999998,1.25e-05,93.999
2026-04-26T01:00:00+00:00,hyperliquid,AAVE/USDC:USDC,647613.2000000002,1.25e-05,93.3465
2026-04-26T02:00:00+00:00,hyperliquid,AAVE/USDC:USDC,648107.76,1.25e-05,93.31
2026-04-26T03:00:00+00:00,hyperliquid,AAVE/USDC:USDC,648087.1,1.25e-05,93.3945
2026-04-26T04:00:00+00:00,hyperliquid,AAVE/USDC:USDC,647879.98,1.25e-05,93.5555
2026-04-26T05:00:00+00:00,hyperliquid,AAVE/USDC:USDC,647788.9,1.25e-05,93.7125
2026-04-26T06:00:00+00:00,hyperliquid,AAVE/USDC:USDC,648363.8200000001,1.25e-05,95.0785
2026-04-26T07:00:00+00:00,hyperliquid,AAVE/USDC:USDC,647037.1799999999,1.25e-05,94.7035
2026-04-26T08:00:00+00:00,hyperliquid,AAVE/USDC:USDC,648024.8799999999,1.25e-05,94.7245
2026-04-26T09:00:00+00:00,hyperliquid,AAVE/USDC:USDC,649287.68,1.25e-05,94.9265
2026-04-26T10:00:00+00:00,hyperliquid,AAVE/USDC:USDC,648231.9199999998,1.25e-05,95.2285
2026-04-26T11:00:00+00:00,hyperliquid,AAVE/USDC:USDC,646420.1399999999,1.25e-05,95.4875
2026-04-26T12:00:00+00:00,hyperliquid,AAVE/USDC:USDC,648025.7599999999,1.25e-05,95.899
2026-04-26T13:00:00+00:00,hyperliquid,AAVE/USDC:USDC,648111.5,1.25e-05,95.428
2026-04-26T14:00:00+00:00,hyperliquid,AAVE/USDC:USDC,641830.44,1.25e-05,94.7765
2026-04-26T15:00:00+00:00,hyperliquid,AAVE/USDC:USDC,636610.2599999999,1.25e-05,95.6355
2026-04-26T16:00:00+00:00,hyperliquid,AAVE/USDC:USDC,634002.3599999999,1.25e-05,95.9265
2026-04-26T17:00:00+00:00,hyperliquid,AAVE/USDC:USDC,636396.3200000001,1.25e-05,95.422
2026-04-26T18:00:00+00:00,hyperliquid,AAVE/USDC:USDC,636492.7800000001,1.25e-05,96.4105
2026-04-26T19:00:00+00:00,hyperliquid,AAVE/USDC:USDC,637309.1600000001,1.25e-05,97.2425
2026-04-26T20:00:00+00:00,hyperliquid,AAVE/USDC:USDC,640785.1000000002,1.25e-05,96.8155
2026-04-26T21:00:00+00:00,hyperliquid,AAVE/USDC:USDC,633524.2,1.25e-05,96.732
2026-04-26T22:00:00+00:00,hyperliquid,AAVE/USDC:USDC,632754.1199999996,1.25e-05,96.7125
2026-04-26T23:00:00+00:00,hyperliquid,AAVE/USDC:USDC,628716.84,1.25e-05,96.43
2026-04-27T00:00:00+00:00,hyperliquid,AAVE/USDC:USDC,628669.5599999999,1.25e-05,96.7305
2026-04-27T01:00:00+00:00,hyperliquid,AAVE/USDC:USDC,645747.6599999999,-2.48428e-05,96.6315
2026-04-27T02:00:00+00:00,hyperliquid,AAVE/USDC:USDC,623639.7600000002,1.25e-05,98.086
2026-04-27T03:00:00+00:00,hyperliquid,AAVE/USDC:USDC,623982.4599999998,1.25e-05,98.3315
2026-04-27T04:00:00+00:00,hyperliquid,AAVE/USDC:USDC,619995.52,1.25e-05,99.18
2026-04-27T05:00:00+00:00,hyperliquid,AAVE/USDC:USDC,614221.9999999999,1.25e-05,98.4345
2026-04-27T06:00:00+00:00,hyperliquid,AAVE/USDC:USDC,611957.18,1.25e-05,96.2985
2026-04-27T07:00:00+00:00,hyperliquid,AAVE/USDC:USDC,610928.2199999999,1.25e-05,96.2445
2026-04-27T08:00:00+00:00,hyperliquid,AAVE/USDC:USDC,609428.2799999998,1.25e-05,95.835
2026-04-27T09:00:00+00:00,hyperliquid,AAVE/USDC:USDC,609956.28,1.25e-05,96.3795
2026-04-27T10:00:00+00:00,hyperliquid,AAVE/USDC:USDC,609555.54,1.25e-05,96.1415
2026-04-27T11:00:00+00:00,hyperliquid,AAVE/USDC:USDC,608819.5400000002,1.25e-05,95.9285
2026-04-27T12:00:00+00:00,hyperliquid,AAVE/USDC:USDC,608334.52,1.25e-05,95.9845
2026-04-27T13:00:00+00:00,hyperliquid,AAVE/USDC:USDC,609552.0599999999,1.25e-05,96.261
2026-04-27T14:00:00+00:00,hyperliquid,AAVE/USDC:USDC,613708.5800000002,1.25e-05,96.321
2026-04-27T15:00:00+00:00,hyperliquid,AAVE/USDC:USDC,601041.8799999999,1.25e-05,97.9735
2026-04-27T16:00:00+00:00,hyperliquid,AAVE/USDC:USDC,609971.9399999997,1.25e-05,97.243
2026-04-27T17:00:00+00:00,hyperliquid,AAVE/USDC:USDC,619261.28,1.25e-05,96.8545
2026-04-27T18:00:00+00:00,hyperliquid,AAVE/USDC:USDC,621978.4799999997,1.25e-05,96.6455
2026-04-27T19:00:00+00:00,hyperliquid,AAVE/USDC:USDC,622677.8999999999,1.25e-05,96.2355
2026-04-27T20:00:00+00:00,hyperliquid,AAVE/USDC:USDC,617819.0999999999,1.25e-05,95.9165
2026-04-27T21:00:00+00:00,hyperliquid,AAVE/USDC:USDC,619515.44,1.25e-05,96.4595
2026-04-27T22:00:00+00:00,hyperliquid,AAVE/USDC:USDC,617433.0400000003,1.25e-05,96.2915
2026-04-27T23:00:00+00:00,hyperliquid,AAVE/USDC:USDC,617847.2799999998,1.25e-05,97.154
2026-04-28T00:00:00+00:00,hyperliquid,AAVE/USDC:USDC,618046.3199999998,1.25e-05,97.668
2026-04-28T01:00:00+00:00,hyperliquid,AAVE/USDC:USDC,618139.54,1.25e-05,97.3965
2026-04-28T02:00:00+00:00,hyperliquid,AAVE/USDC:USDC,617853.9600000001,1.25e-05,97.0365
2026-04-28T03:00:00+00:00,hyperliquid,AAVE/USDC:USDC,613484.4800000001,1.25e-05,96.676
2026-04-28T04:00:00+00:00,hyperliquid,AAVE/USDC:USDC,612968.8399999999,1.25e-05,97.152
2026-04-28T05:00:00+00:00,hyperliquid,AAVE/USDC:USDC,613571.7999999999,1.25e-05,97.6535
2026-04-28T06:00:00+00:00,hyperliquid,AAVE/USDC:USDC,609179.9999999999,1.25e-05,97.67
2026-04-28T07:00:00+00:00,hyperliquid,AAVE/USDC:USDC,608374.14,1.25e-05,97.4675
2026-04-28T08:00:00+00:00,hyperliquid,AAVE/USDC:USDC,607882.5199999999,1.25e-05,97.569
2026-04-28T09:00:00+00:00,hyperliquid,AAVE/USDC:USDC,605935.2,1.25e-05,97.3895
2026-04-28T10:00:00+00:00,hyperliquid,AAVE/USDC:USDC,605173.36,1.25e-05,97.641
2026-04-28T11:00:00+00:00,hyperliquid,AAVE/USDC:USDC,603879.1199999999,1.25e-05,97.3395
2026-04-28T12:00:00+00:00,hyperliquid,AAVE/USDC:USDC,598437.78,1.25e-05,96.0715
2026-04-28T13:00:00+00:00,hyperliquid,AAVE/USDC:USDC,597335.8000000002,1.25e-05,96.355
2026-04-28T14:00:00+00:00,hyperliquid,AAVE/USDC:USDC,598015.8599999999,1.25e-05,96.844
2026-04-28T15:00:00+00:00,hyperliquid,AAVE/USDC:USDC,597077.78,1.25e-05,96.081
2026-04-28T16:00:00+00:00,hyperliquid,AAVE/USDC:USDC,595108.5999999999,1.25e-05,96.4695
2026-04-28T17:00:00+00:00,hyperliquid,AAVE/USDC:USDC,597368.8399999999,1.25e-05,96.828
2026-04-28T18:00:00+00:00,hyperliquid,AAVE/USDC:USDC,596486.66,1.25e-05,96.5835
2026-04-28T19:00:00+00:00,hyperliquid,AAVE/USDC:USDC,596446.4,1.25e-05,96.8305
2026-04-28T20:00:00+00:00,hyperliquid,AAVE/USDC:USDC,596555.2,1.25e-05,96.8445
2026-04-28T21:00:00+00:00,hyperliquid,AAVE/USDC:USDC,596535.0199999999,1.25e-05,96.903
2026-04-28T22:00:00+00:00,hyperliquid,AAVE/USDC:USDC,595787.2,1.25e-05,96.5115
2026-04-28T23:00:00+00:00,hyperliquid,AAVE/USDC:USDC,595718.7,1.25e-05,96.559
2026-04-29T00:00:00+00:00,hyperliquid,AAVE/USDC:USDC,595216.4999999999,1.25e-05,96.557
2026-04-29T01:00:00+00:00,hyperliquid,AAVE/USDC:USDC,595191.24,1.25e-05,96.4605
2026-04-29T02:00:00+00:00,hyperliquid,AAVE/USDC:USDC,595178.36,1.25e-05,96.874
2026-04-29T03:00:00+00:00,hyperliquid,AAVE/USDC:USDC,595287.2999999999,1.25e-05,96.3645
2026-04-29T04:00:00+00:00,hyperliquid,AAVE/USDC:USDC,598930.9200000002,1.25e-05,97.2825
2026-04-29T05:00:00+00:00,hyperliquid,AAVE/USDC:USDC,598968.2200000001,1.25e-05,97.742
2026-04-29T06:00:00+00:00,hyperliquid,AAVE/USDC:USDC,596738.0800000001,1.25e-05,97.7245
2026-04-29T07:00:00+00:00,hyperliquid,AAVE/USDC:USDC,597503.8999999999,1.25e-05,96.893
2026-04-29T08:00:00+00:00,hyperliquid,AAVE/USDC:USDC,597274.34,1.25e-05,97.2905
2026-04-29T09:00:00+00:00,hyperliquid,AAVE/USDC:USDC,597256.1,1.25e-05,96.687
2026-04-29T10:00:00+00:00,hyperliquid,AAVE/USDC:USDC,596085.4800000001,2.02441e-05,98.3565
2026-04-29T11:00:00+00:00,hyperliquid,AAVE/USDC:USDC,587858.0599999999,1.25e-05,97.373
2026-04-29T12:00:00+00:00,hyperliquid,AAVE/USDC:USDC,585650.16,1.25e-05,96.7995
2026-04-29T13:00:00+00:00,hyperliquid,AAVE/USDC:USDC,607359.8600000001,1.25e-05,95.6145
2026-04-29T14:00:00+00:00,hyperliquid,AAVE/USDC:USDC,608670.62,1.25e-05,94.4035
2026-04-29T15:00:00+00:00,hyperliquid,AAVE/USDC:USDC,605981.0,1.25e-05,93.641
2026-04-29T16:00:00+00:00,hyperliquid,AAVE/USDC:USDC,656125.3999999998,3.46077e-05,93.976
2026-04-29T17:00:00+00:00,hyperliquid,AAVE/USDC:USDC,670728.14,1.82494e-05,94.101
2026-04-29T18:00:00+00:00,hyperliquid,AAVE/USDC:USDC,671009.1,1.37024e-05,94.45
2026-04-29T19:00:00+00:00,hyperliquid,AAVE/USDC:USDC,665204.3200000003,1.39939e-05,93.334
2026-04-29T20:00:00+00:00,hyperliquid,AAVE/USDC:USDC,667051.96,1.25e-05,93.8645
2026-04-29T21:00:00+00:00,hyperliquid,AAVE/USDC:USDC,665746.5,2.89462e-05,93.804
2026-04-29T22:00:00+00:00,hyperliquid,AAVE/USDC:USDC,665604.4200000002,1.25e-05,93.922
2026-04-29T23:00:00+00:00,hyperliquid,AAVE/USDC:USDC,662115.3200000001,1.25e-05,93.5305
2026-04-30T00:00:00+00:00,hyperliquid,AAVE/USDC:USDC,662576.2599999999,1.25e-05,93.295
2026-04-30T01:00:00+00:00,hyperliquid,AAVE/USDC:USDC,661336.5800000001,1.25e-05,93.53
2026-04-30T02:00:00+00:00,hyperliquid,AAVE/USDC:USDC,653936.7400000001,1.25e-05,93.232
2026-04-30T03:00:00+00:00,hyperliquid,AAVE/USDC:USDC,654507.62,1.25e-05,92.2215
2026-04-30T04:00:00+00:00,hyperliquid,AAVE/USDC:USDC,655612.7799999999,1.25e-05,92.619
2026-04-30T05:00:00+00:00,hyperliquid,AAVE/USDC:USDC,656861.96,1.25e-05,92.493
2026-04-30T06:00:00+00:00,hyperliquid,AAVE/USDC:USDC,656712.7000000002,1.25e-05,92.615
2026-04-30T07:00:00+00:00,hyperliquid,AAVE/USDC:USDC,643909.02,1.25e-05,92.6415
2026-04-30T08:00:00+00:00,hyperliquid,AAVE/USDC:USDC,643756.9799999999,1.25e-05,92.7835
2026-04-30T09:00:00+00:00,hyperliquid,AAVE/USDC:USDC,639496.9,1.25e-05,92.3675
2026-04-30T10:00:00+00:00,hyperliquid,AAVE/USDC:USDC,640012.06,1.25e-05,92.631
2026-04-30T11:00:00+00:00,hyperliquid,AAVE/USDC:USDC,643404.98,1.25e-05,92.516
2026-04-30T12:00:00+00:00,hyperliquid,AAVE/USDC:USDC,643211.7400000001,1.25e-05,92.7725
2026-04-30T13:00:00+00:00,hyperliquid,AAVE/USDC:USDC,644961.5999999999,1.25e-05,93.2455
2026-04-30T14:00:00+00:00,hyperliquid,AAVE/USDC:USDC,647134.8200000001,1.25e-05,93.1985
2026-04-30T15:00:00+00:00,hyperliquid,AAVE/USDC:USDC,647066.54,1.25e-05,92.9265
2026-04-30T16:00:00+00:00,hyperliquid,AAVE/USDC:USDC,643272.5,1.25e-05,93.469
2026-04-30T17:00:00+00:00,hyperliquid,AAVE/USDC:USDC,645184.0,1.25e-05,93.157
2026-04-30T18:00:00+00:00,hyperliquid,AAVE/USDC:USDC,652648.2400000002,1.25e-05,93.6985
2026-04-30T19:00:00+00:00,hyperliquid,AAVE/USDC:USDC,649394.5,1.25e-05,93.31
2026-04-30T20:00:00+00:00,hyperliquid,AAVE/USDC:USDC,648194.2000000001,1.25e-05,93.2125
2026-04-30T21:00:00+00:00,hyperliquid,AAVE/USDC:USDC,648237.7000000001,1.25e-05,93.2485
2026-04-30T22:00:00+00:00,hyperliquid,AAVE/USDC:USDC,648270.5600000003,1.25e-05,92.8085
2026-04-30T23:00:00+00:00,hyperliquid,AAVE/USDC:USDC,647570.9199999999,1.25e-05,92.4045
2026-05-01T00:00:00+00:00,hyperliquid,AAVE/USDC:USDC,647366.5800000001,1.25e-05,93.068
2026-05-01T01:00:00+00:00,hyperliquid,AAVE/USDC:USDC,647162.26,1.25e-05,92.839
2026-05-01T02:00:00+00:00,hyperliquid,AAVE/USDC:USDC,646434.2,1.25e-05,92.979
2026-05-01T03:00:00+00:00,hyperliquid,AAVE/USDC:USDC,645907.6,1.25e-05,92.9195
2026-05-01T04:00:00+00:00,hyperliquid,AAVE/USDC:USDC,624343.9800000001,1.25e-05,93.2635
2026-05-01T05:00:00+00:00,hyperliquid,AAVE/USDC:USDC,624055.2000000001,1.25e-05,93.076
2026-05-01T06:00:00+00:00,hyperliquid,AAVE/USDC:USDC,624730.48,1.25e-05,93.021
2026-05-01T07:00:00+00:00,hyperliquid,AAVE/USDC:USDC,624805.8600000003,1.25e-05,92.469
2026-05-01T08:00:00+00:00,hyperliquid,AAVE/USDC:USDC,631161.8000000002,1.25e-05,92.59
2026-05-01T09:00:00+00:00,hyperliquid,AAVE/USDC:USDC,623569.8400000003,1.25e-05,92.6835
2026-05-01T10:00:00+00:00,hyperliquid,AAVE/USDC:USDC,620646.14,1.25e-05,92.4135
2026-05-01T11:00:00+00:00,hyperliquid,AAVE/USDC:USDC,624271.5200000003,1.25e-05,92.574
2026-05-01T12:00:00+00:00,hyperliquid,AAVE/USDC:USDC,622996.66,1.25e-05,92.8485
2026-05-01T13:00:00+00:00,hyperliquid,AAVE/USDC:USDC,626816.8599999999,1.25e-05,93.3105
2026-05-01T14:00:00+00:00,hyperliquid,AAVE/USDC:USDC,619683.0200000001,1.25e-05,93.645
2026-05-01T15:00:00+00:00,hyperliquid,AAVE/USDC:USDC,614975.9400000002,1.25e-05,93.4425
2026-05-01T16:00:00+00:00,hyperliquid,AAVE/USDC:USDC,615883.8200000003,1.25e-05,93.639
2026-05-01T17:00:00+00:00,hyperliquid,AAVE/USDC:USDC,619251.02,1.25e-05,92.4435
2026-05-01T18:00:00+00:00,hyperliquid,AAVE/USDC:USDC,623889.98,1.25e-05,92.761
2026-05-01T19:00:00+00:00,hyperliquid,AAVE/USDC:USDC,628295.1600000003,1.25e-05,92.3865
2026-05-01T20:00:00+00:00,hyperliquid,AAVE/USDC:USDC,628203.5,1.25e-05,92.616
2026-05-01T21:00:00+00:00,hyperliquid,AAVE/USDC:USDC,626629.02,1.25e-05,91.868
2026-05-01T22:00:00+00:00,hyperliquid,AAVE/USDC:USDC,631344.0599999999,1.25e-05,92.4095
2026-05-01T23:00:00+00:00,hyperliquid,AAVE/USDC:USDC,631770.06,1.25e-05,92.156
2026-05-02T00:00:00+00:00,hyperliquid,AAVE/USDC:USDC,633263.9999999998,1.25e-05,92.181
2026-05-02T01:00:00+00:00,hyperliquid,AAVE/USDC:USDC,633067.28,1.25e-05,92.2265
2026-05-02T02:00:00+00:00,hyperliquid,AAVE/USDC:USDC,632987.72,1.25e-05,92.538
2026-05-02T03:00:00+00:00,hyperliquid,AAVE/USDC:USDC,633034.68,1.25e-05,92.58
2026-05-02T04:00:00+00:00,hyperliquid,AAVE/USDC:USDC,631861.68,1.25e-05,92.555
2026-05-02T05:00:00+00:00,hyperliquid,AAVE/USDC:USDC,631819.4000000001,1.25e-05,92.019
2026-05-02T06:00:00+00:00,hyperliquid,AAVE/USDC:USDC,632430.98,1.25e-05,92.022
2026-05-02T07:00:00+00:00,hyperliquid,AAVE/USDC:USDC,632175.9400000001,1.25e-05,92.2735
2026-05-02T08:00:00+00:00,hyperliquid,AAVE/USDC:USDC,632481.4000000001,1.25e-05,91.97
2026-05-02T09:00:00+00:00,hyperliquid,AAVE/USDC:USDC,633059.28,1.25e-05,92.106
2026-05-02T10:00:00+00:00,hyperliquid,AAVE/USDC:USDC,635078.36,1.25e-05,92.4485
2026-05-02T11:00:00+00:00,hyperliquid,AAVE/USDC:USDC,636498.88,1.25e-05,92.3945
2026-05-02T12:00:00+00:00,hyperliquid,AAVE/USDC:USDC,636886.8599999999,1.25e-05,92.0875
2026-05-02T13:00:00+00:00,hyperliquid,AAVE/USDC:USDC,637227.06,1.25e-05,92.299
2026-05-02T14:00:00+00:00,hyperliquid,AAVE/USDC:USDC,637252.92,1.25e-05,92.4775
2026-05-02T15:00:00+00:00,hyperliquid,AAVE/USDC:USDC,637624.0200000003,1.25e-05,92.3675
2026-05-02T16:00:00+00:00,hyperliquid,AAVE/USDC:USDC,638283.0000000001,1.25e-05,92.7855
2026-05-02T17:00:00+00:00,hyperliquid,AAVE/USDC:USDC,638864.6800000003,2.39003e-05,93.0615
2026-05-02T18:00:00+00:00,hyperliquid,AAVE/USDC:USDC,638005.3000000002,1.25e-05,92.529
2026-05-02T19:00:00+00:00,hyperliquid,AAVE/USDC:USDC,637947.96,1.25e-05,92.8455
2026-05-02T20:00:00+00:00,hyperliquid,AAVE/USDC:USDC,639094.7399999999,1.25e-05,92.9625
2026-05-02T21:00:00+00:00,hyperliquid,AAVE/USDC:USDC,639224.9199999999,1.25e-05,92.84
2026-05-02T22:00:00+00:00,hyperliquid,AAVE/USDC:USDC,637588.14,1.25e-05,93.5235
2026-05-02T23:00:00+00:00,hyperliquid,AAVE/USDC:USDC,625205.6400000001,1.25e-05,93.485
2026-05-03T00:00:00+00:00,hyperliquid,AAVE/USDC:USDC,624514.3799999999,1.25e-05,93.3265
2026-05-03T01:00:00+00:00,hyperliquid,AAVE/USDC:USDC,623162.5199999998,1.25e-05,92.2085
2026-05-03T02:00:00+00:00,hyperliquid,AAVE/USDC:USDC,622841.8799999998,1.25e-05,92.0395
2026-05-03T03:00:00+00:00,hyperliquid,AAVE/USDC:USDC,624609.6000000001,1.25e-05,91.921
2026-05-03T04:00:00+00:00,hyperliquid,AAVE/USDC:USDC,625284.6600000001,1.25e-05,92.033
2026-05-03T05:00:00+00:00,hyperliquid,AAVE/USDC:USDC,625181.94,1.25e-05,92.249
2026-05-03T06:00:00+00:00,hyperliquid,AAVE/USDC:USDC,625633.0000000001,1.25e-05,92.1425
2026-05-03T07:00:00+00:00,hyperliquid,AAVE/USDC:USDC,625565.6799999998,1.25e-05,92.6815
2026-05-03T08:00:00+00:00,hyperliquid,AAVE/USDC:USDC,634535.3400000001,1.25e-05,92.399
2026-05-03T09:00:00+00:00,hyperliquid,AAVE/USDC:USDC,633918.8600000001,1.25e-05,92.4525
2026-05-03T10:00:00+00:00,hyperliquid,AAVE/USDC:USDC,633813.8,1.25e-05,92.6265
2026-05-03T11:00:00+00:00,hyperliquid,AAVE/USDC:USDC,633927.7200000002,1.25e-05,92.479
2026-05-03T12:00:00+00:00,hyperliquid,AAVE/USDC:USDC,634150.1599999999,1.25e-05,93.4465
2026-05-03T13:00:00+00:00,hyperliquid,AAVE/USDC:USDC,625939.4199999998,1.25e-05,92.8935
2026-05-03T14:00:00+00:00,hyperliquid,AAVE/USDC:USDC,624760.2999999999,1.25e-05,92.5435
2026-05-03T15:00:00+00:00,hyperliquid,AAVE/USDC:USDC,623088.6599999998,1.25e-05,92.735
2026-05-03T16:00:00+00:00,hyperliquid,AAVE/USDC:USDC,630301.64,1.25e-05,92.693
2026-05-03T17:00:00+00:00,hyperliquid,AAVE/USDC:USDC,630379.7600000001,1.25e-05,92.5185
2026-05-03T18:00:00+00:00,hyperliquid,AAVE/USDC:USDC,630208.9200000002,1.25e-05,92.8205
2026-05-03T19:00:00+00:00,hyperliquid,AAVE/USDC:USDC,622924.44,1.25e-05,92.741
2026-05-03T20:00:00+00:00,hyperliquid,AAVE/USDC:USDC,622778.5600000002,1.25e-05,93.0395
2026-05-03T21:00:00+00:00,hyperliquid,AAVE/USDC:USDC,627924.9000000001,1.25e-05,92.6505
2026-05-03T22:00:00+00:00,hyperliquid,AAVE/USDC:USDC,647076.5999999999,1.25e-05,92.9025
2026-05-03T23:00:00+00:00,hyperliquid,AAVE/USDC:USDC,646147.5399999999,1.25e-05,93.416
2026-05-04T00:00:00+00:00,hyperliquid,AAVE/USDC:USDC,665129.8600000001,1.25e-05,92.389
2026-05-04T01:00:00+00:00,hyperliquid,AAVE/USDC:USDC,665155.0000000001,1.25e-05,92.6755
2026-05-04T02:00:00+00:00,hyperliquid,AAVE/USDC:USDC,662239.06,1.25e-05,93.762
2026-05-04T03:00:00+00:00,hyperliquid,AAVE/USDC:USDC,661273.44,1.25e-05,94.2085
2026-05-04T04:00:00+00:00,hyperliquid,AAVE/USDC:USDC,661961.32,1.25e-05,94.59
2026-05-04T05:00:00+00:00,hyperliquid,AAVE/USDC:USDC,644306.02,1.25e-05,94.906
2026-05-04T06:00:00+00:00,hyperliquid,AAVE/USDC:USDC,637579.1000000001,1.25e-05,94.543
2026-05-04T07:00:00+00:00,hyperliquid,AAVE/USDC:USDC,623840.98,1.25e-05,94.095
2026-05-04T08:00:00+00:00,hyperliquid,AAVE/USDC:USDC,613478.5400000002,1.25e-05,93.506
2026-05-04T09:00:00+00:00,hyperliquid,AAVE/USDC:USDC,603186.4400000001,1.25e-05,93.1135
2026-05-04T10:00:00+00:00,hyperliquid,AAVE/USDC:USDC,605337.2799999999,1.25e-05,92.955
2026-05-04T11:00:00+00:00,hyperliquid,AAVE/USDC:USDC,605793.78,1.25e-05,91.9985
2026-05-04T12:00:00+00:00,hyperliquid,AAVE/USDC:USDC,606853.7799999999,1.25e-05,92.08
2026-05-04T13:00:00+00:00,hyperliquid,AAVE/USDC:USDC,604541.66,1.25e-05,91.8445
2026-05-04T14:00:00+00:00,hyperliquid,AAVE/USDC:USDC,604518.76,1.25e-05,92.1705
2026-05-04T15:00:00+00:00,hyperliquid,AAVE/USDC:USDC,600146.6999999998,1.25e-05,93.191
2026-05-04T16:00:00+00:00,hyperliquid,AAVE/USDC:USDC,598624.2199999999,1.25e-05,92.2515
2026-05-04T17:00:00+00:00,hyperliquid,AAVE/USDC:USDC,600303.9600000001,1.25e-05,93.0425
2026-05-04T18:00:00+00:00,hyperliquid,AAVE/USDC:USDC,599823.7000000002,1.25e-05,93.5865
2026-05-04T19:00:00+00:00,hyperliquid,AAVE/USDC:USDC,597637.0399999998,1.25e-05,92.851
2026-05-04T20:00:00+00:00,hyperliquid,AAVE/USDC:USDC,598981.14,1.25e-05,92.3825
2026-05-04T21:00:00+00:00,hyperliquid,AAVE/USDC:USDC,599577.6000000004,1.25e-05,92.341
2026-05-04T22:00:00+00:00,hyperliquid,AAVE/USDC:USDC,599536.6600000001,1.25e-05,92.891
2026-05-04T23:00:00+00:00,hyperliquid,AAVE/USDC:USDC,599326.22,1.25e-05,91.948
2026-05-05T00:00:00+00:00,hyperliquid,AAVE/USDC:USDC,600298.6600000003,1.25e-05,92.4805
2026-05-05T01:00:00+00:00,hyperliquid,AAVE/USDC:USDC,600221.8200000001,1.25e-05,92.508
2026-05-05T02:00:00+00:00,hyperliquid,AAVE/USDC:USDC,598933.6399999999,1.25e-05,92.9415
2026-05-05T03:00:00+00:00,hyperliquid,AAVE/USDC:USDC,597545.0999999999,1.25e-05,92.665
2026-05-05T04:00:00+00:00,hyperliquid,AAVE/USDC:USDC,596953.5200000001,1.25e-05,92.841
2026-05-05T05:00:00+00:00,hyperliquid,AAVE/USDC:USDC,596574.5599999999,1.25e-05,92.683
2026-05-05T06:00:00+00:00,hyperliquid,AAVE/USDC:USDC,596510.8799999998,1.25e-05,92.93
2026-05-05T07:00:00+00:00,hyperliquid,AAVE/USDC:USDC,594636.4,1.25e-05,92.865
2026-05-05T08:00:00+00:00,hyperliquid,AAVE/USDC:USDC,593108.48,1.25e-05,93.1255
2026-05-05T09:00:00+00:00,hyperliquid,AAVE/USDC:USDC,593266.58,1.25e-05,93.35
2026-05-05T10:00:00+00:00,hyperliquid,AAVE/USDC:USDC,591612.4,1.25e-05,92.806
2026-05-05T11:00:00+00:00,hyperliquid,AAVE/USDC:USDC,590979.5999999999,1.25e-05,93.0695
2026-05-05T12:00:00+00:00,hyperliquid,AAVE/USDC:USDC,591112.2,1.25e-05,93.352
2026-05-05T13:00:00+00:00,hyperliquid,AAVE/USDC:USDC,589810.2600000002,1.25e-05,93.879
2026-05-05T14:00:00+00:00,hyperliquid,AAVE/USDC:USDC,587208.5799999995,1.25e-05,93.9015
2026-05-05T15:00:00+00:00,hyperliquid,AAVE/USDC:USDC,587491.4,1.25e-05,93.8665
2026-05-05T16:00:00+00:00,hyperliquid,AAVE/USDC:USDC,601647.7799999999,1.25e-05,93.1105
2026-05-05T17:00:00+00:00,hyperliquid,AAVE/USDC:USDC,601486.3200000001,1.25e-05,93.247
2026-05-05T18:00:00+00:00,hyperliquid,AAVE/USDC:USDC,601689.5,1.25e-05,93.3015
2026-05-05T19:00:00+00:00,hyperliquid,AAVE/USDC:USDC,589117.2999999998,1.25e-05,93.2375
2026-05-05T20:00:00+00:00,hyperliquid,AAVE/USDC:USDC,588721.3400000002,1.25e-05,93.4305
2026-05-05T21:00:00+00:00,hyperliquid,AAVE/USDC:USDC,589048.3400000003,1.25e-05,93.808
2026-05-05T22:00:00+00:00,hyperliquid,AAVE/USDC:USDC,588651.5800000002,1.25e-05,93.9955
2026-05-05T23:00:00+00:00,hyperliquid,AAVE/USDC:USDC,585536.2799999999,1.25e-05,93.2715
2026-05-06T00:00:00+00:00,hyperliquid,AAVE/USDC:USDC,585621.8200000001,1.25e-05,93.5605
2026-05-06T01:00:00+00:00,hyperliquid,AAVE/USDC:USDC,585430.0000000001,1.25e-05,93.744
2026-05-06T02:00:00+00:00,hyperliquid,AAVE/USDC:USDC,583291.58,1.25e-05,93.9495
2026-05-06T03:00:00+00:00,hyperliquid,AAVE/USDC:USDC,585028.94,1.25e-05,93.875
2026-05-06T04:00:00+00:00,hyperliquid,AAVE/USDC:USDC,584777.6200000001,1.25e-05,94.0135
2026-05-06T05:00:00+00:00,hyperliquid,AAVE/USDC:USDC,579008.22,1.25e-05,93.3925
2026-05-06T06:00:00+00:00,hyperliquid,AAVE/USDC:USDC,581019.5200000001,1.25e-05,93.911
2026-05-06T07:00:00+00:00,hyperliquid,AAVE/USDC:USDC,580317.6,1.25e-05,94.029
2026-05-06T08:00:00+00:00,hyperliquid,AAVE/USDC:USDC,576331.9,1.25e-05,94.699
2026-05-06T09:00:00+00:00,hyperliquid,AAVE/USDC:USDC,566093.3999999999,1.25e-05,95.6085
2026-05-06T10:00:00+00:00,hyperliquid,AAVE/USDC:USDC,565767.4600000002,1.25e-05,96.124
2026-05-06T11:00:00+00:00,hyperliquid,AAVE/USDC:USDC,565271.2999999999,1.25e-05,95.9935
2026-05-06T12:00:00+00:00,hyperliquid,AAVE/USDC:USDC,540437.6800000002,1.25e-05,95.513
2026-05-06T13:00:00+00:00,hyperliquid,AAVE/USDC:USDC,531122.4999999998,1.25e-05,95.061
2026-05-06T14:00:00+00:00,hyperliquid,AAVE/USDC:USDC,528266.8600000002,1.25e-05,92.994
2026-05-06T15:00:00+00:00,hyperliquid,AAVE/USDC:USDC,539971.8600000003,1.25e-05,93.294
2026-05-06T16:00:00+00:00,hyperliquid,AAVE/USDC:USDC,560526.8800000002,1.25e-05,93.5925
2026-05-06T17:00:00+00:00,hyperliquid,AAVE/USDC:USDC,554285.82,1.25e-05,93.519
2026-05-06T18:00:00+00:00,hyperliquid,AAVE/USDC:USDC,557142.1800000002,1.25e-05,93.282
2026-05-06T19:00:00+00:00,hyperliquid,AAVE/USDC:USDC,555833.4,1.25e-05,93.3525
2026-05-06T20:00:00+00:00,hyperliquid,AAVE/USDC:USDC,559214.7799999999,1.25e-05,94.0265
2026-05-06T21:00:00+00:00,hyperliquid,AAVE/USDC:USDC,558389.7400000001,1.25e-05,93.9365
2026-05-06T22:00:00+00:00,hyperliquid,AAVE/USDC:USDC,558181.14,1.25e-05,94.371
2026-05-06T23:00:00+00:00,hyperliquid,AAVE/USDC:USDC,557314.2200000001,1.25e-05,93.2145
2026-05-07T00:00:00+00:00,hyperliquid,AAVE/USDC:USDC,557272.72,1.25e-05,94.3355
2026-05-07T01:00:00+00:00,hyperliquid,AAVE/USDC:USDC,557869.8400000003,1.25e-05,93.0835
2026-05-07T02:00:00+00:00,hyperliquid,AAVE/USDC:USDC,557579.9600000001,1.25e-05,93.107
2026-05-07T03:00:00+00:00,hyperliquid,AAVE/USDC:USDC,557703.94,1.25e-05,92.7425
2026-05-07T04:00:00+00:00,hyperliquid,AAVE/USDC:USDC,556967.2200000001,1.25e-05,92.2565
2026-05-07T05:00:00+00:00,hyperliquid,AAVE/USDC:USDC,559107.2000000001,1.25e-05,93.2635
2026-05-07T06:00:00+00:00,hyperliquid,AAVE/USDC:USDC,558735.2799999997,1.25e-05,93.19
2026-05-07T07:00:00+00:00,hyperliquid,AAVE/USDC:USDC,559456.8399999999,1.25e-05,93.4915
2026-05-07T08:00:00+00:00,hyperliquid,AAVE/USDC:USDC,559078.8799999999,1.25e-05,94.175
2026-05-07T09:00:00+00:00,hyperliquid,AAVE/USDC:USDC,558629.6599999999,1.25e-05,93.6715
2026-05-07T10:00:00+00:00,hyperliquid,AAVE/USDC:USDC,557879.9600000002,1.25e-05,93.59
2026-05-07T11:00:00+00:00,hyperliquid,AAVE/USDC:USDC,557773.2,1.25e-05,93.7225
2026-05-07T12:00:00+00:00,hyperliquid,AAVE/USDC:USDC,558461.88,1.25e-05,93.93
2026-05-07T13:00:00+00:00,hyperliquid,AAVE/USDC:USDC,557643.0,1.25e-05,94.262
2026-05-07T14:00:00+00:00,hyperliquid,AAVE/USDC:USDC,552323.9799999997,1.25e-05,93.0175
2026-05-07T15:00:00+00:00,hyperliquid,AAVE/USDC:USDC,548283.6599999999,1.25e-05,92.345
2026-05-07T16:00:00+00:00,hyperliquid,AAVE/USDC:USDC,550197.9000000001,1.25e-05,92.3815
2026-05-07T17:00:00+00:00,hyperliquid,AAVE/USDC:USDC,549993.4200000002,1.25e-05,92.3105
2026-05-07T18:00:00+00:00,hyperliquid,AAVE/USDC:USDC,551968.4800000001,1.25e-05,92.8455
2026-05-07T19:00:00+00:00,hyperliquid,AAVE/USDC:USDC,551877.16,1.25e-05,92.557
2026-05-07T20:00:00+00:00,hyperliquid,AAVE/USDC:USDC,552246.42,1.25e-05,92.933
2026-05-07T21:00:00+00:00,hyperliquid,AAVE/USDC:USDC,552234.08,1.25e-05,92.096
2026-05-07T22:00:00+00:00,hyperliquid,AAVE/USDC:USDC,552450.62,1.25e-05,91.8855
2026-05-07T23:00:00+00:00,hyperliquid,AAVE/USDC:USDC,551316.5800000001,1.25e-05,92.287
2026-05-08T00:00:00+00:00,hyperliquid,AAVE/USDC:USDC,550855.4800000002,1.25e-05,92.3805
2026-05-08T01:00:00+00:00,hyperliquid,AAVE/USDC:USDC,549897.9800000001,1.25e-05,92.406
2026-05-08T02:00:00+00:00,hyperliquid,AAVE/USDC:USDC,550873.9999999999,1.25e-05,92.207
2026-05-08T03:00:00+00:00,hyperliquid,AAVE/USDC:USDC,550381.7400000002,1.25e-05,92.1045
2026-05-08T04:00:00+00:00,hyperliquid,AAVE/USDC:USDC,548683.72,1.25e-05,92.7535
2026-05-08T05:00:00+00:00,hyperliquid,AAVE/USDC:USDC,550456.4,1.25e-05,92.664
2026-05-08T06:00:00+00:00,hyperliquid,AAVE/USDC:USDC,550261.9400000002,1.25e-05,92.5705
2026-05-08T07:00:00+00:00,hyperliquid,AAVE/USDC:USDC,550827.14,1.25e-05,92.558
2026-05-08T08:00:00+00:00,hyperliquid,AAVE/USDC:USDC,552262.3599999999,1.25e-05,92.538
2026-05-08T09:00:00+00:00,hyperliquid,AAVE/USDC:USDC,555589.5199999999,8.1531e-06,92.3605
2026-05-08T10:00:00+00:00,hyperliquid,AAVE/USDC:USDC,558483.6200000005,7.8022e-06,92.67
2026-05-08T11:00:00+00:00,hyperliquid,AAVE/USDC:USDC,560386.4999999997,1.25e-05,92.894
2026-05-08T12:00:00+00:00,hyperliquid,AAVE/USDC:USDC,562028.2000000001,1.03579e-05,92.6245
2026-05-08T13:00:00+00:00,hyperliquid,AAVE/USDC:USDC,563136.94,-1.46127e-05,92.557
2026-05-08T14:00:00+00:00,hyperliquid,AAVE/USDC:USDC,564710.3199999998,4.0996e-06,92.5565
2026-05-08T15:00:00+00:00,hyperliquid,AAVE/USDC:USDC,562579.7,1.25e-05,93.4385
2026-05-08T16:00:00+00:00,hyperliquid,AAVE/USDC:USDC,570903.3399999996,1.25e-05,94.4075
2026-05-08T17:00:00+00:00,hyperliquid,AAVE/USDC:USDC,571549.1199999999,1.25e-05,94.116
2026-05-08T18:00:00+00:00,hyperliquid,AAVE/USDC:USDC,572639.1000000001,1.25e-05,94.718
2026-05-08T19:00:00+00:00,hyperliquid,AAVE/USDC:USDC,570929.2799999999,1.25e-05,95.257
2026-05-08T20:00:00+00:00,hyperliquid,AAVE/USDC:USDC,569106.3999999999,1.25e-05,95.2225
2026-05-08T21:00:00+00:00,hyperliquid,AAVE/USDC:USDC,589091.38,1.25e-05,95.455
2026-05-08T22:00:00+00:00,hyperliquid,AAVE/USDC:USDC,599755.7599999981,1.25e-05,96.3215
2026-05-08T23:00:00+00:00,hyperliquid,AAVE/USDC:USDC,596031.2000000001,1.25e-05,96.0075
2026-05-09T00:00:00+00:00,hyperliquid,AAVE/USDC:USDC,595964.3999999999,1.25e-05,95.9355
2026-05-09T01:00:00+00:00,hyperliquid,AAVE/USDC:USDC,591492.8200000001,1.25e-05,97.0565
2026-05-09T02:00:00+00:00,hyperliquid,AAVE/USDC:USDC,591827.98,1.25e-05,99.1745
2026-05-09T03:00:00+00:00,hyperliquid,AAVE/USDC:USDC,589751.5199999998,1.55887e-05,97.743
2026-05-09T04:00:00+00:00,hyperliquid,AAVE/USDC:USDC,590880.6399999999,1.25e-05,98.428
2026-05-09T05:00:00+00:00,hyperliquid,AAVE/USDC:USDC,588877.74,1.25e-05,96.9785
2026-05-09T06:00:00+00:00,hyperliquid,AAVE/USDC:USDC,588535.4799999999,1.25e-05,97.5935
2026-05-09T07:00:00+00:00,hyperliquid,AAVE/USDC:USDC,588058.0,1.25e-05,97.074
2026-05-09T08:00:00+00:00,hyperliquid,AAVE/USDC:USDC,582691.0000000001,1.25e-05,97.0345
2026-05-09T09:00:00+00:00,hyperliquid,AAVE/USDC:USDC,583174.8799999999,1.25e-05,96.714
2026-05-09T10:00:00+00:00,hyperliquid,AAVE/USDC:USDC,585279.7799999998,1.25e-05,95.5085
2026-05-09T11:00:00+00:00,hyperliquid,AAVE/USDC:USDC,586622.6599999998,1.25e-05,96.162
2026-05-09T12:00:00+00:00,hyperliquid,AAVE/USDC:USDC,588072.14,1.25e-05,95.968
2026-05-09T13:00:00+00:00,hyperliquid,AAVE/USDC:USDC,590488.92,1.25e-05,95.693
2026-05-09T14:00:00+00:00,hyperliquid,AAVE/USDC:USDC,577082.6800000002,1.25e-05,95.07
2026-05-09T15:00:00+00:00,hyperliquid,AAVE/USDC:USDC,580713.0399999996,1.25e-05,94.7805
2026-05-09T16:00:00+00:00,hyperliquid,AAVE/USDC:USDC,581526.74,1.25e-05,94.641
2026-05-09T17:00:00+00:00,hyperliquid,AAVE/USDC:USDC,581584.62,1.25e-05,94.8995
2026-05-09T18:00:00+00:00,hyperliquid,AAVE/USDC:USDC,583110.7799999999,1.25e-05,95.5805
2026-05-09T19:00:00+00:00,hyperliquid,AAVE/USDC:USDC,584924.3999999999,1.25e-05,95.8715
2026-05-09T20:00:00+00:00,hyperliquid,AAVE/USDC:USDC,585001.3599999999,1.25e-05,96.202
2026-05-09T21:00:00+00:00,hyperliquid,AAVE/USDC:USDC,584876.8200000001,1.25e-05,96.0545
2026-05-09T22:00:00+00:00,hyperliquid,AAVE/USDC:USDC,582770.9199999999,1.25e-05,95.998
2026-05-09T23:00:00+00:00,hyperliquid,AAVE/USDC:USDC,583163.2200000001,1.25e-05,96.06
2026-05-10T00:00:00+00:00,hyperliquid,AAVE/USDC:USDC,582434.02,1.25e-05,95.6735
2026-05-10T01:00:00+00:00,hyperliquid,AAVE/USDC:USDC,581532.8200000001,1.25e-05,95.221
2026-05-10T02:00:00+00:00,hyperliquid,AAVE/USDC:USDC,581177.46,1.25e-05,95.1845
2026-05-10T03:00:00+00:00,hyperliquid,AAVE/USDC:USDC,580637.66,1.25e-05,95.8135
2026-05-10T04:00:00+00:00,hyperliquid,AAVE/USDC:USDC,580654.4800000001,1.25e-05,95.59
2026-05-10T05:00:00+00:00,hyperliquid,AAVE/USDC:USDC,580509.3,1.25e-05,95.564
2026-05-10T06:00:00+00:00,hyperliquid,AAVE/USDC:USDC,582441.1,1.25e-05,96.4795
2026-05-10T07:00:00+00:00,hyperliquid,AAVE/USDC:USDC,583319.3799999995,1.25e-05,97.289
2026-05-10T08:00:00+00:00,hyperliquid,AAVE/USDC:USDC,581218.7799999999,1.25e-05,97.69
2026-05-10T09:00:00+00:00,hyperliquid,AAVE/USDC:USDC,582648.3599999999,1.25e-05,97.074
2026-05-10T10:00:00+00:00,hyperliquid,AAVE/USDC:USDC,584594.3799999998,1.25e-05,96.447
2026-05-10T11:00:00+00:00,hyperliquid,AAVE/USDC:USDC,584803.2200000001,1.25e-05,96.581
2026-05-10T12:00:00+00:00,hyperliquid,AAVE/USDC:USDC,587655.3999999999,1.25e-05,96.7095
2026-05-10T13:00:00+00:00,hyperliquid,AAVE/USDC:USDC,594557.0399999999,1.25e-05,97.051
2026-05-10T14:00:00+00:00,hyperliquid,AAVE/USDC:USDC,587318.4199999998,1.25e-05,99.065
2026-05-10T15:00:00+00:00,hyperliquid,AAVE/USDC:USDC,586678.7000000001,1.25e-05,99.327
2026-05-10T16:00:00+00:00,hyperliquid,AAVE/USDC:USDC,593453.1600000001,1.25e-05,99.193
2026-05-10T17:00:00+00:00,hyperliquid,AAVE/USDC:USDC,593926.74,1.25e-05,99.3755
2026-05-10T18:00:00+00:00,hyperliquid,AAVE/USDC:USDC,599672.12,1.25e-05,99.7765
2026-05-10T19:00:00+00:00,hyperliquid,AAVE/USDC:USDC,581737.28,1.25e-05,100.645
2026-05-10T20:00:00+00:00,hyperliquid,AAVE/USDC:USDC,580521.6999999997,3.19881e-05,102.295
2026-05-10T21:00:00+00:00,hyperliquid,AAVE/USDC:USDC,560181.7800000001,1.25e-05,99.547
2026-05-10T22:00:00+00:00,hyperliquid,AAVE/USDC:USDC,560078.12,1.25e-05,100.74
2026-05-10T23:00:00+00:00,hyperliquid,AAVE/USDC:USDC,560136.6400000002,3.2461e-05,102.095
2026-05-11T00:00:00+00:00,hyperliquid,AAVE/USDC:USDC,562432.9400000003,5.37142e-05,102.325
2026-05-11T01:00:00+00:00,hyperliquid,AAVE/USDC:USDC,545482.82,2.07563e-05,100.355
2026-05-11T02:00:00+00:00,hyperliquid,AAVE/USDC:USDC,573912.3400000002,5.42293e-05,101.29
2026-05-11T03:00:00+00:00,hyperliquid,AAVE/USDC:USDC,573622.14,3.49258e-05,100.17
2026-05-11T04:00:00+00:00,hyperliquid,AAVE/USDC:USDC,567791.2800000001,3.56432e-05,99.562
2026-05-11T05:00:00+00:00,hyperliquid,AAVE/USDC:USDC,567532.8000000003,3.61286e-05,100.09
2026-05-11T06:00:00+00:00,hyperliquid,AAVE/USDC:USDC,571632.12,1.61647e-05,100.495
2026-05-11T07:00:00+00:00,hyperliquid,AAVE/USDC:USDC,573391.2799999999,1.25e-05,100.745
2026-05-11T08:00:00+00:00,hyperliquid,AAVE/USDC:USDC,573581.8999999998,1.25e-05,100.565
2026-05-11T09:00:00+00:00,hyperliquid,AAVE/USDC:USDC,572805.1999999998,1.25e-05,100.345
2026-05-11T10:00:00+00:00,hyperliquid,AAVE/USDC:USDC,572631.9999999998,1.25e-05,101.01
2026-05-11T11:00:00+00:00,hyperliquid,AAVE/USDC:USDC,573448.6199999999,1.25e-05,100.335
2026-05-11T12:00:00+00:00,hyperliquid,AAVE/USDC:USDC,574460.88,1.25e-05,100.37
2026-05-11T13:00:00+00:00,hyperliquid,AAVE/USDC:USDC,572205.9199999999,1.25e-05,100.09
2026-05-11T14:00:00+00:00,hyperliquid,AAVE/USDC:USDC,570508.28,1.25e-05,100.205
2026-05-11T15:00:00+00:00,hyperliquid,AAVE/USDC:USDC,569047.2200000001,1.25e-05,99.3395
2026-05-11T16:00:00+00:00,hyperliquid,AAVE/USDC:USDC,581240.1400000002,1.25e-05,101.86
2026-05-11T17:00:00+00:00,hyperliquid,AAVE/USDC:USDC,580956.1199999999,1.25e-05,101.18
2026-05-11T18:00:00+00:00,hyperliquid,AAVE/USDC:USDC,580850.0199999999,1.25e-05,102.225
2026-05-11T19:00:00+00:00,hyperliquid,AAVE/USDC:USDC,585094.06,1.25e-05,102.455
2026-05-11T20:00:00+00:00,hyperliquid,AAVE/USDC:USDC,579067.3400000001,1.25e-05,102.045
2026-05-11T21:00:00+00:00,hyperliquid,AAVE/USDC:USDC,579522.18,1.25e-05,101.915
2026-05-11T22:00:00+00:00,hyperliquid,AAVE/USDC:USDC,568534.2799999999,1.25e-05,101.61
2026-05-11T23:00:00+00:00,hyperliquid,AAVE/USDC:USDC,568234.7600000001,1.25e-05,100.965
2026-05-12T00:00:00+00:00,hyperliquid,AAVE/USDC:USDC,568166.8,1.25e-05,101.34
2026-05-12T01:00:00+00:00,hyperliquid,AAVE/USDC:USDC,563894.6200000001,1.25e-05,101.175
2026-05-12T02:00:00+00:00,hyperliquid,AAVE/USDC:USDC,564889.7400000001,1.25e-05,99.9065
2026-05-12T03:00:00+00:00,hyperliquid,AAVE/USDC:USDC,588317.0600000002,2.34171e-05,100.445
2026-05-12T04:00:00+00:00,hyperliquid,AAVE/USDC:USDC,588183.4200000002,1.25e-05,99.825
2026-05-12T05:00:00+00:00,hyperliquid,AAVE/USDC:USDC,588252.88,1.85524e-05,100.255
2026-05-12T06:00:00+00:00,hyperliquid,AAVE/USDC:USDC,588204.2200000002,1.59476e-05,100.315
2026-05-12T07:00:00+00:00,hyperliquid,AAVE/USDC:USDC,588707.0599999999,1.51102e-05,99.6075
2026-05-12T08:00:00+00:00,hyperliquid,AAVE/USDC:USDC,586408.5000000002,1.25e-05,99.4865
2026-05-12T09:00:00+00:00,hyperliquid,AAVE/USDC:USDC,579805.16,1.25e-05,99.0995
2026-05-12T10:00:00+00:00,hyperliquid,AAVE/USDC:USDC,578906.16,1.25e-05,98.7065
2026-05-12T11:00:00+00:00,hyperliquid,AAVE/USDC:USDC,578965.7600000001,1.25e-05,98.252
2026-05-12T12:00:00+00:00,hyperliquid,AAVE/USDC:USDC,569233.7800000005,1.25e-05,98.0255
2026-05-12T13:00:00+00:00,hyperliquid,AAVE/USDC:USDC,570192.72,1.25e-05,97.7985
2026-05-12T14:00:00+00:00,hyperliquid,AAVE/USDC:USDC,567580.2000000003,1.25e-05,96.7725
2026-05-12T15:00:00+00:00,hyperliquid,AAVE/USDC:USDC,525554.42,1.25e-05,95.54
2026-05-12T16:00:00+00:00,hyperliquid,AAVE/USDC:USDC,523804.3800000001,1.25e-05,95.7955
2026-05-12T17:00:00+00:00,hyperliquid,AAVE/USDC:USDC,524621.56,1.25e-05,95.754
2026-05-12T18:00:00+00:00,hyperliquid,AAVE/USDC:USDC,524523.2999999998,1.25e-05,95.767
2026-05-12T19:00:00+00:00,hyperliquid,AAVE/USDC:USDC,528327.64,1.25e-05,96.082
2026-05-12T20:00:00+00:00,hyperliquid,AAVE/USDC:USDC,530417.36,1.25e-05,96.5335
2026-05-12T21:00:00+00:00,hyperliquid,AAVE/USDC:USDC,527942.5400000002,1.25e-05,96.743
2026-05-12T22:00:00+00:00,hyperliquid,AAVE/USDC:USDC,530994.9000000001,1.25e-05,97.1265
2026-05-12T23:00:00+00:00,hyperliquid,AAVE/USDC:USDC,531522.4600000001,1.25e-05,97.237
2026-05-13T00:00:00+00:00,hyperliquid,AAVE/USDC:USDC,530974.6600000001,1.25e-05,96.4595
2026-05-13T01:00:00+00:00,hyperliquid,AAVE/USDC:USDC,528301.02,1.25e-05,97.007
2026-05-13T02:00:00+00:00,hyperliquid,AAVE/USDC:USDC,528444.74,1.25e-05,97.78
2026-05-13T03:00:00+00:00,hyperliquid,AAVE/USDC:USDC,528724.1,1.25e-05,98.2255
2026-05-13T04:00:00+00:00,hyperliquid,AAVE/USDC:USDC,528553.32,1.25e-05,98.737
2026-05-13T05:00:00+00:00,hyperliquid,AAVE/USDC:USDC,528314.7999999999,1.25e-05,98.6595
2026-05-13T06:00:00+00:00,hyperliquid,AAVE/USDC:USDC,524943.62,1.25e-05,97.9725
2026-05-13T07:00:00+00:00,hyperliquid,AAVE/USDC:USDC,524847.62,1.25e-05,98.1965
2026-05-13T08:00:00+00:00,hyperliquid,AAVE/USDC:USDC,525457.4800000001,1.25e-05,98.211
2026-05-13T09:00:00+00:00,hyperliquid,AAVE/USDC:USDC,525064.82,1.25e-05,98.5445
2026-05-13T10:00:00+00:00,hyperliquid,AAVE/USDC:USDC,524939.1799999998,1.25e-05,99.7435
2026-05-13T11:00:00+00:00,hyperliquid,AAVE/USDC:USDC,524735.0800000002,1.25e-05,98.561
2026-05-13T12:00:00+00:00,hyperliquid,AAVE/USDC:USDC,527173.0799999998,1.25e-05,97.8135
2026-05-13T13:00:00+00:00,hyperliquid,AAVE/USDC:USDC,532451.08,1.25e-05,96.8885
2026-05-13T14:00:00+00:00,hyperliquid,AAVE/USDC:USDC,534955.7000000001,1.25e-05,96.4155
2026-05-13T15:00:00+00:00,hyperliquid,AAVE/USDC:USDC,537586.72,1.25e-05,97.0085
2026-05-13T16:00:00+00:00,hyperliquid,AAVE/USDC:USDC,527772.0400000005,1.25e-05,95.139
2026-05-13T17:00:00+00:00,hyperliquid,AAVE/USDC:USDC,526660.7,1.25e-05,95.606
2026-05-13T18:00:00+00:00,hyperliquid,AAVE/USDC:USDC,526868.2999999999,1.25e-05,95.987
2026-05-13T19:00:00+00:00,hyperliquid,AAVE/USDC:USDC,525946.24,1.25e-05,95.849
2026-05-13T20:00:00+00:00,hyperliquid,AAVE/USDC:USDC,525457.9000000003,1.25e-05,95.9145
2026-05-13T21:00:00+00:00,hyperliquid,AAVE/USDC:USDC,524979.94,1.25e-05,96.198
2026-05-13T22:00:00+00:00,hyperliquid,AAVE/USDC:USDC,525303.84,1.25e-05,95.5085
2026-05-13T23:00:00+00:00,hyperliquid,AAVE/USDC:USDC,519883.76,1.25e-05,96.1585
2026-05-14T00:00:00+00:00,hyperliquid,AAVE/USDC:USDC,519050.6,1.25e-05,96.4805
2026-05-14T01:00:00+00:00,hyperliquid,AAVE/USDC:USDC,519117.86,1.25e-05,97.33
2026-05-14T02:00:00+00:00,hyperliquid,AAVE/USDC:USDC,520945.62,2.79848e-05,97.833
2026-05-14T03:00:00+00:00,hyperliquid,AAVE/USDC:USDC,515979.78,1.25e-05,96.92
2026-05-14T04:00:00+00:00,hyperliquid,AAVE/USDC:USDC,511779.2,1.25e-05,95.6615
2026-05-14T05:00:00+00:00,hyperliquid,AAVE/USDC:USDC,512431.64,1.25e-05,96.3705
2026-05-14T06:00:00+00:00,hyperliquid,AAVE/USDC:USDC,512294.7800000001,1.25e-05,97.1535
2026-05-14T07:00:00+00:00,hyperliquid,AAVE/USDC:USDC,512453.58,1.25e-05,96.9265
2026-05-14T08:00:00+00:00,hyperliquid,AAVE/USDC:USDC,511691.52,1.25e-05,96.124
2026-05-14T09:00:00+00:00,hyperliquid,AAVE/USDC:USDC,513378.18,1.25e-05,96.6695
2026-05-14T10:00:00+00:00,hyperliquid,AAVE/USDC:USDC,513754.86,1.25e-05,96.569
2026-05-14T11:00:00+00:00,hyperliquid,AAVE/USDC:USDC,515719.1400000001,1.25e-05,96.711
2026-05-14T12:00:00+00:00,hyperliquid,AAVE/USDC:USDC,511261.46,1.25e-05,96.3465
2026-05-14T13:00:00+00:00,hyperliquid,AAVE/USDC:USDC,510981.76,1.25e-05,97.221
2026-05-14T14:00:00+00:00,hyperliquid,AAVE/USDC:USDC,510393.52,1.25e-05,97.129
2026-05-14T15:00:00+00:00,hyperliquid,AAVE/USDC:USDC,512608.9800000003,1.25e-05,99.015
2026-05-14T16:00:00+00:00,hyperliquid,AAVE/USDC:USDC,511460.2399999999,1.25e-05,98.9385
2026-05-14T17:00:00+00:00,hyperliquid,AAVE/USDC:USDC,508225.8799999999,1.25e-05,100.145
2026-05-14T18:00:00+00:00,hyperliquid,AAVE/USDC:USDC,506922.02,1.25e-05,99.415
2026-05-14T19:00:00+00:00,hyperliquid,AAVE/USDC:USDC,521032.6800000001,1.25e-05,100.785
2026-05-14T20:00:00+00:00,hyperliquid,AAVE/USDC:USDC,516255.4799999999,1.25e-05,100.09
2026-05-14T21:00:00+00:00,hyperliquid,AAVE/USDC:USDC,513941.9000000002,1.25e-05,99.817
2026-05-14T22:00:00+00:00,hyperliquid,AAVE/USDC:USDC,513051.5599999999,1.25e-05,99.444
2026-05-14T23:00:00+00:00,hyperliquid,AAVE/USDC:USDC,513313.6799999999,1.25e-05,98.9245
2026-05-15T00:00:00+00:00,hyperliquid,AAVE/USDC:USDC,511669.36,1.25e-05,98.1825
2026-05-15T01:00:00+00:00,hyperliquid,AAVE/USDC:USDC,513139.2,1.25e-05,98.9565
2026-05-15T02:00:00+00:00,hyperliquid,AAVE/USDC:USDC,512287.8599999989,1.25e-05,97.9605
2026-05-15T03:00:00+00:00,hyperliquid,AAVE/USDC:USDC,513726.18,1.25e-05,98.1075
2026-05-15T04:00:00+00:00,hyperliquid,AAVE/USDC:USDC,513543.32,1.25e-05,97.8755
2026-05-15T05:00:00+00:00,hyperliquid,AAVE/USDC:USDC,515746.76,-6.7442e-06,97.5095
2026-05-15T06:00:00+00:00,hyperliquid,AAVE/USDC:USDC,512110.4600000001,-6.5113e-06,96.1795
2026-05-15T07:00:00+00:00,hyperliquid,AAVE/USDC:USDC,511682.46,5.9204e-06,96.7995
2026-05-15T08:00:00+00:00,hyperliquid,AAVE/USDC:USDC,511169.26,1.25e-05,96.819
2026-05-15T09:00:00+00:00,hyperliquid,AAVE/USDC:USDC,510980.92,1.25e-05,96.462
2026-05-15T10:00:00+00:00,hyperliquid,AAVE/USDC:USDC,511514.12,1.25e-05,95.9885
2026-05-15T11:00:00+00:00,hyperliquid,AAVE/USDC:USDC,512461.04,1.25e-05,96.268
2026-05-15T12:00:00+00:00,hyperliquid,AAVE/USDC:USDC,512539.96,1.25e-05,96.0725
2026-05-15T13:00:00+00:00,hyperliquid,AAVE/USDC:USDC,514271.68,1.25e-05,94.9915
2026-05-15T14:00:00+00:00,hyperliquid,AAVE/USDC:USDC,532198.8999999998,1.25e-05,92.8675
2026-05-15T15:00:00+00:00,hyperliquid,AAVE/USDC:USDC,551470.8999999998,1.25e-05,93.5295
2026-05-15T16:00:00+00:00,hyperliquid,AAVE/USDC:USDC,556555.2200000002,1.25e-05,93.3505
2026-05-15T17:00:00+00:00,hyperliquid,AAVE/USDC:USDC,560810.2600000001,1.25e-05,93.8405
2026-05-15T18:00:00+00:00,hyperliquid,AAVE/USDC:USDC,555208.7999999999,1.25e-05,94.023
2026-05-15T19:00:00+00:00,hyperliquid,AAVE/USDC:USDC,548193.0200000003,1.25e-05,93.1305
2026-05-15T20:00:00+00:00,hyperliquid,AAVE/USDC:USDC,548389.14,1.25e-05,92.8015
2026-05-15T21:00:00+00:00,hyperliquid,AAVE/USDC:USDC,556595.6200000002,1.25e-05,92.732
2026-05-15T22:00:00+00:00,hyperliquid,AAVE/USDC:USDC,555899.9400000001,1.25e-05,92.6185
2026-05-15T23:00:00+00:00,hyperliquid,AAVE/USDC:USDC,556343.84,1.25e-05,93.157
2026-05-16T00:00:00+00:00,hyperliquid,AAVE/USDC:USDC,555582.2200000001,1.25e-05,92.82
2026-05-16T01:00:00+00:00,hyperliquid,AAVE/USDC:USDC,555589.08,1.25e-05,93.094
2026-05-16T02:00:00+00:00,hyperliquid,AAVE/USDC:USDC,547463.9399999996,1.25e-05,92.78
2026-05-16T03:00:00+00:00,hyperliquid,AAVE/USDC:USDC,546725.08,1.25e-05,92.6415
2026-05-16T04:00:00+00:00,hyperliquid,AAVE/USDC:USDC,546066.4199999999,1.25e-05,92.1225
2026-05-16T05:00:00+00:00,hyperliquid,AAVE/USDC:USDC,544329.1,1.25e-05,91.424
2026-05-16T06:00:00+00:00,hyperliquid,AAVE/USDC:USDC,545248.14,7.0711e-06,90.825
2026-05-16T07:00:00+00:00,hyperliquid,AAVE/USDC:USDC,534550.5599999999,-1.6096e-06,89.835
2026-05-16T08:00:00+00:00,hyperliquid,AAVE/USDC:USDC,535124.3400000004,1.25e-05,89.1105
2026-05-16T09:00:00+00:00,hyperliquid,AAVE/USDC:USDC,544326.0400000002,1.25e-05,89.316
2026-05-16T10:00:00+00:00,hyperliquid,AAVE/USDC:USDC,553259.5400000002,1.25e-05,88.3135
2026-05-16T11:00:00+00:00,hyperliquid,AAVE/USDC:USDC,552584.18,1.25e-05,88.93
2026-05-16T12:00:00+00:00,hyperliquid,AAVE/USDC:USDC,551548.3000000002,1.25e-05,89.241
2026-05-16T13:00:00+00:00,hyperliquid,AAVE/USDC:USDC,551614.2999999998,1.25e-05,89.127
2026-05-16T14:00:00+00:00,hyperliquid,AAVE/USDC:USDC,550011.8,1.25e-05,89.193
2026-05-16T15:00:00+00:00,hyperliquid,AAVE/USDC:USDC,550694.2199999999,1.25e-05,90.183
2026-05-16T16:00:00+00:00,hyperliquid,AAVE/USDC:USDC,550730.86,1.25e-05,90.6575
