timestamp_utc,exchange,symbol,oi,funding_rate,mark_price
2025-12-14T17:00:00+00:00,hyperliquid,ETH/USDC:USDC,849462.0051999998,1.25e-05,3077.75
2025-12-14T18:00:00+00:00,hyperliquid,ETH/USDC:USDC,848981.2456000003,1.25e-05,3084.25
2025-12-14T19:00:00+00:00,hyperliquid,ETH/USDC:USDC,850256.2932000001,1.25e-05,3100.05
2025-12-14T20:00:00+00:00,hyperliquid,ETH/USDC:USDC,850305.8081999999,1.25e-05,3092.0
2025-12-14T21:00:00+00:00,hyperliquid,ETH/USDC:USDC,831817.5029999997,1.25e-05,3084.05
2025-12-14T22:00:00+00:00,hyperliquid,ETH/USDC:USDC,842869.8109999999,1.25e-05,3082.55
2025-12-14T23:00:00+00:00,hyperliquid,ETH/USDC:USDC,834314.5570000001,1.25e-05,3077.85
2025-12-15T00:00:00+00:00,hyperliquid,ETH/USDC:USDC,830205.228,1.25e-05,3070.35
2025-12-15T01:00:00+00:00,hyperliquid,ETH/USDC:USDC,824937.9712000003,1.25e-05,3075.55
2025-12-15T02:00:00+00:00,hyperliquid,ETH/USDC:USDC,826102.8305999999,1.25e-05,3109.5
2025-12-15T03:00:00+00:00,hyperliquid,ETH/USDC:USDC,839146.3155999995,1.25e-05,3117.65
2025-12-15T04:00:00+00:00,hyperliquid,ETH/USDC:USDC,829703.6457999998,1.25e-05,3110.55
2025-12-15T05:00:00+00:00,hyperliquid,ETH/USDC:USDC,829989.3569999997,1.25e-05,3124.55
2025-12-15T06:00:00+00:00,hyperliquid,ETH/USDC:USDC,829536.228,1.25e-05,3120.45
2025-12-15T07:00:00+00:00,hyperliquid,ETH/USDC:USDC,841334.387,1.25e-05,3142.65
2025-12-15T08:00:00+00:00,hyperliquid,ETH/USDC:USDC,844500.0237999998,1.25e-05,3129.15
2025-12-15T09:00:00+00:00,hyperliquid,ETH/USDC:USDC,840036.1241999998,1.25e-05,3139.75
2025-12-15T10:00:00+00:00,hyperliquid,ETH/USDC:USDC,838439.7923999996,1.25e-05,3154.05
2025-12-15T11:00:00+00:00,hyperliquid,ETH/USDC:USDC,840895.9910000004,1.25e-05,3157.95
2025-12-15T12:00:00+00:00,hyperliquid,ETH/USDC:USDC,838974.5900000001,1.25e-05,3154.75
2025-12-15T13:00:00+00:00,hyperliquid,ETH/USDC:USDC,839986.8924000004,1.25e-05,3155.85
2025-12-15T14:00:00+00:00,hyperliquid,ETH/USDC:USDC,843964.5597999997,1.25e-05,3135.55
2025-12-15T15:00:00+00:00,hyperliquid,ETH/USDC:USDC,851540.6730000003,1.25e-05,3029.8
2025-12-15T16:00:00+00:00,hyperliquid,ETH/USDC:USDC,856289.0824000001,1.25e-05,3010.65
2025-12-15T17:00:00+00:00,hyperliquid,ETH/USDC:USDC,854221.2468000002,1.25e-05,2991.65
2025-12-15T18:00:00+00:00,hyperliquid,ETH/USDC:USDC,843031.7122000009,1.25e-05,2937.25
2025-12-15T19:00:00+00:00,hyperliquid,ETH/USDC:USDC,840081.1758000001,1.25e-05,2947.4
2025-12-15T20:00:00+00:00,hyperliquid,ETH/USDC:USDC,834598.2856,1.25e-05,2930.65
2025-12-15T21:00:00+00:00,hyperliquid,ETH/USDC:USDC,838277.8510000003,1.25e-05,2929.05
2025-12-15T22:00:00+00:00,hyperliquid,ETH/USDC:USDC,839269.9812,1.25e-05,2943.35
2025-12-15T23:00:00+00:00,hyperliquid,ETH/USDC:USDC,836898.9954000001,1.25e-05,2952.55
2025-12-16T00:00:00+00:00,hyperliquid,ETH/USDC:USDC,845719.0998000001,1.25e-05,2961.85
2025-12-16T01:00:00+00:00,hyperliquid,ETH/USDC:USDC,848783.2111999998,1.25e-05,2941.65
2025-12-16T02:00:00+00:00,hyperliquid,ETH/USDC:USDC,835168.3728,1.25e-05,2947.45
2025-12-16T03:00:00+00:00,hyperliquid,ETH/USDC:USDC,835772.6730000001,1.25e-05,2946.75
2025-12-16T04:00:00+00:00,hyperliquid,ETH/USDC:USDC,831759.9170000001,1.25e-05,2936.65
2025-12-16T05:00:00+00:00,hyperliquid,ETH/USDC:USDC,815627.213,1.25e-05,2918.95
2025-12-16T06:00:00+00:00,hyperliquid,ETH/USDC:USDC,820426.0453999997,1.25e-05,2924.85
2025-12-16T07:00:00+00:00,hyperliquid,ETH/USDC:USDC,829594.171600001,1.25e-05,2946.45
2025-12-16T08:00:00+00:00,hyperliquid,ETH/USDC:USDC,829990.5320000002,1.25e-05,2925.95
2025-12-16T09:00:00+00:00,hyperliquid,ETH/USDC:USDC,827605.7797999999,1.25e-05,2928.45
2025-12-16T10:00:00+00:00,hyperliquid,ETH/USDC:USDC,827731.8812000004,1.25e-05,2924.25
2025-12-16T11:00:00+00:00,hyperliquid,ETH/USDC:USDC,837324.4413999999,1.25e-05,2945.35
2025-12-16T12:00:00+00:00,hyperliquid,ETH/USDC:USDC,840509.1184000002,1.25e-05,2958.45
2025-12-16T13:00:00+00:00,hyperliquid,ETH/USDC:USDC,836909.4597999997,1.25e-05,2949.95
2025-12-16T14:00:00+00:00,hyperliquid,ETH/USDC:USDC,855120.4037999999,6.4413e-06,2921.35
2025-12-16T15:00:00+00:00,hyperliquid,ETH/USDC:USDC,858111.5184000001,1.25e-05,2941.25
2025-12-16T16:00:00+00:00,hyperliquid,ETH/USDC:USDC,852608.6134000001,1.25e-05,2959.85
2025-12-16T17:00:00+00:00,hyperliquid,ETH/USDC:USDC,853712.0828000002,8.7145e-06,2936.65
2025-12-16T18:00:00+00:00,hyperliquid,ETH/USDC:USDC,855249.1460000001,8.599e-07,2915.75
2025-12-16T19:00:00+00:00,hyperliquid,ETH/USDC:USDC,859880.7488000003,1.25e-05,2949.85
2025-12-16T20:00:00+00:00,hyperliquid,ETH/USDC:USDC,860312.2334,1.25e-05,2945.55
2025-12-16T21:00:00+00:00,hyperliquid,ETH/USDC:USDC,860744.6244,1.25e-05,2946.15
2025-12-16T22:00:00+00:00,hyperliquid,ETH/USDC:USDC,866228.7835999998,1.25e-05,2953.95
2025-12-16T23:00:00+00:00,hyperliquid,ETH/USDC:USDC,859987.9866000002,1.25e-05,2951.65
2025-12-17T00:00:00+00:00,hyperliquid,ETH/USDC:USDC,860307.3625999998,1.25e-05,2954.55
2025-12-17T01:00:00+00:00,hyperliquid,ETH/USDC:USDC,853732.0666000003,1.25e-05,2949.65
2025-12-17T02:00:00+00:00,hyperliquid,ETH/USDC:USDC,860310.6134000001,1.25e-05,2951.45
2025-12-17T03:00:00+00:00,hyperliquid,ETH/USDC:USDC,862388.7453999997,1.25e-05,2960.25
2025-12-17T04:00:00+00:00,hyperliquid,ETH/USDC:USDC,862162.2145999998,1.25e-05,2947.95
2025-12-17T05:00:00+00:00,hyperliquid,ETH/USDC:USDC,861747.0112000003,1.25e-05,2925.95
2025-12-17T06:00:00+00:00,hyperliquid,ETH/USDC:USDC,861619.7828,1.25e-05,2930.55
2025-12-17T07:00:00+00:00,hyperliquid,ETH/USDC:USDC,862197.6152000001,1.25e-05,2936.75
2025-12-17T08:00:00+00:00,hyperliquid,ETH/USDC:USDC,860324.8420000003,1.25e-05,2944.75
2025-12-17T09:00:00+00:00,hyperliquid,ETH/USDC:USDC,858207.1802000004,1.25e-05,2924.75
2025-12-17T12:00:00+00:00,hyperliquid,ETH/USDC:USDC,864227.0423999998,1.25e-05,2931.35
2025-12-17T13:00:00+00:00,hyperliquid,ETH/USDC:USDC,862482.3894,1.25e-05,2926.45
2025-12-17T14:00:00+00:00,hyperliquid,ETH/USDC:USDC,870015.5092,1.25e-05,2944.65
2025-12-17T15:00:00+00:00,hyperliquid,ETH/USDC:USDC,867768.9921999996,-2.22066e-05,2976.5
2025-12-17T16:00:00+00:00,hyperliquid,ETH/USDC:USDC,847899.5414000003,1.25e-05,2909.45
2025-12-17T17:00:00+00:00,hyperliquid,ETH/USDC:USDC,844270.1909999999,9.6387e-06,2868.15
2025-12-17T18:00:00+00:00,hyperliquid,ETH/USDC:USDC,845921.7167999999,1.25e-05,2851.85
2025-12-17T19:00:00+00:00,hyperliquid,ETH/USDC:USDC,833188.7852000004,-2.2654e-06,2811.25
2025-12-17T20:00:00+00:00,hyperliquid,ETH/USDC:USDC,829837.7565999998,1.25e-05,2816.95
2025-12-17T21:00:00+00:00,hyperliquid,ETH/USDC:USDC,814059.0054000006,1.25e-05,2824.05
2025-12-17T22:00:00+00:00,hyperliquid,ETH/USDC:USDC,814298.5314000004,1.00326e-05,2817.25
2025-12-17T23:00:00+00:00,hyperliquid,ETH/USDC:USDC,813155.4556000001,6.8844e-06,2830.15
2025-12-18T00:00:00+00:00,hyperliquid,ETH/USDC:USDC,808230.7080000001,1.25e-05,2832.15
2025-12-18T01:00:00+00:00,hyperliquid,ETH/USDC:USDC,805377.6704000002,-6.408e-07,2831.05
2025-12-18T02:00:00+00:00,hyperliquid,ETH/USDC:USDC,807535.3192000003,1.25e-05,2824.25
2025-12-18T03:00:00+00:00,hyperliquid,ETH/USDC:USDC,813757.5738,8.7e-06,2833.35
2025-12-18T04:00:00+00:00,hyperliquid,ETH/USDC:USDC,813169.1904000001,1.25e-05,2834.85
2025-12-18T05:00:00+00:00,hyperliquid,ETH/USDC:USDC,813863.6011999996,5.3126e-06,2835.45
2025-12-18T06:00:00+00:00,hyperliquid,ETH/USDC:USDC,818179.5603999996,1.21979e-05,2823.85
2025-12-18T07:00:00+00:00,hyperliquid,ETH/USDC:USDC,820087.0359999998,1.24057e-05,2834.15
2025-12-18T08:00:00+00:00,hyperliquid,ETH/USDC:USDC,819747.1599999998,3.9553e-06,2835.05
2025-12-18T09:00:00+00:00,hyperliquid,ETH/USDC:USDC,834776.3817999997,1.25e-05,2839.55
2025-12-18T10:00:00+00:00,hyperliquid,ETH/USDC:USDC,834569.6677999999,1.25e-05,2850.55
2025-12-18T11:00:00+00:00,hyperliquid,ETH/USDC:USDC,835699.4989999995,1.02383e-05,2856.85
2025-12-18T12:00:00+00:00,hyperliquid,ETH/USDC:USDC,836623.4957999999,1.25e-05,2860.25
2025-12-18T13:00:00+00:00,hyperliquid,ETH/USDC:USDC,844153.7975999997,1.25e-05,2874.75
2025-12-18T14:00:00+00:00,hyperliquid,ETH/USDC:USDC,838347.3853999994,1.25e-05,2978.65
2025-12-18T15:00:00+00:00,hyperliquid,ETH/USDC:USDC,839472.6612000001,6.7114e-06,2951.55
2025-12-18T16:00:00+00:00,hyperliquid,ETH/USDC:USDC,831233.1946000009,8.7304e-06,2962.15
2025-12-18T17:00:00+00:00,hyperliquid,ETH/USDC:USDC,836559.6860000002,5.002e-06,2935.65
2025-12-18T18:00:00+00:00,hyperliquid,ETH/USDC:USDC,819271.0757999999,1.25e-05,2841.75
2025-12-18T19:00:00+00:00,hyperliquid,ETH/USDC:USDC,813342.884,-1.46679e-05,2819.45
2025-12-18T20:00:00+00:00,hyperliquid,ETH/USDC:USDC,805000.762,2.6635e-06,2790.55
2025-12-18T21:00:00+00:00,hyperliquid,ETH/USDC:USDC,810419.5588000001,1.25e-05,2810.05
2025-12-18T22:00:00+00:00,hyperliquid,ETH/USDC:USDC,820691.5529999998,1.25e-05,2827.65
2025-12-18T23:00:00+00:00,hyperliquid,ETH/USDC:USDC,804726.7715999997,-1.0874e-06,2826.95
2025-12-19T00:00:00+00:00,hyperliquid,ETH/USDC:USDC,805243.9225999997,2.6311e-06,2826.95
2025-12-19T01:00:00+00:00,hyperliquid,ETH/USDC:USDC,801205.8529999998,5.0289e-06,2827.85
2025-12-19T02:00:00+00:00,hyperliquid,ETH/USDC:USDC,800886.9451999997,1.07351e-05,2816.75
2025-12-19T03:00:00+00:00,hyperliquid,ETH/USDC:USDC,803044.3106,1.02021e-05,2835.55
2025-12-19T04:00:00+00:00,hyperliquid,ETH/USDC:USDC,802606.4171999998,1.25e-05,2923.25
2025-12-19T05:00:00+00:00,hyperliquid,ETH/USDC:USDC,797487.5128000001,1.25e-05,2919.35
2025-12-19T06:00:00+00:00,hyperliquid,ETH/USDC:USDC,805735.9391999999,1.25e-05,2918.65
2025-12-19T07:00:00+00:00,hyperliquid,ETH/USDC:USDC,807534.7988000006,1.25e-05,2949.4
2025-12-19T08:00:00+00:00,hyperliquid,ETH/USDC:USDC,801391.4722000002,8.6493e-06,2950.45
2025-12-19T09:00:00+00:00,hyperliquid,ETH/USDC:USDC,812154.6138,9.5505e-06,2947.75
2025-12-19T10:00:00+00:00,hyperliquid,ETH/USDC:USDC,812684.6514000003,1.9101e-06,2954.05
2025-12-19T11:00:00+00:00,hyperliquid,ETH/USDC:USDC,814755.3766000002,1.25e-05,2950.95
2025-12-19T12:00:00+00:00,hyperliquid,ETH/USDC:USDC,825921.2668000001,1.25e-05,2964.55
2025-12-19T13:00:00+00:00,hyperliquid,ETH/USDC:USDC,823088.8697999999,1.25e-05,2956.55
2025-12-19T14:00:00+00:00,hyperliquid,ETH/USDC:USDC,823065.3559999999,1.25e-05,2957.25
2025-12-19T15:00:00+00:00,hyperliquid,ETH/USDC:USDC,830496.3750000002,8.8002e-06,2974.65
2025-12-19T16:00:00+00:00,hyperliquid,ETH/USDC:USDC,825869.3383999998,1.20577e-05,2966.95
2025-12-19T17:00:00+00:00,hyperliquid,ETH/USDC:USDC,827558.2912000002,1.07611e-05,2967.75
2025-12-19T18:00:00+00:00,hyperliquid,ETH/USDC:USDC,864738.2208000002,1.25e-05,2943.15
2025-12-19T19:00:00+00:00,hyperliquid,ETH/USDC:USDC,852207.7929999995,1.25e-05,2967.85
2025-12-19T20:00:00+00:00,hyperliquid,ETH/USDC:USDC,855643.7198000001,1.25e-05,2986.25
2025-12-19T21:00:00+00:00,hyperliquid,ETH/USDC:USDC,857286.9746000003,1.25e-05,2991.45
2025-12-19T22:00:00+00:00,hyperliquid,ETH/USDC:USDC,856568.0464000001,1.25e-05,2978.55
2025-12-19T23:00:00+00:00,hyperliquid,ETH/USDC:USDC,852888.1506000003,1.25e-05,2986.75
2025-12-20T00:00:00+00:00,hyperliquid,ETH/USDC:USDC,842933.0262000001,1.25e-05,2978.55
2025-12-20T01:00:00+00:00,hyperliquid,ETH/USDC:USDC,837578.3264000001,1.25e-05,2975.15
2025-12-20T02:00:00+00:00,hyperliquid,ETH/USDC:USDC,837415.1303999999,1.25e-05,2974.55
2025-12-20T03:00:00+00:00,hyperliquid,ETH/USDC:USDC,838672.1320000001,1.25e-05,2981.85
2025-12-20T04:00:00+00:00,hyperliquid,ETH/USDC:USDC,844244.8855999998,1.25e-05,2989.75
2025-12-20T05:00:00+00:00,hyperliquid,ETH/USDC:USDC,844233.3886000001,1.25e-05,2982.45
2025-12-20T06:00:00+00:00,hyperliquid,ETH/USDC:USDC,844450.486,1.25e-05,2980.55
2025-12-20T07:00:00+00:00,hyperliquid,ETH/USDC:USDC,844270.9724000001,1.25e-05,2980.55
2025-12-20T08:00:00+00:00,hyperliquid,ETH/USDC:USDC,843711.1799999999,1.25e-05,2983.35
2025-12-20T09:00:00+00:00,hyperliquid,ETH/USDC:USDC,846378.5215999999,1.25e-05,2981.85
2025-12-20T10:00:00+00:00,hyperliquid,ETH/USDC:USDC,848612.3375999999,1.25e-05,2981.25
2025-12-20T11:00:00+00:00,hyperliquid,ETH/USDC:USDC,849285.1362,1.25e-05,2977.95
2025-12-20T12:00:00+00:00,hyperliquid,ETH/USDC:USDC,848098.6892000001,1.25e-05,2986.45
2025-12-20T13:00:00+00:00,hyperliquid,ETH/USDC:USDC,848286.5822,1.25e-05,2988.65
2025-12-20T14:00:00+00:00,hyperliquid,ETH/USDC:USDC,845683.4029999999,1.25e-05,2975.75
2025-12-20T15:00:00+00:00,hyperliquid,ETH/USDC:USDC,845310.8275999998,1.12063e-05,2978.95
2025-12-20T16:00:00+00:00,hyperliquid,ETH/USDC:USDC,845615.1979999997,1.00325e-05,2976.35
2025-12-20T17:00:00+00:00,hyperliquid,ETH/USDC:USDC,845289.1974000001,1.15133e-05,2977.75
2025-12-20T18:00:00+00:00,hyperliquid,ETH/USDC:USDC,844907.2131999999,8.7905e-06,2977.85
2025-12-20T19:00:00+00:00,hyperliquid,ETH/USDC:USDC,843613.9700000001,1.2755e-06,2974.85
2025-12-20T20:00:00+00:00,hyperliquid,ETH/USDC:USDC,846363.6182,1.25e-05,2976.45
2025-12-20T21:00:00+00:00,hyperliquid,ETH/USDC:USDC,846196.3856000002,1.14036e-05,2983.55
2025-12-20T22:00:00+00:00,hyperliquid,ETH/USDC:USDC,846104.595,1.25e-05,2978.45
2025-12-20T23:00:00+00:00,hyperliquid,ETH/USDC:USDC,846188.7386000002,1.25e-05,2976.05
2025-12-21T00:00:00+00:00,hyperliquid,ETH/USDC:USDC,843621.1211999997,1.25e-05,2976.25
2025-12-21T01:00:00+00:00,hyperliquid,ETH/USDC:USDC,844109.5468,6.7231e-06,2977.55
2025-12-21T02:00:00+00:00,hyperliquid,ETH/USDC:USDC,845555.396,1.18559e-05,2965.95
2025-12-21T03:00:00+00:00,hyperliquid,ETH/USDC:USDC,845681.0287999997,9.5668e-06,2964.25
2025-12-21T04:00:00+00:00,hyperliquid,ETH/USDC:USDC,845587.458,1.25e-05,2971.85
2025-12-21T05:00:00+00:00,hyperliquid,ETH/USDC:USDC,845795.9236000003,1.06e-05,2973.55
2025-12-21T06:00:00+00:00,hyperliquid,ETH/USDC:USDC,846329.264,1.25e-05,2973.15
2025-12-21T07:00:00+00:00,hyperliquid,ETH/USDC:USDC,846744.6522000001,1.25e-05,2975.25
2025-12-21T08:00:00+00:00,hyperliquid,ETH/USDC:USDC,846554.3529999999,1.25e-05,2980.95
2025-12-21T09:00:00+00:00,hyperliquid,ETH/USDC:USDC,845037.8496000003,1.25e-05,2994.15
2025-12-21T10:00:00+00:00,hyperliquid,ETH/USDC:USDC,843969.5406000005,1.25e-05,3005.05
2025-12-21T11:00:00+00:00,hyperliquid,ETH/USDC:USDC,848742.6426,1.25e-05,2996.45
2025-12-21T12:00:00+00:00,hyperliquid,ETH/USDC:USDC,848246.6007999999,1.25e-05,2995.65
2025-12-21T13:00:00+00:00,hyperliquid,ETH/USDC:USDC,848533.5235999997,1.25e-05,2988.65
2025-12-21T14:00:00+00:00,hyperliquid,ETH/USDC:USDC,846436.0674000004,1.25e-05,2953.35
2025-12-21T15:00:00+00:00,hyperliquid,ETH/USDC:USDC,848688.2286000001,1.25e-05,2967.8
2025-12-21T16:00:00+00:00,hyperliquid,ETH/USDC:USDC,845940.7856000001,1.25e-05,2972.95
2025-12-21T17:00:00+00:00,hyperliquid,ETH/USDC:USDC,850273.745,1.25e-05,2983.65
2025-12-21T18:00:00+00:00,hyperliquid,ETH/USDC:USDC,854753.1797999999,1.25e-05,2981.25
2025-12-21T19:00:00+00:00,hyperliquid,ETH/USDC:USDC,855368.3964000006,1.25e-05,2993.25
2025-12-21T20:00:00+00:00,hyperliquid,ETH/USDC:USDC,853180.387,1.25e-05,2992.55
2025-12-21T21:00:00+00:00,hyperliquid,ETH/USDC:USDC,850235.9744,1.25e-05,2984.85
2025-12-21T22:00:00+00:00,hyperliquid,ETH/USDC:USDC,849155.9388,1.25e-05,2971.15
2025-12-21T23:00:00+00:00,hyperliquid,ETH/USDC:USDC,850936.021,1.25e-05,3003.05
2025-12-22T00:00:00+00:00,hyperliquid,ETH/USDC:USDC,850359.1777999998,1.25e-05,3003.15
2025-12-22T01:00:00+00:00,hyperliquid,ETH/USDC:USDC,853039.9321999999,9.4651e-06,3028.05
2025-12-22T02:00:00+00:00,hyperliquid,ETH/USDC:USDC,853037.5765999997,1.25e-05,3012.95
2025-12-22T03:00:00+00:00,hyperliquid,ETH/USDC:USDC,855373.7605999999,1.25e-05,3009.95
2025-12-22T04:00:00+00:00,hyperliquid,ETH/USDC:USDC,862886.2108,1.25e-05,3022.15
2025-12-22T05:00:00+00:00,hyperliquid,ETH/USDC:USDC,863304.7294000002,1.25e-05,3039.35
2025-12-22T06:00:00+00:00,hyperliquid,ETH/USDC:USDC,855823.1694,1.25e-05,3026.35
2025-12-22T07:00:00+00:00,hyperliquid,ETH/USDC:USDC,861070.0470000001,1.25e-05,3026.75
2025-12-22T08:00:00+00:00,hyperliquid,ETH/USDC:USDC,859714.0447999999,1.25e-05,3033.55
2025-12-22T09:00:00+00:00,hyperliquid,ETH/USDC:USDC,868493.9134,1.25e-05,3028.85
2025-12-22T10:00:00+00:00,hyperliquid,ETH/USDC:USDC,870736.2048000001,1.25e-05,3037.95
2025-12-22T11:00:00+00:00,hyperliquid,ETH/USDC:USDC,869966.8656000001,1.25e-05,3039.75
2025-12-22T12:00:00+00:00,hyperliquid,ETH/USDC:USDC,871616.0194000003,1.25e-05,3050.55
2025-12-22T13:00:00+00:00,hyperliquid,ETH/USDC:USDC,870878.6718000001,6.9655e-06,3056.35
2025-12-22T14:00:00+00:00,hyperliquid,ETH/USDC:USDC,880650.2745999999,1.25e-05,3058.85
2025-12-22T15:00:00+00:00,hyperliquid,ETH/USDC:USDC,883581.0904,-1.28037e-05,3057.05
2025-12-22T16:00:00+00:00,hyperliquid,ETH/USDC:USDC,877618.9171999999,1.00445e-05,3050.35
2025-12-22T17:00:00+00:00,hyperliquid,ETH/USDC:USDC,880135.5703999997,1.25e-05,3040.25
2025-12-22T18:00:00+00:00,hyperliquid,ETH/USDC:USDC,881913.3965999996,1.25e-05,3032.25
2025-12-22T19:00:00+00:00,hyperliquid,ETH/USDC:USDC,874276.6133999999,3.2121e-06,3011.35
2025-12-22T20:00:00+00:00,hyperliquid,ETH/USDC:USDC,877497.1537999995,2.3535e-06,2979.85
2025-12-22T21:00:00+00:00,hyperliquid,ETH/USDC:USDC,880708.0135999997,1.25e-05,2978.55
2025-12-22T22:00:00+00:00,hyperliquid,ETH/USDC:USDC,878094.194,2.0389e-06,2986.45
2025-12-22T23:00:00+00:00,hyperliquid,ETH/USDC:USDC,874526.7114000003,1.25e-05,3008.35
2025-12-23T00:00:00+00:00,hyperliquid,ETH/USDC:USDC,879065.0104000003,-3.391e-07,3005.15
2025-12-23T01:00:00+00:00,hyperliquid,ETH/USDC:USDC,878206.0899999994,1.22972e-05,3023.55
2025-12-23T02:00:00+00:00,hyperliquid,ETH/USDC:USDC,875920.9284,-3.896e-06,3014.45
2025-12-23T03:00:00+00:00,hyperliquid,ETH/USDC:USDC,867820.9504000001,9.4188e-06,2989.05
2025-12-23T04:00:00+00:00,hyperliquid,ETH/USDC:USDC,867329.4390000001,3.8216e-06,2990.35
2025-12-23T05:00:00+00:00,hyperliquid,ETH/USDC:USDC,868299.2544000003,7.3028e-06,2983.25
2025-12-23T06:00:00+00:00,hyperliquid,ETH/USDC:USDC,871419.2994,1.16591e-05,2971.95
2025-12-23T07:00:00+00:00,hyperliquid,ETH/USDC:USDC,882977.0784000002,1.25e-05,2962.15
2025-12-23T08:00:00+00:00,hyperliquid,ETH/USDC:USDC,882948.6068000003,1.25e-05,2964.45
2025-12-23T09:00:00+00:00,hyperliquid,ETH/USDC:USDC,883156.9302000002,5.6333e-06,2964.15
2025-12-23T10:00:00+00:00,hyperliquid,ETH/USDC:USDC,883125.2942000001,3.1188e-06,2962.95
2025-12-23T11:00:00+00:00,hyperliquid,ETH/USDC:USDC,881584.6362,-4.1484e-06,2966.15
2025-12-23T12:00:00+00:00,hyperliquid,ETH/USDC:USDC,887157.5798000001,1.25e-05,2970.35
2025-12-23T13:00:00+00:00,hyperliquid,ETH/USDC:USDC,887880.5094,6.8369e-06,2953.85
2025-12-23T14:00:00+00:00,hyperliquid,ETH/USDC:USDC,886118.4967999997,1.25e-05,2942.95
2025-12-23T15:00:00+00:00,hyperliquid,ETH/USDC:USDC,893330.1410000001,1.0451e-05,2917.75
2025-12-23T16:00:00+00:00,hyperliquid,ETH/USDC:USDC,900465.8213999998,1.4275e-06,2921.25
2025-12-23T17:00:00+00:00,hyperliquid,ETH/USDC:USDC,906666.8908,1.25e-05,2957.25
2025-12-23T18:00:00+00:00,hyperliquid,ETH/USDC:USDC,896298.0942000007,1.25e-05,2915.75
2025-12-23T19:00:00+00:00,hyperliquid,ETH/USDC:USDC,891312.8558000003,-6.34e-07,2944.55
2025-12-23T20:00:00+00:00,hyperliquid,ETH/USDC:USDC,891766.7568000003,1.25e-05,2942.75
2025-12-23T21:00:00+00:00,hyperliquid,ETH/USDC:USDC,891756.813,1.15808e-05,2967.05
2025-12-23T22:00:00+00:00,hyperliquid,ETH/USDC:USDC,892767.4602000003,1.13176e-05,2970.95
2025-12-23T23:00:00+00:00,hyperliquid,ETH/USDC:USDC,881512.6883999999,-5.2601e-06,2952.15
2025-12-24T00:00:00+00:00,hyperliquid,ETH/USDC:USDC,878361.6389999997,5.3791e-06,2965.25
2025-12-24T01:00:00+00:00,hyperliquid,ETH/USDC:USDC,880390.2172000001,1.25e-05,2972.95
2025-12-24T02:00:00+00:00,hyperliquid,ETH/USDC:USDC,876015.8850000004,3.2448e-06,2963.35
2025-12-24T03:00:00+00:00,hyperliquid,ETH/USDC:USDC,876633.4932000004,1.25e-05,2933.25
2025-12-24T04:00:00+00:00,hyperliquid,ETH/USDC:USDC,878507.214,1.25e-05,2944.95
2025-12-24T05:00:00+00:00,hyperliquid,ETH/USDC:USDC,880627.4164000002,1.25e-05,2938.05
2025-12-24T06:00:00+00:00,hyperliquid,ETH/USDC:USDC,876285.8377999999,1.15169e-05,2928.05
2025-12-24T07:00:00+00:00,hyperliquid,ETH/USDC:USDC,880024.8162000001,1.04528e-05,2933.15
2025-12-24T08:00:00+00:00,hyperliquid,ETH/USDC:USDC,876735.3734000005,1.24252e-05,2933.25
2025-12-24T09:00:00+00:00,hyperliquid,ETH/USDC:USDC,878500.1777999998,1.25e-05,2925.15
2025-12-24T10:00:00+00:00,hyperliquid,ETH/USDC:USDC,878805.9157999996,1.25e-05,2920.45
2025-12-24T11:00:00+00:00,hyperliquid,ETH/USDC:USDC,875626.9789999998,1.25e-05,2929.45
2025-12-24T12:00:00+00:00,hyperliquid,ETH/USDC:USDC,881569.0246000002,1.25e-05,2923.75
2025-12-24T13:00:00+00:00,hyperliquid,ETH/USDC:USDC,885317.5048000001,1.25e-05,2935.45
2025-12-24T14:00:00+00:00,hyperliquid,ETH/USDC:USDC,888326.8488000003,1.25e-05,2932.95
2025-12-24T15:00:00+00:00,hyperliquid,ETH/USDC:USDC,876094.1763999999,1.25e-05,2916.35
2025-12-24T16:00:00+00:00,hyperliquid,ETH/USDC:USDC,875339.1434000001,1.25e-05,2925.95
2025-12-24T17:00:00+00:00,hyperliquid,ETH/USDC:USDC,888399.4663999997,1.25e-05,2940.35
2025-12-24T18:00:00+00:00,hyperliquid,ETH/USDC:USDC,879358.0673999998,1.25e-05,2936.25
2025-12-24T19:00:00+00:00,hyperliquid,ETH/USDC:USDC,878530.4727999999,1.25e-05,2939.95
2025-12-24T20:00:00+00:00,hyperliquid,ETH/USDC:USDC,878469.0268000003,1.25e-05,2945.95
2025-12-24T21:00:00+00:00,hyperliquid,ETH/USDC:USDC,875640.198,1.25e-05,2944.55
2025-12-24T22:00:00+00:00,hyperliquid,ETH/USDC:USDC,882397.4032,1.25e-05,2950.05
2025-12-24T23:00:00+00:00,hyperliquid,ETH/USDC:USDC,884476.3745999997,1.25e-05,2956.15
2025-12-25T00:00:00+00:00,hyperliquid,ETH/USDC:USDC,885429.8948000002,1.25e-05,2942.95
2025-12-25T01:00:00+00:00,hyperliquid,ETH/USDC:USDC,885330.192,1.25e-05,2940.15
2025-12-25T02:00:00+00:00,hyperliquid,ETH/USDC:USDC,885706.1398000001,1.25e-05,2945.05
2025-12-25T03:00:00+00:00,hyperliquid,ETH/USDC:USDC,886852.0316000001,1.25e-05,2951.65
2025-12-25T04:00:00+00:00,hyperliquid,ETH/USDC:USDC,886348.0795999999,1.25e-05,2947.05
2025-12-25T05:00:00+00:00,hyperliquid,ETH/USDC:USDC,886671.3353999999,1.25e-05,2942.85
2025-12-25T06:00:00+00:00,hyperliquid,ETH/USDC:USDC,887343.7359999999,1.25e-05,2941.05
2025-12-25T07:00:00+00:00,hyperliquid,ETH/USDC:USDC,888984.4858,1.25e-05,2942.75
2025-12-25T08:00:00+00:00,hyperliquid,ETH/USDC:USDC,888917.3404000001,1.25e-05,2941.45
2025-12-25T09:00:00+00:00,hyperliquid,ETH/USDC:USDC,886861.2480000005,1.25e-05,2927.95
2025-12-25T10:00:00+00:00,hyperliquid,ETH/USDC:USDC,888604.6572,1.25e-05,2927.05
2025-12-25T11:00:00+00:00,hyperliquid,ETH/USDC:USDC,890956.8395999997,1.25e-05,2920.95
2025-12-25T12:00:00+00:00,hyperliquid,ETH/USDC:USDC,889294.8190000003,1.25e-05,2923.85
2025-12-25T13:00:00+00:00,hyperliquid,ETH/USDC:USDC,890196.6792000002,1.25e-05,2926.15
2025-12-25T14:00:00+00:00,hyperliquid,ETH/USDC:USDC,891565.9858000001,1.25e-05,2930.35
2025-12-25T15:00:00+00:00,hyperliquid,ETH/USDC:USDC,899782.3518000003,1.25e-05,2934.15
2025-12-25T16:00:00+00:00,hyperliquid,ETH/USDC:USDC,891389.2738000004,1.25e-05,2961.7
2025-12-25T17:00:00+00:00,hyperliquid,ETH/USDC:USDC,894075.897,1.25e-05,2949.35
2025-12-25T18:00:00+00:00,hyperliquid,ETH/USDC:USDC,896829.1694000007,1.25e-05,2954.35
2025-12-25T19:00:00+00:00,hyperliquid,ETH/USDC:USDC,893190.2568000002,1.10631e-05,2957.75
2025-12-25T20:00:00+00:00,hyperliquid,ETH/USDC:USDC,893891.6741999999,1.25e-05,2955.15
2025-12-25T21:00:00+00:00,hyperliquid,ETH/USDC:USDC,892465.7093999999,1.25e-05,2948.85
2025-12-25T22:00:00+00:00,hyperliquid,ETH/USDC:USDC,895759.892,1.25e-05,2947.25
2025-12-25T23:00:00+00:00,hyperliquid,ETH/USDC:USDC,883381.4316,1.01849e-05,2915.35
2025-12-26T00:00:00+00:00,hyperliquid,ETH/USDC:USDC,886314.9178,7.3909e-06,2901.95
2025-12-26T01:00:00+00:00,hyperliquid,ETH/USDC:USDC,889812.2280000002,1.25e-05,2905.15
2025-12-26T02:00:00+00:00,hyperliquid,ETH/USDC:USDC,900529.3260000002,1.25e-05,2918.05
2025-12-26T03:00:00+00:00,hyperliquid,ETH/USDC:USDC,861460.9617999997,-2.69537e-05,2973.75
2025-12-26T04:00:00+00:00,hyperliquid,ETH/USDC:USDC,850212.7956000001,6.9805e-06,2959.4
2025-12-26T05:00:00+00:00,hyperliquid,ETH/USDC:USDC,854977.7902000003,1.25e-05,2970.05
2025-12-26T06:00:00+00:00,hyperliquid,ETH/USDC:USDC,848273.8800000002,1.25e-05,2970.75
2025-12-26T07:00:00+00:00,hyperliquid,ETH/USDC:USDC,853312.9426000002,1.25e-05,2976.65
2025-12-26T08:00:00+00:00,hyperliquid,ETH/USDC:USDC,852295.7998000002,1.25e-05,2959.95
2025-12-26T09:00:00+00:00,hyperliquid,ETH/USDC:USDC,854688.0725999998,1.25e-05,2963.55
2025-12-26T10:00:00+00:00,hyperliquid,ETH/USDC:USDC,852931.3582000004,1.25e-05,2973.35
2025-12-26T11:00:00+00:00,hyperliquid,ETH/USDC:USDC,852275.7808000002,1.25e-05,2970.35
2025-12-26T12:00:00+00:00,hyperliquid,ETH/USDC:USDC,851696.5213999999,1.25e-05,2965.25
2025-12-26T13:00:00+00:00,hyperliquid,ETH/USDC:USDC,852134.9758000001,1.25e-05,2971.85
2025-12-26T14:00:00+00:00,hyperliquid,ETH/USDC:USDC,847472.6784000002,6.1761e-06,2979.95
2025-12-26T15:00:00+00:00,hyperliquid,ETH/USDC:USDC,860934.1734000001,9.3727e-06,2899.15
2025-12-26T16:00:00+00:00,hyperliquid,ETH/USDC:USDC,878104.8716000003,1.25e-05,2926.65
2025-12-26T17:00:00+00:00,hyperliquid,ETH/USDC:USDC,872295.6534000001,1.25e-05,2908.85
2025-12-26T18:00:00+00:00,hyperliquid,ETH/USDC:USDC,879162.6246000002,8.5539e-06,2922.75
2025-12-26T19:00:00+00:00,hyperliquid,ETH/USDC:USDC,886161.0157999999,7.8841e-06,2921.05
2025-12-26T20:00:00+00:00,hyperliquid,ETH/USDC:USDC,887704.3112000001,3.7617e-06,2925.95
2025-12-26T21:00:00+00:00,hyperliquid,ETH/USDC:USDC,887025.4636000005,1.25e-05,2933.25
2025-12-26T22:00:00+00:00,hyperliquid,ETH/USDC:USDC,885825.6858000002,4.2061e-06,2924.35
2025-12-26T23:00:00+00:00,hyperliquid,ETH/USDC:USDC,882863.1729999996,2.1416e-06,2930.75
2025-12-27T00:00:00+00:00,hyperliquid,ETH/USDC:USDC,881665.9184000002,3.9425e-06,2927.95
2025-12-27T01:00:00+00:00,hyperliquid,ETH/USDC:USDC,883223.0685999999,1.25e-05,2926.75
2025-12-27T02:00:00+00:00,hyperliquid,ETH/USDC:USDC,883213.4674000004,1.25e-05,2925.85
2025-12-27T03:00:00+00:00,hyperliquid,ETH/USDC:USDC,882292.9542,1.25e-05,2927.35
2025-12-27T04:00:00+00:00,hyperliquid,ETH/USDC:USDC,882217.8796,3.4941e-06,2931.15
2025-12-27T05:00:00+00:00,hyperliquid,ETH/USDC:USDC,883274.7897999999,9.5862e-06,2929.45
2025-12-27T06:00:00+00:00,hyperliquid,ETH/USDC:USDC,882457.4302,8.3132e-06,2929.55
2025-12-27T07:00:00+00:00,hyperliquid,ETH/USDC:USDC,881250.4400000002,1.5262e-06,2929.75
2025-12-27T08:00:00+00:00,hyperliquid,ETH/USDC:USDC,880684.0280000002,5.2362e-06,2932.05
2025-12-27T09:00:00+00:00,hyperliquid,ETH/USDC:USDC,878782.8060000001,6.1168e-06,2932.85
2025-12-27T10:00:00+00:00,hyperliquid,ETH/USDC:USDC,870281.2107999994,-1.54212e-05,2932.45
2025-12-27T11:00:00+00:00,hyperliquid,ETH/USDC:USDC,865267.5342000001,2.8873e-06,2925.95
2025-12-27T12:00:00+00:00,hyperliquid,ETH/USDC:USDC,864579.2800000001,1.12256e-05,2931.15
2025-12-27T13:00:00+00:00,hyperliquid,ETH/USDC:USDC,863448.1978000001,8.6365e-06,2930.25
2025-12-27T14:00:00+00:00,hyperliquid,ETH/USDC:USDC,862600.4462000002,1.25e-05,2928.55
2025-12-27T15:00:00+00:00,hyperliquid,ETH/USDC:USDC,862528.4836,3.5094e-06,2927.15
2025-12-27T16:00:00+00:00,hyperliquid,ETH/USDC:USDC,862079.1309999999,4.4071e-06,2926.25
2025-12-27T17:00:00+00:00,hyperliquid,ETH/USDC:USDC,861465.4360000002,4.265e-06,2920.15
2025-12-27T18:00:00+00:00,hyperliquid,ETH/USDC:USDC,860935.9400000002,6.4003e-06,2926.45
2025-12-27T19:00:00+00:00,hyperliquid,ETH/USDC:USDC,860316.5035999998,4.835e-06,2924.95
2025-12-27T20:00:00+00:00,hyperliquid,ETH/USDC:USDC,861105.817,-4.7354e-06,2929.25
2025-12-27T21:00:00+00:00,hyperliquid,ETH/USDC:USDC,861152.5632000001,2.7567e-06,2927.75
2025-12-27T22:00:00+00:00,hyperliquid,ETH/USDC:USDC,859701.2752,-9.344e-06,2934.55
2025-12-27T23:00:00+00:00,hyperliquid,ETH/USDC:USDC,856374.7686000003,-1.62031e-05,2932.35
2025-12-28T00:00:00+00:00,hyperliquid,ETH/USDC:USDC,858268.3826000007,-1.19531e-05,2948.55
2025-12-28T01:00:00+00:00,hyperliquid,ETH/USDC:USDC,859024.5336000004,-9.1024e-06,2945.75
2025-12-28T02:00:00+00:00,hyperliquid,ETH/USDC:USDC,857674.3532,-8.6906e-06,2941.85
2025-12-28T03:00:00+00:00,hyperliquid,ETH/USDC:USDC,856426.9666,-1.04943e-05,2945.65
2025-12-28T04:00:00+00:00,hyperliquid,ETH/USDC:USDC,852228.9424000004,1.0316e-06,2941.05
2025-12-28T05:00:00+00:00,hyperliquid,ETH/USDC:USDC,851887.0416000002,-5.7452e-06,2934.75
2025-12-28T06:00:00+00:00,hyperliquid,ETH/USDC:USDC,839787.6496000005,1.3715e-06,2933.55
2025-12-28T07:00:00+00:00,hyperliquid,ETH/USDC:USDC,840275.0548,-5.2212e-06,2939.95
2025-12-28T08:00:00+00:00,hyperliquid,ETH/USDC:USDC,841091.8676000001,-2.9015e-06,2937.15
2025-12-28T09:00:00+00:00,hyperliquid,ETH/USDC:USDC,842679.3444,-7.847e-07,2937.35
2025-12-28T10:00:00+00:00,hyperliquid,ETH/USDC:USDC,843056.4784,2.9777e-06,2935.95
2025-12-28T11:00:00+00:00,hyperliquid,ETH/USDC:USDC,850731.4568,-6.9446e-06,2942.55
2025-12-28T12:00:00+00:00,hyperliquid,ETH/USDC:USDC,849909.0433999997,-4.6456e-06,2943.45
2025-12-28T13:00:00+00:00,hyperliquid,ETH/USDC:USDC,849659.8423999998,4.9622e-06,2937.95
2025-12-28T14:00:00+00:00,hyperliquid,ETH/USDC:USDC,849979.3834,-4.2731e-06,2938.45
2025-12-28T15:00:00+00:00,hyperliquid,ETH/USDC:USDC,850886.9769999998,2.1323e-06,2946.55
2025-12-28T16:00:00+00:00,hyperliquid,ETH/USDC:USDC,849373.0646,-1.27548e-05,2948.35
2025-12-28T17:00:00+00:00,hyperliquid,ETH/USDC:USDC,849927.6747999998,3.032e-06,2941.35
2025-12-28T18:00:00+00:00,hyperliquid,ETH/USDC:USDC,851422.6955999999,1.8531e-06,2944.35
2025-12-28T19:00:00+00:00,hyperliquid,ETH/USDC:USDC,845352.8505999999,1.25e-05,2931.45
2025-12-28T20:00:00+00:00,hyperliquid,ETH/USDC:USDC,844962.6473999999,1.13448e-05,2932.15
2025-12-28T21:00:00+00:00,hyperliquid,ETH/USDC:USDC,848887.6326000001,8.1691e-06,2931.95
2025-12-28T22:00:00+00:00,hyperliquid,ETH/USDC:USDC,850158.6209999999,-2.7354e-06,2936.25
2025-12-28T23:00:00+00:00,hyperliquid,ETH/USDC:USDC,848600.5713999998,1.25e-05,2950.15
2025-12-29T00:00:00+00:00,hyperliquid,ETH/USDC:USDC,846738.9995999997,3.3122e-06,2945.65
2025-12-29T01:00:00+00:00,hyperliquid,ETH/USDC:USDC,852620.0730000003,4.258e-06,2964.55
2025-12-29T02:00:00+00:00,hyperliquid,ETH/USDC:USDC,864857.3878000005,1.25e-05,2985.55
2025-12-29T03:00:00+00:00,hyperliquid,ETH/USDC:USDC,874046.6083999998,4.014e-06,3003.85
2025-12-29T04:00:00+00:00,hyperliquid,ETH/USDC:USDC,868750.3804000001,1.25e-05,3042.15
2025-12-29T05:00:00+00:00,hyperliquid,ETH/USDC:USDC,861040.5971999997,1.25e-05,3039.85
2025-12-29T06:00:00+00:00,hyperliquid,ETH/USDC:USDC,859554.2894,1.25e-05,3034.05
2025-12-29T07:00:00+00:00,hyperliquid,ETH/USDC:USDC,860688.0244000001,1.16066e-05,3036.75
2025-12-29T08:00:00+00:00,hyperliquid,ETH/USDC:USDC,854415.7685999997,1.25e-05,3018.15
2025-12-29T09:00:00+00:00,hyperliquid,ETH/USDC:USDC,853354.8011999998,9.4948e-06,3012.95
2025-12-29T10:00:00+00:00,hyperliquid,ETH/USDC:USDC,834667.5220000005,1.25e-05,2974.95
2025-12-29T11:00:00+00:00,hyperliquid,ETH/USDC:USDC,831538.2864000002,1.25e-05,2964.35
2025-12-29T12:00:00+00:00,hyperliquid,ETH/USDC:USDC,827992.2419999999,1.201e-05,2956.15
2025-12-29T13:00:00+00:00,hyperliquid,ETH/USDC:USDC,860912.2826000003,-1.9162e-06,2928.75
2025-12-29T14:00:00+00:00,hyperliquid,ETH/USDC:USDC,846991.0253999999,-7.345e-06,2925.25
2025-12-29T15:00:00+00:00,hyperliquid,ETH/USDC:USDC,866846.592,1.25e-05,2923.35
2025-12-29T16:00:00+00:00,hyperliquid,ETH/USDC:USDC,879938.6091999996,1.25e-05,2935.55
2025-12-29T17:00:00+00:00,hyperliquid,ETH/USDC:USDC,879328.4715999999,1.25e-05,2937.65
2025-12-29T18:00:00+00:00,hyperliquid,ETH/USDC:USDC,886888.5830000004,1.25e-05,2940.35
2025-12-29T19:00:00+00:00,hyperliquid,ETH/USDC:USDC,865536.3145999997,9.4624e-06,2919.25
2025-12-29T20:00:00+00:00,hyperliquid,ETH/USDC:USDC,864474.0194,4.8575e-06,2929.55
2025-12-29T21:00:00+00:00,hyperliquid,ETH/USDC:USDC,873554.9886,1.25e-05,2930.45
2025-12-29T22:00:00+00:00,hyperliquid,ETH/USDC:USDC,871876.0283999998,1.03487e-05,2932.65
2025-12-29T23:00:00+00:00,hyperliquid,ETH/USDC:USDC,857078.5051999994,-2.5661e-06,2935.55
2025-12-30T00:00:00+00:00,hyperliquid,ETH/USDC:USDC,855585.6343999999,5.462e-06,2936.45
2025-12-30T01:00:00+00:00,hyperliquid,ETH/USDC:USDC,850828.3674000001,-4.8352e-06,2934.95
2025-12-30T02:00:00+00:00,hyperliquid,ETH/USDC:USDC,849377.577,2.125e-06,2934.75
2025-12-30T03:00:00+00:00,hyperliquid,ETH/USDC:USDC,847690.2774,6.8161e-06,2926.75
2025-12-30T04:00:00+00:00,hyperliquid,ETH/USDC:USDC,825902.6597999999,1.25e-05,2953.15
2025-12-30T05:00:00+00:00,hyperliquid,ETH/USDC:USDC,831898.2888000001,1.25e-05,2946.35
2025-12-30T06:00:00+00:00,hyperliquid,ETH/USDC:USDC,830939.0288000002,1.25e-05,2941.25
2025-12-30T07:00:00+00:00,hyperliquid,ETH/USDC:USDC,834944.7758,1.25e-05,2944.85
2025-12-30T08:00:00+00:00,hyperliquid,ETH/USDC:USDC,835248.1725999996,1.25e-05,2954.15
2025-12-30T09:00:00+00:00,hyperliquid,ETH/USDC:USDC,830277.7631999998,1.25e-05,2975.65
2025-12-30T10:00:00+00:00,hyperliquid,ETH/USDC:USDC,827989.1676000002,1.25e-05,2986.85
2025-12-30T11:00:00+00:00,hyperliquid,ETH/USDC:USDC,822097.7978000001,1.25e-05,2975.85
2025-12-30T12:00:00+00:00,hyperliquid,ETH/USDC:USDC,820709.3670000003,1.25e-05,2981.65
2025-12-30T13:00:00+00:00,hyperliquid,ETH/USDC:USDC,822433.4312,1.25e-05,2980.65
2025-12-30T14:00:00+00:00,hyperliquid,ETH/USDC:USDC,828307.8554,1.25e-05,2985.45
2025-12-30T15:00:00+00:00,hyperliquid,ETH/USDC:USDC,827228.9382000001,1.25e-05,2991.35
2025-12-30T16:00:00+00:00,hyperliquid,ETH/USDC:USDC,830480.1226,1.25e-05,2990.15
2025-12-30T17:00:00+00:00,hyperliquid,ETH/USDC:USDC,830092.7321999999,1.25e-05,2982.75
2025-12-30T18:00:00+00:00,hyperliquid,ETH/USDC:USDC,821691.4782000002,1.25e-05,2972.55
2025-12-30T19:00:00+00:00,hyperliquid,ETH/USDC:USDC,820174.6936,1.25e-05,2968.85
2025-12-30T20:00:00+00:00,hyperliquid,ETH/USDC:USDC,820554.7446000002,1.25e-05,2967.75
2025-12-30T21:00:00+00:00,hyperliquid,ETH/USDC:USDC,819053.2194000001,1.25e-05,2957.55
2025-12-30T22:00:00+00:00,hyperliquid,ETH/USDC:USDC,828122.1208,1.25e-05,2968.75
2025-12-30T23:00:00+00:00,hyperliquid,ETH/USDC:USDC,820942.7416,1.25e-05,2969.95
2025-12-31T00:00:00+00:00,hyperliquid,ETH/USDC:USDC,819623.5488000005,1.25e-05,2970.35
2025-12-31T01:00:00+00:00,hyperliquid,ETH/USDC:USDC,819566.3064000004,1.25e-05,2964.35
2025-12-31T02:00:00+00:00,hyperliquid,ETH/USDC:USDC,818895.1610000003,1.25e-05,2975.95
2025-12-31T03:00:00+00:00,hyperliquid,ETH/USDC:USDC,818231.6060000001,1.25e-05,2981.25
2025-12-31T04:00:00+00:00,hyperliquid,ETH/USDC:USDC,827915.9231999998,1.25e-05,2969.45
2025-12-31T05:00:00+00:00,hyperliquid,ETH/USDC:USDC,828865.6219999999,1.25e-05,2970.05
2025-12-31T06:00:00+00:00,hyperliquid,ETH/USDC:USDC,829569.8214000001,1.25e-05,2974.95
2025-12-31T07:00:00+00:00,hyperliquid,ETH/USDC:USDC,829440.2524000001,1.25e-05,2974.65
2025-12-31T08:00:00+00:00,hyperliquid,ETH/USDC:USDC,830103.6616,1.25e-05,2976.75
2025-12-31T09:00:00+00:00,hyperliquid,ETH/USDC:USDC,830284.385,1.25e-05,2969.45
2025-12-31T10:00:00+00:00,hyperliquid,ETH/USDC:USDC,832447.5965999999,1.25e-05,2976.55
2025-12-31T11:00:00+00:00,hyperliquid,ETH/USDC:USDC,832589.4091999996,1.25e-05,2979.85
2025-12-31T12:00:00+00:00,hyperliquid,ETH/USDC:USDC,834516.1673999998,1.25e-05,3000.85
2025-12-31T13:00:00+00:00,hyperliquid,ETH/USDC:USDC,820259.4488000001,1.25e-05,2987.65
2025-12-31T14:00:00+00:00,hyperliquid,ETH/USDC:USDC,825949.0016000002,1.25e-05,2997.75
2025-12-31T15:00:00+00:00,hyperliquid,ETH/USDC:USDC,832551.7139999997,1.25e-05,2991.05
2025-12-31T16:00:00+00:00,hyperliquid,ETH/USDC:USDC,862767.8173999996,1.25e-05,2987.15
2025-12-31T17:00:00+00:00,hyperliquid,ETH/USDC:USDC,874692.0494000006,1.25e-05,2974.5
2025-12-31T18:00:00+00:00,hyperliquid,ETH/USDC:USDC,879946.2872000005,1.25e-05,2973.05
2025-12-31T19:00:00+00:00,hyperliquid,ETH/USDC:USDC,889250.5196000003,1.25e-05,2977.85
2025-12-31T20:00:00+00:00,hyperliquid,ETH/USDC:USDC,895626.7250000004,1.25e-05,2972.05
2025-12-31T21:00:00+00:00,hyperliquid,ETH/USDC:USDC,905748.1577999998,1.25e-05,2976.85
2025-12-31T22:00:00+00:00,hyperliquid,ETH/USDC:USDC,900774.2017999999,1.25e-05,2981.55
2025-12-31T23:00:00+00:00,hyperliquid,ETH/USDC:USDC,898905.3263999999,1.25e-05,2976.95
2026-01-01T00:00:00+00:00,hyperliquid,ETH/USDC:USDC,890303.4737999998,1.25e-05,2972.95
2026-01-01T01:00:00+00:00,hyperliquid,ETH/USDC:USDC,894714.7587999998,1.25e-05,2981.35
2026-01-01T02:00:00+00:00,hyperliquid,ETH/USDC:USDC,899447.8799999999,1.25e-05,2984.35
2026-01-01T03:00:00+00:00,hyperliquid,ETH/USDC:USDC,899278.5484000001,1.25e-05,2982.75
2026-01-01T04:00:00+00:00,hyperliquid,ETH/USDC:USDC,900138.0696,1.25e-05,2980.65
2026-01-01T05:00:00+00:00,hyperliquid,ETH/USDC:USDC,901985.1904000001,1.25e-05,2978.15
2026-01-01T06:00:00+00:00,hyperliquid,ETH/USDC:USDC,903394.5716000001,1.25e-05,2982.85
2026-01-01T07:00:00+00:00,hyperliquid,ETH/USDC:USDC,903205.5839999999,1.25e-05,2978.85
2026-01-01T08:00:00+00:00,hyperliquid,ETH/USDC:USDC,903735.1265999997,1.25e-05,2979.55
2026-01-01T09:00:00+00:00,hyperliquid,ETH/USDC:USDC,904518.3496,1.25e-05,2983.45
2026-01-01T10:00:00+00:00,hyperliquid,ETH/USDC:USDC,903557.8422000001,1.25e-05,2984.45
2026-01-01T11:00:00+00:00,hyperliquid,ETH/USDC:USDC,903720.7738000003,1.25e-05,2985.65
2026-01-01T12:00:00+00:00,hyperliquid,ETH/USDC:USDC,904799.0759999998,1.25e-05,2989.25
2026-01-01T13:00:00+00:00,hyperliquid,ETH/USDC:USDC,901218.7973999999,1.25e-05,2986.65
2026-01-01T14:00:00+00:00,hyperliquid,ETH/USDC:USDC,901613.0562000001,1.25e-05,2981.95
2026-01-01T15:00:00+00:00,hyperliquid,ETH/USDC:USDC,901676.6066000002,1.25e-05,2985.85
2026-01-01T16:00:00+00:00,hyperliquid,ETH/USDC:USDC,901904.6649999998,1.25e-05,2988.9
2026-01-01T17:00:00+00:00,hyperliquid,ETH/USDC:USDC,904817.66,1.25e-05,2981.75
2026-01-01T18:00:00+00:00,hyperliquid,ETH/USDC:USDC,886920.75,1.25e-05,2991.35
2026-01-01T19:00:00+00:00,hyperliquid,ETH/USDC:USDC,888070.6707999995,1.25e-05,2988.95
2026-01-01T20:00:00+00:00,hyperliquid,ETH/USDC:USDC,887563.6979999996,1.25e-05,2993.65
2026-01-01T21:00:00+00:00,hyperliquid,ETH/USDC:USDC,875988.3933999998,1.25e-05,2988.55
2026-01-01T22:00:00+00:00,hyperliquid,ETH/USDC:USDC,869880.8926,1.25e-05,2989.65
2026-01-01T23:00:00+00:00,hyperliquid,ETH/USDC:USDC,880163.0162000002,1.25e-05,3001.35
2026-01-02T00:00:00+00:00,hyperliquid,ETH/USDC:USDC,873246.5440000002,1.25e-05,3004.15
2026-01-02T01:00:00+00:00,hyperliquid,ETH/USDC:USDC,872027.3979999997,1.25e-05,3007.45
2026-01-02T02:00:00+00:00,hyperliquid,ETH/USDC:USDC,868672.0875999999,1.25e-05,3001.85
2026-01-02T03:00:00+00:00,hyperliquid,ETH/USDC:USDC,869548.2289999998,1.25e-05,2999.85
2026-01-02T04:00:00+00:00,hyperliquid,ETH/USDC:USDC,861337.7191999998,1.25e-05,3022.75
2026-01-02T05:00:00+00:00,hyperliquid,ETH/USDC:USDC,853896.821,6.7126e-06,3012.45
2026-01-02T06:00:00+00:00,hyperliquid,ETH/USDC:USDC,852327.711,1.10714e-05,3016.45
2026-01-02T07:00:00+00:00,hyperliquid,ETH/USDC:USDC,855582.2086000005,1.25e-05,3028.35
2026-01-02T08:00:00+00:00,hyperliquid,ETH/USDC:USDC,855033.0476,1.25e-05,3016.45
2026-01-02T09:00:00+00:00,hyperliquid,ETH/USDC:USDC,860511.1,1.14804e-05,3032.35
2026-01-02T10:00:00+00:00,hyperliquid,ETH/USDC:USDC,858780.9811999999,1.03924e-05,3049.95
2026-01-02T11:00:00+00:00,hyperliquid,ETH/USDC:USDC,886057.1895999998,-6.323e-06,3052.15
2026-01-02T12:00:00+00:00,hyperliquid,ETH/USDC:USDC,852389.1644000001,1.25e-05,3047.15
2026-01-02T13:00:00+00:00,hyperliquid,ETH/USDC:USDC,854855.4725999999,1.25e-05,3046.25
2026-01-02T14:00:00+00:00,hyperliquid,ETH/USDC:USDC,855760.4679999998,1.25e-05,3049.75
2026-01-02T15:00:00+00:00,hyperliquid,ETH/USDC:USDC,874074.1362,6.8183e-06,3090.95
2026-01-02T16:00:00+00:00,hyperliquid,ETH/USDC:USDC,873117.3904000003,-2.4142e-06,3081.45
2026-01-02T17:00:00+00:00,hyperliquid,ETH/USDC:USDC,880961.1024000002,-7.219e-06,3133.75
2026-01-02T18:00:00+00:00,hyperliquid,ETH/USDC:USDC,884478.7878000003,-6.293e-07,3124.25
2026-01-02T19:00:00+00:00,hyperliquid,ETH/USDC:USDC,878273.9423999998,-1.843e-07,3109.25
2026-01-02T20:00:00+00:00,hyperliquid,ETH/USDC:USDC,870981.0633999999,-4.3825e-06,3122.55
2026-01-02T21:00:00+00:00,hyperliquid,ETH/USDC:USDC,866843.2512,-7.2251e-06,3118.95
2026-01-02T22:00:00+00:00,hyperliquid,ETH/USDC:USDC,864249.0515999995,1.4128e-06,3126.85
2026-01-02T23:00:00+00:00,hyperliquid,ETH/USDC:USDC,863550.9362,1.3831e-06,3131.85
2026-01-03T00:00:00+00:00,hyperliquid,ETH/USDC:USDC,860487.5630000004,-2.6798e-06,3125.95
2026-01-03T01:00:00+00:00,hyperliquid,ETH/USDC:USDC,859239.3185999998,1.6538e-06,3128.15
2026-01-03T02:00:00+00:00,hyperliquid,ETH/USDC:USDC,861428.0776,-4.508e-07,3124.25
2026-01-03T03:00:00+00:00,hyperliquid,ETH/USDC:USDC,859925.967,2.0553e-06,3125.45
2026-01-03T04:00:00+00:00,hyperliquid,ETH/USDC:USDC,858853.4905999999,-4.8674e-06,3122.95
2026-01-03T05:00:00+00:00,hyperliquid,ETH/USDC:USDC,857632.3436000001,5.439e-06,3115.95
2026-01-03T06:00:00+00:00,hyperliquid,ETH/USDC:USDC,855786.599,8.8797e-06,3110.05
2026-01-03T07:00:00+00:00,hyperliquid,ETH/USDC:USDC,859883.9823999999,-1.32273e-05,3098.55
2026-01-03T08:00:00+00:00,hyperliquid,ETH/USDC:USDC,838025.9100000003,1.25e-05,3089.85
2026-01-03T09:00:00+00:00,hyperliquid,ETH/USDC:USDC,838008.9664000004,1.25e-05,3094.75
2026-01-03T10:00:00+00:00,hyperliquid,ETH/USDC:USDC,833885.2572000001,1.25e-05,3099.95
2026-01-03T11:00:00+00:00,hyperliquid,ETH/USDC:USDC,834893.6908,1.25e-05,3097.35
2026-01-03T12:00:00+00:00,hyperliquid,ETH/USDC:USDC,833245.8088000001,1.25e-05,3096.35
2026-01-03T13:00:00+00:00,hyperliquid,ETH/USDC:USDC,836725.3158000001,1.25e-05,3103.35
2026-01-03T14:00:00+00:00,hyperliquid,ETH/USDC:USDC,839397.9984000002,1.25e-05,3102.95
2026-01-03T15:00:00+00:00,hyperliquid,ETH/USDC:USDC,836460.0521999998,1.25e-05,3104.45
2026-01-03T16:00:00+00:00,hyperliquid,ETH/USDC:USDC,839669.774,1.25e-05,3101.15
2026-01-03T17:00:00+00:00,hyperliquid,ETH/USDC:USDC,845958.1516,1.25e-05,3107.25
2026-01-03T18:00:00+00:00,hyperliquid,ETH/USDC:USDC,846976.8549999996,1.25e-05,3106.15
2026-01-03T19:00:00+00:00,hyperliquid,ETH/USDC:USDC,851850.5306000002,1.25e-05,3114.15
2026-01-03T20:00:00+00:00,hyperliquid,ETH/USDC:USDC,853405.2928,1.25e-05,3111.65
2026-01-03T21:00:00+00:00,hyperliquid,ETH/USDC:USDC,851888.1932000002,1.25e-05,3113.45
2026-01-03T22:00:00+00:00,hyperliquid,ETH/USDC:USDC,857442.5223999999,1.25e-05,3118.85
2026-01-03T23:00:00+00:00,hyperliquid,ETH/USDC:USDC,858771.7910000002,1.25e-05,3122.75
2026-01-04T00:00:00+00:00,hyperliquid,ETH/USDC:USDC,862158.0498000004,1.25e-05,3126.75
2026-01-04T01:00:00+00:00,hyperliquid,ETH/USDC:USDC,862818.5361999999,1.25e-05,3156.05
2026-01-04T02:00:00+00:00,hyperliquid,ETH/USDC:USDC,858098.4172000003,1.14737e-05,3149.55
2026-01-04T03:00:00+00:00,hyperliquid,ETH/USDC:USDC,856510.0252000001,1.18151e-05,3140.75
2026-01-04T04:00:00+00:00,hyperliquid,ETH/USDC:USDC,869907.3368,1.25e-05,3145.75
2026-01-04T05:00:00+00:00,hyperliquid,ETH/USDC:USDC,878165.9733999999,1.25e-05,3147.55
2026-01-04T06:00:00+00:00,hyperliquid,ETH/USDC:USDC,882775.3300000001,1.25e-05,3149.45
2026-01-04T07:00:00+00:00,hyperliquid,ETH/USDC:USDC,882748.8836,1.25e-05,3140.95
2026-01-04T08:00:00+00:00,hyperliquid,ETH/USDC:USDC,882817.5694,1.25e-05,3139.05
2026-01-04T09:00:00+00:00,hyperliquid,ETH/USDC:USDC,878531.9842000001,1.25e-05,3138.65
2026-01-04T10:00:00+00:00,hyperliquid,ETH/USDC:USDC,876936.2647999999,1.25e-05,3144.25
2026-01-04T11:00:00+00:00,hyperliquid,ETH/USDC:USDC,880971.4064000003,-1.4234e-06,3144.35
2026-01-04T12:00:00+00:00,hyperliquid,ETH/USDC:USDC,884698.5056000003,1.25e-05,3137.05
2026-01-04T13:00:00+00:00,hyperliquid,ETH/USDC:USDC,888217.4078000004,4.1187e-06,3133.95
2026-01-04T14:00:00+00:00,hyperliquid,ETH/USDC:USDC,887680.8652000001,7.4261e-06,3138.15
2026-01-04T15:00:00+00:00,hyperliquid,ETH/USDC:USDC,889097.1882000006,-4.507e-07,3137.35
2026-01-04T16:00:00+00:00,hyperliquid,ETH/USDC:USDC,889198.5920000006,-1.00017e-05,3134.05
2026-01-04T17:00:00+00:00,hyperliquid,ETH/USDC:USDC,888525.4130000006,8.994e-06,3141.55
2026-01-04T18:00:00+00:00,hyperliquid,ETH/USDC:USDC,888212.4416000007,8.2987e-06,3135.55
2026-01-04T19:00:00+00:00,hyperliquid,ETH/USDC:USDC,888070.0584,1.09178e-05,3132.85
2026-01-04T20:00:00+00:00,hyperliquid,ETH/USDC:USDC,896921.9868000005,1.25e-05,3130.35
2026-01-04T21:00:00+00:00,hyperliquid,ETH/USDC:USDC,900536.9937999999,1.25e-05,3139.25
2026-01-04T22:00:00+00:00,hyperliquid,ETH/USDC:USDC,884342.3752,1.299e-06,3142.95
2026-01-04T23:00:00+00:00,hyperliquid,ETH/USDC:USDC,883069.2558000003,9.0051e-06,3144.75
2026-01-05T00:00:00+00:00,hyperliquid,ETH/USDC:USDC,871973.1387999995,1.25e-05,3158.15
2026-01-05T01:00:00+00:00,hyperliquid,ETH/USDC:USDC,872976.8740000002,1.13601e-05,3163.35
2026-01-05T02:00:00+00:00,hyperliquid,ETH/USDC:USDC,873986.9193999995,4.2941e-06,3202.5
2026-01-05T03:00:00+00:00,hyperliquid,ETH/USDC:USDC,870847.2570000002,4.7789e-06,3190.55
2026-01-05T04:00:00+00:00,hyperliquid,ETH/USDC:USDC,869761.7181999998,8.0482e-06,3186.05
2026-01-05T05:00:00+00:00,hyperliquid,ETH/USDC:USDC,866644.5826000001,6.6887e-06,3162.75
2026-01-05T06:00:00+00:00,hyperliquid,ETH/USDC:USDC,863446.7920000005,2.6264e-06,3150.85
2026-01-05T07:00:00+00:00,hyperliquid,ETH/USDC:USDC,861468.0482,5.9624e-06,3155.85
2026-01-05T08:00:00+00:00,hyperliquid,ETH/USDC:USDC,861364.2251999999,9.1143e-06,3157.95
2026-01-05T09:00:00+00:00,hyperliquid,ETH/USDC:USDC,862475.8424,4.9561e-06,3161.75
2026-01-05T10:00:00+00:00,hyperliquid,ETH/USDC:USDC,891139.0441999999,1.25e-05,3169.65
2026-01-05T11:00:00+00:00,hyperliquid,ETH/USDC:USDC,862124.9960000004,2.3251e-06,3171.45
2026-01-05T12:00:00+00:00,hyperliquid,ETH/USDC:USDC,862665.5335999997,4.5402e-06,3178.95
2026-01-05T13:00:00+00:00,hyperliquid,ETH/USDC:USDC,862458.7255999999,4.7031e-06,3168.15
2026-01-05T14:00:00+00:00,hyperliquid,ETH/USDC:USDC,858037.1905999995,1.16703e-05,3154.35
2026-01-05T15:00:00+00:00,hyperliquid,ETH/USDC:USDC,871333.1742000002,-2.3678e-06,3159.3
2026-01-05T16:00:00+00:00,hyperliquid,ETH/USDC:USDC,875180.1734,1.25e-05,3194.65
2026-01-05T17:00:00+00:00,hyperliquid,ETH/USDC:USDC,869255.1638000003,7.9065e-06,3181.25
2026-01-05T18:00:00+00:00,hyperliquid,ETH/USDC:USDC,870408.0288000002,-1.46238e-05,3206.35
2026-01-05T19:00:00+00:00,hyperliquid,ETH/USDC:USDC,877880.0206000004,1.005e-07,3220.05
2026-01-05T20:00:00+00:00,hyperliquid,ETH/USDC:USDC,875609.647,1.1998e-06,3219.95
2026-01-05T21:00:00+00:00,hyperliquid,ETH/USDC:USDC,876902.8153999997,-2.0794e-06,3241.65
2026-01-05T22:00:00+00:00,hyperliquid,ETH/USDC:USDC,876344.4151999999,3.1897e-06,3237.25
2026-01-05T23:00:00+00:00,hyperliquid,ETH/USDC:USDC,874871.8223999998,4.403e-07,3236.05
2026-01-06T00:00:00+00:00,hyperliquid,ETH/USDC:USDC,872728.5882000005,7.4833e-06,3225.85
2026-01-06T01:00:00+00:00,hyperliquid,ETH/USDC:USDC,872211.9904000002,1.20657e-05,3219.45
2026-01-06T02:00:00+00:00,hyperliquid,ETH/USDC:USDC,872745.6605999998,8.6591e-06,3220.55
2026-01-06T03:00:00+00:00,hyperliquid,ETH/USDC:USDC,870718.8834000002,6.7983e-06,3214.15
2026-01-06T04:00:00+00:00,hyperliquid,ETH/USDC:USDC,877247.8287999996,1.25e-05,3225.15
2026-01-06T05:00:00+00:00,hyperliquid,ETH/USDC:USDC,888392.8431999998,1.25e-05,3224.55
2026-01-06T06:00:00+00:00,hyperliquid,ETH/USDC:USDC,899114.5979999998,1.25e-05,3219.75
2026-01-06T07:00:00+00:00,hyperliquid,ETH/USDC:USDC,869052.245,-7.7347e-06,3237.55
2026-01-06T08:00:00+00:00,hyperliquid,ETH/USDC:USDC,873682.3526,1.25e-05,3219.55
2026-01-06T09:00:00+00:00,hyperliquid,ETH/USDC:USDC,875747.1506000002,7.1914e-06,3218.25
2026-01-06T10:00:00+00:00,hyperliquid,ETH/USDC:USDC,877989.6619999999,1.25e-05,3222.35
2026-01-06T11:00:00+00:00,hyperliquid,ETH/USDC:USDC,879058.8993999995,1.25e-05,3227.6
2026-01-06T12:00:00+00:00,hyperliquid,ETH/USDC:USDC,898222.4616,1.25e-05,3238.25
2026-01-06T13:00:00+00:00,hyperliquid,ETH/USDC:USDC,893189.8262000005,8.4484e-06,3235.65
2026-01-06T14:00:00+00:00,hyperliquid,ETH/USDC:USDC,904265.7236000003,1.25e-05,3238.55
2026-01-06T15:00:00+00:00,hyperliquid,ETH/USDC:USDC,876224.0015999998,1.25e-05,3279.65
2026-01-06T16:00:00+00:00,hyperliquid,ETH/USDC:USDC,898530.1837999998,1.25e-05,3275.85
2026-01-06T17:00:00+00:00,hyperliquid,ETH/USDC:USDC,900113.3588,1.25e-05,3248.65
2026-01-06T18:00:00+00:00,hyperliquid,ETH/USDC:USDC,898588.8102000002,1.25e-05,3195.65
2026-01-06T19:00:00+00:00,hyperliquid,ETH/USDC:USDC,904582.2167999998,1.25e-05,3217.25
2026-01-06T20:00:00+00:00,hyperliquid,ETH/USDC:USDC,917656.2941999993,1.25e-05,3230.15
2026-01-06T21:00:00+00:00,hyperliquid,ETH/USDC:USDC,902852.8285999999,1.25e-05,3239.45
2026-01-06T22:00:00+00:00,hyperliquid,ETH/USDC:USDC,894573.0319999986,1.25e-05,3279.35
2026-01-06T23:00:00+00:00,hyperliquid,ETH/USDC:USDC,888062.9411999997,1.25e-05,3278.65
2026-01-07T00:00:00+00:00,hyperliquid,ETH/USDC:USDC,893997.1544000003,1.25e-05,3291.75
2026-01-07T01:00:00+00:00,hyperliquid,ETH/USDC:USDC,892299.5311999999,1.25e-05,3265.05
2026-01-07T02:00:00+00:00,hyperliquid,ETH/USDC:USDC,895787.2410000004,1.25e-05,3245.55
2026-01-07T03:00:00+00:00,hyperliquid,ETH/USDC:USDC,898470.5227999999,1.25e-05,3272.35
2026-01-07T04:00:00+00:00,hyperliquid,ETH/USDC:USDC,897212.8234000001,1.25e-05,3264.45
2026-01-07T05:00:00+00:00,hyperliquid,ETH/USDC:USDC,898817.4376,1.25e-05,3253.85
2026-01-07T06:00:00+00:00,hyperliquid,ETH/USDC:USDC,897491.1850000002,1.25e-05,3249.25
2026-01-07T07:00:00+00:00,hyperliquid,ETH/USDC:USDC,899715.6864000001,1.25e-05,3252.65
2026-01-07T08:00:00+00:00,hyperliquid,ETH/USDC:USDC,900235.184,1.25e-05,3255.15
2026-01-07T09:00:00+00:00,hyperliquid,ETH/USDC:USDC,900779.1149999998,1.25e-05,3250.15
2026-01-07T10:00:00+00:00,hyperliquid,ETH/USDC:USDC,903164.9855999999,1.25e-05,3197.65
2026-01-07T11:00:00+00:00,hyperliquid,ETH/USDC:USDC,907626.2138,1.25e-05,3219.15
2026-01-07T12:00:00+00:00,hyperliquid,ETH/USDC:USDC,909779.0953999995,1.25e-05,3219.25
2026-01-07T13:00:00+00:00,hyperliquid,ETH/USDC:USDC,912229.7452000001,1.25e-05,3212.95
2026-01-07T14:00:00+00:00,hyperliquid,ETH/USDC:USDC,913359.6492000002,1.25e-05,3204.95
2026-01-07T15:00:00+00:00,hyperliquid,ETH/USDC:USDC,915898.8484000005,1.25e-05,3184.75
2026-01-07T16:00:00+00:00,hyperliquid,ETH/USDC:USDC,916867.4301999997,1.25e-05,3167.15
2026-01-07T17:00:00+00:00,hyperliquid,ETH/USDC:USDC,921346.4751999995,1.25e-05,3153.15
2026-01-07T18:00:00+00:00,hyperliquid,ETH/USDC:USDC,922936.7690000001,1.25e-05,3147.75
2026-01-07T19:00:00+00:00,hyperliquid,ETH/USDC:USDC,920937.4090000002,1.25e-05,3144.35
2026-01-07T20:00:00+00:00,hyperliquid,ETH/USDC:USDC,922466.6034000001,1.25e-05,3148.05
2026-01-07T21:00:00+00:00,hyperliquid,ETH/USDC:USDC,922875.7282,1.25e-05,3142.65
2026-01-07T22:00:00+00:00,hyperliquid,ETH/USDC:USDC,925928.2566000001,1.25e-05,3145.15
2026-01-07T23:00:00+00:00,hyperliquid,ETH/USDC:USDC,927333.6221999998,1.25e-05,3147.75
2026-01-08T00:00:00+00:00,hyperliquid,ETH/USDC:USDC,923366.9035999998,1.25e-05,3166.15
2026-01-08T01:00:00+00:00,hyperliquid,ETH/USDC:USDC,924619.6152000001,1.25e-05,3170.35
2026-01-08T02:00:00+00:00,hyperliquid,ETH/USDC:USDC,918760.4,1.19879e-05,3174.25
2026-01-08T03:00:00+00:00,hyperliquid,ETH/USDC:USDC,917550.7595999999,1.25e-05,3156.05
2026-01-08T04:00:00+00:00,hyperliquid,ETH/USDC:USDC,916415.7169999995,1.25e-05,3144.95
2026-01-08T05:00:00+00:00,hyperliquid,ETH/USDC:USDC,914797.4798000003,1.25e-05,3152.85
2026-01-08T06:00:00+00:00,hyperliquid,ETH/USDC:USDC,914222.4506000002,7.6152e-06,3144.25
2026-01-08T07:00:00+00:00,hyperliquid,ETH/USDC:USDC,906135.6979999995,1.25e-05,3103.35
2026-01-08T08:00:00+00:00,hyperliquid,ETH/USDC:USDC,899024.9518,1.25e-05,3129.75
2026-01-08T09:00:00+00:00,hyperliquid,ETH/USDC:USDC,896032.5124000001,1.25e-05,3113.45
2026-01-08T10:00:00+00:00,hyperliquid,ETH/USDC:USDC,890857.2665999997,1.25e-05,3105.05
2026-01-08T11:00:00+00:00,hyperliquid,ETH/USDC:USDC,892107.7677999997,1.25e-05,3127.25
2026-01-08T12:00:00+00:00,hyperliquid,ETH/USDC:USDC,888451.114,1.25e-05,3117.95
2026-01-08T13:00:00+00:00,hyperliquid,ETH/USDC:USDC,894504.4266000002,1.09118e-05,3094.25
2026-01-08T14:00:00+00:00,hyperliquid,ETH/USDC:USDC,895940.0886,8.6083e-06,3091.95
2026-01-08T15:00:00+00:00,hyperliquid,ETH/USDC:USDC,891068.2739999993,1.25e-05,3070.85
2026-01-08T16:00:00+00:00,hyperliquid,ETH/USDC:USDC,984959.9614000003,1.36965e-05,3107.9
2026-01-08T17:00:00+00:00,hyperliquid,ETH/USDC:USDC,1001622.0711999994,1.25e-05,3122.45
2026-01-08T18:00:00+00:00,hyperliquid,ETH/USDC:USDC,991944.5831999999,1.25e-05,3135.15
2026-01-08T19:00:00+00:00,hyperliquid,ETH/USDC:USDC,991018.4787999998,1.25e-05,3117.75
2026-01-08T20:00:00+00:00,hyperliquid,ETH/USDC:USDC,991985.5789999999,1.25e-05,3108.65
2026-01-08T21:00:00+00:00,hyperliquid,ETH/USDC:USDC,990511.3715999998,1.25e-05,3112.85
2026-01-08T22:00:00+00:00,hyperliquid,ETH/USDC:USDC,989730.1964,1.25e-05,3122.35
2026-01-08T23:00:00+00:00,hyperliquid,ETH/USDC:USDC,989185.5687999998,1.25e-05,3119.95
2026-01-09T00:00:00+00:00,hyperliquid,ETH/USDC:USDC,986514.8365999996,1.25e-05,3108.75
2026-01-09T01:00:00+00:00,hyperliquid,ETH/USDC:USDC,984765.9723999997,1.25e-05,3117.05
2026-01-09T02:00:00+00:00,hyperliquid,ETH/USDC:USDC,981584.5913999999,1.25e-05,3105.25
2026-01-09T03:00:00+00:00,hyperliquid,ETH/USDC:USDC,980486.4125999999,1.25e-05,3108.15
2026-01-09T04:00:00+00:00,hyperliquid,ETH/USDC:USDC,981464.6407999998,1.25e-05,3122.15
2026-01-09T05:00:00+00:00,hyperliquid,ETH/USDC:USDC,988170.4293999999,1.25e-05,3120.25
2026-01-09T06:00:00+00:00,hyperliquid,ETH/USDC:USDC,980370.6738,1.25e-05,3120.25
2026-01-09T07:00:00+00:00,hyperliquid,ETH/USDC:USDC,980684.9909999999,1.25e-05,3123.55
2026-01-09T08:00:00+00:00,hyperliquid,ETH/USDC:USDC,980795.4596,1.25e-05,3113.15
2026-01-09T09:00:00+00:00,hyperliquid,ETH/USDC:USDC,930502.5095999998,1.25e-05,3093.05
2026-01-09T10:00:00+00:00,hyperliquid,ETH/USDC:USDC,949918.6369999996,1.25e-05,3090.25
2026-01-09T11:00:00+00:00,hyperliquid,ETH/USDC:USDC,951546.6970000002,1.25e-05,3098.05
2026-01-09T12:00:00+00:00,hyperliquid,ETH/USDC:USDC,957670.7557999999,1.25e-05,3091.65
2026-01-09T13:00:00+00:00,hyperliquid,ETH/USDC:USDC,960378.0936000004,1.25e-05,3085.75
2026-01-09T14:00:00+00:00,hyperliquid,ETH/USDC:USDC,965421.1523999999,1.25e-05,3096.85
2026-01-09T15:00:00+00:00,hyperliquid,ETH/USDC:USDC,965144.6160000002,1.25e-05,3075.7
2026-01-09T16:00:00+00:00,hyperliquid,ETH/USDC:USDC,960369.9916,1.25e-05,3112.65
2026-01-09T17:00:00+00:00,hyperliquid,ETH/USDC:USDC,963288.4940000003,1.25e-05,3131.65
2026-01-09T18:00:00+00:00,hyperliquid,ETH/USDC:USDC,963443.7848,1.25e-05,3115.15
2026-01-09T19:00:00+00:00,hyperliquid,ETH/USDC:USDC,951497.3169999998,1.25e-05,3092.55
2026-01-09T20:00:00+00:00,hyperliquid,ETH/USDC:USDC,953659.1688000003,1.25e-05,3080.85
2026-01-09T21:00:00+00:00,hyperliquid,ETH/USDC:USDC,967866.1328000001,1.25e-05,3072.25
2026-01-09T22:00:00+00:00,hyperliquid,ETH/USDC:USDC,968521.4450000001,1.25e-05,3085.95
2026-01-09T23:00:00+00:00,hyperliquid,ETH/USDC:USDC,967917.6614,1.25e-05,3083.75
2026-01-10T00:00:00+00:00,hyperliquid,ETH/USDC:USDC,967842.999,1.25e-05,3086.85
2026-01-10T01:00:00+00:00,hyperliquid,ETH/USDC:USDC,966598.9858,1.25e-05,3083.45
2026-01-10T02:00:00+00:00,hyperliquid,ETH/USDC:USDC,966128.7578000003,1.25e-05,3090.05
2026-01-10T03:00:00+00:00,hyperliquid,ETH/USDC:USDC,965807.0787999998,1.25e-05,3086.95
2026-01-10T04:00:00+00:00,hyperliquid,ETH/USDC:USDC,965440.8418000003,1.25e-05,3086.55
2026-01-10T05:00:00+00:00,hyperliquid,ETH/USDC:USDC,961542.3798000001,1.25e-05,3081.25
2026-01-10T06:00:00+00:00,hyperliquid,ETH/USDC:USDC,961283.6600000001,1.25e-05,3086.35
2026-01-10T07:00:00+00:00,hyperliquid,ETH/USDC:USDC,961371.3931999999,1.25e-05,3087.65
2026-01-10T08:00:00+00:00,hyperliquid,ETH/USDC:USDC,952965.7374,1.25e-05,3091.95
2026-01-10T09:00:00+00:00,hyperliquid,ETH/USDC:USDC,953012.4634,1.25e-05,3089.55
2026-01-10T10:00:00+00:00,hyperliquid,ETH/USDC:USDC,953949.5901999996,1.25e-05,3095.25
2026-01-10T11:00:00+00:00,hyperliquid,ETH/USDC:USDC,954614.7017999999,1.25e-05,3101.25
2026-01-10T12:00:00+00:00,hyperliquid,ETH/USDC:USDC,954345.7383999998,1.25e-05,3096.85
2026-01-10T13:00:00+00:00,hyperliquid,ETH/USDC:USDC,952473.5938000001,1.25e-05,3098.15
2026-01-10T14:00:00+00:00,hyperliquid,ETH/USDC:USDC,952254.3612,1.25e-05,3093.75
2026-01-10T15:00:00+00:00,hyperliquid,ETH/USDC:USDC,950649.9336000002,1.25e-05,3091.95
2026-01-10T16:00:00+00:00,hyperliquid,ETH/USDC:USDC,954101.5198,1.25e-05,3094.25
2026-01-10T17:00:00+00:00,hyperliquid,ETH/USDC:USDC,954133.4344,1.25e-05,3095.25
2026-01-10T18:00:00+00:00,hyperliquid,ETH/USDC:USDC,954281.6312,1.25e-05,3092.95
2026-01-10T19:00:00+00:00,hyperliquid,ETH/USDC:USDC,953997.4164,1.25e-05,3092.05
2026-01-10T20:00:00+00:00,hyperliquid,ETH/USDC:USDC,953786.1292,1.25e-05,3089.85
2026-01-10T21:00:00+00:00,hyperliquid,ETH/USDC:USDC,953286.7884,1.25e-05,3088.45
2026-01-10T22:00:00+00:00,hyperliquid,ETH/USDC:USDC,952677.8097999999,1.25e-05,3085.05
2026-01-10T23:00:00+00:00,hyperliquid,ETH/USDC:USDC,951813.6594000001,1.25e-05,3081.25
2026-01-11T00:00:00+00:00,hyperliquid,ETH/USDC:USDC,952450.2688,1.25e-05,3084.35
2026-01-11T01:00:00+00:00,hyperliquid,ETH/USDC:USDC,951506.6438,1.25e-05,3091.25
2026-01-11T02:00:00+00:00,hyperliquid,ETH/USDC:USDC,958501.5936,1.25e-05,3095.05
2026-01-11T03:00:00+00:00,hyperliquid,ETH/USDC:USDC,960667.9454,1.25e-05,3092.75
2026-01-11T04:00:00+00:00,hyperliquid,ETH/USDC:USDC,960968.1334,1.25e-05,3096.05
2026-01-11T05:00:00+00:00,hyperliquid,ETH/USDC:USDC,973172.3439999999,1.25e-05,3097.65
2026-01-11T06:00:00+00:00,hyperliquid,ETH/USDC:USDC,973397.451,1.25e-05,3099.45
2026-01-11T07:00:00+00:00,hyperliquid,ETH/USDC:USDC,952703.9408000001,1.25e-05,3096.75
2026-01-11T08:00:00+00:00,hyperliquid,ETH/USDC:USDC,952131.4027999998,1.25e-05,3094.45
2026-01-11T09:00:00+00:00,hyperliquid,ETH/USDC:USDC,950205.1266000002,1.25e-05,3103.25
2026-01-11T10:00:00+00:00,hyperliquid,ETH/USDC:USDC,935219.1194,6.5794e-06,3103.75
2026-01-11T11:00:00+00:00,hyperliquid,ETH/USDC:USDC,934953.0375999999,1.25e-05,3106.25
2026-01-11T12:00:00+00:00,hyperliquid,ETH/USDC:USDC,934723.6016,8.5953e-06,3104.65
2026-01-11T13:00:00+00:00,hyperliquid,ETH/USDC:USDC,937379.0455999998,1.25e-05,3113.15
2026-01-11T14:00:00+00:00,hyperliquid,ETH/USDC:USDC,937465.1102000001,1.25e-05,3108.65
2026-01-11T15:00:00+00:00,hyperliquid,ETH/USDC:USDC,940878.2370000001,1.25e-05,3123.75
2026-01-11T16:00:00+00:00,hyperliquid,ETH/USDC:USDC,928266.9708000004,9.3905e-06,3118.35
2026-01-11T17:00:00+00:00,hyperliquid,ETH/USDC:USDC,942999.1568000002,1.25e-05,3128.05
2026-01-11T18:00:00+00:00,hyperliquid,ETH/USDC:USDC,942158.7122,7.258e-06,3123.05
2026-01-11T19:00:00+00:00,hyperliquid,ETH/USDC:USDC,941294.6732000005,1.5576e-06,3129.75
2026-01-11T20:00:00+00:00,hyperliquid,ETH/USDC:USDC,925410.1891999998,1.25e-05,3120.75
2026-01-11T21:00:00+00:00,hyperliquid,ETH/USDC:USDC,925586.0036,1.07436e-05,3111.05
2026-01-11T22:00:00+00:00,hyperliquid,ETH/USDC:USDC,940076.3886000002,1.25e-05,3116.95
2026-01-11T23:00:00+00:00,hyperliquid,ETH/USDC:USDC,944401.3463999998,1.25e-05,3108.65
2026-01-12T00:00:00+00:00,hyperliquid,ETH/USDC:USDC,950582.5997999995,1.25e-05,3117.55
2026-01-12T01:00:00+00:00,hyperliquid,ETH/USDC:USDC,943635.9612000004,1.25e-05,3123.75
2026-01-12T02:00:00+00:00,hyperliquid,ETH/USDC:USDC,940885.2373999999,1.25e-05,3123.85
2026-01-12T03:00:00+00:00,hyperliquid,ETH/USDC:USDC,947889.9257999999,1.25e-05,3159.35
2026-01-12T04:00:00+00:00,hyperliquid,ETH/USDC:USDC,944184.0898000001,1.25e-05,3153.15
2026-01-12T05:00:00+00:00,hyperliquid,ETH/USDC:USDC,954509.4717999997,1.25e-05,3156.85
2026-01-12T06:00:00+00:00,hyperliquid,ETH/USDC:USDC,955663.2147999998,1.25e-05,3156.55
2026-01-12T07:00:00+00:00,hyperliquid,ETH/USDC:USDC,961029.0384,1.25e-05,3154.05
2026-01-12T08:00:00+00:00,hyperliquid,ETH/USDC:USDC,948122.2631999999,1.25e-05,3134.35
2026-01-12T09:00:00+00:00,hyperliquid,ETH/USDC:USDC,950912.4034000004,1.25e-05,3115.45
2026-01-12T10:00:00+00:00,hyperliquid,ETH/USDC:USDC,950241.7738,1.25e-05,3114.85
2026-01-12T11:00:00+00:00,hyperliquid,ETH/USDC:USDC,947961.823,1.25e-05,3107.65
2026-01-12T12:00:00+00:00,hyperliquid,ETH/USDC:USDC,947499.6325999999,1.25e-05,3114.65
2026-01-12T13:00:00+00:00,hyperliquid,ETH/USDC:USDC,950862.7356000004,1.25e-05,3114.75
2026-01-12T14:00:00+00:00,hyperliquid,ETH/USDC:USDC,951530.4541999999,1.25e-05,3109.55
2026-01-12T15:00:00+00:00,hyperliquid,ETH/USDC:USDC,963958.6771999997,1.25e-05,3100.85
2026-01-12T16:00:00+00:00,hyperliquid,ETH/USDC:USDC,966434.709,1.25e-05,3130.25
2026-01-12T17:00:00+00:00,hyperliquid,ETH/USDC:USDC,962053.7051999999,1.25e-05,3132.75
2026-01-12T18:00:00+00:00,hyperliquid,ETH/USDC:USDC,919205.9005999999,1.25e-05,3103.45
2026-01-12T19:00:00+00:00,hyperliquid,ETH/USDC:USDC,923437.9904000002,1.25e-05,3103.45
2026-01-12T20:00:00+00:00,hyperliquid,ETH/USDC:USDC,925779.7084000002,4.6447e-06,3119.45
2026-01-12T21:00:00+00:00,hyperliquid,ETH/USDC:USDC,920238.2984,2.699e-07,3100.05
2026-01-12T22:00:00+00:00,hyperliquid,ETH/USDC:USDC,916056.5177999993,1.25e-05,3098.05
2026-01-12T23:00:00+00:00,hyperliquid,ETH/USDC:USDC,915952.0787999997,1.25e-05,3096.55
2026-01-13T00:00:00+00:00,hyperliquid,ETH/USDC:USDC,914711.5271999999,2.4825e-06,3092.05
2026-01-13T01:00:00+00:00,hyperliquid,ETH/USDC:USDC,913221.4990000001,1.25e-05,3107.55
2026-01-13T02:00:00+00:00,hyperliquid,ETH/USDC:USDC,910884.1632000002,1.22394e-05,3098.95
2026-01-13T03:00:00+00:00,hyperliquid,ETH/USDC:USDC,911324.6032,5.3603e-06,3101.25
2026-01-13T04:00:00+00:00,hyperliquid,ETH/USDC:USDC,902682.1149999998,1.25e-05,3118.05
2026-01-13T05:00:00+00:00,hyperliquid,ETH/USDC:USDC,902034.5819999998,1.25e-05,3126.35
2026-01-13T06:00:00+00:00,hyperliquid,ETH/USDC:USDC,890010.701,1.25e-05,3130.35
2026-01-13T07:00:00+00:00,hyperliquid,ETH/USDC:USDC,893977.3907999999,1.25e-05,3132.35
2026-01-13T08:00:00+00:00,hyperliquid,ETH/USDC:USDC,890781.5880000002,1.25e-05,3123.45
2026-01-13T09:00:00+00:00,hyperliquid,ETH/USDC:USDC,901031.9450000002,1.25e-05,3136.25
2026-01-13T10:00:00+00:00,hyperliquid,ETH/USDC:USDC,939662.2402000002,1.25e-05,3137.65
2026-01-13T11:00:00+00:00,hyperliquid,ETH/USDC:USDC,938221.1412000002,1.25e-05,3134.55
2026-01-13T12:00:00+00:00,hyperliquid,ETH/USDC:USDC,937780.1414,1.25e-05,3135.45
2026-01-13T13:00:00+00:00,hyperliquid,ETH/USDC:USDC,937696.4912000002,1.25e-05,3134.25
2026-01-13T14:00:00+00:00,hyperliquid,ETH/USDC:USDC,940368.6958000001,1.25e-05,3137.35
2026-01-13T15:00:00+00:00,hyperliquid,ETH/USDC:USDC,944927.2634000006,1.25e-05,3137.85
2026-01-13T16:00:00+00:00,hyperliquid,ETH/USDC:USDC,945249.6046000002,1.25e-05,3191.2
2026-01-13T17:00:00+00:00,hyperliquid,ETH/USDC:USDC,939899.4013999994,1.25e-05,3182.05
2026-01-13T18:00:00+00:00,hyperliquid,ETH/USDC:USDC,937151.2289999999,1.25e-05,3179.55
2026-01-13T19:00:00+00:00,hyperliquid,ETH/USDC:USDC,945087.0910000002,1.25e-05,3200.45
2026-01-13T20:00:00+00:00,hyperliquid,ETH/USDC:USDC,946481.6864000001,1.25e-05,3214.65
2026-01-13T21:00:00+00:00,hyperliquid,ETH/USDC:USDC,947886.5847999995,1.25e-05,3204.65
2026-01-13T22:00:00+00:00,hyperliquid,ETH/USDC:USDC,954869.6602000002,1.25e-05,3211.15
2026-01-13T23:00:00+00:00,hyperliquid,ETH/USDC:USDC,947730.3611999995,1.25e-05,3341.25
2026-01-14T00:00:00+00:00,hyperliquid,ETH/USDC:USDC,921892.0769999999,1.25e-05,3331.95
2026-01-14T01:00:00+00:00,hyperliquid,ETH/USDC:USDC,920535.8404000002,1.25e-05,3322.95
2026-01-14T02:00:00+00:00,hyperliquid,ETH/USDC:USDC,916923.5792000005,1.25e-05,3334.75
2026-01-14T03:00:00+00:00,hyperliquid,ETH/USDC:USDC,910024.3290000003,1.25e-05,3326.25
2026-01-14T04:00:00+00:00,hyperliquid,ETH/USDC:USDC,916074.2370000004,1.25e-05,3354.25
2026-01-14T05:00:00+00:00,hyperliquid,ETH/USDC:USDC,906658.9924000001,1.25e-05,3334.45
2026-01-14T06:00:00+00:00,hyperliquid,ETH/USDC:USDC,911472.9436,1.25e-05,3325.95
2026-01-14T07:00:00+00:00,hyperliquid,ETH/USDC:USDC,913160.1881999999,1.25e-05,3333.55
2026-01-14T08:00:00+00:00,hyperliquid,ETH/USDC:USDC,906209.0066000002,1.25e-05,3337.85
2026-01-14T09:00:00+00:00,hyperliquid,ETH/USDC:USDC,898730.9044,-5.0949e-06,3326.95
2026-01-14T10:00:00+00:00,hyperliquid,ETH/USDC:USDC,891847.4668000002,1.25e-05,3326.85
2026-01-14T11:00:00+00:00,hyperliquid,ETH/USDC:USDC,889616.2975999999,1.25e-05,3309.35
2026-01-14T12:00:00+00:00,hyperliquid,ETH/USDC:USDC,891257.7922000003,1.25e-05,3284.45
2026-01-14T13:00:00+00:00,hyperliquid,ETH/USDC:USDC,899100.0041999997,1.25e-05,3294.65
2026-01-14T14:00:00+00:00,hyperliquid,ETH/USDC:USDC,898761.7468000004,1.25e-05,3304.8
2026-01-14T15:00:00+00:00,hyperliquid,ETH/USDC:USDC,936003.1806000007,1.25e-05,3340.25
2026-01-14T16:00:00+00:00,hyperliquid,ETH/USDC:USDC,928159.7972000001,1.25e-05,3346.45
2026-01-14T17:00:00+00:00,hyperliquid,ETH/USDC:USDC,929526.9894000007,1.25e-05,3364.15
2026-01-14T18:00:00+00:00,hyperliquid,ETH/USDC:USDC,953514.7096000009,1.25e-05,3337.35
2026-01-14T19:00:00+00:00,hyperliquid,ETH/USDC:USDC,957376.4328,1.25e-05,3334.15
2026-01-14T20:00:00+00:00,hyperliquid,ETH/USDC:USDC,954046.0394,1.25e-05,3362.65
2026-01-14T21:00:00+00:00,hyperliquid,ETH/USDC:USDC,955529.8788000001,1.25e-05,3380.25
2026-01-14T22:00:00+00:00,hyperliquid,ETH/USDC:USDC,957497.25,1.25e-05,3373.95
2026-01-14T23:00:00+00:00,hyperliquid,ETH/USDC:USDC,952379.7789999997,1.25e-05,3354.75
2026-01-15T00:00:00+00:00,hyperliquid,ETH/USDC:USDC,953454.5744000003,1.25e-05,3351.25
2026-01-15T01:00:00+00:00,hyperliquid,ETH/USDC:USDC,933063.0834000005,1.25e-05,3334.15
2026-01-15T02:00:00+00:00,hyperliquid,ETH/USDC:USDC,912900.6101999996,1.25e-05,3325.45
2026-01-15T03:00:00+00:00,hyperliquid,ETH/USDC:USDC,908375.159,1.25e-05,3315.75
2026-01-15T04:00:00+00:00,hyperliquid,ETH/USDC:USDC,910516.0043999999,1.25e-05,3284.25
2026-01-15T05:00:00+00:00,hyperliquid,ETH/USDC:USDC,910894.0893999998,1.25e-05,3306.05
2026-01-15T06:00:00+00:00,hyperliquid,ETH/USDC:USDC,914150.2897999997,1.25e-05,3312.95
2026-01-15T07:00:00+00:00,hyperliquid,ETH/USDC:USDC,915920.0838,1.25e-05,3317.95
2026-01-15T08:00:00+00:00,hyperliquid,ETH/USDC:USDC,914413.8043999999,1.25e-05,3325.95
2026-01-15T09:00:00+00:00,hyperliquid,ETH/USDC:USDC,912429.8561999998,1.25e-05,3335.25
2026-01-15T10:00:00+00:00,hyperliquid,ETH/USDC:USDC,918819.7909999995,1.25e-05,3363.65
2026-01-15T11:00:00+00:00,hyperliquid,ETH/USDC:USDC,918701.7202,1.25e-05,3363.95
2026-01-15T12:00:00+00:00,hyperliquid,ETH/USDC:USDC,919639.5927999995,1.25e-05,3349.05
2026-01-15T13:00:00+00:00,hyperliquid,ETH/USDC:USDC,920272.1613999999,1.25e-05,3368.65
2026-01-15T14:00:00+00:00,hyperliquid,ETH/USDC:USDC,926549.7889999996,1.25e-05,3372.95
2026-01-15T15:00:00+00:00,hyperliquid,ETH/USDC:USDC,934974.7993999996,1.25e-05,3349.35
2026-01-15T16:00:00+00:00,hyperliquid,ETH/USDC:USDC,930444.0858000002,1.25e-05,3322.65
2026-01-15T17:00:00+00:00,hyperliquid,ETH/USDC:USDC,937205.4541999992,1.25e-05,3335.95
2026-01-15T18:00:00+00:00,hyperliquid,ETH/USDC:USDC,939727.1101999995,1.25e-05,3300.15
2026-01-15T19:00:00+00:00,hyperliquid,ETH/USDC:USDC,938531.5902000003,1.25e-05,3285.55
2026-01-15T20:00:00+00:00,hyperliquid,ETH/USDC:USDC,948434.9125999996,1.25e-05,3295.55
2026-01-15T21:00:00+00:00,hyperliquid,ETH/USDC:USDC,948294.2201999999,1.25e-05,3290.25
2026-01-15T22:00:00+00:00,hyperliquid,ETH/USDC:USDC,945837.3905999997,1.25e-05,3299.65
2026-01-15T23:00:00+00:00,hyperliquid,ETH/USDC:USDC,947225.9813999999,1.25e-05,3307.05
2026-01-16T00:00:00+00:00,hyperliquid,ETH/USDC:USDC,947783.4044,1.25e-05,3319.15
2026-01-16T01:00:00+00:00,hyperliquid,ETH/USDC:USDC,948681.6508000001,1.25e-05,3316.75
2026-01-16T02:00:00+00:00,hyperliquid,ETH/USDC:USDC,946001.4855999999,1.25e-05,3310.8
2026-01-16T03:00:00+00:00,hyperliquid,ETH/USDC:USDC,942455.2751999997,1.25e-05,3304.45
2026-01-16T04:00:00+00:00,hyperliquid,ETH/USDC:USDC,942039.673,1.25e-05,3295.55
2026-01-16T05:00:00+00:00,hyperliquid,ETH/USDC:USDC,943005.8544,1.25e-05,3290.55
2026-01-16T06:00:00+00:00,hyperliquid,ETH/USDC:USDC,945023.1155999997,1.25e-05,3309.45
2026-01-16T07:00:00+00:00,hyperliquid,ETH/USDC:USDC,950296.1689999996,1.25e-05,3313.85
2026-01-16T08:00:00+00:00,hyperliquid,ETH/USDC:USDC,949294.2788,1.25e-05,3310.45
2026-01-16T09:00:00+00:00,hyperliquid,ETH/USDC:USDC,947627.4528000001,1.25e-05,3312.05
2026-01-16T10:00:00+00:00,hyperliquid,ETH/USDC:USDC,948773.9662000003,1.25e-05,3307.95
2026-01-16T11:00:00+00:00,hyperliquid,ETH/USDC:USDC,951039.0258000002,1.25e-05,3296.45
2026-01-16T12:00:00+00:00,hyperliquid,ETH/USDC:USDC,953379.6447999999,1.25e-05,3300.55
2026-01-16T13:00:00+00:00,hyperliquid,ETH/USDC:USDC,953900.8478,1.25e-05,3307.05
2026-01-16T14:00:00+00:00,hyperliquid,ETH/USDC:USDC,958421.0788000003,1.25e-05,3309.65
2026-01-16T15:00:00+00:00,hyperliquid,ETH/USDC:USDC,966787.9565999996,1.25e-05,3295.75
2026-01-16T16:00:00+00:00,hyperliquid,ETH/USDC:USDC,1023616.6405999995,1.25e-05,3266.95
2026-01-16T17:00:00+00:00,hyperliquid,ETH/USDC:USDC,1015154.6095999999,1.25e-05,3276.85
2026-01-16T18:00:00+00:00,hyperliquid,ETH/USDC:USDC,1006800.3794000002,1.25e-05,3285.95
2026-01-16T19:00:00+00:00,hyperliquid,ETH/USDC:USDC,1006966.2176,1.25e-05,3278.15
2026-01-16T20:00:00+00:00,hyperliquid,ETH/USDC:USDC,1010433.8644000007,1.25e-05,3275.75
2026-01-16T21:00:00+00:00,hyperliquid,ETH/USDC:USDC,1013690.8532000001,1.25e-05,3293.25
2026-01-16T22:00:00+00:00,hyperliquid,ETH/USDC:USDC,1011391.3208,1.25e-05,3294.45
2026-01-16T23:00:00+00:00,hyperliquid,ETH/USDC:USDC,1010310.6578000002,1.25e-05,3295.95
2026-01-17T00:00:00+00:00,hyperliquid,ETH/USDC:USDC,1012507.7014000004,1.25e-05,3296.45
2026-01-17T01:00:00+00:00,hyperliquid,ETH/USDC:USDC,1009688.4096000001,1.25e-05,3292.65
2026-01-17T02:00:00+00:00,hyperliquid,ETH/USDC:USDC,1008909.7146000001,1.25e-05,3290.95
2026-01-17T03:00:00+00:00,hyperliquid,ETH/USDC:USDC,1008269.7888,1.25e-05,3292.55
2026-01-17T04:00:00+00:00,hyperliquid,ETH/USDC:USDC,1008451.0734000001,1.25e-05,3288.95
2026-01-17T05:00:00+00:00,hyperliquid,ETH/USDC:USDC,1005228.9989999998,1.25e-05,3292.55
2026-01-17T06:00:00+00:00,hyperliquid,ETH/USDC:USDC,1005474.9797999999,1.25e-05,3290.55
2026-01-17T07:00:00+00:00,hyperliquid,ETH/USDC:USDC,1005755.6693999998,1.25e-05,3290.15
2026-01-17T08:00:00+00:00,hyperliquid,ETH/USDC:USDC,1006217.9561999998,1.25e-05,3290.15
2026-01-17T09:00:00+00:00,hyperliquid,ETH/USDC:USDC,1007060.7357999998,1.25e-05,3296.45
2026-01-17T10:00:00+00:00,hyperliquid,ETH/USDC:USDC,1008258.9798000002,1.25e-05,3298.15
2026-01-17T11:00:00+00:00,hyperliquid,ETH/USDC:USDC,1009947.5476000002,1.25e-05,3295.15
2026-01-17T12:00:00+00:00,hyperliquid,ETH/USDC:USDC,1009982.3524000003,1.25e-05,3301.65
2026-01-17T13:00:00+00:00,hyperliquid,ETH/USDC:USDC,1014866.256,1.25e-05,3302.25
2026-01-17T14:00:00+00:00,hyperliquid,ETH/USDC:USDC,1014869.2297999999,1.25e-05,3302.55
2026-01-17T15:00:00+00:00,hyperliquid,ETH/USDC:USDC,1017377.4412000004,1.25e-05,3308.75
2026-01-17T16:00:00+00:00,hyperliquid,ETH/USDC:USDC,1014813.1601999999,1.25e-05,3324.15
2026-01-17T17:00:00+00:00,hyperliquid,ETH/USDC:USDC,1017769.9409999999,1.25e-05,3317.75
2026-01-17T18:00:00+00:00,hyperliquid,ETH/USDC:USDC,1018009.2643999998,1.25e-05,3318.15
2026-01-17T19:00:00+00:00,hyperliquid,ETH/USDC:USDC,1016361.1213999998,1.25e-05,3317.45
2026-01-17T20:00:00+00:00,hyperliquid,ETH/USDC:USDC,1016409.3243999999,1.25e-05,3316.55
2026-01-17T21:00:00+00:00,hyperliquid,ETH/USDC:USDC,1015833.0266000001,1.25e-05,3317.45
2026-01-17T22:00:00+00:00,hyperliquid,ETH/USDC:USDC,1012326.6381999997,1.25e-05,3311.35
2026-01-17T23:00:00+00:00,hyperliquid,ETH/USDC:USDC,1015723.7376000001,1.25e-05,3303.35
2026-01-18T00:00:00+00:00,hyperliquid,ETH/USDC:USDC,1014509.4654000002,1.25e-05,3307.75
2026-01-18T01:00:00+00:00,hyperliquid,ETH/USDC:USDC,1015627.6216,1.25e-05,3302.05
2026-01-18T02:00:00+00:00,hyperliquid,ETH/USDC:USDC,1018314.8701999999,1.25e-05,3301.65
2026-01-18T03:00:00+00:00,hyperliquid,ETH/USDC:USDC,1016973.2054,1.25e-05,3302.85
2026-01-18T04:00:00+00:00,hyperliquid,ETH/USDC:USDC,1017603.4539999998,1.25e-05,3314.4
2026-01-18T05:00:00+00:00,hyperliquid,ETH/USDC:USDC,1017329.4868,1.25e-05,3311.55
2026-01-18T06:00:00+00:00,hyperliquid,ETH/USDC:USDC,1017647.0454,1.25e-05,3314.55
2026-01-18T07:00:00+00:00,hyperliquid,ETH/USDC:USDC,1017764.0545999998,1.25e-05,3312.85
2026-01-18T08:00:00+00:00,hyperliquid,ETH/USDC:USDC,1020574.2706000006,1.25e-05,3305.65
2026-01-18T09:00:00+00:00,hyperliquid,ETH/USDC:USDC,1019572.5917999999,1.25e-05,3314.55
2026-01-18T10:00:00+00:00,hyperliquid,ETH/USDC:USDC,1021493.1309999998,1.25e-05,3324.45
2026-01-18T11:00:00+00:00,hyperliquid,ETH/USDC:USDC,1022792.2191999998,1.25e-05,3323.75
2026-01-18T12:00:00+00:00,hyperliquid,ETH/USDC:USDC,1023208.391,1.25e-05,3321.45
2026-01-18T13:00:00+00:00,hyperliquid,ETH/USDC:USDC,1023191.9144000001,1.25e-05,3320.85
2026-01-18T14:00:00+00:00,hyperliquid,ETH/USDC:USDC,1023795.4813999999,1.25e-05,3323.35
2026-01-18T15:00:00+00:00,hyperliquid,ETH/USDC:USDC,1026427.3271999999,1.25e-05,3324.35
2026-01-18T16:00:00+00:00,hyperliquid,ETH/USDC:USDC,1027786.836,1.25e-05,3329.15
2026-01-18T17:00:00+00:00,hyperliquid,ETH/USDC:USDC,1027930.0125999998,1.25e-05,3332.75
2026-01-18T18:00:00+00:00,hyperliquid,ETH/USDC:USDC,1029262.6807999997,1.25e-05,3341.65
2026-01-18T19:00:00+00:00,hyperliquid,ETH/USDC:USDC,1032021.9563999999,1.25e-05,3362.25
2026-01-18T20:00:00+00:00,hyperliquid,ETH/USDC:USDC,1031127.7952000002,1.25e-05,3345.45
2026-01-18T21:00:00+00:00,hyperliquid,ETH/USDC:USDC,1030725.7287999999,1.25e-05,3337.45
2026-01-18T22:00:00+00:00,hyperliquid,ETH/USDC:USDC,1030039.6347999998,1.25e-05,3341.55
2026-01-18T23:00:00+00:00,hyperliquid,ETH/USDC:USDC,1032675.2575999995,1.25e-05,3348.75
2026-01-19T00:00:00+00:00,hyperliquid,ETH/USDC:USDC,997458.9134000003,1.25e-05,3259.95
2026-01-19T01:00:00+00:00,hyperliquid,ETH/USDC:USDC,957208.6358000007,1.25e-05,3213.05
2026-01-19T02:00:00+00:00,hyperliquid,ETH/USDC:USDC,962162.4023999999,1.25e-05,3202.25
2026-01-19T03:00:00+00:00,hyperliquid,ETH/USDC:USDC,962490.7473999998,1.25e-05,3204.85
2026-01-19T04:00:00+00:00,hyperliquid,ETH/USDC:USDC,964460.3569999996,1.25e-05,3207.05
2026-01-19T05:00:00+00:00,hyperliquid,ETH/USDC:USDC,958980.8635999999,9.58e-06,3212.35
2026-01-19T06:00:00+00:00,hyperliquid,ETH/USDC:USDC,960488.9114000001,-1.6336e-06,3200.35
2026-01-19T07:00:00+00:00,hyperliquid,ETH/USDC:USDC,958659.9131999998,5.3446e-06,3196.55
2026-01-19T08:00:00+00:00,hyperliquid,ETH/USDC:USDC,945789.6215999997,8.04e-07,3204.05
2026-01-19T09:00:00+00:00,hyperliquid,ETH/USDC:USDC,1041374.2748000004,1.25e-05,3212.85
2026-01-19T10:00:00+00:00,hyperliquid,ETH/USDC:USDC,1054262.6350000014,1.25e-05,3207.55
2026-01-19T11:00:00+00:00,hyperliquid,ETH/USDC:USDC,1060406.1896000006,1.25e-05,3214.35
2026-01-19T12:00:00+00:00,hyperliquid,ETH/USDC:USDC,1066539.5328000004,1.25e-05,3223.95
2026-01-19T13:00:00+00:00,hyperliquid,ETH/USDC:USDC,1067957.9594,1.25e-05,3223.45
2026-01-19T14:00:00+00:00,hyperliquid,ETH/USDC:USDC,1071059.159,1.25e-05,3219.35
2026-01-19T15:00:00+00:00,hyperliquid,ETH/USDC:USDC,1065909.5805999998,1.25e-05,3215.15
2026-01-19T16:00:00+00:00,hyperliquid,ETH/USDC:USDC,1071002.6506000005,1.25e-05,3215.25
2026-01-19T17:00:00+00:00,hyperliquid,ETH/USDC:USDC,1070930.2579999997,1.25e-05,3221.75
2026-01-19T18:00:00+00:00,hyperliquid,ETH/USDC:USDC,1072244.7353999997,1.25e-05,3220.95
2026-01-19T19:00:00+00:00,hyperliquid,ETH/USDC:USDC,1067879.3324000004,1.25e-05,3216.35
2026-01-19T20:00:00+00:00,hyperliquid,ETH/USDC:USDC,1072829.5411999994,1.25e-05,3222.75
2026-01-19T21:00:00+00:00,hyperliquid,ETH/USDC:USDC,1074658.359600001,1.25e-05,3217.75
2026-01-19T22:00:00+00:00,hyperliquid,ETH/USDC:USDC,1074483.6313999996,1.25e-05,3212.45
2026-01-19T23:00:00+00:00,hyperliquid,ETH/USDC:USDC,1031629.8204,1.25e-05,3194.65
2026-01-20T00:00:00+00:00,hyperliquid,ETH/USDC:USDC,964118.7727999998,1.25e-05,3185.75
2026-01-20T01:00:00+00:00,hyperliquid,ETH/USDC:USDC,960952.9375999998,1.25e-05,3180.65
2026-01-20T02:00:00+00:00,hyperliquid,ETH/USDC:USDC,959865.5731999995,1.25e-05,3190.35
2026-01-20T03:00:00+00:00,hyperliquid,ETH/USDC:USDC,962142.0610000003,8.7285e-06,3190.75
2026-01-20T04:00:00+00:00,hyperliquid,ETH/USDC:USDC,961417.1730000001,1.25e-05,3185.75
2026-01-20T05:00:00+00:00,hyperliquid,ETH/USDC:USDC,954224.1300000001,-1.91636e-05,3159.25
2026-01-20T06:00:00+00:00,hyperliquid,ETH/USDC:USDC,952658.4249999999,6.4473e-06,3169.15
2026-01-20T07:00:00+00:00,hyperliquid,ETH/USDC:USDC,961037.4862000004,-1.49455e-05,3115.65
2026-01-20T08:00:00+00:00,hyperliquid,ETH/USDC:USDC,972034.5412000003,5.7918e-06,3119.55
2026-01-20T09:00:00+00:00,hyperliquid,ETH/USDC:USDC,968313.8566000002,-3.8756e-06,3102.55
2026-01-20T10:00:00+00:00,hyperliquid,ETH/USDC:USDC,966678.3057999994,-9.352e-07,3091.35
2026-01-20T11:00:00+00:00,hyperliquid,ETH/USDC:USDC,963597.2137999999,3.2493e-06,3103.45
2026-01-20T12:00:00+00:00,hyperliquid,ETH/USDC:USDC,959937.4650000001,5.8334e-06,3106.85
2026-01-20T13:00:00+00:00,hyperliquid,ETH/USDC:USDC,961639.2607999998,8.7491e-06,3111.65
2026-01-20T14:00:00+00:00,hyperliquid,ETH/USDC:USDC,956707.2847999997,1.0449e-06,3081.45
2026-01-20T15:00:00+00:00,hyperliquid,ETH/USDC:USDC,940732.116,8.5095e-06,3043.05
2026-01-20T16:00:00+00:00,hyperliquid,ETH/USDC:USDC,920729.8528000001,9.86e-07,3027.65
2026-01-20T17:00:00+00:00,hyperliquid,ETH/USDC:USDC,926635.4993999999,1.25e-05,3009.15
2026-01-20T18:00:00+00:00,hyperliquid,ETH/USDC:USDC,990086.3099999999,1.25e-05,3002.65
2026-01-20T19:00:00+00:00,hyperliquid,ETH/USDC:USDC,1024591.5538000002,1.25e-05,2994.25
2026-01-20T20:00:00+00:00,hyperliquid,ETH/USDC:USDC,1046996.7034000002,1.25e-05,2989.95
2026-01-20T21:00:00+00:00,hyperliquid,ETH/USDC:USDC,1050398.3833999995,1.25e-05,3003.3
2026-01-20T22:00:00+00:00,hyperliquid,ETH/USDC:USDC,1049836.9344000004,1.25e-05,2994.25
2026-01-20T23:00:00+00:00,hyperliquid,ETH/USDC:USDC,1021614.764,1.25e-05,2949.85
2026-01-21T00:00:00+00:00,hyperliquid,ETH/USDC:USDC,1021334.3352,1.25e-05,2942.85
2026-01-21T01:00:00+00:00,hyperliquid,ETH/USDC:USDC,1021439.6403999999,1.25e-05,2957.85
2026-01-21T02:00:00+00:00,hyperliquid,ETH/USDC:USDC,1021322.4804,1.25e-05,2966.15
2026-01-21T03:00:00+00:00,hyperliquid,ETH/USDC:USDC,1021755.3228000001,1.25e-05,2962.75
2026-01-21T04:00:00+00:00,hyperliquid,ETH/USDC:USDC,1022600.9885999999,1.25e-05,2980.95
2026-01-21T05:00:00+00:00,hyperliquid,ETH/USDC:USDC,1021676.501,1.25e-05,2978.55
2026-01-21T06:00:00+00:00,hyperliquid,ETH/USDC:USDC,1026355.3019999997,1.25e-05,2988.75
2026-01-21T07:00:00+00:00,hyperliquid,ETH/USDC:USDC,1033189.2118000003,1.25e-05,2976.25
2026-01-21T08:00:00+00:00,hyperliquid,ETH/USDC:USDC,1037039.8884000004,1.25e-05,2967.45
2026-01-21T09:00:00+00:00,hyperliquid,ETH/USDC:USDC,1038903.4771999997,1.25e-05,2965.25
2026-01-21T10:00:00+00:00,hyperliquid,ETH/USDC:USDC,1044494.7090000001,1.15014e-05,2954.35
2026-01-21T11:00:00+00:00,hyperliquid,ETH/USDC:USDC,1045062.1450000005,7.5057e-06,2960.35
2026-01-21T12:00:00+00:00,hyperliquid,ETH/USDC:USDC,1054189.7310000001,-1.1775e-05,2942.85
2026-01-21T13:00:00+00:00,hyperliquid,ETH/USDC:USDC,1076580.9872000006,1.2065e-05,2930.65
2026-01-21T14:00:00+00:00,hyperliquid,ETH/USDC:USDC,1104586.5716000006,1.25e-05,2929.55
2026-01-21T15:00:00+00:00,hyperliquid,ETH/USDC:USDC,1122318.3928000003,5.8054e-06,2977.85
2026-01-21T16:00:00+00:00,hyperliquid,ETH/USDC:USDC,1110557.8021999998,1.01746e-05,3000.75
2026-01-21T17:00:00+00:00,hyperliquid,ETH/USDC:USDC,1098712.7181999993,9.7907e-06,2903.25
2026-01-21T18:00:00+00:00,hyperliquid,ETH/USDC:USDC,1103845.3324000011,7.0015e-06,2900.65
2026-01-21T19:00:00+00:00,hyperliquid,ETH/USDC:USDC,1103868.003,3.6363e-06,2925.65
2026-01-21T20:00:00+00:00,hyperliquid,ETH/USDC:USDC,1120033.7825999982,1.25e-05,3044.35
2026-01-21T21:00:00+00:00,hyperliquid,ETH/USDC:USDC,1124037.233799999,1.25e-05,3023.45
2026-01-21T22:00:00+00:00,hyperliquid,ETH/USDC:USDC,1123008.5742000006,1.25e-05,3030.25
2026-01-21T23:00:00+00:00,hyperliquid,ETH/USDC:USDC,1103121.13,1.25e-05,3010.45
2026-01-22T00:00:00+00:00,hyperliquid,ETH/USDC:USDC,1096949.4880000004,1.25e-05,2985.35
2026-01-22T01:00:00+00:00,hyperliquid,ETH/USDC:USDC,1098188.413,1.25e-05,3004.05
2026-01-22T02:00:00+00:00,hyperliquid,ETH/USDC:USDC,1102640.0032000004,1.25e-05,3027.65
2026-01-22T03:00:00+00:00,hyperliquid,ETH/USDC:USDC,1097525.6793999986,1.25e-05,3019.25
2026-01-22T04:00:00+00:00,hyperliquid,ETH/USDC:USDC,1079145.7497999992,1.25e-05,3011.55
2026-01-22T05:00:00+00:00,hyperliquid,ETH/USDC:USDC,1082222.8935999996,1.25e-05,3022.45
2026-01-22T06:00:00+00:00,hyperliquid,ETH/USDC:USDC,1077901.0905999998,1.25e-05,3019.05
2026-01-22T07:00:00+00:00,hyperliquid,ETH/USDC:USDC,1077888.2711999996,1.25e-05,3018.95
2026-01-22T08:00:00+00:00,hyperliquid,ETH/USDC:USDC,1075872.7121999995,1.25e-05,3002.25
2026-01-22T09:00:00+00:00,hyperliquid,ETH/USDC:USDC,1076244.0543999993,1.25e-05,3004.55
2026-01-22T10:00:00+00:00,hyperliquid,ETH/USDC:USDC,1087146.4873999988,1.25e-05,3012.95
2026-01-22T11:00:00+00:00,hyperliquid,ETH/USDC:USDC,1086314.1211999995,1.25e-05,3000.05
2026-01-22T12:00:00+00:00,hyperliquid,ETH/USDC:USDC,1086776.6566000006,1.25e-05,2980.85
2026-01-22T13:00:00+00:00,hyperliquid,ETH/USDC:USDC,1089567.7349999994,1.25e-05,2990.95
2026-01-22T14:00:00+00:00,hyperliquid,ETH/USDC:USDC,1096771.7966000007,1.1398e-05,2969.65
2026-01-22T15:00:00+00:00,hyperliquid,ETH/USDC:USDC,1094792.174199997,1.25e-05,2943.65
2026-01-22T16:00:00+00:00,hyperliquid,ETH/USDC:USDC,1070537.3613999996,1.9084e-06,2944.25
2026-01-22T17:00:00+00:00,hyperliquid,ETH/USDC:USDC,1083758.5784000002,1.25e-05,2945.75
2026-01-22T18:00:00+00:00,hyperliquid,ETH/USDC:USDC,1108806.477,1.25e-05,2959.15
2026-01-22T19:00:00+00:00,hyperliquid,ETH/USDC:USDC,1110153.4622,1.25e-05,2933.85
2026-01-22T20:00:00+00:00,hyperliquid,ETH/USDC:USDC,1103703.771799999,1.25e-05,2953.95
2026-01-22T21:00:00+00:00,hyperliquid,ETH/USDC:USDC,1104475.2694,1.25e-05,2941.45
2026-01-22T22:00:00+00:00,hyperliquid,ETH/USDC:USDC,1125903.0246000015,1.25e-05,2945.15
2026-01-22T23:00:00+00:00,hyperliquid,ETH/USDC:USDC,1111382.385999999,9.4906e-06,2942.65
2026-01-23T00:00:00+00:00,hyperliquid,ETH/USDC:USDC,1105047.8305999986,1.24365e-05,2950.55
2026-01-23T01:00:00+00:00,hyperliquid,ETH/USDC:USDC,1087841.505,1.25e-05,2954.95
2026-01-23T02:00:00+00:00,hyperliquid,ETH/USDC:USDC,1090243.916800001,1.25e-05,2966.95
2026-01-23T03:00:00+00:00,hyperliquid,ETH/USDC:USDC,1082761.5236,1.0048e-06,2952.45
2026-01-23T04:00:00+00:00,hyperliquid,ETH/USDC:USDC,1089134.8661999996,1.25e-05,2962.75
2026-01-23T05:00:00+00:00,hyperliquid,ETH/USDC:USDC,1084993.9379999998,1.25e-05,2975.75
2026-01-23T06:00:00+00:00,hyperliquid,ETH/USDC:USDC,1085264.7828,1.25e-05,2965.95
2026-01-23T07:00:00+00:00,hyperliquid,ETH/USDC:USDC,1015140.7734,-5.76807e-05,2936.45
2026-01-23T08:00:00+00:00,hyperliquid,ETH/USDC:USDC,992082.7083999997,-3.90513e-05,2943.85
2026-01-23T09:00:00+00:00,hyperliquid,ETH/USDC:USDC,990972.2271999997,-1.52453e-05,2930.35
2026-01-23T10:00:00+00:00,hyperliquid,ETH/USDC:USDC,998174.8636000003,-1.26434e-05,2917.95
2026-01-23T11:00:00+00:00,hyperliquid,ETH/USDC:USDC,976626.1765999999,7.4158e-06,2929.15
2026-01-23T12:00:00+00:00,hyperliquid,ETH/USDC:USDC,971462.4116,5.8757e-06,2937.65
2026-01-23T13:00:00+00:00,hyperliquid,ETH/USDC:USDC,967888.9112,7.6415e-06,2935.65
2026-01-23T14:00:00+00:00,hyperliquid,ETH/USDC:USDC,970080.7521999998,4.247e-07,2925.65
2026-01-23T15:00:00+00:00,hyperliquid,ETH/USDC:USDC,968465.6709999999,2.2301e-06,2917.75
2026-01-23T16:00:00+00:00,hyperliquid,ETH/USDC:USDC,954517.4409999999,-9.9917e-06,2953.15
2026-01-23T17:00:00+00:00,hyperliquid,ETH/USDC:USDC,956054.0876,-1.4968e-06,2962.25
2026-01-23T18:00:00+00:00,hyperliquid,ETH/USDC:USDC,940980.9251999996,-2.7791e-06,2979.7
2026-01-23T19:00:00+00:00,hyperliquid,ETH/USDC:USDC,941225.6637999999,2.0789e-06,2980.65
2026-01-23T20:00:00+00:00,hyperliquid,ETH/USDC:USDC,949614.5578000003,1.14509e-05,2956.25
2026-01-23T21:00:00+00:00,hyperliquid,ETH/USDC:USDC,957312.5996000002,-1.0701e-06,2940.65
2026-01-23T22:00:00+00:00,hyperliquid,ETH/USDC:USDC,957859.0403999997,6.5927e-06,2948.85
2026-01-23T23:00:00+00:00,hyperliquid,ETH/USDC:USDC,951148.8642000001,-6.0841e-06,2956.45
2026-01-24T00:00:00+00:00,hyperliquid,ETH/USDC:USDC,951550.9802000001,3.3606e-06,2955.85
2026-01-24T01:00:00+00:00,hyperliquid,ETH/USDC:USDC,954038.5772,-1.73254e-05,2948.15
2026-01-24T02:00:00+00:00,hyperliquid,ETH/USDC:USDC,957368.2927999998,-3.22901e-05,2954.35
2026-01-24T03:00:00+00:00,hyperliquid,ETH/USDC:USDC,952493.9089999998,-1.3262e-06,2956.15
2026-01-24T04:00:00+00:00,hyperliquid,ETH/USDC:USDC,951947.5327999999,6.961e-06,2961.25
2026-01-24T05:00:00+00:00,hyperliquid,ETH/USDC:USDC,951106.3163999998,-1.11564e-05,2961.35
2026-01-24T06:00:00+00:00,hyperliquid,ETH/USDC:USDC,950103.3298,-2.659e-05,2959.05
2026-01-24T07:00:00+00:00,hyperliquid,ETH/USDC:USDC,949426.0675999998,-1.51803e-05,2959.85
2026-01-24T08:00:00+00:00,hyperliquid,ETH/USDC:USDC,948657.5397999999,4.3296e-06,2956.05
2026-01-24T09:00:00+00:00,hyperliquid,ETH/USDC:USDC,947827.7773999999,1.564e-06,2961.55
2026-01-24T10:00:00+00:00,hyperliquid,ETH/USDC:USDC,945466.4586,1.18346e-05,2959.35
2026-01-24T11:00:00+00:00,hyperliquid,ETH/USDC:USDC,945048.2677999999,1.21348e-05,2960.45
2026-01-24T12:00:00+00:00,hyperliquid,ETH/USDC:USDC,943910.6949999998,2.9549e-06,2959.55
2026-01-24T13:00:00+00:00,hyperliquid,ETH/USDC:USDC,951797.2788000001,-1.5793e-05,2961.15
2026-01-24T14:00:00+00:00,hyperliquid,ETH/USDC:USDC,946881.2527999999,-4.4129e-06,2946.15
2026-01-24T15:00:00+00:00,hyperliquid,ETH/USDC:USDC,933999.8216000001,1.25e-05,2959.55
2026-01-24T16:00:00+00:00,hyperliquid,ETH/USDC:USDC,931755.9915999997,-3.4789e-06,2957.75
2026-01-24T17:00:00+00:00,hyperliquid,ETH/USDC:USDC,934158.6505999997,-6.4419e-06,2957.55
2026-01-24T18:00:00+00:00,hyperliquid,ETH/USDC:USDC,937124.8366,-1.19006e-05,2962.05
2026-01-24T19:00:00+00:00,hyperliquid,ETH/USDC:USDC,937309.5387999999,-2.6794e-06,2962.25
2026-01-24T20:00:00+00:00,hyperliquid,ETH/USDC:USDC,931193.4022000002,8.958e-06,2952.35
2026-01-24T21:00:00+00:00,hyperliquid,ETH/USDC:USDC,931749.4442000003,-9.8228e-06,2954.65
2026-01-24T22:00:00+00:00,hyperliquid,ETH/USDC:USDC,930429.2442,1.25e-05,2957.25
2026-01-24T23:00:00+00:00,hyperliquid,ETH/USDC:USDC,928532.1532000001,1.24277e-05,2961.45
2026-01-25T00:00:00+00:00,hyperliquid,ETH/USDC:USDC,930522.7186000001,-1.67131e-05,2951.15
2026-01-25T01:00:00+00:00,hyperliquid,ETH/USDC:USDC,930233.0604,3.677e-07,2957.75
2026-01-25T02:00:00+00:00,hyperliquid,ETH/USDC:USDC,929402.2268000001,-3.199e-06,2954.65
2026-01-25T03:00:00+00:00,hyperliquid,ETH/USDC:USDC,929324.6904,6.8211e-06,2952.65
2026-01-25T04:00:00+00:00,hyperliquid,ETH/USDC:USDC,929305.8611999999,-3.3886e-06,2941.65
2026-01-25T05:00:00+00:00,hyperliquid,ETH/USDC:USDC,929303.3712000003,7.1375e-06,2942.95
2026-01-25T06:00:00+00:00,hyperliquid,ETH/USDC:USDC,928973.5112,2.103e-07,2945.05
2026-01-25T07:00:00+00:00,hyperliquid,ETH/USDC:USDC,934376.0898000001,-1.54988e-05,2941.75
2026-01-25T08:00:00+00:00,hyperliquid,ETH/USDC:USDC,934063.4122000003,2.1134e-06,2938.55
2026-01-25T09:00:00+00:00,hyperliquid,ETH/USDC:USDC,932072.9760000001,6.2536e-06,2929.85
2026-01-25T10:00:00+00:00,hyperliquid,ETH/USDC:USDC,932168.8356000006,7.6708e-06,2935.05
2026-01-25T11:00:00+00:00,hyperliquid,ETH/USDC:USDC,932882.8414000002,1.7289e-06,2943.05
2026-01-25T12:00:00+00:00,hyperliquid,ETH/USDC:USDC,932948.7812000003,1.03955e-05,2935.65
2026-01-25T13:00:00+00:00,hyperliquid,ETH/USDC:USDC,928311.5640000002,1.25e-05,2942.15
2026-01-25T14:00:00+00:00,hyperliquid,ETH/USDC:USDC,928209.4588000001,1.12825e-05,2941.55
2026-01-25T15:00:00+00:00,hyperliquid,ETH/USDC:USDC,933405.5045999999,1.25e-05,2929.75
2026-01-25T16:00:00+00:00,hyperliquid,ETH/USDC:USDC,930093.9186000006,-4.2644e-06,2926.15
2026-01-25T17:00:00+00:00,hyperliquid,ETH/USDC:USDC,953579.9266000004,9.3231e-06,2897.25
2026-01-25T18:00:00+00:00,hyperliquid,ETH/USDC:USDC,952122.6574000001,1.13617e-05,2881.05
2026-01-25T19:00:00+00:00,hyperliquid,ETH/USDC:USDC,981788.4000000001,-7.5927e-06,2849.05
2026-01-25T20:00:00+00:00,hyperliquid,ETH/USDC:USDC,966037.9506000001,-4.35616e-05,2812.75
2026-01-25T21:00:00+00:00,hyperliquid,ETH/USDC:USDC,958246.0746000005,-7.0287e-06,2815.35
2026-01-25T22:00:00+00:00,hyperliquid,ETH/USDC:USDC,951141.8779999998,-2.71854e-05,2809.85
2026-01-25T23:00:00+00:00,hyperliquid,ETH/USDC:USDC,955517.9293999992,-2.31601e-05,2787.85
2026-01-26T00:00:00+00:00,hyperliquid,ETH/USDC:USDC,954613.8691999995,-6.8833e-06,2812.15
2026-01-26T01:00:00+00:00,hyperliquid,ETH/USDC:USDC,947516.5148000002,6.1133e-06,2840.05
2026-01-26T02:00:00+00:00,hyperliquid,ETH/USDC:USDC,948432.7627999998,-8.1449e-06,2874.35
2026-01-26T03:00:00+00:00,hyperliquid,ETH/USDC:USDC,947944.6110000004,-8.1918e-06,2863.55
2026-01-26T04:00:00+00:00,hyperliquid,ETH/USDC:USDC,946819.8402,7.6346e-06,2851.95
2026-01-26T05:00:00+00:00,hyperliquid,ETH/USDC:USDC,951708.7883999998,1.01788e-05,2865.85
2026-01-26T06:00:00+00:00,hyperliquid,ETH/USDC:USDC,952078.4207999996,1.25e-05,2869.45
2026-01-26T07:00:00+00:00,hyperliquid,ETH/USDC:USDC,949864.7086,1.14909e-05,2891.55
2026-01-26T08:00:00+00:00,hyperliquid,ETH/USDC:USDC,954518.2069999999,1.25e-05,2902.05
2026-01-26T09:00:00+00:00,hyperliquid,ETH/USDC:USDC,954109.5817999999,1.25e-05,2908.15
2026-01-26T10:00:00+00:00,hyperliquid,ETH/USDC:USDC,952865.4075999998,1.25e-05,2885.15
2026-01-26T11:00:00+00:00,hyperliquid,ETH/USDC:USDC,956069.7658,8.362e-06,2896.25
2026-01-26T12:00:00+00:00,hyperliquid,ETH/USDC:USDC,938548.4966000002,-2.7178e-06,2894.35
2026-01-26T13:00:00+00:00,hyperliquid,ETH/USDC:USDC,937500.1484000002,6.8421e-06,2901.95
2026-01-26T14:00:00+00:00,hyperliquid,ETH/USDC:USDC,937894.0402000002,2.5428e-06,2908.05
2026-01-26T15:00:00+00:00,hyperliquid,ETH/USDC:USDC,944770.6156000003,-1.34302e-05,2913.55
2026-01-26T16:00:00+00:00,hyperliquid,ETH/USDC:USDC,936692.9617999997,-8.2514e-06,2898.65
2026-01-26T17:00:00+00:00,hyperliquid,ETH/USDC:USDC,930831.1649999997,-3.25752e-05,2900.65
2026-01-26T18:00:00+00:00,hyperliquid,ETH/USDC:USDC,916523.0934000004,1.24e-07,2909.25
2026-01-26T19:00:00+00:00,hyperliquid,ETH/USDC:USDC,918830.9925999998,1.18407e-05,2933.95
2026-01-26T20:00:00+00:00,hyperliquid,ETH/USDC:USDC,914780.9266,2.24e-07,2919.25
2026-01-26T21:00:00+00:00,hyperliquid,ETH/USDC:USDC,907323.3608000003,-2.23859e-05,2900.15
2026-01-26T22:00:00+00:00,hyperliquid,ETH/USDC:USDC,908357.6551999999,2.9586e-06,2924.55
2026-01-26T23:00:00+00:00,hyperliquid,ETH/USDC:USDC,902675.2682,2.7446e-06,2922.4
2026-01-27T00:00:00+00:00,hyperliquid,ETH/USDC:USDC,879910.1935999998,7.0907e-06,2925.95
2026-01-27T01:00:00+00:00,hyperliquid,ETH/USDC:USDC,878869.9866000002,-8.745e-06,2913.75
2026-01-27T02:00:00+00:00,hyperliquid,ETH/USDC:USDC,881386.4688,1.25e-05,2934.35
2026-01-27T03:00:00+00:00,hyperliquid,ETH/USDC:USDC,882209.7034,1.25e-05,2943.75
2026-01-27T04:00:00+00:00,hyperliquid,ETH/USDC:USDC,883113.6363999996,1.25e-05,2937.85
2026-01-27T05:00:00+00:00,hyperliquid,ETH/USDC:USDC,881761.3596,1.25e-05,2940.15
2026-01-27T06:00:00+00:00,hyperliquid,ETH/USDC:USDC,881828.2142000002,1.25e-05,2938.25
2026-01-27T07:00:00+00:00,hyperliquid,ETH/USDC:USDC,880193.9520000002,1.25e-05,2928.15
2026-01-27T08:00:00+00:00,hyperliquid,ETH/USDC:USDC,880905.3744000001,1.25e-05,2927.85
2026-01-27T09:00:00+00:00,hyperliquid,ETH/USDC:USDC,879682.9149999995,1.00927e-05,2919.25
2026-01-27T10:00:00+00:00,hyperliquid,ETH/USDC:USDC,878793.3393999998,1.25e-05,2909.05
2026-01-27T11:00:00+00:00,hyperliquid,ETH/USDC:USDC,880867.7744000003,1.09953e-05,2902.15
2026-01-27T12:00:00+00:00,hyperliquid,ETH/USDC:USDC,880614.3824,1.25e-05,2916.75
2026-01-27T13:00:00+00:00,hyperliquid,ETH/USDC:USDC,879950.4885999997,1.25e-05,2915.35
2026-01-27T14:00:00+00:00,hyperliquid,ETH/USDC:USDC,879169.4746000002,1.03801e-05,2911.35
2026-01-27T15:00:00+00:00,hyperliquid,ETH/USDC:USDC,887594.9673999995,1.25e-05,2914.95
2026-01-27T16:00:00+00:00,hyperliquid,ETH/USDC:USDC,877557.4966000004,1.25e-05,2939.45
2026-01-27T17:00:00+00:00,hyperliquid,ETH/USDC:USDC,862535.1585999995,1.16333e-05,2985.05
2026-01-27T18:00:00+00:00,hyperliquid,ETH/USDC:USDC,859704.0062000004,1.0871e-05,2930.35
2026-01-27T19:00:00+00:00,hyperliquid,ETH/USDC:USDC,864576.7165999999,1.15338e-05,2975.45
2026-01-27T20:00:00+00:00,hyperliquid,ETH/USDC:USDC,868634.7126,1.25e-05,2979.75
2026-01-27T21:00:00+00:00,hyperliquid,ETH/USDC:USDC,872497.3750000002,1.25e-05,3016.05
2026-01-27T22:00:00+00:00,hyperliquid,ETH/USDC:USDC,855183.2406000006,6.7789e-06,3020.35
2026-01-27T23:00:00+00:00,hyperliquid,ETH/USDC:USDC,857082.4518000004,1.25e-05,3012.15
2026-01-28T00:00:00+00:00,hyperliquid,ETH/USDC:USDC,900001.2761999997,1.25e-05,3022.15
2026-01-28T01:00:00+00:00,hyperliquid,ETH/USDC:USDC,883243.6792000001,1.25e-05,3021.35
2026-01-28T02:00:00+00:00,hyperliquid,ETH/USDC:USDC,888251.4844000004,1.25e-05,3016.85
2026-01-28T03:00:00+00:00,hyperliquid,ETH/USDC:USDC,878523.0049999999,1.25e-05,3010.85
2026-01-28T04:00:00+00:00,hyperliquid,ETH/USDC:USDC,872998.0316000001,1.25e-05,3005.35
2026-01-28T05:00:00+00:00,hyperliquid,ETH/USDC:USDC,867635.2152000004,1.25e-05,3002.65
2026-01-28T06:00:00+00:00,hyperliquid,ETH/USDC:USDC,866603.1652000003,1.25e-05,3006.15
2026-01-28T07:00:00+00:00,hyperliquid,ETH/USDC:USDC,874761.2636000001,1.25e-05,3011.65
2026-01-28T08:00:00+00:00,hyperliquid,ETH/USDC:USDC,868333.1076000003,1.25e-05,3004.15
2026-01-28T09:00:00+00:00,hyperliquid,ETH/USDC:USDC,867366.1468000006,1.25e-05,2989.65
2026-01-28T10:00:00+00:00,hyperliquid,ETH/USDC:USDC,869880.9897999999,1.25e-05,3013.85
2026-01-28T11:00:00+00:00,hyperliquid,ETH/USDC:USDC,886101.3520000003,1.25e-05,3026.55
2026-01-28T12:00:00+00:00,hyperliquid,ETH/USDC:USDC,886265.1252000005,1.25e-05,3032.65
2026-01-28T13:00:00+00:00,hyperliquid,ETH/USDC:USDC,884682.1686000001,1.25e-05,3029.65
2026-01-28T14:00:00+00:00,hyperliquid,ETH/USDC:USDC,888480.1534000003,1.25e-05,3032.95
2026-01-28T15:00:00+00:00,hyperliquid,ETH/USDC:USDC,894092.1894,3.3648e-06,3013.25
2026-01-28T16:00:00+00:00,hyperliquid,ETH/USDC:USDC,893075.2300000003,9.5627e-06,3006.45
2026-01-28T17:00:00+00:00,hyperliquid,ETH/USDC:USDC,893791.9005999998,1.11739e-05,3002.45
2026-01-28T18:00:00+00:00,hyperliquid,ETH/USDC:USDC,890787.5420000005,1.25e-05,3003.75
2026-01-28T19:00:00+00:00,hyperliquid,ETH/USDC:USDC,886097.5222000006,1.25e-05,3006.25
2026-01-28T20:00:00+00:00,hyperliquid,ETH/USDC:USDC,902075.3756000005,1.25e-05,3019.45
2026-01-28T21:00:00+00:00,hyperliquid,ETH/USDC:USDC,910557.8924000001,1.25e-05,3005.25
2026-01-28T22:00:00+00:00,hyperliquid,ETH/USDC:USDC,898522.5238,1.25e-05,3025.15
2026-01-28T23:00:00+00:00,hyperliquid,ETH/USDC:USDC,898473.3906,1.25e-05,3019.45
2026-01-29T00:00:00+00:00,hyperliquid,ETH/USDC:USDC,896367.4472000002,1.25e-05,3009.85
2026-01-29T01:00:00+00:00,hyperliquid,ETH/USDC:USDC,895751.0708,1.25e-05,3010.55
2026-01-29T02:00:00+00:00,hyperliquid,ETH/USDC:USDC,896383.8168000001,1.25e-05,2991.95
2026-01-29T03:00:00+00:00,hyperliquid,ETH/USDC:USDC,895169.1725999996,1.25e-05,2954.85
2026-01-29T04:00:00+00:00,hyperliquid,ETH/USDC:USDC,895164.5190000002,1.25e-05,2952.75
2026-01-29T05:00:00+00:00,hyperliquid,ETH/USDC:USDC,894196.6926000004,1.25e-05,2960.35
2026-01-29T06:00:00+00:00,hyperliquid,ETH/USDC:USDC,894795.2596000005,1.25e-05,2953.05
2026-01-29T07:00:00+00:00,hyperliquid,ETH/USDC:USDC,889069.7761999998,1.25e-05,2955.25
2026-01-29T08:00:00+00:00,hyperliquid,ETH/USDC:USDC,889105.012,1.25e-05,2958.75
2026-01-29T09:00:00+00:00,hyperliquid,ETH/USDC:USDC,888702.5370000001,1.25e-05,2952.45
2026-01-29T10:00:00+00:00,hyperliquid,ETH/USDC:USDC,888041.7222,1.25e-05,2941.65
2026-01-29T11:00:00+00:00,hyperliquid,ETH/USDC:USDC,887556.4174000002,1.25e-05,2943.45
2026-01-29T12:00:00+00:00,hyperliquid,ETH/USDC:USDC,883843.2470000003,1.25e-05,2930.85
2026-01-29T13:00:00+00:00,hyperliquid,ETH/USDC:USDC,884059.5468000001,1.25e-05,2936.25
2026-01-29T14:00:00+00:00,hyperliquid,ETH/USDC:USDC,886580.1812,1.25e-05,2935.05
2026-01-29T15:00:00+00:00,hyperliquid,ETH/USDC:USDC,874384.8008000006,2.9618e-06,2863.35
2026-01-29T16:00:00+00:00,hyperliquid,ETH/USDC:USDC,892181.2491999997,1.25e-05,2819.05
2026-01-29T17:00:00+00:00,hyperliquid,ETH/USDC:USDC,890976.0052000006,1.25e-05,2839.35
2026-01-29T18:00:00+00:00,hyperliquid,ETH/USDC:USDC,881209.8937999996,1.25e-05,2822.45
2026-01-29T19:00:00+00:00,hyperliquid,ETH/USDC:USDC,861120.6930000002,-1.8508e-06,2761.6
2026-01-29T20:00:00+00:00,hyperliquid,ETH/USDC:USDC,882634.6985999999,1.25e-05,2796.4
2026-01-29T21:00:00+00:00,hyperliquid,ETH/USDC:USDC,891876.6216000001,1.25e-05,2811.7
2026-01-29T22:00:00+00:00,hyperliquid,ETH/USDC:USDC,886747.2104,3.9724e-06,2820.15
2026-01-29T23:00:00+00:00,hyperliquid,ETH/USDC:USDC,886275.7903999998,1.25e-05,2820.75
2026-01-30T00:00:00+00:00,hyperliquid,ETH/USDC:USDC,886245.991,8.7919e-06,2824.35
2026-01-30T01:00:00+00:00,hyperliquid,ETH/USDC:USDC,888876.4403999997,-6.9874e-06,2801.55
2026-01-30T02:00:00+00:00,hyperliquid,ETH/USDC:USDC,838443.097199999,-1.62242e-05,2741.75
2026-01-30T03:00:00+00:00,hyperliquid,ETH/USDC:USDC,832496.0990000006,7.4589e-06,2737.15
2026-01-30T04:00:00+00:00,hyperliquid,ETH/USDC:USDC,838308.6200000001,7.4277e-06,2744.25
2026-01-30T05:00:00+00:00,hyperliquid,ETH/USDC:USDC,836965.8922,-9.9433e-06,2752.45
2026-01-30T06:00:00+00:00,hyperliquid,ETH/USDC:USDC,849947.6113999997,-1.58519e-05,2742.05
2026-01-30T07:00:00+00:00,hyperliquid,ETH/USDC:USDC,838324.6039999997,8.6284e-06,2721.85
2026-01-30T08:00:00+00:00,hyperliquid,ETH/USDC:USDC,864864.4350000002,-1.57118e-05,2732.95
2026-01-30T09:00:00+00:00,hyperliquid,ETH/USDC:USDC,874841.8747999999,1.15801e-05,2739.05
2026-01-30T10:00:00+00:00,hyperliquid,ETH/USDC:USDC,870771.6468000002,-6.2943e-06,2718.75
2026-01-30T11:00:00+00:00,hyperliquid,ETH/USDC:USDC,870291.5774,8.7137e-06,2735.05
2026-01-30T12:00:00+00:00,hyperliquid,ETH/USDC:USDC,915611.0104000004,1.25e-05,2761.65
2026-01-30T13:00:00+00:00,hyperliquid,ETH/USDC:USDC,912535.9601999997,9.4496e-06,2739.65
2026-01-30T14:00:00+00:00,hyperliquid,ETH/USDC:USDC,925868.6939999999,1.25e-05,2733.75
2026-01-30T15:00:00+00:00,hyperliquid,ETH/USDC:USDC,921038.4395999997,1.04569e-05,2731.85
2026-01-30T16:00:00+00:00,hyperliquid,ETH/USDC:USDC,930927.7893999997,1.25e-05,2724.85
2026-01-30T17:00:00+00:00,hyperliquid,ETH/USDC:USDC,904668.0266000001,-6.981e-06,2715.05
2026-01-30T18:00:00+00:00,hyperliquid,ETH/USDC:USDC,904629.2048000001,1.25e-05,2713.15
2026-01-30T19:00:00+00:00,hyperliquid,ETH/USDC:USDC,915586.4061999997,1.25e-05,2747.85
2026-01-30T20:00:00+00:00,hyperliquid,ETH/USDC:USDC,888440.4598,1.25e-05,2738.65
2026-01-30T21:00:00+00:00,hyperliquid,ETH/USDC:USDC,918130.2875999993,1.25e-05,2681.15
2026-01-30T22:00:00+00:00,hyperliquid,ETH/USDC:USDC,914238.6589999999,1.25e-05,2705.65
2026-01-30T23:00:00+00:00,hyperliquid,ETH/USDC:USDC,918578.6969999998,1.25e-05,2710.55
2026-01-31T00:00:00+00:00,hyperliquid,ETH/USDC:USDC,920828.1523999999,1.25e-05,2705.15
2026-01-31T01:00:00+00:00,hyperliquid,ETH/USDC:USDC,921867.7500000002,1.25e-05,2704.85
2026-01-31T02:00:00+00:00,hyperliquid,ETH/USDC:USDC,919834.5696,1.25e-05,2697.25
2026-01-31T03:00:00+00:00,hyperliquid,ETH/USDC:USDC,920525.1415999995,1.25e-05,2702.95
2026-01-31T04:00:00+00:00,hyperliquid,ETH/USDC:USDC,916079.9245999996,1.25e-05,2696.85
2026-01-31T05:00:00+00:00,hyperliquid,ETH/USDC:USDC,914753.4507999999,1.25e-05,2693.45
2026-01-31T06:00:00+00:00,hyperliquid,ETH/USDC:USDC,915472.1145999999,1.25e-05,2697.65
2026-01-31T07:00:00+00:00,hyperliquid,ETH/USDC:USDC,906263.7685999997,1.25e-05,2692.25
2026-01-31T08:00:00+00:00,hyperliquid,ETH/USDC:USDC,908426.9231999998,1.25e-05,2681.25
2026-01-31T09:00:00+00:00,hyperliquid,ETH/USDC:USDC,849456.1668,1.25e-05,2643.35
2026-01-31T10:00:00+00:00,hyperliquid,ETH/USDC:USDC,851760.5587999998,1.25e-05,2650.05
2026-01-31T11:00:00+00:00,hyperliquid,ETH/USDC:USDC,849038.2207999995,1.25e-05,2647.45
2026-01-31T12:00:00+00:00,hyperliquid,ETH/USDC:USDC,841771.1942000003,8.4539e-06,2639.55
2026-01-31T13:00:00+00:00,hyperliquid,ETH/USDC:USDC,816231.4585999999,-1.603e-06,2630.45
2026-01-31T14:00:00+00:00,hyperliquid,ETH/USDC:USDC,792396.1729999995,-5.2091e-06,2629.05
2026-01-31T15:00:00+00:00,hyperliquid,ETH/USDC:USDC,776950.7564000001,-1.80945e-05,2529.75
2026-01-31T16:00:00+00:00,hyperliquid,ETH/USDC:USDC,774896.9140000001,-1.6783e-06,2531.75
2026-01-31T17:00:00+00:00,hyperliquid,ETH/USDC:USDC,774466.9726000001,-2.39834e-05,2483.05
2026-01-31T18:00:00+00:00,hyperliquid,ETH/USDC:USDC,787765.754399999,1.25e-05,2409.55
2026-01-31T19:00:00+00:00,hyperliquid,ETH/USDC:USDC,720034.730000001,-5.01529e-05,2373.15
2026-01-31T20:00:00+00:00,hyperliquid,ETH/USDC:USDC,675908.0181999996,-5.69479e-05,2382.25
2026-01-31T21:00:00+00:00,hyperliquid,ETH/USDC:USDC,670645.6778000002,-3.10257e-05,2390.85
2026-01-31T22:00:00+00:00,hyperliquid,ETH/USDC:USDC,644177.2705999999,-1.51016e-05,2418.15
2026-01-31T23:00:00+00:00,hyperliquid,ETH/USDC:USDC,644052.9190000007,-2.62349e-05,2417.85
2026-02-01T00:00:00+00:00,hyperliquid,ETH/USDC:USDC,635909.2800000001,-4.963e-05,2445.95
2026-02-01T01:00:00+00:00,hyperliquid,ETH/USDC:USDC,616149.1392000001,-2.82114e-05,2448.75
2026-02-01T02:00:00+00:00,hyperliquid,ETH/USDC:USDC,602497.4785999992,-2.67059e-05,2443.15
2026-02-01T03:00:00+00:00,hyperliquid,ETH/USDC:USDC,597630.9329999995,-2.16483e-05,2452.85
2026-02-01T04:00:00+00:00,hyperliquid,ETH/USDC:USDC,596271.7917999995,-3.07178e-05,2442.8
2026-02-01T05:00:00+00:00,hyperliquid,ETH/USDC:USDC,593171.5849999997,-9.3515e-06,2445.35
2026-02-01T06:00:00+00:00,hyperliquid,ETH/USDC:USDC,589082.3686000002,-2.54332e-05,2432.65
2026-02-01T07:00:00+00:00,hyperliquid,ETH/USDC:USDC,588864.3447999997,-1.30289e-05,2414.45
2026-02-01T08:00:00+00:00,hyperliquid,ETH/USDC:USDC,585785.6079999995,-1.0231e-05,2410.75
2026-02-01T09:00:00+00:00,hyperliquid,ETH/USDC:USDC,581596.7913999998,-2.86633e-05,2407.55
2026-02-01T10:00:00+00:00,hyperliquid,ETH/USDC:USDC,568406.8008000002,-4.9768e-06,2428.25
2026-02-01T11:00:00+00:00,hyperliquid,ETH/USDC:USDC,568030.9962000002,-2.50085e-05,2384.45
2026-02-01T12:00:00+00:00,hyperliquid,ETH/USDC:USDC,555571.8747999996,-3.98785e-05,2407.15
2026-02-01T13:00:00+00:00,hyperliquid,ETH/USDC:USDC,540620.4549999997,-1.2217e-05,2398.55
2026-02-01T14:00:00+00:00,hyperliquid,ETH/USDC:USDC,520233.6266000002,-2.03517e-05,2375.2
2026-02-01T15:00:00+00:00,hyperliquid,ETH/USDC:USDC,510679.1540000002,-3.19761e-05,2365.85
2026-02-01T16:00:00+00:00,hyperliquid,ETH/USDC:USDC,499147.2399999999,-1.33854e-05,2310.45
2026-02-01T17:00:00+00:00,hyperliquid,ETH/USDC:USDC,500397.2534,-2.0231e-05,2302.25
2026-02-01T18:00:00+00:00,hyperliquid,ETH/USDC:USDC,488206.7617999999,-2.1752e-06,2317.75
2026-02-01T19:00:00+00:00,hyperliquid,ETH/USDC:USDC,484410.4401999998,-2.7911e-06,2345.85
2026-02-01T20:00:00+00:00,hyperliquid,ETH/USDC:USDC,477939.4225999999,-4.0714e-06,2316.65
2026-02-01T21:00:00+00:00,hyperliquid,ETH/USDC:USDC,468336.5444,-8.917e-06,2314.45
2026-02-01T22:00:00+00:00,hyperliquid,ETH/USDC:USDC,464060.7144000001,-2.36598e-05,2288.75
2026-02-01T23:00:00+00:00,hyperliquid,ETH/USDC:USDC,463997.2427999999,-4.5291e-05,2303.85
2026-02-02T00:00:00+00:00,hyperliquid,ETH/USDC:USDC,453407.0387999995,-1.21543e-05,2261.65
2026-02-02T01:00:00+00:00,hyperliquid,ETH/USDC:USDC,451473.4216,-2.47821e-05,2293.95
2026-02-02T02:00:00+00:00,hyperliquid,ETH/USDC:USDC,452867.1199999999,-3.44192e-05,2284.65
2026-02-02T03:00:00+00:00,hyperliquid,ETH/USDC:USDC,451837.6826000001,-2.87573e-05,2263.95
2026-02-02T04:00:00+00:00,hyperliquid,ETH/USDC:USDC,504784.1638,-7.39655e-05,2224.45
2026-02-02T05:00:00+00:00,hyperliquid,ETH/USDC:USDC,496764.3756000001,-2.51632e-05,2239.75
2026-02-02T06:00:00+00:00,hyperliquid,ETH/USDC:USDC,482317.8840000004,-2.7423e-05,2190.05
2026-02-02T07:00:00+00:00,hyperliquid,ETH/USDC:USDC,481138.5970000001,-2.03698e-05,2222.05
2026-02-02T08:00:00+00:00,hyperliquid,ETH/USDC:USDC,495577.7916000006,-3.46916e-05,2231.95
2026-02-02T09:00:00+00:00,hyperliquid,ETH/USDC:USDC,474817.6064000005,-1.61856e-05,2243.05
2026-02-02T10:00:00+00:00,hyperliquid,ETH/USDC:USDC,443868.2598000002,-1.61591e-05,2287.95
2026-02-02T11:00:00+00:00,hyperliquid,ETH/USDC:USDC,435935.2109999999,2.6725e-06,2279.85
2026-02-02T12:00:00+00:00,hyperliquid,ETH/USDC:USDC,430246.3291999999,3.3108e-06,2283.85
2026-02-02T13:00:00+00:00,hyperliquid,ETH/USDC:USDC,426216.5140000001,-1.287e-05,2305.75
2026-02-02T14:00:00+00:00,hyperliquid,ETH/USDC:USDC,436956.8436,-1.46493e-05,2327.15
2026-02-02T15:00:00+00:00,hyperliquid,ETH/USDC:USDC,453284.3473999999,-3.37627e-05,2326.05
2026-02-02T16:00:00+00:00,hyperliquid,ETH/USDC:USDC,477059.7024,-3.14065e-05,2370.35
2026-02-02T17:00:00+00:00,hyperliquid,ETH/USDC:USDC,475257.8692000002,-4.16446e-05,2366.4
2026-02-02T18:00:00+00:00,hyperliquid,ETH/USDC:USDC,470361.6441999999,-4.15084e-05,2352.25
2026-02-02T19:00:00+00:00,hyperliquid,ETH/USDC:USDC,464851.5462,-3.66119e-05,2341.15
2026-02-02T22:00:00+00:00,hyperliquid,ETH/USDC:USDC,464139.1763999999,-3.41899e-05,2345.75
2026-02-02T23:00:00+00:00,hyperliquid,ETH/USDC:USDC,464049.6478,-3.90402e-05,2347.35
2026-02-03T00:00:00+00:00,hyperliquid,ETH/USDC:USDC,461583.9628,-2.68105e-05,2344.35
2026-02-03T01:00:00+00:00,hyperliquid,ETH/USDC:USDC,460837.9738,-1.70269e-05,2351.45
2026-02-03T02:00:00+00:00,hyperliquid,ETH/USDC:USDC,460089.1513999999,-1.7742e-05,2348.85
2026-02-03T03:00:00+00:00,hyperliquid,ETH/USDC:USDC,465969.8669999998,-4.59553e-05,2299.25
2026-02-03T04:00:00+00:00,hyperliquid,ETH/USDC:USDC,467256.072,-1.25008e-05,2343.55
2026-02-03T05:00:00+00:00,hyperliquid,ETH/USDC:USDC,462502.0014000002,-1.22242e-05,2341.65
2026-02-03T06:00:00+00:00,hyperliquid,ETH/USDC:USDC,459363.874,-1.69482e-05,2316.35
2026-02-03T07:00:00+00:00,hyperliquid,ETH/USDC:USDC,454334.3655999997,-3.7621e-06,2316.15
2026-02-03T08:00:00+00:00,hyperliquid,ETH/USDC:USDC,448725.3966,2.2538e-06,2321.05
2026-02-03T09:00:00+00:00,hyperliquid,ETH/USDC:USDC,443579.4002000001,-2.97e-08,2315.75
2026-02-03T10:00:00+00:00,hyperliquid,ETH/USDC:USDC,431371.6681999997,-1.02353e-05,2287.85
2026-02-03T11:00:00+00:00,hyperliquid,ETH/USDC:USDC,432878.704,-1.72066e-05,2281.95
2026-02-03T12:00:00+00:00,hyperliquid,ETH/USDC:USDC,434691.5979999998,-8.3244e-06,2275.35
2026-02-03T13:00:00+00:00,hyperliquid,ETH/USDC:USDC,433431.3192000001,-6.6873e-06,2298.05
2026-02-03T14:00:00+00:00,hyperliquid,ETH/USDC:USDC,427458.2976000001,6.3636e-06,2311.25
2026-02-03T15:00:00+00:00,hyperliquid,ETH/USDC:USDC,449832.6040000002,-1.46613e-05,2255.15
2026-02-03T16:00:00+00:00,hyperliquid,ETH/USDC:USDC,452608.1617999997,-7.8892e-06,2297.25
2026-02-03T17:00:00+00:00,hyperliquid,ETH/USDC:USDC,449459.4569999999,-5.9739e-06,2242.15
2026-02-03T18:00:00+00:00,hyperliquid,ETH/USDC:USDC,448973.0963999997,-5.2487e-06,2202.65
2026-02-03T19:00:00+00:00,hyperliquid,ETH/USDC:USDC,464493.4380000001,-1.59874e-05,2119.15
2026-02-03T20:00:00+00:00,hyperliquid,ETH/USDC:USDC,483727.1726,-4.20779e-05,2201.85
2026-02-03T21:00:00+00:00,hyperliquid,ETH/USDC:USDC,475180.3235999997,-1.38024e-05,2299.55
2026-02-03T22:00:00+00:00,hyperliquid,ETH/USDC:USDC,467888.9821999994,-2.31957e-05,2279.55
2026-02-03T23:00:00+00:00,hyperliquid,ETH/USDC:USDC,506345.1557999998,-4.13629e-05,2231.75
2026-02-04T00:00:00+00:00,hyperliquid,ETH/USDC:USDC,465963.1990000001,-1.16644e-05,2226.05
2026-02-04T01:00:00+00:00,hyperliquid,ETH/USDC:USDC,459288.1686,2.4876e-06,2249.35
2026-02-04T02:00:00+00:00,hyperliquid,ETH/USDC:USDC,479031.5605999997,1.0017e-06,2267.95
2026-02-04T03:00:00+00:00,hyperliquid,ETH/USDC:USDC,463506.1041999997,-4.2795e-06,2250.75
2026-02-04T04:00:00+00:00,hyperliquid,ETH/USDC:USDC,467481.938,1.25e-05,2279.25
2026-02-04T05:00:00+00:00,hyperliquid,ETH/USDC:USDC,463598.7248,1.25e-05,2276.55
2026-02-04T06:00:00+00:00,hyperliquid,ETH/USDC:USDC,457635.1812000002,7.5443e-06,2259.25
2026-02-04T07:00:00+00:00,hyperliquid,ETH/USDC:USDC,460439.8874000002,1.25e-05,2273.05
2026-02-04T08:00:00+00:00,hyperliquid,ETH/USDC:USDC,473615.3232,1.25e-05,2282.25
2026-02-04T09:00:00+00:00,hyperliquid,ETH/USDC:USDC,487975.7416000002,1.25e-05,2277.85
2026-02-04T10:00:00+00:00,hyperliquid,ETH/USDC:USDC,497395.9637999999,1.25e-05,2259.95
2026-02-04T11:00:00+00:00,hyperliquid,ETH/USDC:USDC,495436.8868,1.25e-05,2258.45
2026-02-04T12:00:00+00:00,hyperliquid,ETH/USDC:USDC,493789.2922000001,1.25e-05,2256.25
2026-02-04T13:00:00+00:00,hyperliquid,ETH/USDC:USDC,497875.6249999998,1.25e-05,2241.95
2026-02-04T14:00:00+00:00,hyperliquid,ETH/USDC:USDC,501335.6092000002,1.25e-05,2202.75
2026-02-04T15:00:00+00:00,hyperliquid,ETH/USDC:USDC,499002.7326000002,1.0152e-06,2168.95
2026-02-04T16:00:00+00:00,hyperliquid,ETH/USDC:USDC,508862.2864000003,9.4254e-06,2148.95
2026-02-04T17:00:00+00:00,hyperliquid,ETH/USDC:USDC,519702.6107999998,1.25e-05,2140.55
2026-02-04T18:00:00+00:00,hyperliquid,ETH/USDC:USDC,518809.6413999999,1.25e-05,2119.45
2026-02-04T19:00:00+00:00,hyperliquid,ETH/USDC:USDC,515289.0196000003,1.25e-05,2151.6
2026-02-04T20:00:00+00:00,hyperliquid,ETH/USDC:USDC,504088.1292000002,1.25e-05,2179.15
2026-02-04T21:00:00+00:00,hyperliquid,ETH/USDC:USDC,504282.0387999999,1.25e-05,2174.65
2026-02-04T22:00:00+00:00,hyperliquid,ETH/USDC:USDC,502460.7788,1.25e-05,2119.25
2026-02-04T23:00:00+00:00,hyperliquid,ETH/USDC:USDC,499556.4813999998,1.25e-05,2121.95
2026-02-05T00:00:00+00:00,hyperliquid,ETH/USDC:USDC,500134.6763999999,1.25e-05,2145.25
2026-02-05T01:00:00+00:00,hyperliquid,ETH/USDC:USDC,501250.2786000001,1.25e-05,2149.65
2026-02-05T02:00:00+00:00,hyperliquid,ETH/USDC:USDC,506578.2409999999,1.25e-05,2151.45
2026-02-05T03:00:00+00:00,hyperliquid,ETH/USDC:USDC,507597.2615999997,1.25e-05,2128.15
2026-02-05T04:00:00+00:00,hyperliquid,ETH/USDC:USDC,503171.8929999999,1.25e-05,2109.95
2026-02-05T05:00:00+00:00,hyperliquid,ETH/USDC:USDC,498871.5722000001,1.25e-05,2106.45
2026-02-05T06:00:00+00:00,hyperliquid,ETH/USDC:USDC,503615.9940000001,1.25e-05,2106.25
2026-02-05T07:00:00+00:00,hyperliquid,ETH/USDC:USDC,504619.5730000001,1.25e-05,2099.75
2026-02-05T08:00:00+00:00,hyperliquid,ETH/USDC:USDC,499637.2150000002,1.25e-05,2096.55
2026-02-05T09:00:00+00:00,hyperliquid,ETH/USDC:USDC,496906.5076,1.25e-05,2115.3
2026-02-05T10:00:00+00:00,hyperliquid,ETH/USDC:USDC,498669.4412000003,1.25e-05,2134.45
2026-02-05T11:00:00+00:00,hyperliquid,ETH/USDC:USDC,495981.6330000002,1.25e-05,2099.95
2026-02-05T12:00:00+00:00,hyperliquid,ETH/USDC:USDC,501281.2987999998,1.25e-05,2083.1
2026-02-05T13:00:00+00:00,hyperliquid,ETH/USDC:USDC,510104.6496000001,1.25e-05,2063.55
2026-02-05T14:00:00+00:00,hyperliquid,ETH/USDC:USDC,509138.2864000003,1.25e-05,2079.85
2026-02-05T15:00:00+00:00,hyperliquid,ETH/USDC:USDC,492805.0173999995,-7.7023e-06,2034.9
2026-02-05T16:00:00+00:00,hyperliquid,ETH/USDC:USDC,516509.5844000001,1.13641e-05,1961.25
2026-02-05T17:00:00+00:00,hyperliquid,ETH/USDC:USDC,519849.6862000003,5.4372e-06,1988.05
2026-02-05T18:00:00+00:00,hyperliquid,ETH/USDC:USDC,526009.9738000004,1.25e-05,1962.55
2026-02-05T19:00:00+00:00,hyperliquid,ETH/USDC:USDC,475355.2818000001,-2.89614e-05,1938.5
2026-02-05T20:00:00+00:00,hyperliquid,ETH/USDC:USDC,464327.7463999999,-1.22757e-05,1933.35
2026-02-05T21:00:00+00:00,hyperliquid,ETH/USDC:USDC,471467.0741999996,1.25e-05,1870.35
2026-02-05T22:00:00+00:00,hyperliquid,ETH/USDC:USDC,475849.2083999997,-1.11207e-05,1848.95
2026-02-05T23:00:00+00:00,hyperliquid,ETH/USDC:USDC,471656.4948000002,3.8454e-06,1864.85
2026-02-06T00:00:00+00:00,hyperliquid,ETH/USDC:USDC,468710.5206,-2.65499e-05,1821.95
2026-02-06T01:00:00+00:00,hyperliquid,ETH/USDC:USDC,457070.8779999996,1.1425e-06,1880.85
2026-02-06T02:00:00+00:00,hyperliquid,ETH/USDC:USDC,425412.9194,1.25e-05,1940.45
2026-02-06T03:00:00+00:00,hyperliquid,ETH/USDC:USDC,407407.4292,1.25e-05,1907.35
2026-02-06T04:00:00+00:00,hyperliquid,ETH/USDC:USDC,414256.2812,1.23413e-05,1889.75
2026-02-06T05:00:00+00:00,hyperliquid,ETH/USDC:USDC,413028.5945999999,-7.5949e-06,1911.05
2026-02-06T06:00:00+00:00,hyperliquid,ETH/USDC:USDC,413097.4283999998,3.0797e-06,1959.85
2026-02-06T07:00:00+00:00,hyperliquid,ETH/USDC:USDC,407488.0190000003,1.8474e-06,1900.25
2026-02-06T08:00:00+00:00,hyperliquid,ETH/USDC:USDC,408953.2551999996,-3.2817e-06,1898.15
2026-02-06T09:00:00+00:00,hyperliquid,ETH/USDC:USDC,408610.4126,1.25e-05,1876.65
2026-02-06T10:00:00+00:00,hyperliquid,ETH/USDC:USDC,404797.2599999999,1.25e-05,1918.65
2026-02-06T11:00:00+00:00,hyperliquid,ETH/USDC:USDC,405144.3507999999,1.07661e-05,1922.05
2026-02-06T12:00:00+00:00,hyperliquid,ETH/USDC:USDC,406118.8902,1.25e-05,1928.15
2026-02-06T13:00:00+00:00,hyperliquid,ETH/USDC:USDC,406772.7578,1.25e-05,1920.45
2026-02-06T14:00:00+00:00,hyperliquid,ETH/USDC:USDC,411623.6003999999,-5.9729e-06,1950.05
2026-02-06T15:00:00+00:00,hyperliquid,ETH/USDC:USDC,470537.0859999995,-9.7153e-06,1971.95
2026-02-06T16:00:00+00:00,hyperliquid,ETH/USDC:USDC,459173.9601999996,-3.12298e-05,1980.35
2026-02-06T17:00:00+00:00,hyperliquid,ETH/USDC:USDC,427533.1762000004,-2.32781e-05,2027.65
2026-02-06T18:00:00+00:00,hyperliquid,ETH/USDC:USDC,420309.1725999999,1.25e-05,2064.35
2026-02-06T19:00:00+00:00,hyperliquid,ETH/USDC:USDC,415182.2416,4.586e-06,2044.35
2026-02-06T20:00:00+00:00,hyperliquid,ETH/USDC:USDC,412711.2461999999,1.3766e-06,2064.25
2026-02-06T21:00:00+00:00,hyperliquid,ETH/USDC:USDC,404196.5198,-3.04408e-05,2058.15
2026-02-06T22:00:00+00:00,hyperliquid,ETH/USDC:USDC,409745.5032000002,-1.74404e-05,2050.95
2026-02-06T23:00:00+00:00,hyperliquid,ETH/USDC:USDC,404564.7300000003,-1.00588e-05,2072.8
2026-02-07T00:00:00+00:00,hyperliquid,ETH/USDC:USDC,401263.6017999998,-3.00975e-05,2053.35
2026-02-07T01:00:00+00:00,hyperliquid,ETH/USDC:USDC,402395.0489999998,-1.93738e-05,2041.2
2026-02-07T02:00:00+00:00,hyperliquid,ETH/USDC:USDC,405483.5814,-1.16479e-05,2056.65
2026-02-07T03:00:00+00:00,hyperliquid,ETH/USDC:USDC,400602.2620000001,-1.85097e-05,2060.45
2026-02-07T04:00:00+00:00,hyperliquid,ETH/USDC:USDC,397374.4055999998,-1.6022e-05,2084.55
2026-02-07T05:00:00+00:00,hyperliquid,ETH/USDC:USDC,361841.542,7.0195e-06,2087.65
2026-02-07T06:00:00+00:00,hyperliquid,ETH/USDC:USDC,360122.8295999999,6.7834e-06,2081.75
2026-02-07T07:00:00+00:00,hyperliquid,ETH/USDC:USDC,366250.9997999999,7.3526e-06,2052.55
2026-02-07T08:00:00+00:00,hyperliquid,ETH/USDC:USDC,353330.5394000001,1.4744e-06,2023.85
2026-02-07T09:00:00+00:00,hyperliquid,ETH/USDC:USDC,351848.3407999998,9.5557e-06,2021.85
2026-02-07T10:00:00+00:00,hyperliquid,ETH/USDC:USDC,350732.3684000001,-1.4077e-06,2013.15
2026-02-07T11:00:00+00:00,hyperliquid,ETH/USDC:USDC,351518.3874000001,1.19004e-05,2010.95
2026-02-07T12:00:00+00:00,hyperliquid,ETH/USDC:USDC,349492.7667999999,1.25e-05,2021.05
2026-02-07T13:00:00+00:00,hyperliquid,ETH/USDC:USDC,343248.0169999998,2.6277e-06,2047.55
2026-02-07T14:00:00+00:00,hyperliquid,ETH/USDC:USDC,340939.3816,-3.484e-07,2039.25
2026-02-07T15:00:00+00:00,hyperliquid,ETH/USDC:USDC,345638.3930000002,3.7335e-06,2019.85
2026-02-07T16:00:00+00:00,hyperliquid,ETH/USDC:USDC,349879.8561999999,-2.33783e-05,2050.15
2026-02-07T17:00:00+00:00,hyperliquid,ETH/USDC:USDC,339182.9112,-8.4536e-06,2048.85
2026-02-07T18:00:00+00:00,hyperliquid,ETH/USDC:USDC,341260.3878000002,7.9719e-06,2060.65
2026-02-07T19:00:00+00:00,hyperliquid,ETH/USDC:USDC,356237.4311999999,5.4049e-06,2094.45
2026-02-07T20:00:00+00:00,hyperliquid,ETH/USDC:USDC,356602.6458000001,-7.5789e-06,2092.45
2026-02-07T21:00:00+00:00,hyperliquid,ETH/USDC:USDC,354088.3224000001,-2.444e-06,2100.65
2026-02-07T22:00:00+00:00,hyperliquid,ETH/USDC:USDC,354801.1861999999,9.1444e-06,2098.15
2026-02-07T23:00:00+00:00,hyperliquid,ETH/USDC:USDC,351135.1958000002,-2.9518e-06,2087.45
2026-02-08T00:00:00+00:00,hyperliquid,ETH/USDC:USDC,350436.9939999998,-7.526e-06,2087.15
2026-02-08T01:00:00+00:00,hyperliquid,ETH/USDC:USDC,352199.6546,-1.07815e-05,2083.45
2026-02-08T02:00:00+00:00,hyperliquid,ETH/USDC:USDC,351785.6278,-9.0865e-06,2092.65
2026-02-08T03:00:00+00:00,hyperliquid,ETH/USDC:USDC,350427.6134,-2.16838e-05,2086.75
2026-02-08T04:00:00+00:00,hyperliquid,ETH/USDC:USDC,352518.1646000001,-1.09306e-05,2078.55
2026-02-08T05:00:00+00:00,hyperliquid,ETH/USDC:USDC,354985.6903999999,-1.465e-05,2080.25
2026-02-08T06:00:00+00:00,hyperliquid,ETH/USDC:USDC,354027.8491999999,-2.5091e-06,2083.95
2026-02-08T07:00:00+00:00,hyperliquid,ETH/USDC:USDC,352526.3364000001,1.931e-06,2079.95
2026-02-08T08:00:00+00:00,hyperliquid,ETH/USDC:USDC,350931.5197999999,8.3016e-06,2081.15
2026-02-08T09:00:00+00:00,hyperliquid,ETH/USDC:USDC,349114.7382000003,5.0683e-06,2114.05
2026-02-08T10:00:00+00:00,hyperliquid,ETH/USDC:USDC,341552.7158,-5.6924e-06,2104.85
2026-02-08T11:00:00+00:00,hyperliquid,ETH/USDC:USDC,344828.4725999999,-1.68263e-05,2095.15
2026-02-08T12:00:00+00:00,hyperliquid,ETH/USDC:USDC,343208.3823999999,-7.7975e-06,2128.85
2026-02-08T13:00:00+00:00,hyperliquid,ETH/USDC:USDC,341687.1826000002,1.25e-05,2137.85
2026-02-08T14:00:00+00:00,hyperliquid,ETH/USDC:USDC,347181.4966000002,1.09915e-05,2124.35
2026-02-08T15:00:00+00:00,hyperliquid,ETH/USDC:USDC,354002.7506,1.25e-05,2128.65
2026-02-08T16:00:00+00:00,hyperliquid,ETH/USDC:USDC,353719.4311999999,5.8003e-06,2105.25
2026-02-08T17:00:00+00:00,hyperliquid,ETH/USDC:USDC,348436.0711999999,-1.24141e-05,2084.35
2026-02-08T18:00:00+00:00,hyperliquid,ETH/USDC:USDC,344282.7576,-4.8139e-06,2090.95
2026-02-08T19:00:00+00:00,hyperliquid,ETH/USDC:USDC,346733.7434,1.21435e-05,2110.35
2026-02-08T20:00:00+00:00,hyperliquid,ETH/USDC:USDC,346628.6739999999,-7.005e-06,2120.65
2026-02-08T21:00:00+00:00,hyperliquid,ETH/USDC:USDC,343000.2479999998,1.4558e-06,2104.35
2026-02-08T22:00:00+00:00,hyperliquid,ETH/USDC:USDC,346411.9495999999,-1.22482e-05,2094.15
2026-02-08T23:00:00+00:00,hyperliquid,ETH/USDC:USDC,344797.8230000001,4.8655e-06,2109.9
2026-02-09T00:00:00+00:00,hyperliquid,ETH/USDC:USDC,334605.6984000001,1.0187e-06,2095.35
2026-02-09T01:00:00+00:00,hyperliquid,ETH/USDC:USDC,335453.8327999997,-6.098e-07,2083.85
2026-02-09T02:00:00+00:00,hyperliquid,ETH/USDC:USDC,333692.3294,-7.4576e-06,2065.15
2026-02-09T03:00:00+00:00,hyperliquid,ETH/USDC:USDC,327196.1193999997,3.8721e-06,2081.85
2026-02-09T04:00:00+00:00,hyperliquid,ETH/USDC:USDC,324072.9618000002,-3.02975e-05,2096.45
2026-02-09T05:00:00+00:00,hyperliquid,ETH/USDC:USDC,326746.8703999998,9.6286e-06,2086.05
2026-02-09T06:00:00+00:00,hyperliquid,ETH/USDC:USDC,334936.8663999998,1.4578e-06,2091.05
2026-02-09T07:00:00+00:00,hyperliquid,ETH/USDC:USDC,347411.1703999998,1.25e-05,2075.85
2026-02-09T08:00:00+00:00,hyperliquid,ETH/USDC:USDC,352260.8681999996,9.5578e-06,2065.15
2026-02-09T09:00:00+00:00,hyperliquid,ETH/USDC:USDC,396221.7951999997,1.25e-05,2050.55
2026-02-09T10:00:00+00:00,hyperliquid,ETH/USDC:USDC,401653.6622,9.6318e-06,2036.45
2026-02-09T11:00:00+00:00,hyperliquid,ETH/USDC:USDC,400448.1699999998,1.25e-05,2033.55
2026-02-09T12:00:00+00:00,hyperliquid,ETH/USDC:USDC,405795.1088000002,4.84e-08,2029.15
2026-02-09T13:00:00+00:00,hyperliquid,ETH/USDC:USDC,404652.9658,-8.6409e-06,2032.35
2026-02-09T14:00:00+00:00,hyperliquid,ETH/USDC:USDC,411356.4312000001,-1.69263e-05,2022.75
2026-02-09T15:00:00+00:00,hyperliquid,ETH/USDC:USDC,410183.3238000001,1.22446e-05,2055.85
2026-02-09T16:00:00+00:00,hyperliquid,ETH/USDC:USDC,394272.6676000001,4.952e-06,2058.35
2026-02-09T17:00:00+00:00,hyperliquid,ETH/USDC:USDC,404482.3451999995,1.25e-05,2086.05
2026-02-09T18:00:00+00:00,hyperliquid,ETH/USDC:USDC,408549.7669999999,1.25e-05,2126.45
2026-02-09T19:00:00+00:00,hyperliquid,ETH/USDC:USDC,404449.5735999999,1.25e-05,2124.15
2026-02-09T20:00:00+00:00,hyperliquid,ETH/USDC:USDC,406640.9007999998,1.25e-05,2123.75
2026-02-09T21:00:00+00:00,hyperliquid,ETH/USDC:USDC,409934.2437999999,1.25e-05,2123.05
2026-02-09T22:00:00+00:00,hyperliquid,ETH/USDC:USDC,407478.4536000001,1.25e-05,2116.65
2026-02-09T23:00:00+00:00,hyperliquid,ETH/USDC:USDC,408954.2046000002,1.18509e-05,2113.05
2026-02-10T00:00:00+00:00,hyperliquid,ETH/USDC:USDC,407701.9358000002,1.25e-05,2106.65
2026-02-10T01:00:00+00:00,hyperliquid,ETH/USDC:USDC,401341.5989999998,6.4938e-06,2101.45
2026-02-10T02:00:00+00:00,hyperliquid,ETH/USDC:USDC,412472.0433999999,1.25e-05,2114.35
2026-02-10T03:00:00+00:00,hyperliquid,ETH/USDC:USDC,413242.1170000001,1.25e-05,2108.85
2026-02-10T04:00:00+00:00,hyperliquid,ETH/USDC:USDC,409587.4490000003,1.25e-05,2065.75
2026-02-10T05:00:00+00:00,hyperliquid,ETH/USDC:USDC,415917.1455999999,1.25e-05,2070.65
2026-02-10T06:00:00+00:00,hyperliquid,ETH/USDC:USDC,438298.7912000003,1.25e-05,2052.65
2026-02-10T07:00:00+00:00,hyperliquid,ETH/USDC:USDC,464997.4628000002,1.25e-05,2008.15
2026-02-10T08:00:00+00:00,hyperliquid,ETH/USDC:USDC,469584.9366000001,1.25e-05,2008.85
2026-02-10T09:00:00+00:00,hyperliquid,ETH/USDC:USDC,476517.2044000003,1.25e-05,2018.95
2026-02-10T10:00:00+00:00,hyperliquid,ETH/USDC:USDC,478771.427,1.25e-05,2018.65
2026-02-10T11:00:00+00:00,hyperliquid,ETH/USDC:USDC,478292.7098000001,1.25e-05,2011.25
2026-02-10T12:00:00+00:00,hyperliquid,ETH/USDC:USDC,478746.1641999994,4.2942e-06,2007.75
2026-02-10T13:00:00+00:00,hyperliquid,ETH/USDC:USDC,481082.8874000002,2.5886e-06,2006.05
2026-02-10T14:00:00+00:00,hyperliquid,ETH/USDC:USDC,488288.6522,1.05837e-05,2016.45
2026-02-10T15:00:00+00:00,hyperliquid,ETH/USDC:USDC,496495.6804000001,8.3805e-06,2010.95
2026-02-10T16:00:00+00:00,hyperliquid,ETH/USDC:USDC,502142.6232,1.25e-05,2021.05
2026-02-10T17:00:00+00:00,hyperliquid,ETH/USDC:USDC,529563.0434000009,1.25e-05,2021.75
2026-02-10T18:00:00+00:00,hyperliquid,ETH/USDC:USDC,524291.2248000001,1.25e-05,2036.85
2026-02-10T19:00:00+00:00,hyperliquid,ETH/USDC:USDC,520547.2882,1.13784e-05,2010.75
2026-02-10T20:00:00+00:00,hyperliquid,ETH/USDC:USDC,520176.839,1.25e-05,2018.35
2026-02-10T21:00:00+00:00,hyperliquid,ETH/USDC:USDC,523454.8866,1.25e-05,2015.65
2026-02-10T22:00:00+00:00,hyperliquid,ETH/USDC:USDC,523093.1806000003,1.25e-05,2010.15
2026-02-10T23:00:00+00:00,hyperliquid,ETH/USDC:USDC,521104.2574000001,1.25e-05,2013.65
2026-02-11T00:00:00+00:00,hyperliquid,ETH/USDC:USDC,519024.6886000001,1.25e-05,2018.95
2026-02-11T01:00:00+00:00,hyperliquid,ETH/USDC:USDC,523834.1875999999,1.19865e-05,2025.35
2026-02-11T02:00:00+00:00,hyperliquid,ETH/USDC:USDC,520143.4771999998,7.2567e-06,2025.75
2026-02-11T03:00:00+00:00,hyperliquid,ETH/USDC:USDC,518809.6872,1.09017e-05,2016.85
2026-02-11T04:00:00+00:00,hyperliquid,ETH/USDC:USDC,520064.4437999998,9.1075e-06,2008.05
2026-02-11T05:00:00+00:00,hyperliquid,ETH/USDC:USDC,508791.7219999998,1.25e-05,1973.75
2026-02-11T06:00:00+00:00,hyperliquid,ETH/USDC:USDC,506855.665,5.512e-07,1973.65
2026-02-11T07:00:00+00:00,hyperliquid,ETH/USDC:USDC,501153.9027999997,8.5789e-06,1947.95
2026-02-11T08:00:00+00:00,hyperliquid,ETH/USDC:USDC,499574.0771999998,-1.8347e-06,1949.65
2026-02-11T09:00:00+00:00,hyperliquid,ETH/USDC:USDC,498450.0765999997,3.2958e-06,1951.15
2026-02-11T10:00:00+00:00,hyperliquid,ETH/USDC:USDC,499092.4866,-2.979e-07,1942.95
2026-02-11T11:00:00+00:00,hyperliquid,ETH/USDC:USDC,497431.626,4.0378e-06,1940.35
2026-02-11T12:00:00+00:00,hyperliquid,ETH/USDC:USDC,504544.3423999996,9.2274e-06,1954.75
2026-02-11T13:00:00+00:00,hyperliquid,ETH/USDC:USDC,501544.7511999999,-2.64e-08,1952.35
2026-02-11T14:00:00+00:00,hyperliquid,ETH/USDC:USDC,505424.3217999999,8.0621e-06,1962.95
2026-02-11T15:00:00+00:00,hyperliquid,ETH/USDC:USDC,505955.6503999998,-2.0483e-05,1942.35
2026-02-11T16:00:00+00:00,hyperliquid,ETH/USDC:USDC,501611.6599999998,-4.6307e-06,1930.45
2026-02-11T17:00:00+00:00,hyperliquid,ETH/USDC:USDC,494901.3981999999,-1.7506e-05,1909.25
2026-02-11T18:00:00+00:00,hyperliquid,ETH/USDC:USDC,501430.7671999999,-4.4185e-06,1928.85
2026-02-11T19:00:00+00:00,hyperliquid,ETH/USDC:USDC,501186.5831999996,1.25e-05,1942.35
2026-02-11T20:00:00+00:00,hyperliquid,ETH/USDC:USDC,489597.8125999998,-1.6385e-06,1953.45
2026-02-11T21:00:00+00:00,hyperliquid,ETH/USDC:USDC,490473.9059999996,6.3504e-06,1951.85
2026-02-11T22:00:00+00:00,hyperliquid,ETH/USDC:USDC,490500.6246,8.9771e-06,1971.15
2026-02-11T23:00:00+00:00,hyperliquid,ETH/USDC:USDC,478003.0606000001,-7.7664e-06,1947.35
2026-02-12T00:00:00+00:00,hyperliquid,ETH/USDC:USDC,472186.4693999999,-2.4683e-06,1945.45
2026-02-12T01:00:00+00:00,hyperliquid,ETH/USDC:USDC,468892.2382000001,9.7432e-06,1963.15
2026-02-12T02:00:00+00:00,hyperliquid,ETH/USDC:USDC,468386.9536000004,-1.2225e-05,1961.85
2026-02-12T03:00:00+00:00,hyperliquid,ETH/USDC:USDC,466676.9487999998,-3.3409e-06,1958.65
2026-02-12T04:00:00+00:00,hyperliquid,ETH/USDC:USDC,466197.2934,7.2746e-06,1966.65
2026-02-12T05:00:00+00:00,hyperliquid,ETH/USDC:USDC,480819.3906,1.25e-05,1966.55
2026-02-12T06:00:00+00:00,hyperliquid,ETH/USDC:USDC,480486.365,1.25e-05,1968.75
2026-02-12T07:00:00+00:00,hyperliquid,ETH/USDC:USDC,483903.0484000003,1.25e-05,1971.25
2026-02-12T08:00:00+00:00,hyperliquid,ETH/USDC:USDC,484242.2804000001,1.25e-05,1972.45
2026-02-12T09:00:00+00:00,hyperliquid,ETH/USDC:USDC,479231.1753999999,1.25e-05,1962.95
2026-02-12T10:00:00+00:00,hyperliquid,ETH/USDC:USDC,488580.9276000002,1.25e-05,1981.45
2026-02-12T11:00:00+00:00,hyperliquid,ETH/USDC:USDC,488762.2398000003,1.25e-05,1991.05
2026-02-12T12:00:00+00:00,hyperliquid,ETH/USDC:USDC,493606.6524000004,1.25e-05,1987.55
2026-02-12T13:00:00+00:00,hyperliquid,ETH/USDC:USDC,494933.4616000003,1.25e-05,1979.1
2026-02-12T14:00:00+00:00,hyperliquid,ETH/USDC:USDC,493952.4948,1.25e-05,1987.55
2026-02-12T15:00:00+00:00,hyperliquid,ETH/USDC:USDC,496659.5514,8.1773e-06,1980.75
2026-02-12T16:00:00+00:00,hyperliquid,ETH/USDC:USDC,488012.1624000005,3.115e-06,1944.65
2026-02-12T17:00:00+00:00,hyperliquid,ETH/USDC:USDC,487781.9866000004,1.25e-05,1909.95
2026-02-12T18:00:00+00:00,hyperliquid,ETH/USDC:USDC,488447.3682000003,-1.6422e-06,1910.15
2026-02-12T19:00:00+00:00,hyperliquid,ETH/USDC:USDC,494082.564,1.25e-05,1919.9
2026-02-12T20:00:00+00:00,hyperliquid,ETH/USDC:USDC,489632.0128,9.5798e-06,1927.75
2026-02-12T21:00:00+00:00,hyperliquid,ETH/USDC:USDC,495076.4733999999,1.25e-05,1914.15
2026-02-12T22:00:00+00:00,hyperliquid,ETH/USDC:USDC,494932.6944,1.5384e-06,1922.35
2026-02-12T23:00:00+00:00,hyperliquid,ETH/USDC:USDC,496849.1424,1.25e-05,1943.95
2026-02-13T00:00:00+00:00,hyperliquid,ETH/USDC:USDC,497249.5535999998,1.25e-05,1946.25
2026-02-13T01:00:00+00:00,hyperliquid,ETH/USDC:USDC,496474.0688000003,1.25e-05,1933.55
2026-02-13T02:00:00+00:00,hyperliquid,ETH/USDC:USDC,496238.4372,1.07311e-05,1943.65
2026-02-13T03:00:00+00:00,hyperliquid,ETH/USDC:USDC,496207.3544,8.3117e-06,1948.75
2026-02-13T04:00:00+00:00,hyperliquid,ETH/USDC:USDC,503632.9411999998,5.275e-07,1952.85
2026-02-13T05:00:00+00:00,hyperliquid,ETH/USDC:USDC,498698.6874,-1.681e-06,1944.85
2026-02-13T06:00:00+00:00,hyperliquid,ETH/USDC:USDC,500358.7561999999,1.551e-06,1934.45
2026-02-13T07:00:00+00:00,hyperliquid,ETH/USDC:USDC,500751.0645999999,-1.1946e-06,1935.35
2026-02-13T08:00:00+00:00,hyperliquid,ETH/USDC:USDC,499073.516,9.738e-07,1934.35
2026-02-13T09:00:00+00:00,hyperliquid,ETH/USDC:USDC,502739.3471999997,1.25e-05,1956.45
2026-02-13T10:00:00+00:00,hyperliquid,ETH/USDC:USDC,501677.2863999999,1.25e-05,1961.35
2026-02-13T11:00:00+00:00,hyperliquid,ETH/USDC:USDC,496010.7622000003,-2.1944e-06,1954.35
2026-02-13T12:00:00+00:00,hyperliquid,ETH/USDC:USDC,500316.9046000001,1.25e-05,1957.85
2026-02-13T13:00:00+00:00,hyperliquid,ETH/USDC:USDC,500132.1869999999,1.25e-05,1961.15
2026-02-13T14:00:00+00:00,hyperliquid,ETH/USDC:USDC,500139.3158,1.25e-05,1970.55
2026-02-13T15:00:00+00:00,hyperliquid,ETH/USDC:USDC,505295.4141999998,1.12022e-05,1993.75
2026-02-13T16:00:00+00:00,hyperliquid,ETH/USDC:USDC,501348.1127999999,1.25e-05,2035.05
2026-02-13T17:00:00+00:00,hyperliquid,ETH/USDC:USDC,513017.7177999999,-5.873e-06,2056.55
2026-02-13T18:00:00+00:00,hyperliquid,ETH/USDC:USDC,510746.8082,-3.8595e-06,2052.75
2026-02-13T19:00:00+00:00,hyperliquid,ETH/USDC:USDC,511335.4962,4.5733e-06,2058.15
2026-02-13T20:00:00+00:00,hyperliquid,ETH/USDC:USDC,512139.5118000003,-1.5196e-06,2055.35
2026-02-13T21:00:00+00:00,hyperliquid,ETH/USDC:USDC,506957.227,1.25e-05,2048.05
2026-02-13T22:00:00+00:00,hyperliquid,ETH/USDC:USDC,506800.4289999997,1.25e-05,2054.75
2026-02-13T23:00:00+00:00,hyperliquid,ETH/USDC:USDC,509898.9542,1.16772e-05,2052.55
2026-02-14T00:00:00+00:00,hyperliquid,ETH/USDC:USDC,510306.3576,1.25e-05,2046.95
2026-02-14T01:00:00+00:00,hyperliquid,ETH/USDC:USDC,509717.7658000002,9.7948e-06,2051.75
2026-02-14T02:00:00+00:00,hyperliquid,ETH/USDC:USDC,509429.8649999998,1.25e-05,2051.45
2026-02-14T03:00:00+00:00,hyperliquid,ETH/USDC:USDC,507786.3745999999,8.0973e-06,2049.95
2026-02-14T04:00:00+00:00,hyperliquid,ETH/USDC:USDC,507692.9051999999,8.8534e-06,2052.95
2026-02-14T05:00:00+00:00,hyperliquid,ETH/USDC:USDC,508262.4973999999,2.3885e-06,2051.05
2026-02-14T06:00:00+00:00,hyperliquid,ETH/USDC:USDC,507931.3713999999,1.0736e-06,2050.05
2026-02-14T07:00:00+00:00,hyperliquid,ETH/USDC:USDC,507818.0298,1.25e-05,2052.45
2026-02-14T08:00:00+00:00,hyperliquid,ETH/USDC:USDC,515569.3446,1.25e-05,2059.65
2026-02-14T09:00:00+00:00,hyperliquid,ETH/USDC:USDC,509530.3124000001,1.25e-05,2082.95
2026-02-14T10:00:00+00:00,hyperliquid,ETH/USDC:USDC,506987.8368,6.3925e-06,2072.65
2026-02-14T11:00:00+00:00,hyperliquid,ETH/USDC:USDC,506515.2562000001,1.9013e-06,2078.05
2026-02-14T12:00:00+00:00,hyperliquid,ETH/USDC:USDC,494190.6889999997,-7.9473e-06,2096.05
2026-02-14T13:00:00+00:00,hyperliquid,ETH/USDC:USDC,493922.7763999999,1.4386e-06,2072.15
2026-02-14T14:00:00+00:00,hyperliquid,ETH/USDC:USDC,494351.8685999999,5.6187e-06,2072.05
2026-02-14T15:00:00+00:00,hyperliquid,ETH/USDC:USDC,490608.2243999999,1.25e-05,2086.15
2026-02-14T16:00:00+00:00,hyperliquid,ETH/USDC:USDC,491121.3588,1.25e-05,2085.15
2026-02-14T17:00:00+00:00,hyperliquid,ETH/USDC:USDC,485039.2699999999,1.25e-05,2080.45
2026-02-14T18:00:00+00:00,hyperliquid,ETH/USDC:USDC,487503.5382,-2.8146e-06,2078.25
2026-02-14T19:00:00+00:00,hyperliquid,ETH/USDC:USDC,490351.0231999999,6.3175e-06,2082.45
2026-02-14T20:00:00+00:00,hyperliquid,ETH/USDC:USDC,491724.4935999999,7.0205e-06,2088.05
2026-02-14T21:00:00+00:00,hyperliquid,ETH/USDC:USDC,491593.0353999999,-1.5917e-06,2090.05
2026-02-14T22:00:00+00:00,hyperliquid,ETH/USDC:USDC,492546.0769999999,9.8797e-06,2085.75
2026-02-14T23:00:00+00:00,hyperliquid,ETH/USDC:USDC,492193.3182,4.9552e-06,2089.85
2026-02-15T00:00:00+00:00,hyperliquid,ETH/USDC:USDC,491757.4571999998,4.4686e-06,2082.85
2026-02-15T01:00:00+00:00,hyperliquid,ETH/USDC:USDC,487048.0034,1.7133e-06,2080.35
2026-02-15T02:00:00+00:00,hyperliquid,ETH/USDC:USDC,485684.8178,-2.2268e-06,2064.75
2026-02-15T03:00:00+00:00,hyperliquid,ETH/USDC:USDC,494995.8891999997,-1.807e-06,2059.35
2026-02-15T04:00:00+00:00,hyperliquid,ETH/USDC:USDC,491265.9272,1.25e-05,2060.05
2026-02-15T05:00:00+00:00,hyperliquid,ETH/USDC:USDC,484551.3789999999,1.25e-05,2075.75
2026-02-15T06:00:00+00:00,hyperliquid,ETH/USDC:USDC,489714.8426000003,-4.7204e-06,2086.35
2026-02-15T07:00:00+00:00,hyperliquid,ETH/USDC:USDC,482628.5783999999,-8.662e-06,2083.15
2026-02-15T08:00:00+00:00,hyperliquid,ETH/USDC:USDC,485430.4213999998,1.25e-05,2091.75
2026-02-15T09:00:00+00:00,hyperliquid,ETH/USDC:USDC,475696.6243999999,-4.5391e-06,2065.25
2026-02-15T10:00:00+00:00,hyperliquid,ETH/USDC:USDC,475466.1477999999,2.127e-07,2067.65
2026-02-15T11:00:00+00:00,hyperliquid,ETH/USDC:USDC,479316.0205999999,-2.05288e-05,2061.35
2026-02-15T12:00:00+00:00,hyperliquid,ETH/USDC:USDC,477135.2631999997,-1.29687e-05,2060.75
2026-02-15T13:00:00+00:00,hyperliquid,ETH/USDC:USDC,475375.9404000001,-9.5749e-06,2016.65
2026-02-15T14:00:00+00:00,hyperliquid,ETH/USDC:USDC,472081.2440000001,-1.89685e-05,2003.85
2026-02-15T15:00:00+00:00,hyperliquid,ETH/USDC:USDC,477893.8392000001,-2.7555e-06,2013.15
2026-02-15T16:00:00+00:00,hyperliquid,ETH/USDC:USDC,481382.6256,-1.06721e-05,2008.65
2026-02-15T17:00:00+00:00,hyperliquid,ETH/USDC:USDC,491205.6126,1.25e-05,2006.75
2026-02-15T18:00:00+00:00,hyperliquid,ETH/USDC:USDC,480643.3458000002,-5.7515e-06,1967.15
2026-02-15T19:00:00+00:00,hyperliquid,ETH/USDC:USDC,479411.677,6.6265e-06,1959.05
2026-02-15T20:00:00+00:00,hyperliquid,ETH/USDC:USDC,470767.5597999999,8.3806e-06,1936.75
2026-02-15T21:00:00+00:00,hyperliquid,ETH/USDC:USDC,473083.3107999999,1.25e-05,1953.35
2026-02-15T22:00:00+00:00,hyperliquid,ETH/USDC:USDC,485530.4157999999,8.1611e-06,1956.6
2026-02-15T23:00:00+00:00,hyperliquid,ETH/USDC:USDC,490387.1161999997,4.5784e-06,1961.1
2026-02-16T00:00:00+00:00,hyperliquid,ETH/USDC:USDC,511785.5777999999,1.25e-05,1967.05
2026-02-16T01:00:00+00:00,hyperliquid,ETH/USDC:USDC,515022.1021999996,1.25e-05,1967.95
2026-02-16T02:00:00+00:00,hyperliquid,ETH/USDC:USDC,488986.4904000001,-1.421e-06,1962.75
2026-02-16T03:00:00+00:00,hyperliquid,ETH/USDC:USDC,499141.2571999999,1.25e-05,1956.85
2026-02-16T04:00:00+00:00,hyperliquid,ETH/USDC:USDC,502312.7038000001,1.25e-05,1959.25
2026-02-16T05:00:00+00:00,hyperliquid,ETH/USDC:USDC,503474.3772000002,2.225e-06,1968.95
2026-02-16T06:00:00+00:00,hyperliquid,ETH/USDC:USDC,501374.8062000001,9.8397e-06,1958.65
2026-02-16T07:00:00+00:00,hyperliquid,ETH/USDC:USDC,501126.0635999999,5.4485e-06,1964.05
2026-02-16T08:00:00+00:00,hyperliquid,ETH/USDC:USDC,501706.9791999998,5.358e-06,1972.05
2026-02-16T09:00:00+00:00,hyperliquid,ETH/USDC:USDC,501668.5936000002,9.5731e-06,1976.25
2026-02-16T10:00:00+00:00,hyperliquid,ETH/USDC:USDC,511373.9438000002,1.16662e-05,1985.65
2026-02-16T11:00:00+00:00,hyperliquid,ETH/USDC:USDC,509827.5516000001,5.9317e-06,1977.45
2026-02-16T12:00:00+00:00,hyperliquid,ETH/USDC:USDC,507115.9283999999,1.06547e-05,1974.45
2026-02-16T13:00:00+00:00,hyperliquid,ETH/USDC:USDC,509839.4547999998,1.16516e-05,2009.65
2026-02-16T14:00:00+00:00,hyperliquid,ETH/USDC:USDC,503443.5061999999,-2.3165e-06,1966.45
2026-02-16T15:00:00+00:00,hyperliquid,ETH/USDC:USDC,507265.7309999998,1.25e-05,1979.25
2026-02-16T16:00:00+00:00,hyperliquid,ETH/USDC:USDC,505207.1837999998,-7.9244e-06,1956.85
2026-02-16T17:00:00+00:00,hyperliquid,ETH/USDC:USDC,514063.8106000002,1.25e-05,1974.95
2026-02-16T18:00:00+00:00,hyperliquid,ETH/USDC:USDC,522940.6168000001,7.8278e-06,1979.65
2026-02-16T19:00:00+00:00,hyperliquid,ETH/USDC:USDC,516815.1928000001,-8.6815e-06,1969.25
2026-02-16T20:00:00+00:00,hyperliquid,ETH/USDC:USDC,513184.8689999999,9.1234e-06,1973.15
2026-02-16T21:00:00+00:00,hyperliquid,ETH/USDC:USDC,514857.2577999998,1.25e-05,1990.05
2026-02-16T22:00:00+00:00,hyperliquid,ETH/USDC:USDC,516293.1328000004,7.9443e-06,1998.35
2026-02-16T23:00:00+00:00,hyperliquid,ETH/USDC:USDC,509190.6994,1.24051e-05,1990.75
2026-02-17T00:00:00+00:00,hyperliquid,ETH/USDC:USDC,513691.8988000003,1.25e-05,1996.25
2026-02-17T01:00:00+00:00,hyperliquid,ETH/USDC:USDC,512473.3164000002,1.25e-05,2000.15
2026-02-17T02:00:00+00:00,hyperliquid,ETH/USDC:USDC,512767.8194,1.04479e-05,1990.75
2026-02-17T03:00:00+00:00,hyperliquid,ETH/USDC:USDC,512124.5075999999,7.378e-06,1997.45
2026-02-17T04:00:00+00:00,hyperliquid,ETH/USDC:USDC,503922.2783999998,-6.8695e-06,1985.65
2026-02-17T05:00:00+00:00,hyperliquid,ETH/USDC:USDC,498170.2014000002,1.25e-05,1988.35
2026-02-17T06:00:00+00:00,hyperliquid,ETH/USDC:USDC,495151.3490000001,1.25e-05,1975.95
2026-02-17T07:00:00+00:00,hyperliquid,ETH/USDC:USDC,502495.0204,1.21834e-05,1978.25
2026-02-17T08:00:00+00:00,hyperliquid,ETH/USDC:USDC,510765.8918,1.25e-05,1987.55
2026-02-17T09:00:00+00:00,hyperliquid,ETH/USDC:USDC,500905.1033999998,-1.8801e-06,1977.25
2026-02-17T10:00:00+00:00,hyperliquid,ETH/USDC:USDC,502490.3386000002,5.052e-06,1976.05
2026-02-17T11:00:00+00:00,hyperliquid,ETH/USDC:USDC,493874.6141999998,-6.8312e-06,1968.45
2026-02-17T12:00:00+00:00,hyperliquid,ETH/USDC:USDC,496935.1762,2.5732e-06,1969.25
2026-02-17T13:00:00+00:00,hyperliquid,ETH/USDC:USDC,499711.0232,5.4484e-06,1969.45
2026-02-17T14:00:00+00:00,hyperliquid,ETH/USDC:USDC,525416.2427999997,1.25e-05,1990.45
2026-02-17T15:00:00+00:00,hyperliquid,ETH/USDC:USDC,506475.9978000003,1.25e-05,1951.55
2026-02-17T16:00:00+00:00,hyperliquid,ETH/USDC:USDC,519417.2762,1.25e-05,1978.85
2026-02-17T17:00:00+00:00,hyperliquid,ETH/USDC:USDC,517439.2946000001,9.1239e-06,1980.15
2026-02-17T18:00:00+00:00,hyperliquid,ETH/USDC:USDC,507475.5859999998,4.9205e-06,1963.45
2026-02-17T19:00:00+00:00,hyperliquid,ETH/USDC:USDC,520841.2214000001,1.25e-05,1998.45
2026-02-17T20:00:00+00:00,hyperliquid,ETH/USDC:USDC,516164.5337999999,8.1613e-06,1999.25
2026-02-17T21:00:00+00:00,hyperliquid,ETH/USDC:USDC,512140.8887999999,1.25e-05,1991.55
2026-02-17T22:00:00+00:00,hyperliquid,ETH/USDC:USDC,508460.4884000003,1.12434e-05,1998.05
2026-02-17T23:00:00+00:00,hyperliquid,ETH/USDC:USDC,509246.5034000002,5.5608e-06,1993.05
2026-02-18T00:00:00+00:00,hyperliquid,ETH/USDC:USDC,503880.1414,1.25e-05,1992.75
2026-02-18T01:00:00+00:00,hyperliquid,ETH/USDC:USDC,498587.9723999999,1.2754e-06,1982.55
2026-02-18T02:00:00+00:00,hyperliquid,ETH/USDC:USDC,506693.2292000002,1.25e-05,1981.45
2026-02-18T03:00:00+00:00,hyperliquid,ETH/USDC:USDC,511514.8104000001,1.25e-05,1989.35
2026-02-18T04:00:00+00:00,hyperliquid,ETH/USDC:USDC,519629.8180000002,1.25e-05,1996.05
2026-02-18T05:00:00+00:00,hyperliquid,ETH/USDC:USDC,506559.3002000002,1.25e-05,1998.35
2026-02-18T06:00:00+00:00,hyperliquid,ETH/USDC:USDC,508224.4602,9.0702e-06,1995.45
2026-02-18T07:00:00+00:00,hyperliquid,ETH/USDC:USDC,506488.9642000002,1.25e-05,2003.45
2026-02-18T08:00:00+00:00,hyperliquid,ETH/USDC:USDC,507741.2164000003,1.25e-05,2018.85
2026-02-18T09:00:00+00:00,hyperliquid,ETH/USDC:USDC,510693.5256000002,1.25e-05,2018.95
2026-02-18T10:00:00+00:00,hyperliquid,ETH/USDC:USDC,512027.1014000001,4.1338e-06,2013.15
2026-02-18T11:00:00+00:00,hyperliquid,ETH/USDC:USDC,503839.1064,-1.42761e-05,1996.05
2026-02-18T12:00:00+00:00,hyperliquid,ETH/USDC:USDC,500465.2819999999,-5.3e-08,1981.95
2026-02-18T13:00:00+00:00,hyperliquid,ETH/USDC:USDC,514058.8897999999,1.25e-05,1982.05
2026-02-18T14:00:00+00:00,hyperliquid,ETH/USDC:USDC,512942.6188,1.3934e-06,1970.55
2026-02-18T15:00:00+00:00,hyperliquid,ETH/USDC:USDC,517003.9206000001,1.25e-05,1980.65
2026-02-18T16:00:00+00:00,hyperliquid,ETH/USDC:USDC,528800.588599999,-1.8124e-06,1983.05
2026-02-18T17:00:00+00:00,hyperliquid,ETH/USDC:USDC,526862.1313999998,7.528e-06,1974.05
2026-02-18T18:00:00+00:00,hyperliquid,ETH/USDC:USDC,528676.0783999999,-1.5803e-06,1975.95
2026-02-18T19:00:00+00:00,hyperliquid,ETH/USDC:USDC,536704.3558000001,1.25e-05,1954.35
2026-02-18T20:00:00+00:00,hyperliquid,ETH/USDC:USDC,543652.2106000001,8.9845e-06,1940.45
2026-02-18T21:00:00+00:00,hyperliquid,ETH/USDC:USDC,548576.4783999994,5.596e-06,1939.05
2026-02-18T22:00:00+00:00,hyperliquid,ETH/USDC:USDC,548975.9285999999,1.008e-05,1942.15
2026-02-18T23:00:00+00:00,hyperliquid,ETH/USDC:USDC,549341.1002000005,-2.5061e-06,1948.35
2026-02-19T00:00:00+00:00,hyperliquid,ETH/USDC:USDC,548786.1892000004,6.0394e-06,1952.45
2026-02-19T01:00:00+00:00,hyperliquid,ETH/USDC:USDC,550164.8783999991,7.2326e-06,1961.05
2026-02-19T02:00:00+00:00,hyperliquid,ETH/USDC:USDC,551263.2961999996,3.7524e-06,1965.05
2026-02-19T03:00:00+00:00,hyperliquid,ETH/USDC:USDC,550829.9815999998,5.8988e-06,1966.15
2026-02-19T04:00:00+00:00,hyperliquid,ETH/USDC:USDC,557249.1214,1.25e-05,1971.45
2026-02-19T05:00:00+00:00,hyperliquid,ETH/USDC:USDC,553883.8718,8.2599e-06,1968.45
2026-02-19T06:00:00+00:00,hyperliquid,ETH/USDC:USDC,550506.5186000001,8.0674e-06,1970.45
2026-02-19T07:00:00+00:00,hyperliquid,ETH/USDC:USDC,548749.0202,1.25e-05,1981.05
2026-02-19T08:00:00+00:00,hyperliquid,ETH/USDC:USDC,553573.246,1.25e-05,1980.85
2026-02-19T09:00:00+00:00,hyperliquid,ETH/USDC:USDC,542566.2177999995,1.4525e-06,1971.65
2026-02-19T10:00:00+00:00,hyperliquid,ETH/USDC:USDC,543485.7361999995,4.4286e-06,1961.55
2026-02-19T11:00:00+00:00,hyperliquid,ETH/USDC:USDC,552442.1577999997,1.25e-05,1958.75
2026-02-19T12:00:00+00:00,hyperliquid,ETH/USDC:USDC,555270.0113999994,-7.86e-07,1946.65
2026-02-19T13:00:00+00:00,hyperliquid,ETH/USDC:USDC,550957.8377999999,8.7627e-06,1947.15
2026-02-19T14:00:00+00:00,hyperliquid,ETH/USDC:USDC,549470.4620000005,1.3119e-06,1919.45
2026-02-19T15:00:00+00:00,hyperliquid,ETH/USDC:USDC,553322.5065999995,9.8916e-06,1939.05
2026-02-19T16:00:00+00:00,hyperliquid,ETH/USDC:USDC,552148.3608,-4.2212e-06,1921.5
2026-02-19T17:00:00+00:00,hyperliquid,ETH/USDC:USDC,552319.5472000004,-2.0592e-06,1919.35
2026-02-19T18:00:00+00:00,hyperliquid,ETH/USDC:USDC,554266.2799999998,4.6782e-06,1919.35
2026-02-19T19:00:00+00:00,hyperliquid,ETH/USDC:USDC,560173.1530000004,1.24496e-05,1935.25
2026-02-19T20:00:00+00:00,hyperliquid,ETH/USDC:USDC,561950.2086000008,8.5854e-06,1941.25
2026-02-19T21:00:00+00:00,hyperliquid,ETH/USDC:USDC,564371.5326000002,1.25e-05,1950.85
2026-02-19T22:00:00+00:00,hyperliquid,ETH/USDC:USDC,561555.8261999997,1.25e-05,1946.95
2026-02-19T23:00:00+00:00,hyperliquid,ETH/USDC:USDC,553773.4152,1.25e-05,1944.35
2026-02-20T00:00:00+00:00,hyperliquid,ETH/USDC:USDC,553592.0767999981,1.25e-05,1950.65
2026-02-20T01:00:00+00:00,hyperliquid,ETH/USDC:USDC,562537.7713999999,1.25e-05,1957.65
2026-02-20T02:00:00+00:00,hyperliquid,ETH/USDC:USDC,563473.4820000002,7.5173e-06,1952.15
2026-02-20T03:00:00+00:00,hyperliquid,ETH/USDC:USDC,562628.8108,1.25e-05,1951.65
2026-02-20T04:00:00+00:00,hyperliquid,ETH/USDC:USDC,562143.8314000004,1.25e-05,1946.85
2026-02-20T05:00:00+00:00,hyperliquid,ETH/USDC:USDC,556243.355,7.0631e-06,1938.75
2026-02-20T06:00:00+00:00,hyperliquid,ETH/USDC:USDC,562790.8617999998,1.25e-05,1955.85
2026-02-20T07:00:00+00:00,hyperliquid,ETH/USDC:USDC,562212.9759999998,1.25e-05,1957.35
2026-02-20T08:00:00+00:00,hyperliquid,ETH/USDC:USDC,565057.1834,1.25e-05,1960.45
2026-02-20T09:00:00+00:00,hyperliquid,ETH/USDC:USDC,565589.84,1.19163e-05,1960.55
2026-02-20T10:00:00+00:00,hyperliquid,ETH/USDC:USDC,577575.3619999996,1.25e-05,1967.55
2026-02-20T11:00:00+00:00,hyperliquid,ETH/USDC:USDC,539583.9174000003,-1.22738e-05,1954.75
2026-02-20T12:00:00+00:00,hyperliquid,ETH/USDC:USDC,530899.2234000001,-5.6026e-06,1942.05
2026-02-20T13:00:00+00:00,hyperliquid,ETH/USDC:USDC,530731.9782000004,1.213e-07,1944.65
2026-02-20T14:00:00+00:00,hyperliquid,ETH/USDC:USDC,548293.0265999999,2.4063e-06,1933.95
2026-02-20T15:00:00+00:00,hyperliquid,ETH/USDC:USDC,553145.6247999993,1.25e-05,1967.45
2026-02-20T16:00:00+00:00,hyperliquid,ETH/USDC:USDC,545330.602,-2.726e-07,1962.95
2026-02-20T17:00:00+00:00,hyperliquid,ETH/USDC:USDC,530168.5856,6.7709e-06,1964.95
2026-02-20T18:00:00+00:00,hyperliquid,ETH/USDC:USDC,531599.4774,9.6988e-06,1967.05
2026-02-20T19:00:00+00:00,hyperliquid,ETH/USDC:USDC,533142.1943999996,2.4952e-06,1975.15
2026-02-20T20:00:00+00:00,hyperliquid,ETH/USDC:USDC,532723.3646,-3.0865e-06,1964.55
2026-02-20T21:00:00+00:00,hyperliquid,ETH/USDC:USDC,530563.5623999998,4.1909e-06,1970.85
2026-02-20T22:00:00+00:00,hyperliquid,ETH/USDC:USDC,531378.0009999999,-8.987e-06,1972.45
2026-02-20T23:00:00+00:00,hyperliquid,ETH/USDC:USDC,530343.9582,8.3127e-06,1969.85
2026-02-21T00:00:00+00:00,hyperliquid,ETH/USDC:USDC,529424.2656,5.7017e-06,1966.85
2026-02-21T01:00:00+00:00,hyperliquid,ETH/USDC:USDC,530130.6448000002,-7.923e-07,1962.95
2026-02-21T02:00:00+00:00,hyperliquid,ETH/USDC:USDC,528526.9859999998,1.00777e-05,1964.65
2026-02-21T03:00:00+00:00,hyperliquid,ETH/USDC:USDC,528124.1921999999,1.21326e-05,1961.65
2026-02-21T04:00:00+00:00,hyperliquid,ETH/USDC:USDC,525948.3433999998,7.0768e-06,1956.75
2026-02-21T05:00:00+00:00,hyperliquid,ETH/USDC:USDC,525712.5764000005,1.14844e-05,1962.15
2026-02-21T06:00:00+00:00,hyperliquid,ETH/USDC:USDC,525559.0387999996,5.5137e-06,1962.15
2026-02-21T07:00:00+00:00,hyperliquid,ETH/USDC:USDC,525047.5864000003,1.15138e-05,1960.35
2026-02-21T08:00:00+00:00,hyperliquid,ETH/USDC:USDC,523754.2076000001,1.25e-05,1961.45
2026-02-21T09:00:00+00:00,hyperliquid,ETH/USDC:USDC,523210.5821999998,5.9786e-06,1967.85
2026-02-21T10:00:00+00:00,hyperliquid,ETH/USDC:USDC,523753.7734000001,1.25e-05,1970.55
2026-02-21T11:00:00+00:00,hyperliquid,ETH/USDC:USDC,525750.3143999997,1.25e-05,1973.95
2026-02-21T12:00:00+00:00,hyperliquid,ETH/USDC:USDC,532447.5102000003,1.25e-05,1977.05
2026-02-21T13:00:00+00:00,hyperliquid,ETH/USDC:USDC,544213.2448000001,2.2585e-06,1974.15
2026-02-21T14:00:00+00:00,hyperliquid,ETH/USDC:USDC,544341.3463999998,-1.1911e-06,1978.15
2026-02-21T15:00:00+00:00,hyperliquid,ETH/USDC:USDC,535425.7626000001,7.6379e-06,1988.35
2026-02-21T16:00:00+00:00,hyperliquid,ETH/USDC:USDC,536658.0692000003,1.25e-05,1980.35
2026-02-21T17:00:00+00:00,hyperliquid,ETH/USDC:USDC,536403.1476000003,1.08755e-05,1987.25
2026-02-21T18:00:00+00:00,hyperliquid,ETH/USDC:USDC,537207.1353999998,8.7852e-06,1988.75
2026-02-21T19:00:00+00:00,hyperliquid,ETH/USDC:USDC,540321.9653999999,1.25e-05,1989.85
2026-02-21T20:00:00+00:00,hyperliquid,ETH/USDC:USDC,539299.6318000002,5.0945e-06,1986.65
2026-02-21T21:00:00+00:00,hyperliquid,ETH/USDC:USDC,536861.5619999997,1.501e-07,1970.75
2026-02-21T22:00:00+00:00,hyperliquid,ETH/USDC:USDC,537865.0694,1.25e-05,1981.05
2026-02-21T23:00:00+00:00,hyperliquid,ETH/USDC:USDC,543731.9717999999,4.324e-07,1974.15
2026-02-22T00:00:00+00:00,hyperliquid,ETH/USDC:USDC,543610.5803999999,4.2647e-06,1972.25
2026-02-22T01:00:00+00:00,hyperliquid,ETH/USDC:USDC,543278.8787999991,2.2413e-06,1974.55
2026-02-22T02:00:00+00:00,hyperliquid,ETH/USDC:USDC,532164.4406000001,1.25e-05,1975.15
2026-02-22T03:00:00+00:00,hyperliquid,ETH/USDC:USDC,532290.7779999997,1.10345e-05,1972.55
2026-02-22T04:00:00+00:00,hyperliquid,ETH/USDC:USDC,533211.7806000002,4.3809e-06,1974.45
2026-02-22T05:00:00+00:00,hyperliquid,ETH/USDC:USDC,532235.6082000001,1.14214e-05,1973.45
2026-02-22T06:00:00+00:00,hyperliquid,ETH/USDC:USDC,535959.4208000003,1.25e-05,1974.95
2026-02-22T07:00:00+00:00,hyperliquid,ETH/USDC:USDC,543943.2863999999,1.25e-05,1975.95
2026-02-22T08:00:00+00:00,hyperliquid,ETH/USDC:USDC,546029.9299999999,7.8907e-06,1974.85
2026-02-22T09:00:00+00:00,hyperliquid,ETH/USDC:USDC,545496.7351999995,8.8733e-06,1972.95
2026-02-22T10:00:00+00:00,hyperliquid,ETH/USDC:USDC,548677.2361999997,1.25e-05,1975.05
2026-02-22T11:00:00+00:00,hyperliquid,ETH/USDC:USDC,552342.5789999997,1.25e-05,1978.35
2026-02-22T12:00:00+00:00,hyperliquid,ETH/USDC:USDC,555177.1811999999,1.22859e-05,1979.85
2026-02-22T13:00:00+00:00,hyperliquid,ETH/USDC:USDC,544148.7495999999,1.25e-05,1965.65
2026-02-22T14:00:00+00:00,hyperliquid,ETH/USDC:USDC,556621.6197999998,1.25e-05,1949.35
2026-02-22T15:00:00+00:00,hyperliquid,ETH/USDC:USDC,559241.8096000002,1.187e-05,1948.95
2026-02-22T16:00:00+00:00,hyperliquid,ETH/USDC:USDC,562896.3561999998,5.1461e-06,1952.35
2026-02-22T17:00:00+00:00,hyperliquid,ETH/USDC:USDC,562707.1555999999,1.25e-05,1952.05
2026-02-22T18:00:00+00:00,hyperliquid,ETH/USDC:USDC,551097.5515999997,1.04288e-05,1939.95
2026-02-22T19:00:00+00:00,hyperliquid,ETH/USDC:USDC,553551.1315999998,7.9842e-06,1943.05
2026-02-22T20:00:00+00:00,hyperliquid,ETH/USDC:USDC,557432.5988000002,8.8518e-06,1943.65
2026-02-22T21:00:00+00:00,hyperliquid,ETH/USDC:USDC,556132.9714,1.0691e-05,1940.95
2026-02-22T22:00:00+00:00,hyperliquid,ETH/USDC:USDC,556152.468,-2.3609e-06,1949.95
2026-02-22T23:00:00+00:00,hyperliquid,ETH/USDC:USDC,558968.6762,4.4541e-06,1955.85
2026-02-23T00:00:00+00:00,hyperliquid,ETH/USDC:USDC,558216.2183999999,9.6434e-06,1955.35
2026-02-23T01:00:00+00:00,hyperliquid,ETH/USDC:USDC,554154.5658000003,-2.52171e-05,1911.15
2026-02-23T02:00:00+00:00,hyperliquid,ETH/USDC:USDC,584792.3176000009,-8.1569e-06,1855.05
2026-02-23T03:00:00+00:00,hyperliquid,ETH/USDC:USDC,583820.2351999999,-3.24913e-05,1862.25
2026-02-23T04:00:00+00:00,hyperliquid,ETH/USDC:USDC,575714.9978000002,-3.94919e-05,1860.85
2026-02-23T05:00:00+00:00,hyperliquid,ETH/USDC:USDC,577524.1676000002,-3.22084e-05,1859.15
2026-02-23T06:00:00+00:00,hyperliquid,ETH/USDC:USDC,552893.6896,-2.49903e-05,1863.75
2026-02-23T07:00:00+00:00,hyperliquid,ETH/USDC:USDC,554699.2817999999,-1.00231e-05,1880.75
2026-02-23T08:00:00+00:00,hyperliquid,ETH/USDC:USDC,587307.6914000004,3.1366e-06,1884.65
2026-02-23T09:00:00+00:00,hyperliquid,ETH/USDC:USDC,585452.2842000001,7.778e-07,1881.45
2026-02-23T10:00:00+00:00,hyperliquid,ETH/USDC:USDC,576747.5033999996,1.25e-05,1921.85
2026-02-23T11:00:00+00:00,hyperliquid,ETH/USDC:USDC,580643.4389999999,1.25e-05,1913.65
2026-02-23T12:00:00+00:00,hyperliquid,ETH/USDC:USDC,588202.1295999999,1.25e-05,1913.9
2026-02-23T13:00:00+00:00,hyperliquid,ETH/USDC:USDC,587558.2742000001,1.25e-05,1919.45
2026-02-23T14:00:00+00:00,hyperliquid,ETH/USDC:USDC,587544.7836000001,1.25e-05,1919.85
2026-02-23T15:00:00+00:00,hyperliquid,ETH/USDC:USDC,580145.463800001,1.19635e-05,1904.65
2026-02-23T16:00:00+00:00,hyperliquid,ETH/USDC:USDC,566708.4633999999,1.09728e-05,1892.85
2026-02-23T17:00:00+00:00,hyperliquid,ETH/USDC:USDC,563502.5128000004,1.25e-05,1885.55
2026-02-23T18:00:00+00:00,hyperliquid,ETH/USDC:USDC,567073.5550000009,1.25e-05,1861.55
2026-02-23T19:00:00+00:00,hyperliquid,ETH/USDC:USDC,568291.0038000003,1.04379e-05,1858.35
2026-02-23T20:00:00+00:00,hyperliquid,ETH/USDC:USDC,571724.7138000004,1.25e-05,1857.65
2026-02-23T21:00:00+00:00,hyperliquid,ETH/USDC:USDC,577283.2340000008,1.25e-05,1863.75
2026-02-23T22:00:00+00:00,hyperliquid,ETH/USDC:USDC,582104.7880000006,1.25e-05,1864.75
2026-02-23T23:00:00+00:00,hyperliquid,ETH/USDC:USDC,583077.6259999998,1.25e-05,1861.65
2026-02-24T00:00:00+00:00,hyperliquid,ETH/USDC:USDC,580858.5688000002,1.25e-05,1856.95
2026-02-24T01:00:00+00:00,hyperliquid,ETH/USDC:USDC,583162.9263999999,1.25e-05,1863.65
2026-02-24T02:00:00+00:00,hyperliquid,ETH/USDC:USDC,553773.3234000002,4.6052e-06,1841.85
2026-02-24T03:00:00+00:00,hyperliquid,ETH/USDC:USDC,571522.8557999999,4.5734e-06,1837.25
2026-02-24T04:00:00+00:00,hyperliquid,ETH/USDC:USDC,570806.3404,4.0882e-06,1832.55
2026-02-24T05:00:00+00:00,hyperliquid,ETH/USDC:USDC,579790.6540000006,7.7972e-06,1828.15
2026-02-24T06:00:00+00:00,hyperliquid,ETH/USDC:USDC,586304.2380000002,1.0061e-05,1824.05
2026-02-24T07:00:00+00:00,hyperliquid,ETH/USDC:USDC,579895.5392000001,8.1683e-06,1822.15
2026-02-24T08:00:00+00:00,hyperliquid,ETH/USDC:USDC,582196.3359999997,2.4112e-06,1818.45
2026-02-24T09:00:00+00:00,hyperliquid,ETH/USDC:USDC,593767.5060000003,1.25e-05,1832.45
2026-02-24T10:00:00+00:00,hyperliquid,ETH/USDC:USDC,585993.0116000001,1.21412e-05,1823.85
2026-02-24T11:00:00+00:00,hyperliquid,ETH/USDC:USDC,586241.0427999999,7.0082e-06,1825.35
2026-02-24T12:00:00+00:00,hyperliquid,ETH/USDC:USDC,593318.7385999998,1.25e-05,1823.65
2026-02-24T13:00:00+00:00,hyperliquid,ETH/USDC:USDC,597988.0676000006,6.4643e-06,1824.15
2026-02-24T14:00:00+00:00,hyperliquid,ETH/USDC:USDC,605262.0641999996,1.25e-05,1815.95
2026-02-24T15:00:00+00:00,hyperliquid,ETH/USDC:USDC,603963.1926000003,8.6717e-06,1834.55
2026-02-24T16:00:00+00:00,hyperliquid,ETH/USDC:USDC,596985.8487999996,1.25e-05,1852.95
2026-02-24T17:00:00+00:00,hyperliquid,ETH/USDC:USDC,604914.2248,1.21803e-05,1860.65
2026-02-24T18:00:00+00:00,hyperliquid,ETH/USDC:USDC,602856.9086000008,9.8624e-06,1857.75
2026-02-24T19:00:00+00:00,hyperliquid,ETH/USDC:USDC,604860.2919999997,1.17479e-05,1855.85
2026-02-24T20:00:00+00:00,hyperliquid,ETH/USDC:USDC,602654.2353999998,-4.848e-07,1851.65
2026-02-24T21:00:00+00:00,hyperliquid,ETH/USDC:USDC,602149.9049999997,-1.11077e-05,1850.05
2026-02-24T22:00:00+00:00,hyperliquid,ETH/USDC:USDC,605717.9229999998,1.25e-05,1856.65
2026-02-24T23:00:00+00:00,hyperliquid,ETH/USDC:USDC,605934.1124000001,-5.4892e-06,1858.35
2026-02-25T00:00:00+00:00,hyperliquid,ETH/USDC:USDC,598474.0880000006,-7.113e-06,1850.55
2026-02-25T01:00:00+00:00,hyperliquid,ETH/USDC:USDC,599047.6882000001,7.144e-06,1853.25
2026-02-25T02:00:00+00:00,hyperliquid,ETH/USDC:USDC,589827.0433999993,1.25e-05,1922.85
2026-02-25T03:00:00+00:00,hyperliquid,ETH/USDC:USDC,597348.7385999986,5.9263e-06,1916.95
2026-02-25T04:00:00+00:00,hyperliquid,ETH/USDC:USDC,593460.7259999996,3.9638e-06,1901.65
2026-02-25T05:00:00+00:00,hyperliquid,ETH/USDC:USDC,583931.763,3.479e-06,1903.45
2026-02-25T06:00:00+00:00,hyperliquid,ETH/USDC:USDC,578072.2049999998,3.7951e-06,1888.15
2026-02-25T07:00:00+00:00,hyperliquid,ETH/USDC:USDC,576749.4061999996,-7.606e-07,1884.45
2026-02-25T08:00:00+00:00,hyperliquid,ETH/USDC:USDC,574867.7298000002,1.25e-05,1890.65
2026-02-25T09:00:00+00:00,hyperliquid,ETH/USDC:USDC,580338.7096000001,1.25e-05,1908.45
2026-02-25T10:00:00+00:00,hyperliquid,ETH/USDC:USDC,579423.9244000001,1.25e-05,1914.85
2026-02-25T11:00:00+00:00,hyperliquid,ETH/USDC:USDC,579246.4447999999,1.25e-05,1911.05
2026-02-25T12:00:00+00:00,hyperliquid,ETH/USDC:USDC,584109.3627999999,1.25e-05,1926.35
2026-02-25T13:00:00+00:00,hyperliquid,ETH/USDC:USDC,590577.9024000003,1.25e-05,1954.05
2026-02-25T14:00:00+00:00,hyperliquid,ETH/USDC:USDC,595182.2057999999,1.25e-05,1966.55
2026-02-25T15:00:00+00:00,hyperliquid,ETH/USDC:USDC,588016.4898000003,1.25e-05,2000.25
2026-02-25T16:00:00+00:00,hyperliquid,ETH/USDC:USDC,596620.8976000001,6.2441e-06,2017.7
2026-02-25T17:00:00+00:00,hyperliquid,ETH/USDC:USDC,583217.4759999996,5.7909e-06,2060.25
2026-02-25T18:00:00+00:00,hyperliquid,ETH/USDC:USDC,586357.3983999997,2.2426e-06,2068.25
2026-02-25T19:00:00+00:00,hyperliquid,ETH/USDC:USDC,597736.2305999998,1.25e-05,2071.75
2026-02-25T20:00:00+00:00,hyperliquid,ETH/USDC:USDC,600576.9663999991,1.23715e-05,2069.45
2026-02-25T21:00:00+00:00,hyperliquid,ETH/USDC:USDC,600777.2150000002,1.14144e-05,2074.45
2026-02-25T22:00:00+00:00,hyperliquid,ETH/USDC:USDC,604499.9021999999,1.25e-05,2106.35
2026-02-25T23:00:00+00:00,hyperliquid,ETH/USDC:USDC,602772.3288000001,1.25e-05,2077.95
2026-02-26T00:00:00+00:00,hyperliquid,ETH/USDC:USDC,603201.9500000004,1.25e-05,2047.95
2026-02-26T01:00:00+00:00,hyperliquid,ETH/USDC:USDC,604162.0358,1.25e-05,2060.15
2026-02-26T02:00:00+00:00,hyperliquid,ETH/USDC:USDC,611583.7733999997,1.25e-05,2052.25
2026-02-26T03:00:00+00:00,hyperliquid,ETH/USDC:USDC,626142.1335999997,1.2175e-05,2051.85
2026-02-26T04:00:00+00:00,hyperliquid,ETH/USDC:USDC,625754.9105999997,9.5868e-06,2052.05
2026-02-26T05:00:00+00:00,hyperliquid,ETH/USDC:USDC,620234.7566000004,9.7389e-06,2070.85
2026-02-26T06:00:00+00:00,hyperliquid,ETH/USDC:USDC,624239.7674,7.2799e-06,2061.15
2026-02-26T07:00:00+00:00,hyperliquid,ETH/USDC:USDC,627626.7725999998,1.25e-05,2064.75
2026-02-26T08:00:00+00:00,hyperliquid,ETH/USDC:USDC,630291.4479999993,1.25e-05,2052.05
2026-02-26T09:00:00+00:00,hyperliquid,ETH/USDC:USDC,628315.9224000002,1.25e-05,2053.15
2026-02-26T10:00:00+00:00,hyperliquid,ETH/USDC:USDC,627901.1089999992,4.3927e-06,2075.75
2026-02-26T11:00:00+00:00,hyperliquid,ETH/USDC:USDC,628704.1453999995,-1.1925e-06,2065.55
2026-02-26T12:00:00+00:00,hyperliquid,ETH/USDC:USDC,628608.1277999996,4.8104e-06,2056.05
2026-02-26T13:00:00+00:00,hyperliquid,ETH/USDC:USDC,630422.8419999992,-1.03543e-05,2065.55
2026-02-26T14:00:00+00:00,hyperliquid,ETH/USDC:USDC,637369.6554000002,-1.58679e-05,2061.75
2026-02-26T15:00:00+00:00,hyperliquid,ETH/USDC:USDC,634488.1479999999,-5.135e-06,2046.55
2026-02-26T16:00:00+00:00,hyperliquid,ETH/USDC:USDC,622727.580800001,1.08242e-05,2029.15
2026-02-26T17:00:00+00:00,hyperliquid,ETH/USDC:USDC,608530.8795999994,-7.065e-07,1988.25
2026-02-26T18:00:00+00:00,hyperliquid,ETH/USDC:USDC,593483.2055999995,1.25e-05,1989.15
2026-02-26T19:00:00+00:00,hyperliquid,ETH/USDC:USDC,610294.8425999992,1.25e-05,2008.45
2026-02-26T20:00:00+00:00,hyperliquid,ETH/USDC:USDC,611557.0807999994,1.25e-05,2031.45
2026-02-26T21:00:00+00:00,hyperliquid,ETH/USDC:USDC,621523.1899999997,1.25e-05,2025.25
2026-02-26T22:00:00+00:00,hyperliquid,ETH/USDC:USDC,621586.3729999998,1.25e-05,2029.35
2026-02-26T23:00:00+00:00,hyperliquid,ETH/USDC:USDC,621719.4619999999,6.8581e-06,2029.55
2026-02-27T00:00:00+00:00,hyperliquid,ETH/USDC:USDC,620816.1937999993,1.05703e-05,2025.85
2026-02-27T01:00:00+00:00,hyperliquid,ETH/USDC:USDC,605604.3203999997,1.25e-05,2011.25
2026-02-27T02:00:00+00:00,hyperliquid,ETH/USDC:USDC,601254.2445999992,1.25e-05,2024.45
2026-02-27T03:00:00+00:00,hyperliquid,ETH/USDC:USDC,604045.0586000002,1.17689e-05,2024.55
2026-02-27T04:00:00+00:00,hyperliquid,ETH/USDC:USDC,613790.2109999988,1.25e-05,2044.45
2026-02-27T05:00:00+00:00,hyperliquid,ETH/USDC:USDC,614466.7099999995,1.25e-05,2043.75
2026-02-27T06:00:00+00:00,hyperliquid,ETH/USDC:USDC,608136.3325999997,8.596e-06,2041.25
2026-02-27T07:00:00+00:00,hyperliquid,ETH/USDC:USDC,599763.3270000003,7.1219e-06,2036.15
2026-02-27T08:00:00+00:00,hyperliquid,ETH/USDC:USDC,603408.7169999995,1.08966e-05,2032.45
2026-02-27T09:00:00+00:00,hyperliquid,ETH/USDC:USDC,600932.2438,9.7637e-06,2032.65
2026-02-27T10:00:00+00:00,hyperliquid,ETH/USDC:USDC,593133.6391999993,6.393e-07,2011.25
2026-02-27T11:00:00+00:00,hyperliquid,ETH/USDC:USDC,588646.4541999998,-4.7645e-06,1981.65
2026-02-27T12:00:00+00:00,hyperliquid,ETH/USDC:USDC,587572.8819999998,-8.211e-07,1960.05
2026-02-27T13:00:00+00:00,hyperliquid,ETH/USDC:USDC,593346.5972,-7.0537e-06,1961.05
2026-02-27T14:00:00+00:00,hyperliquid,ETH/USDC:USDC,604380.5506000001,8.2134e-06,1960.25
2026-02-27T15:00:00+00:00,hyperliquid,ETH/USDC:USDC,595308.4569999995,1.25e-05,1949.25
2026-02-27T16:00:00+00:00,hyperliquid,ETH/USDC:USDC,600382.3741999998,2.869e-07,1947.25
2026-02-27T17:00:00+00:00,hyperliquid,ETH/USDC:USDC,592889.0371999999,-9.7454e-06,1927.95
2026-02-27T18:00:00+00:00,hyperliquid,ETH/USDC:USDC,590756.0151999999,-4.3946e-06,1929.95
2026-02-27T19:00:00+00:00,hyperliquid,ETH/USDC:USDC,592306.8477999996,-1.07655e-05,1917.15
2026-02-27T20:00:00+00:00,hyperliquid,ETH/USDC:USDC,593480.2411999997,6.6108e-06,1922.85
2026-02-27T21:00:00+00:00,hyperliquid,ETH/USDC:USDC,592855.9289999997,-9.9966e-06,1921.05
2026-02-27T22:00:00+00:00,hyperliquid,ETH/USDC:USDC,594222.9916000003,-1.08904e-05,1919.55
2026-02-27T23:00:00+00:00,hyperliquid,ETH/USDC:USDC,585849.2333999998,-8.4158e-06,1922.35
2026-02-28T00:00:00+00:00,hyperliquid,ETH/USDC:USDC,589300.0608,-4.9106e-06,1929.35
2026-02-28T01:00:00+00:00,hyperliquid,ETH/USDC:USDC,586067.5393999998,2.1959e-06,1931.25
2026-02-28T02:00:00+00:00,hyperliquid,ETH/USDC:USDC,586285.6778000002,-8.9118e-06,1922.95
2026-02-28T03:00:00+00:00,hyperliquid,ETH/USDC:USDC,584338.458,5.7042e-06,1927.15
2026-02-28T04:00:00+00:00,hyperliquid,ETH/USDC:USDC,583527.8879999998,1.001e-06,1924.15
2026-02-28T05:00:00+00:00,hyperliquid,ETH/USDC:USDC,591087.2667999999,5.719e-07,1924.55
2026-02-28T06:00:00+00:00,hyperliquid,ETH/USDC:USDC,590172.1807999997,9.3981e-06,1919.05
2026-02-28T07:00:00+00:00,hyperliquid,ETH/USDC:USDC,592051.3025999994,9.504e-07,1851.25
2026-02-28T08:00:00+00:00,hyperliquid,ETH/USDC:USDC,599011.6108000005,-5.9253e-06,1860.45
2026-02-28T09:00:00+00:00,hyperliquid,ETH/USDC:USDC,596727.7247999993,-1.63573e-05,1853.25
2026-02-28T10:00:00+00:00,hyperliquid,ETH/USDC:USDC,598795.3979999995,-1.3602e-05,1853.25
2026-02-28T11:00:00+00:00,hyperliquid,ETH/USDC:USDC,600195.4895999997,1.25e-05,1868.85
2026-02-28T12:00:00+00:00,hyperliquid,ETH/USDC:USDC,598800.0443999998,-1.3234e-06,1864.75
2026-02-28T13:00:00+00:00,hyperliquid,ETH/USDC:USDC,601471.9646000003,-3.7691e-06,1867.25
2026-02-28T14:00:00+00:00,hyperliquid,ETH/USDC:USDC,609486.9332000004,1.1839e-06,1898.65
2026-02-28T15:00:00+00:00,hyperliquid,ETH/USDC:USDC,612544.7134000007,1.14879e-05,1889.85
2026-02-28T16:00:00+00:00,hyperliquid,ETH/USDC:USDC,613406.9934000002,2.1702e-06,1894.95
2026-02-28T17:00:00+00:00,hyperliquid,ETH/USDC:USDC,606688.5606000002,1.1112e-05,1902.85
2026-02-28T18:00:00+00:00,hyperliquid,ETH/USDC:USDC,607252.4942000003,7.77e-06,1905.25
2026-02-28T19:00:00+00:00,hyperliquid,ETH/USDC:USDC,606860.9827999998,4.0739e-06,1932.25
2026-02-28T20:00:00+00:00,hyperliquid,ETH/USDC:USDC,595700.5534000011,2.7319e-06,1939.25
2026-02-28T21:00:00+00:00,hyperliquid,ETH/USDC:USDC,594197.9208000008,-9.904e-07,1959.25
2026-02-28T22:00:00+00:00,hyperliquid,ETH/USDC:USDC,594886.9659999997,4.5379e-06,1956.45
2026-02-28T23:00:00+00:00,hyperliquid,ETH/USDC:USDC,595341.3943999993,9.9165e-06,1965.55
2026-03-01T00:00:00+00:00,hyperliquid,ETH/USDC:USDC,591767.3189999997,6.0012e-06,1965.05
2026-03-01T01:00:00+00:00,hyperliquid,ETH/USDC:USDC,592976.6346000005,1.25e-05,1960.65
2026-03-01T02:00:00+00:00,hyperliquid,ETH/USDC:USDC,606649.6172000001,1.25e-05,2023.15
2026-03-01T03:00:00+00:00,hyperliquid,ETH/USDC:USDC,611320.4053999999,1.25e-05,2035.25
2026-03-01T04:00:00+00:00,hyperliquid,ETH/USDC:USDC,612405.8951999997,1.25e-05,2026.45
2026-03-01T05:00:00+00:00,hyperliquid,ETH/USDC:USDC,616377.0002000004,1.25e-05,2016.05
2026-03-01T06:00:00+00:00,hyperliquid,ETH/USDC:USDC,615678.0507999992,1.25e-05,2010.55
2026-03-01T07:00:00+00:00,hyperliquid,ETH/USDC:USDC,615466.3146000004,1.25e-05,1997.65
2026-03-01T08:00:00+00:00,hyperliquid,ETH/USDC:USDC,617288.4926000001,1.25e-05,2005.65
2026-03-01T09:00:00+00:00,hyperliquid,ETH/USDC:USDC,619194.1463999999,1.25e-05,1980.05
2026-03-01T10:00:00+00:00,hyperliquid,ETH/USDC:USDC,602217.5242000003,1.25e-05,1980.65
2026-03-01T11:00:00+00:00,hyperliquid,ETH/USDC:USDC,603454.4087999997,6.8436e-06,1984.55
2026-03-01T12:00:00+00:00,hyperliquid,ETH/USDC:USDC,603046.0434000003,6.2112e-06,1983.55
2026-03-01T13:00:00+00:00,hyperliquid,ETH/USDC:USDC,595110.2183999991,4.1356e-06,1978.95
2026-03-01T14:00:00+00:00,hyperliquid,ETH/USDC:USDC,602391.7346000008,1.25e-05,2006.65
2026-03-01T15:00:00+00:00,hyperliquid,ETH/USDC:USDC,600272.2284000003,1.25e-05,2004.15
2026-03-01T16:00:00+00:00,hyperliquid,ETH/USDC:USDC,604024.1605999995,3.2937e-06,1989.95
2026-03-01T17:00:00+00:00,hyperliquid,ETH/USDC:USDC,591746.9843999997,-1.8694e-06,1965.95
2026-03-01T18:00:00+00:00,hyperliquid,ETH/USDC:USDC,591308.4609999997,1.25e-05,1964.35
2026-03-01T19:00:00+00:00,hyperliquid,ETH/USDC:USDC,586641.8491999997,8.1001e-06,1974.55
2026-03-01T20:00:00+00:00,hyperliquid,ETH/USDC:USDC,573453.8938000003,1.027e-06,1950.85
2026-03-01T21:00:00+00:00,hyperliquid,ETH/USDC:USDC,569700.7892000002,1.25e-05,1915.25
2026-03-01T22:00:00+00:00,hyperliquid,ETH/USDC:USDC,571070.6894000001,3.2302e-06,1927.4
2026-03-01T23:00:00+00:00,hyperliquid,ETH/USDC:USDC,573287.6280000001,3.5211e-06,1928.75
2026-03-02T00:00:00+00:00,hyperliquid,ETH/USDC:USDC,579352.415,1.7788e-06,1936.9
2026-03-02T01:00:00+00:00,hyperliquid,ETH/USDC:USDC,586799.4807999999,1.25e-05,1964.95
2026-03-02T02:00:00+00:00,hyperliquid,ETH/USDC:USDC,587630.0583999997,1.25e-05,1964.15
2026-03-02T03:00:00+00:00,hyperliquid,ETH/USDC:USDC,586060.7655999993,6.4262e-06,1949.75
2026-03-02T04:00:00+00:00,hyperliquid,ETH/USDC:USDC,595498.5454,1.25e-05,1971.85
2026-03-02T05:00:00+00:00,hyperliquid,ETH/USDC:USDC,595690.7179999993,1.25e-05,1970.35
2026-03-02T06:00:00+00:00,hyperliquid,ETH/USDC:USDC,594761.4381999997,1.25e-05,1967.35
2026-03-02T07:00:00+00:00,hyperliquid,ETH/USDC:USDC,579826.0851999997,-1.18169e-05,1940.25
2026-03-02T08:00:00+00:00,hyperliquid,ETH/USDC:USDC,576154.877799999,-6.061e-07,1931.95
2026-03-02T09:00:00+00:00,hyperliquid,ETH/USDC:USDC,583190.9375999998,9.8906e-06,1946.45
2026-03-02T10:00:00+00:00,hyperliquid,ETH/USDC:USDC,591200.3364000001,1.25e-05,1952.8
2026-03-02T11:00:00+00:00,hyperliquid,ETH/USDC:USDC,590975.6213999996,5.3456e-06,1949.35
2026-03-02T12:00:00+00:00,hyperliquid,ETH/USDC:USDC,592463.6009999996,-8.288e-07,1944.05
2026-03-02T13:00:00+00:00,hyperliquid,ETH/USDC:USDC,580237.7172000002,3.3492e-06,1937.55
2026-03-02T14:00:00+00:00,hyperliquid,ETH/USDC:USDC,583383.6406000002,-1.16383e-05,1925.15
2026-03-02T15:00:00+00:00,hyperliquid,ETH/USDC:USDC,584824.6624000005,1.21699e-05,1984.95
2026-03-02T16:00:00+00:00,hyperliquid,ETH/USDC:USDC,570319.5284000004,1.24558e-05,2045.05
2026-03-02T17:00:00+00:00,hyperliquid,ETH/USDC:USDC,567478.0655999999,3.2113e-06,2057.45
2026-03-02T18:00:00+00:00,hyperliquid,ETH/USDC:USDC,560116.4784,6.8375e-06,2031.05
2026-03-02T19:00:00+00:00,hyperliquid,ETH/USDC:USDC,566725.6235999997,1.25e-05,2025.45
2026-03-02T20:00:00+00:00,hyperliquid,ETH/USDC:USDC,581475.3661999996,1.25e-05,2050.25
2026-03-02T21:00:00+00:00,hyperliquid,ETH/USDC:USDC,582199.7761999998,4.7893e-06,2030.15
2026-03-02T22:00:00+00:00,hyperliquid,ETH/USDC:USDC,592289.7005999999,1.25e-05,2044.75
2026-03-02T23:00:00+00:00,hyperliquid,ETH/USDC:USDC,593278.3963999997,1.25e-05,2048.65
2026-03-03T00:00:00+00:00,hyperliquid,ETH/USDC:USDC,587020.3587999998,1.1798e-05,2028.45
2026-03-03T01:00:00+00:00,hyperliquid,ETH/USDC:USDC,590499.4675999995,1.25e-05,2031.95
2026-03-03T02:00:00+00:00,hyperliquid,ETH/USDC:USDC,596182.2653999996,1.074e-05,2010.25
2026-03-03T03:00:00+00:00,hyperliquid,ETH/USDC:USDC,600985.6482000002,1.25e-05,2012.95
2026-03-03T04:00:00+00:00,hyperliquid,ETH/USDC:USDC,600361.6743999999,7.7898e-06,2010.25
2026-03-03T05:00:00+00:00,hyperliquid,ETH/USDC:USDC,600668.9354000004,1.14398e-05,1997.75
2026-03-03T06:00:00+00:00,hyperliquid,ETH/USDC:USDC,615974.6023999999,1.25e-05,1993.85
2026-03-03T07:00:00+00:00,hyperliquid,ETH/USDC:USDC,619331.2229999998,1.25e-05,1996.65
2026-03-03T08:00:00+00:00,hyperliquid,ETH/USDC:USDC,621271.5113999998,1.25e-05,1994.35
2026-03-03T09:00:00+00:00,hyperliquid,ETH/USDC:USDC,571524.8953999996,7.0816e-06,1956.55
2026-03-03T10:00:00+00:00,hyperliquid,ETH/USDC:USDC,598502.0196,4.5771e-06,1946.35
2026-03-03T11:00:00+00:00,hyperliquid,ETH/USDC:USDC,586583.1425999999,4.0992e-06,1956.95
2026-03-03T12:00:00+00:00,hyperliquid,ETH/USDC:USDC,587391.2196000001,1.10696e-05,1963.45
2026-03-03T13:00:00+00:00,hyperliquid,ETH/USDC:USDC,592979.0421999999,1.00347e-05,1958.45
2026-03-03T14:00:00+00:00,hyperliquid,ETH/USDC:USDC,569048.3419999998,-5.7614e-06,1949.25
2026-03-03T15:00:00+00:00,hyperliquid,ETH/USDC:USDC,563267.4806,1.4466e-06,1943.9
2026-03-03T16:00:00+00:00,hyperliquid,ETH/USDC:USDC,589086.4932000003,-9.4385e-06,1965.25
2026-03-03T17:00:00+00:00,hyperliquid,ETH/USDC:USDC,586077.8792000005,-1.04342e-05,1972.45
2026-03-03T18:00:00+00:00,hyperliquid,ETH/USDC:USDC,587052.9840000002,-6.3141e-06,1979.85
2026-03-03T19:00:00+00:00,hyperliquid,ETH/USDC:USDC,584659.5468,8.792e-07,1987.35
2026-03-03T20:00:00+00:00,hyperliquid,ETH/USDC:USDC,585805.6593999994,1.1565e-06,1986.55
2026-03-03T21:00:00+00:00,hyperliquid,ETH/USDC:USDC,587080.2845999991,-2.4037e-06,1972.25
2026-03-03T22:00:00+00:00,hyperliquid,ETH/USDC:USDC,587365.2796000002,2.4327e-06,1974.6
2026-03-03T23:00:00+00:00,hyperliquid,ETH/USDC:USDC,586730.0356,3.6436e-06,1983.25
2026-03-04T00:00:00+00:00,hyperliquid,ETH/USDC:USDC,583357.2798000001,2.9095e-06,1981.55
2026-03-04T01:00:00+00:00,hyperliquid,ETH/USDC:USDC,584695.7508000002,-6.7015e-06,1976.35
2026-03-04T02:00:00+00:00,hyperliquid,ETH/USDC:USDC,581549.1290000002,-3.941e-06,1977.85
2026-03-04T03:00:00+00:00,hyperliquid,ETH/USDC:USDC,581150.4198000001,-1.68074e-05,1977.05
2026-03-04T04:00:00+00:00,hyperliquid,ETH/USDC:USDC,582717.0401999989,-1.18725e-05,1957.65
2026-03-04T05:00:00+00:00,hyperliquid,ETH/USDC:USDC,584186.8562,-8.3601e-06,1958.55
2026-03-04T06:00:00+00:00,hyperliquid,ETH/USDC:USDC,593114.5807999996,5.9785e-06,1968.05
2026-03-04T07:00:00+00:00,hyperliquid,ETH/USDC:USDC,589250.8887999997,5.8268e-06,1981.15
2026-03-04T08:00:00+00:00,hyperliquid,ETH/USDC:USDC,582006.2919999989,-8.0643e-06,2003.95
2026-03-04T09:00:00+00:00,hyperliquid,ETH/USDC:USDC,572515.5012000003,1.25e-05,2057.35
2026-03-04T10:00:00+00:00,hyperliquid,ETH/USDC:USDC,581765.9522000003,1.25e-05,2079.75
2026-03-04T11:00:00+00:00,hyperliquid,ETH/USDC:USDC,580771.8851999994,1.25e-05,2067.25
2026-03-04T12:00:00+00:00,hyperliquid,ETH/USDC:USDC,575523.6362000003,1.25e-05,2057.25
2026-03-04T13:00:00+00:00,hyperliquid,ETH/USDC:USDC,562749.6308,7.3889e-06,2054.05
2026-03-04T14:00:00+00:00,hyperliquid,ETH/USDC:USDC,560283.4428000002,1.25e-05,2063.25
2026-03-04T15:00:00+00:00,hyperliquid,ETH/USDC:USDC,557822.7948000012,1.25e-05,2086.75
2026-03-04T16:00:00+00:00,hyperliquid,ETH/USDC:USDC,560823.0215999997,1.25e-05,2151.65
2026-03-04T17:00:00+00:00,hyperliquid,ETH/USDC:USDC,565573.7309999991,1.25e-05,2143.55
2026-03-04T18:00:00+00:00,hyperliquid,ETH/USDC:USDC,567208.6408000002,2.4345e-06,2146.35
2026-03-04T19:00:00+00:00,hyperliquid,ETH/USDC:USDC,564590.6257999997,1.25e-05,2162.45
2026-03-04T20:00:00+00:00,hyperliquid,ETH/USDC:USDC,572924.0344000001,1.25e-05,2176.95
2026-03-04T21:00:00+00:00,hyperliquid,ETH/USDC:USDC,566305.7279999997,1.13712e-05,2152.05
2026-03-04T22:00:00+00:00,hyperliquid,ETH/USDC:USDC,570783.6427999998,1.25e-05,2158.35
2026-03-04T23:00:00+00:00,hyperliquid,ETH/USDC:USDC,567616.2831999992,1.25e-05,2131.55
2026-03-05T00:00:00+00:00,hyperliquid,ETH/USDC:USDC,563887.0868000009,1.25e-05,2126.95
2026-03-05T01:00:00+00:00,hyperliquid,ETH/USDC:USDC,563865.7482000008,1.25e-05,2127.25
2026-03-05T02:00:00+00:00,hyperliquid,ETH/USDC:USDC,562924.2745999999,3.9969e-06,2117.45
2026-03-05T03:00:00+00:00,hyperliquid,ETH/USDC:USDC,563091.1146000003,1.25e-05,2120.95
2026-03-05T04:00:00+00:00,hyperliquid,ETH/USDC:USDC,562460.2197999998,1.03148e-05,2118.65
2026-03-05T05:00:00+00:00,hyperliquid,ETH/USDC:USDC,565784.9468000005,1.25e-05,2138.15
2026-03-05T06:00:00+00:00,hyperliquid,ETH/USDC:USDC,564208.2119999999,1.25e-05,2117.05
2026-03-05T07:00:00+00:00,hyperliquid,ETH/USDC:USDC,564160.7548000003,1.25e-05,2126.65
2026-03-05T08:00:00+00:00,hyperliquid,ETH/USDC:USDC,562591.5340000002,1.25e-05,2103.35
2026-03-05T09:00:00+00:00,hyperliquid,ETH/USDC:USDC,562356.1350000001,1.25e-05,2119.15
2026-03-05T10:00:00+00:00,hyperliquid,ETH/USDC:USDC,562427.8832,1.25e-05,2123.75
2026-03-05T11:00:00+00:00,hyperliquid,ETH/USDC:USDC,564371.5053999999,1.25e-05,2154.85
2026-03-05T12:00:00+00:00,hyperliquid,ETH/USDC:USDC,563798.7368000002,2.488e-07,2133.95
2026-03-05T13:00:00+00:00,hyperliquid,ETH/USDC:USDC,579177.4057999993,-6.1027e-06,2129.85
2026-03-05T14:00:00+00:00,hyperliquid,ETH/USDC:USDC,583782.9116000001,-4.851e-06,2117.25
2026-03-05T15:00:00+00:00,hyperliquid,ETH/USDC:USDC,590163.1409999994,-1.01562e-05,2113.35
2026-03-05T16:00:00+00:00,hyperliquid,ETH/USDC:USDC,606420.2484000005,-1.79738e-05,2076.15
2026-03-05T18:00:00+00:00,hyperliquid,ETH/USDC:USDC,590245.4502000001,1.22491e-05,2067.35
2026-03-05T20:00:00+00:00,hyperliquid,ETH/USDC:USDC,572847.9311999999,1.25e-05,2078.75
2026-03-05T21:00:00+00:00,hyperliquid,ETH/USDC:USDC,570116.9152000002,1.25e-05,2092.35
2026-03-05T22:00:00+00:00,hyperliquid,ETH/USDC:USDC,568199.2469999999,1.25e-05,2079.85
2026-03-05T23:00:00+00:00,hyperliquid,ETH/USDC:USDC,570341.1309999998,1.24194e-05,2079.05
2026-03-06T00:00:00+00:00,hyperliquid,ETH/USDC:USDC,567386.9882,1.25e-05,2071.75
2026-03-06T01:00:00+00:00,hyperliquid,ETH/USDC:USDC,569147.5781999998,1.25e-05,2075.35
2026-03-06T02:00:00+00:00,hyperliquid,ETH/USDC:USDC,574822.7426000003,1.25e-05,2084.55
2026-03-06T03:00:00+00:00,hyperliquid,ETH/USDC:USDC,572636.8406000006,1.04249e-05,2084.15
2026-03-06T04:00:00+00:00,hyperliquid,ETH/USDC:USDC,570709.1152000005,1.25e-05,2082.95
2026-03-06T05:00:00+00:00,hyperliquid,ETH/USDC:USDC,568068.9835999998,-1.2038e-06,2069.05
2026-03-06T06:00:00+00:00,hyperliquid,ETH/USDC:USDC,566369.6351999994,6.341e-06,2067.75
2026-03-06T07:00:00+00:00,hyperliquid,ETH/USDC:USDC,565917.8184000001,1.25e-05,2078.25
2026-03-06T08:00:00+00:00,hyperliquid,ETH/USDC:USDC,575162.0284,1.25e-05,2080.65
2026-03-06T09:00:00+00:00,hyperliquid,ETH/USDC:USDC,576280.4445999997,1.19632e-05,2074.25
2026-03-06T10:00:00+00:00,hyperliquid,ETH/USDC:USDC,569884.5180000002,-2.272e-07,2059.55
2026-03-06T11:00:00+00:00,hyperliquid,ETH/USDC:USDC,568214.7500000002,-1.4944e-06,2057.95
2026-03-06T12:00:00+00:00,hyperliquid,ETH/USDC:USDC,568567.0559999996,-1.643e-06,2049.55
2026-03-06T13:00:00+00:00,hyperliquid,ETH/USDC:USDC,568372.2126000006,7.4024e-06,2047.15
2026-03-06T14:00:00+00:00,hyperliquid,ETH/USDC:USDC,584575.2542000002,-1.03658e-05,2019.5
2026-03-06T15:00:00+00:00,hyperliquid,ETH/USDC:USDC,600635.6534000001,-1.93105e-05,1983.55
2026-03-06T16:00:00+00:00,hyperliquid,ETH/USDC:USDC,593174.6672000001,-1.07608e-05,1974.75
2026-03-06T17:00:00+00:00,hyperliquid,ETH/USDC:USDC,582886.4492000005,-4.467e-07,1969.65
2026-03-06T18:00:00+00:00,hyperliquid,ETH/USDC:USDC,584332.2359999999,8.9979e-06,1972.6
2026-03-06T19:00:00+00:00,hyperliquid,ETH/USDC:USDC,586969.8346,7.1228e-06,1977.55
2026-03-06T20:00:00+00:00,hyperliquid,ETH/USDC:USDC,593903.4941999997,9.7244e-06,1978.3
2026-03-06T21:00:00+00:00,hyperliquid,ETH/USDC:USDC,592083.0117999999,2.3798e-06,1978.65
2026-03-06T22:00:00+00:00,hyperliquid,ETH/USDC:USDC,587374.9697999997,1.16592e-05,1983.75
2026-03-06T23:00:00+00:00,hyperliquid,ETH/USDC:USDC,585131.8601999999,-2.4829e-06,1983.95
2026-03-07T00:00:00+00:00,hyperliquid,ETH/USDC:USDC,582086.0984,-3.5598e-06,1976.35
2026-03-07T01:00:00+00:00,hyperliquid,ETH/USDC:USDC,582252.6578,-6.1359e-06,1982.35
2026-03-07T02:00:00+00:00,hyperliquid,ETH/USDC:USDC,582369.8572,-4.2522e-06,1978.65
2026-03-07T03:00:00+00:00,hyperliquid,ETH/USDC:USDC,581879.9613999999,-2.7669e-06,1983.35
2026-03-07T04:00:00+00:00,hyperliquid,ETH/USDC:USDC,574197.4631999999,-7.542e-06,1978.45
2026-03-07T05:00:00+00:00,hyperliquid,ETH/USDC:USDC,578677.8424,-2.6722e-06,1975.55
2026-03-07T06:00:00+00:00,hyperliquid,ETH/USDC:USDC,577718.2697999999,-3.4006e-06,1976.45
2026-03-07T07:00:00+00:00,hyperliquid,ETH/USDC:USDC,576555.1058000003,-1.28e-07,1970.95
2026-03-07T08:00:00+00:00,hyperliquid,ETH/USDC:USDC,569869.5788,4.7899e-06,1982.35
2026-03-07T09:00:00+00:00,hyperliquid,ETH/USDC:USDC,572329.2173999998,-1.30587e-05,1974.75
2026-03-07T10:00:00+00:00,hyperliquid,ETH/USDC:USDC,574619.6533999998,2.6999e-06,1984.95
2026-03-07T11:00:00+00:00,hyperliquid,ETH/USDC:USDC,574450.3752000001,-2.0417e-06,1982.75
2026-03-07T12:00:00+00:00,hyperliquid,ETH/USDC:USDC,579351.8776000001,5.736e-06,1988.15
2026-03-07T13:00:00+00:00,hyperliquid,ETH/USDC:USDC,583696.7707999997,-6.5917e-06,1982.15
2026-03-07T14:00:00+00:00,hyperliquid,ETH/USDC:USDC,583634.3462000001,-2.8577e-06,1975.45
2026-03-07T15:00:00+00:00,hyperliquid,ETH/USDC:USDC,580791.0245999998,5.224e-06,1983.65
2026-03-07T16:00:00+00:00,hyperliquid,ETH/USDC:USDC,589276.1539999999,-1.08502e-05,1977.75
2026-03-07T17:00:00+00:00,hyperliquid,ETH/USDC:USDC,589260.6952000001,6.474e-06,1978.45
2026-03-07T18:00:00+00:00,hyperliquid,ETH/USDC:USDC,586941.6353999991,2.6328e-06,1965.6
2026-03-07T19:00:00+00:00,hyperliquid,ETH/USDC:USDC,590094.2704000004,-9.5839e-06,1968.65
2026-03-07T20:00:00+00:00,hyperliquid,ETH/USDC:USDC,592617.0036,-1.23735e-05,1956.65
2026-03-07T21:00:00+00:00,hyperliquid,ETH/USDC:USDC,592800.9397999997,-1.2441e-05,1963.65
2026-03-07T22:00:00+00:00,hyperliquid,ETH/USDC:USDC,588666.5462,-1.23063e-05,1968.75
2026-03-07T23:00:00+00:00,hyperliquid,ETH/USDC:USDC,586557.5734,-1.81852e-05,1964.95
2026-03-08T00:00:00+00:00,hyperliquid,ETH/USDC:USDC,584673.6604,-2.20597e-05,1970.15
2026-03-08T01:00:00+00:00,hyperliquid,ETH/USDC:USDC,580986.9467999999,-6.0442e-06,1966.95
2026-03-08T02:00:00+00:00,hyperliquid,ETH/USDC:USDC,581051.4521999997,-1.8431e-06,1967.75
2026-03-08T03:00:00+00:00,hyperliquid,ETH/USDC:USDC,575765.1676,-2.304e-05,1943.55
2026-03-08T04:00:00+00:00,hyperliquid,ETH/USDC:USDC,587166.1725999997,-3.10737e-05,1945.65
2026-03-08T05:00:00+00:00,hyperliquid,ETH/USDC:USDC,598617.2912000003,-3.20653e-05,1938.55
2026-03-08T06:00:00+00:00,hyperliquid,ETH/USDC:USDC,597727.7254000002,-2.41792e-05,1948.75
2026-03-08T07:00:00+00:00,hyperliquid,ETH/USDC:USDC,596613.1223999998,-2.48741e-05,1946.55
2026-03-08T08:00:00+00:00,hyperliquid,ETH/USDC:USDC,596280.8723999999,-1.13239e-05,1951.85
2026-03-08T09:00:00+00:00,hyperliquid,ETH/USDC:USDC,596061.4841999994,-1.47228e-05,1955.95
2026-03-08T10:00:00+00:00,hyperliquid,ETH/USDC:USDC,585395.1405999997,-3.1825e-06,1963.95
2026-03-08T11:00:00+00:00,hyperliquid,ETH/USDC:USDC,592401.0245999998,3.0431e-06,1971.55
2026-03-08T12:00:00+00:00,hyperliquid,ETH/USDC:USDC,584263.8525999999,-4.2583e-06,1951.75
2026-03-08T13:00:00+00:00,hyperliquid,ETH/USDC:USDC,598194.7187999996,-1.9594e-05,1944.15
2026-03-08T14:00:00+00:00,hyperliquid,ETH/USDC:USDC,581958.7211999997,-1.21147e-05,1941.35
2026-03-08T15:00:00+00:00,hyperliquid,ETH/USDC:USDC,576779.5639999995,-4.4821e-06,1944.95
2026-03-08T16:00:00+00:00,hyperliquid,ETH/USDC:USDC,578870.0986000005,-9.8592e-06,1941.6
2026-03-08T17:00:00+00:00,hyperliquid,ETH/USDC:USDC,578536.0395999999,-5.8894e-06,1935.15
2026-03-08T18:00:00+00:00,hyperliquid,ETH/USDC:USDC,582576.3945999999,-3.15667e-05,1932.75
2026-03-08T19:00:00+00:00,hyperliquid,ETH/USDC:USDC,580145.9668000005,-2.39207e-05,1927.25
2026-03-08T20:00:00+00:00,hyperliquid,ETH/USDC:USDC,581255.4200000004,-3.16066e-05,1960.85
2026-03-08T21:00:00+00:00,hyperliquid,ETH/USDC:USDC,584457.2473999999,-2.90826e-05,1958.25
2026-03-08T22:00:00+00:00,hyperliquid,ETH/USDC:USDC,585947.4942000004,-4.47816e-05,1938.85
2026-03-08T23:00:00+00:00,hyperliquid,ETH/USDC:USDC,579607.6902000001,-1.94686e-05,1942.05
2026-03-09T00:00:00+00:00,hyperliquid,ETH/USDC:USDC,575360.3135999995,-1.46193e-05,1937.15
2026-03-09T01:00:00+00:00,hyperliquid,ETH/USDC:USDC,578064.8740000003,-1.75533e-05,1950.75
2026-03-09T02:00:00+00:00,hyperliquid,ETH/USDC:USDC,588800.9508000001,-1.87873e-05,1947.35
2026-03-09T03:00:00+00:00,hyperliquid,ETH/USDC:USDC,594773.8214000004,9.1143e-06,1969.55
2026-03-09T04:00:00+00:00,hyperliquid,ETH/USDC:USDC,594675.5297999991,5.7451e-06,1979.05
2026-03-09T05:00:00+00:00,hyperliquid,ETH/USDC:USDC,584715.3505999997,-9.3266e-06,1976.45
2026-03-09T06:00:00+00:00,hyperliquid,ETH/USDC:USDC,584782.9277999995,1.25e-05,2007.25
2026-03-09T07:00:00+00:00,hyperliquid,ETH/USDC:USDC,574646.7428000007,9.63e-08,1982.75
2026-03-09T08:00:00+00:00,hyperliquid,ETH/USDC:USDC,571104.9921999999,-2.5724e-06,1982.5
2026-03-09T09:00:00+00:00,hyperliquid,ETH/USDC:USDC,578813.7164,1.25e-05,1994.45
2026-03-09T10:00:00+00:00,hyperliquid,ETH/USDC:USDC,591031.7795999999,1.25e-05,2004.05
2026-03-09T11:00:00+00:00,hyperliquid,ETH/USDC:USDC,580255.1823999997,1.25e-05,1996.85
2026-03-09T12:00:00+00:00,hyperliquid,ETH/USDC:USDC,587964.6052000001,1.03859e-05,1996.85
2026-03-09T13:00:00+00:00,hyperliquid,ETH/USDC:USDC,588845.6928,1.25e-05,2002.75
2026-03-09T14:00:00+00:00,hyperliquid,ETH/USDC:USDC,598264.7114000006,1.25e-05,2022.45
2026-03-09T15:00:00+00:00,hyperliquid,ETH/USDC:USDC,625635.7750000005,1.25e-05,2022.05
2026-03-09T16:00:00+00:00,hyperliquid,ETH/USDC:USDC,619843.5507999996,1.25e-05,2022.05
2026-03-09T17:00:00+00:00,hyperliquid,ETH/USDC:USDC,608162.5480000001,1.25e-05,2025.25
2026-03-09T18:00:00+00:00,hyperliquid,ETH/USDC:USDC,600780.8272000004,1.9737e-06,2012.6
2026-03-09T19:00:00+00:00,hyperliquid,ETH/USDC:USDC,598703.9071999998,4.4145e-06,2012.65
2026-03-09T20:00:00+00:00,hyperliquid,ETH/USDC:USDC,596062.9855999995,4.858e-06,2035.45
2026-03-09T21:00:00+00:00,hyperliquid,ETH/USDC:USDC,596508.5621999999,7.2819e-06,2028.45
2026-03-09T22:00:00+00:00,hyperliquid,ETH/USDC:USDC,581508.5424000002,1.9569e-06,2028.65
2026-03-09T23:00:00+00:00,hyperliquid,ETH/USDC:USDC,577169.9716000003,4.5248e-06,2000.35
2026-03-10T00:00:00+00:00,hyperliquid,ETH/USDC:USDC,577546.8477999995,1.25e-05,1991.05
2026-03-10T01:00:00+00:00,hyperliquid,ETH/USDC:USDC,578642.741199999,1.25e-05,2018.05
2026-03-10T02:00:00+00:00,hyperliquid,ETH/USDC:USDC,576230.6166,1.06214e-05,2019.15
2026-03-10T03:00:00+00:00,hyperliquid,ETH/USDC:USDC,586231.2381999998,1.25e-05,2044.55
2026-03-10T04:00:00+00:00,hyperliquid,ETH/USDC:USDC,575198.5899999996,1.25e-05,2030.25
2026-03-10T05:00:00+00:00,hyperliquid,ETH/USDC:USDC,575848.0653999996,1.25e-05,2047.35
2026-03-10T06:00:00+00:00,hyperliquid,ETH/USDC:USDC,584087.0871999996,1.25e-05,2041.85
2026-03-10T07:00:00+00:00,hyperliquid,ETH/USDC:USDC,584457.4713999997,1.02178e-05,2041.95
2026-03-10T08:00:00+00:00,hyperliquid,ETH/USDC:USDC,592355.0183999995,1.25e-05,2053.85
2026-03-10T09:00:00+00:00,hyperliquid,ETH/USDC:USDC,593873.9697999998,4.6583e-06,2058.45
2026-03-10T10:00:00+00:00,hyperliquid,ETH/USDC:USDC,594506.7959999997,1.25e-05,2066.35
2026-03-10T11:00:00+00:00,hyperliquid,ETH/USDC:USDC,591880.1463999995,1.19072e-05,2057.25
2026-03-10T12:00:00+00:00,hyperliquid,ETH/USDC:USDC,588231.4800000002,1.25e-05,2059.75
2026-03-10T13:00:00+00:00,hyperliquid,ETH/USDC:USDC,585510.561,7.6166e-06,2049.25
2026-03-10T14:00:00+00:00,hyperliquid,ETH/USDC:USDC,590579.5815999993,1.25e-05,2026.35
2026-03-10T15:00:00+00:00,hyperliquid,ETH/USDC:USDC,590384.0066000007,1.25e-05,2081.25
2026-03-10T16:00:00+00:00,hyperliquid,ETH/USDC:USDC,593664.6283999991,1.02476e-05,2079.85
2026-03-10T17:00:00+00:00,hyperliquid,ETH/USDC:USDC,594164.1052,1.25e-05,2079.25
2026-03-10T18:00:00+00:00,hyperliquid,ETH/USDC:USDC,593641.2618000001,1.25e-05,2070.95
2026-03-10T19:00:00+00:00,hyperliquid,ETH/USDC:USDC,573332.2107999998,-4.6295e-06,2038.35
2026-03-10T20:00:00+00:00,hyperliquid,ETH/USDC:USDC,572879.6409999992,3.3247e-06,2035.85
2026-03-10T21:00:00+00:00,hyperliquid,ETH/USDC:USDC,569628.7993999997,-4.3989e-06,2041.95
2026-03-10T22:00:00+00:00,hyperliquid,ETH/USDC:USDC,569022.3878,-1.06527e-05,2030.45
2026-03-10T23:00:00+00:00,hyperliquid,ETH/USDC:USDC,569793.0161999994,-9.5081e-06,2031.25
2026-03-11T00:00:00+00:00,hyperliquid,ETH/USDC:USDC,569193.4905999998,-8.8377e-06,2030.95
2026-03-11T01:00:00+00:00,hyperliquid,ETH/USDC:USDC,566802.5901999994,5.215e-07,2037.25
2026-03-11T02:00:00+00:00,hyperliquid,ETH/USDC:USDC,564332.7947999995,-2.9046e-06,2035.75
2026-03-11T03:00:00+00:00,hyperliquid,ETH/USDC:USDC,564991.9526,-6.3522e-06,2026.45
2026-03-11T04:00:00+00:00,hyperliquid,ETH/USDC:USDC,564171.5434000005,-2.7063e-06,2019.55
2026-03-11T05:00:00+00:00,hyperliquid,ETH/USDC:USDC,572316.3187999994,-5.2004e-06,2038.05
2026-03-11T06:00:00+00:00,hyperliquid,ETH/USDC:USDC,571923.0323999991,-1.9639e-06,2014.95
2026-03-11T07:00:00+00:00,hyperliquid,ETH/USDC:USDC,574545.2511999996,-2.4977e-06,2021.65
2026-03-11T08:00:00+00:00,hyperliquid,ETH/USDC:USDC,581634.5705999995,-9.4195e-06,2012.3
2026-03-11T09:00:00+00:00,hyperliquid,ETH/USDC:USDC,594379.8823999997,-1.26693e-05,2020.95
2026-03-11T10:00:00+00:00,hyperliquid,ETH/USDC:USDC,593093.4197999998,5.606e-07,2017.75
2026-03-11T11:00:00+00:00,hyperliquid,ETH/USDC:USDC,587867.7555999997,2.6015e-06,2027.85
2026-03-11T12:00:00+00:00,hyperliquid,ETH/USDC:USDC,589315.0153999999,-4.5504e-06,2016.45
2026-03-11T13:00:00+00:00,hyperliquid,ETH/USDC:USDC,589247.5061999996,1.6712e-06,2022.45
2026-03-11T14:00:00+00:00,hyperliquid,ETH/USDC:USDC,588170.8640000005,1.02507e-05,2055.7
2026-03-11T15:00:00+00:00,hyperliquid,ETH/USDC:USDC,588889.3274000004,3.6542e-06,2060.55
2026-03-11T16:00:00+00:00,hyperliquid,ETH/USDC:USDC,593187.5843999987,1.24663e-05,2050.85
2026-03-11T17:00:00+00:00,hyperliquid,ETH/USDC:USDC,590858.6029999998,-8.55e-07,2071.95
2026-03-11T18:00:00+00:00,hyperliquid,ETH/USDC:USDC,591376.1361999998,6.4566e-06,2067.45
2026-03-11T19:00:00+00:00,hyperliquid,ETH/USDC:USDC,589345.0617999994,3.265e-06,2071.75
2026-03-11T20:00:00+00:00,hyperliquid,ETH/USDC:USDC,590642.3307999995,-4.651e-06,2071.45
2026-03-11T21:00:00+00:00,hyperliquid,ETH/USDC:USDC,590787.7855999994,-8.8705e-06,2066.05
2026-03-11T22:00:00+00:00,hyperliquid,ETH/USDC:USDC,590380.221199999,6.355e-06,2071.35
2026-03-11T23:00:00+00:00,hyperliquid,ETH/USDC:USDC,587081.4425999994,2.7183e-06,2062.95
2026-03-12T00:00:00+00:00,hyperliquid,ETH/USDC:USDC,593402.8198000005,2.3137e-06,2050.35
2026-03-12T01:00:00+00:00,hyperliquid,ETH/USDC:USDC,593751.2875999998,-3.4903e-06,2051.05
2026-03-12T02:00:00+00:00,hyperliquid,ETH/USDC:USDC,595423.9484000003,-2.1304e-06,2044.95
2026-03-12T03:00:00+00:00,hyperliquid,ETH/USDC:USDC,591899.2690000001,-1.43764e-05,2025.95
2026-03-12T04:00:00+00:00,hyperliquid,ETH/USDC:USDC,586261.064,-2.71075e-05,2023.25
2026-03-12T05:00:00+00:00,hyperliquid,ETH/USDC:USDC,582812.6804000002,-8.3688e-06,2022.25
2026-03-12T06:00:00+00:00,hyperliquid,ETH/USDC:USDC,584393.8626000001,-1.21031e-05,2024.45
2026-03-12T07:00:00+00:00,hyperliquid,ETH/USDC:USDC,584166.5796,2.717e-07,2029.55
2026-03-12T08:00:00+00:00,hyperliquid,ETH/USDC:USDC,580202.7420000002,7.1395e-06,2041.85
2026-03-12T09:00:00+00:00,hyperliquid,ETH/USDC:USDC,579792.2334,4.8452e-06,2045.45
2026-03-12T10:00:00+00:00,hyperliquid,ETH/USDC:USDC,581140.3841999999,-2.0163e-06,2055.05
2026-03-12T11:00:00+00:00,hyperliquid,ETH/USDC:USDC,576388.5307999995,5.3519e-06,2067.25
2026-03-12T12:00:00+00:00,hyperliquid,ETH/USDC:USDC,584917.5360000009,-1.08327e-05,2059.25
2026-03-12T13:00:00+00:00,hyperliquid,ETH/USDC:USDC,596969.5213999996,-1.34181e-05,2063.95
2026-03-12T14:00:00+00:00,hyperliquid,ETH/USDC:USDC,600608.8264000003,7.6081e-06,2077.95
2026-03-12T15:00:00+00:00,hyperliquid,ETH/USDC:USDC,594979.9710000008,-3.6526e-06,2046.25
2026-03-12T16:00:00+00:00,hyperliquid,ETH/USDC:USDC,589388.6706000002,-1.8376e-06,2059.85
2026-03-12T17:00:00+00:00,hyperliquid,ETH/USDC:USDC,595067.1196000002,-1.14193e-05,2067.15
2026-03-12T18:00:00+00:00,hyperliquid,ETH/USDC:USDC,593189.0629999998,-8.6834e-06,2058.45
2026-03-12T19:00:00+00:00,hyperliquid,ETH/USDC:USDC,590771.7685999998,-1.57498e-05,2047.35
2026-03-12T20:00:00+00:00,hyperliquid,ETH/USDC:USDC,595197.2481999996,6.3724e-06,2069.3
2026-03-12T21:00:00+00:00,hyperliquid,ETH/USDC:USDC,588469.1400000005,-6.5401e-06,2064.85
2026-03-12T22:00:00+00:00,hyperliquid,ETH/USDC:USDC,587687.7981999997,6.742e-06,2065.45
2026-03-12T23:00:00+00:00,hyperliquid,ETH/USDC:USDC,586333.2771999997,2.2152e-06,2067.45
2026-03-13T00:00:00+00:00,hyperliquid,ETH/USDC:USDC,591061.3453999999,9.4187e-06,2070.65
2026-03-13T01:00:00+00:00,hyperliquid,ETH/USDC:USDC,582038.8431999994,1.25e-05,2121.9
2026-03-13T02:00:00+00:00,hyperliquid,ETH/USDC:USDC,568989.1115999981,8.3238e-06,2121.15
2026-03-13T03:00:00+00:00,hyperliquid,ETH/USDC:USDC,568879.2393999991,1.5361e-06,2106.95
2026-03-13T04:00:00+00:00,hyperliquid,ETH/USDC:USDC,568664.1144,1.21415e-05,2117.75
2026-03-13T05:00:00+00:00,hyperliquid,ETH/USDC:USDC,568373.5456000008,1.07547e-05,2110.05
2026-03-13T06:00:00+00:00,hyperliquid,ETH/USDC:USDC,566401.8361999999,6.6052e-06,2105.85
2026-03-13T07:00:00+00:00,hyperliquid,ETH/USDC:USDC,567451.8416000002,2.9006e-06,2098.15
2026-03-13T08:00:00+00:00,hyperliquid,ETH/USDC:USDC,567344.0899999994,-7.6727e-06,2094.85
2026-03-13T09:00:00+00:00,hyperliquid,ETH/USDC:USDC,566200.9434000002,5.091e-06,2104.85
2026-03-13T10:00:00+00:00,hyperliquid,ETH/USDC:USDC,572994.5764000012,1.25e-05,2117.05
2026-03-13T11:00:00+00:00,hyperliquid,ETH/USDC:USDC,570919.3772000006,1.25e-05,2128.15
2026-03-13T12:00:00+00:00,hyperliquid,ETH/USDC:USDC,571893.7578000007,1.25e-05,2124.25
2026-03-13T13:00:00+00:00,hyperliquid,ETH/USDC:USDC,571841.6952000002,1.10667e-05,2146.45
2026-03-13T14:00:00+00:00,hyperliquid,ETH/USDC:USDC,573829.7604000008,1.25e-05,2186.25
2026-03-13T15:00:00+00:00,hyperliquid,ETH/USDC:USDC,583931.2213999996,-4.6482e-06,2145.95
2026-03-13T16:00:00+00:00,hyperliquid,ETH/USDC:USDC,578635.0138000009,8.4943e-06,2126.75
2026-03-13T17:00:00+00:00,hyperliquid,ETH/USDC:USDC,573002.4346000007,8.0867e-06,2133.85
2026-03-13T18:00:00+00:00,hyperliquid,ETH/USDC:USDC,574015.2994000004,8.0381e-06,2103.05
2026-03-13T19:00:00+00:00,hyperliquid,ETH/USDC:USDC,578026.3173999997,-2.036e-07,2099.85
2026-03-13T20:00:00+00:00,hyperliquid,ETH/USDC:USDC,579005.1569999998,6.9585e-06,2101.75
2026-03-13T21:00:00+00:00,hyperliquid,ETH/USDC:USDC,572300.4609999998,4.1156e-06,2113.65
2026-03-13T22:00:00+00:00,hyperliquid,ETH/USDC:USDC,571662.2355999999,-4.8968e-06,2097.45
2026-03-13T23:00:00+00:00,hyperliquid,ETH/USDC:USDC,574929.4586000005,3.6981e-06,2085.45
2026-03-14T00:00:00+00:00,hyperliquid,ETH/USDC:USDC,574038.763,1.07602e-05,2089.35
2026-03-14T01:00:00+00:00,hyperliquid,ETH/USDC:USDC,577363.9241999997,8.8108e-06,2086.75
2026-03-14T02:00:00+00:00,hyperliquid,ETH/USDC:USDC,578356.8271999991,5.4125e-06,2091.05
2026-03-14T03:00:00+00:00,hyperliquid,ETH/USDC:USDC,583099.2821999998,1.25e-05,2092.65
2026-03-14T04:00:00+00:00,hyperliquid,ETH/USDC:USDC,583173.2794000002,1.0246e-05,2099.85
2026-03-14T05:00:00+00:00,hyperliquid,ETH/USDC:USDC,578469.0857999999,7.8274e-06,2090.15
2026-03-14T06:00:00+00:00,hyperliquid,ETH/USDC:USDC,578789.5534000002,-5.362e-07,2089.35
2026-03-14T07:00:00+00:00,hyperliquid,ETH/USDC:USDC,582602.2875999999,3.8131e-06,2077.45
2026-03-14T08:00:00+00:00,hyperliquid,ETH/USDC:USDC,583249.6277999996,6.127e-06,2077.05
2026-03-14T09:00:00+00:00,hyperliquid,ETH/USDC:USDC,581906.9488000002,1.25e-05,2073.85
2026-03-14T10:00:00+00:00,hyperliquid,ETH/USDC:USDC,576485.1020000003,2.7378e-06,2066.65
2026-03-14T11:00:00+00:00,hyperliquid,ETH/USDC:USDC,577205.9352000001,1.7822e-06,2065.55
2026-03-14T12:00:00+00:00,hyperliquid,ETH/USDC:USDC,576973.4495999998,8.1955e-06,2074.1
2026-03-14T13:00:00+00:00,hyperliquid,ETH/USDC:USDC,584452.3958,7.0192e-06,2073.25
2026-03-14T14:00:00+00:00,hyperliquid,ETH/USDC:USDC,586255.8435999996,1.25e-05,2076.65
2026-03-14T15:00:00+00:00,hyperliquid,ETH/USDC:USDC,577272.8023999997,8.393e-07,2070.35
2026-03-14T16:00:00+00:00,hyperliquid,ETH/USDC:USDC,581063.2570000001,-4.1e-09,2072.35
2026-03-14T17:00:00+00:00,hyperliquid,ETH/USDC:USDC,586041.0039999995,1.25e-05,2076.25
2026-03-14T18:00:00+00:00,hyperliquid,ETH/USDC:USDC,585569.1560000001,8.6475e-06,2073.35
2026-03-14T19:00:00+00:00,hyperliquid,ETH/USDC:USDC,586309.9349999992,7.3418e-06,2074.25
2026-03-14T20:00:00+00:00,hyperliquid,ETH/USDC:USDC,586157.3394,1.5525e-06,2075.75
2026-03-14T21:00:00+00:00,hyperliquid,ETH/USDC:USDC,590590.9354000002,1.25e-05,2084.75
2026-03-14T22:00:00+00:00,hyperliquid,ETH/USDC:USDC,592261.8934,1.25e-05,2086.05
2026-03-14T23:00:00+00:00,hyperliquid,ETH/USDC:USDC,593421.1550000004,6.1769e-06,2086.45
2026-03-15T00:00:00+00:00,hyperliquid,ETH/USDC:USDC,593962.1516000007,8.7954e-06,2092.95
2026-03-15T01:00:00+00:00,hyperliquid,ETH/USDC:USDC,588018.8470000004,4.2871e-06,2086.65
2026-03-15T02:00:00+00:00,hyperliquid,ETH/USDC:USDC,587146.1142000002,1.25e-05,2095.05
2026-03-15T03:00:00+00:00,hyperliquid,ETH/USDC:USDC,599862.6412000007,1.25e-05,2102.65
2026-03-15T04:00:00+00:00,hyperliquid,ETH/USDC:USDC,600840.5174000004,1.25e-05,2095.85
2026-03-15T05:00:00+00:00,hyperliquid,ETH/USDC:USDC,606453.6020000002,1.25e-05,2103.15
2026-03-15T06:00:00+00:00,hyperliquid,ETH/USDC:USDC,606581.7154000002,1.0136e-05,2106.95
2026-03-15T07:00:00+00:00,hyperliquid,ETH/USDC:USDC,606611.0961999997,1.25e-05,2109.25
2026-03-15T08:00:00+00:00,hyperliquid,ETH/USDC:USDC,606604.9829999997,1.25e-05,2106.25
2026-03-15T09:00:00+00:00,hyperliquid,ETH/USDC:USDC,610558.5059999995,1.25e-05,2114.95
2026-03-15T10:00:00+00:00,hyperliquid,ETH/USDC:USDC,612215.3766,1.25e-05,2117.15
2026-03-15T11:00:00+00:00,hyperliquid,ETH/USDC:USDC,613423.7146000002,1.25e-05,2118.55
2026-03-15T12:00:00+00:00,hyperliquid,ETH/USDC:USDC,611463.8473999997,1.25e-05,2116.85
2026-03-15T13:00:00+00:00,hyperliquid,ETH/USDC:USDC,611668.1207999998,1.25e-05,2110.95
2026-03-15T14:00:00+00:00,hyperliquid,ETH/USDC:USDC,599091.1128,1.10298e-05,2094.25
2026-03-15T15:00:00+00:00,hyperliquid,ETH/USDC:USDC,588747.5232000002,1.25e-05,2094.45
2026-03-15T16:00:00+00:00,hyperliquid,ETH/USDC:USDC,592527.4232000003,1.20274e-05,2092.55
2026-03-15T17:00:00+00:00,hyperliquid,ETH/USDC:USDC,591340.6844,2.4102e-06,2091.45
2026-03-15T18:00:00+00:00,hyperliquid,ETH/USDC:USDC,588699.494,4.1051e-06,2108.15
2026-03-15T19:00:00+00:00,hyperliquid,ETH/USDC:USDC,580267.5901999993,-4.3789e-06,2100.75
2026-03-15T20:00:00+00:00,hyperliquid,ETH/USDC:USDC,580219.7954,-1.3445e-06,2110.85
2026-03-15T21:00:00+00:00,hyperliquid,ETH/USDC:USDC,585180.8559999997,8.7851e-06,2129.45
2026-03-15T22:00:00+00:00,hyperliquid,ETH/USDC:USDC,584621.9448000003,-1.0424e-06,2142.05
2026-03-15T23:00:00+00:00,hyperliquid,ETH/USDC:USDC,593110.7994000005,1.25e-05,2190.05
2026-03-16T00:00:00+00:00,hyperliquid,ETH/USDC:USDC,586234.8322000004,-1.7304e-06,2182.15
2026-03-16T01:00:00+00:00,hyperliquid,ETH/USDC:USDC,587660.1086,-6.0361e-06,2169.75
2026-03-16T02:00:00+00:00,hyperliquid,ETH/USDC:USDC,588661.8896000005,1.13332e-05,2184.05
2026-03-16T03:00:00+00:00,hyperliquid,ETH/USDC:USDC,589732.7365999998,1.3188e-06,2177.15
2026-03-16T04:00:00+00:00,hyperliquid,ETH/USDC:USDC,587295.2645999998,1.25e-05,2240.35
2026-03-16T05:00:00+00:00,hyperliquid,ETH/USDC:USDC,586703.606000001,1.03505e-05,2262.15
2026-03-16T06:00:00+00:00,hyperliquid,ETH/USDC:USDC,593303.6684000004,8.5489e-06,2272.05
2026-03-16T07:00:00+00:00,hyperliquid,ETH/USDC:USDC,597719.3333999999,6.1918e-06,2264.95
2026-03-16T08:00:00+00:00,hyperliquid,ETH/USDC:USDC,596050.6364,-5.7355e-06,2254.05
2026-03-16T09:00:00+00:00,hyperliquid,ETH/USDC:USDC,592291.5656,1.25e-05,2242.85
2026-03-16T10:00:00+00:00,hyperliquid,ETH/USDC:USDC,591355.1967999999,1.10558e-05,2265.75
2026-03-16T11:00:00+00:00,hyperliquid,ETH/USDC:USDC,590154.6688000009,-3.0735e-06,2276.15
2026-03-16T12:00:00+00:00,hyperliquid,ETH/USDC:USDC,590279.262,-2.548e-06,2271.05
2026-03-16T13:00:00+00:00,hyperliquid,ETH/USDC:USDC,583932.5268000006,-6.8292e-06,2279.75
2026-03-16T14:00:00+00:00,hyperliquid,ETH/USDC:USDC,585430.2022000011,-4.1608e-06,2291.45
2026-03-16T15:00:00+00:00,hyperliquid,ETH/USDC:USDC,582291.3334000009,-1.63405e-05,2278.95
2026-03-16T16:00:00+00:00,hyperliquid,ETH/USDC:USDC,590050.4652000002,-1.83129e-05,2269.75
2026-03-16T17:00:00+00:00,hyperliquid,ETH/USDC:USDC,592633.7240000005,-7.9955e-06,2301.35
2026-03-16T18:00:00+00:00,hyperliquid,ETH/USDC:USDC,585728.5436000007,-3.6827e-06,2315.25
2026-03-16T19:00:00+00:00,hyperliquid,ETH/USDC:USDC,587988.4584,-4.7066e-06,2324.55
2026-03-16T20:00:00+00:00,hyperliquid,ETH/USDC:USDC,588525.4250000006,2.5365e-06,2326.95
2026-03-16T21:00:00+00:00,hyperliquid,ETH/USDC:USDC,575183.2756000012,-4.2328e-06,2344.95
2026-03-16T22:00:00+00:00,hyperliquid,ETH/USDC:USDC,556910.1481999996,-2.77976e-05,2363.35
2026-03-16T23:00:00+00:00,hyperliquid,ETH/USDC:USDC,566342.3633999996,-3.69908e-05,2340.55
2026-03-17T00:00:00+00:00,hyperliquid,ETH/USDC:USDC,573102.5057999997,-5.22425e-05,2340.35
2026-03-17T01:00:00+00:00,hyperliquid,ETH/USDC:USDC,595745.2710000004,-4.06908e-05,2351.95
2026-03-17T02:00:00+00:00,hyperliquid,ETH/USDC:USDC,588970.2105999998,-2.91958e-05,2357.75
2026-03-17T03:00:00+00:00,hyperliquid,ETH/USDC:USDC,566465.5342000003,-2.16985e-05,2349.25
2026-03-17T04:00:00+00:00,hyperliquid,ETH/USDC:USDC,564675.3018000011,-2.29109e-05,2324.35
2026-03-17T05:00:00+00:00,hyperliquid,ETH/USDC:USDC,560152.5146000003,-1.40747e-05,2305.15
2026-03-17T06:00:00+00:00,hyperliquid,ETH/USDC:USDC,561445.3188000004,1.0492e-06,2302.35
2026-03-17T07:00:00+00:00,hyperliquid,ETH/USDC:USDC,559159.1985999995,-1.18203e-05,2318.05
2026-03-17T08:00:00+00:00,hyperliquid,ETH/USDC:USDC,550124.837999999,7.4706e-06,2331.15
2026-03-17T09:00:00+00:00,hyperliquid,ETH/USDC:USDC,542798.0010000005,1.25e-05,2322.75
2026-03-17T10:00:00+00:00,hyperliquid,ETH/USDC:USDC,549874.1290000005,1.629e-06,2310.85
2026-03-17T11:00:00+00:00,hyperliquid,ETH/USDC:USDC,550062.9764,1.10067e-05,2326.65
2026-03-17T12:00:00+00:00,hyperliquid,ETH/USDC:USDC,547343.7990000003,5.6443e-06,2326.65
2026-03-17T13:00:00+00:00,hyperliquid,ETH/USDC:USDC,550552.605,1.25e-05,2319.25
2026-03-17T14:00:00+00:00,hyperliquid,ETH/USDC:USDC,548045.1018000004,8.4466e-06,2327.05
2026-03-17T15:00:00+00:00,hyperliquid,ETH/USDC:USDC,559992.8916000009,1.25e-05,2338.6
2026-03-17T16:00:00+00:00,hyperliquid,ETH/USDC:USDC,560913.7829999997,5.2085e-06,2315.95
2026-03-17T17:00:00+00:00,hyperliquid,ETH/USDC:USDC,559025.3312000002,-1.3329e-06,2327.95
2026-03-17T18:00:00+00:00,hyperliquid,ETH/USDC:USDC,564648.0436,7.9423e-06,2336.45
2026-03-17T19:00:00+00:00,hyperliquid,ETH/USDC:USDC,562484.0062000003,-2.2568e-06,2318.75
2026-03-17T20:00:00+00:00,hyperliquid,ETH/USDC:USDC,561243.9648000003,9.451e-07,2316.65
2026-03-17T21:00:00+00:00,hyperliquid,ETH/USDC:USDC,558849.8618000002,1.25e-05,2331.05
2026-03-17T22:00:00+00:00,hyperliquid,ETH/USDC:USDC,559767.1386000003,1.25e-05,2340.45
2026-03-17T23:00:00+00:00,hyperliquid,ETH/USDC:USDC,556677.8648000003,1.25e-05,2327.25
2026-03-18T00:00:00+00:00,hyperliquid,ETH/USDC:USDC,554742.7246000001,-3.5303e-06,2317.95
2026-03-18T01:00:00+00:00,hyperliquid,ETH/USDC:USDC,553448.7440000002,1.25e-05,2328.95
2026-03-18T02:00:00+00:00,hyperliquid,ETH/USDC:USDC,551808.3596000004,-1.89e-07,2325.45
2026-03-18T03:00:00+00:00,hyperliquid,ETH/USDC:USDC,552029.0207999997,1.18674e-05,2331.35
2026-03-18T04:00:00+00:00,hyperliquid,ETH/USDC:USDC,550049.6712,1.25e-05,2339.35
2026-03-18T05:00:00+00:00,hyperliquid,ETH/USDC:USDC,547631.9186,-7.2036e-06,2328.55
2026-03-18T06:00:00+00:00,hyperliquid,ETH/USDC:USDC,547176.4604000002,1.22971e-05,2318.55
2026-03-18T07:00:00+00:00,hyperliquid,ETH/USDC:USDC,544566.9362000002,4.5791e-06,2321.15
2026-03-18T08:00:00+00:00,hyperliquid,ETH/USDC:USDC,539420.9918000002,5.566e-06,2319.55
2026-03-18T09:00:00+00:00,hyperliquid,ETH/USDC:USDC,538925.736,2.1415e-06,2321.25
2026-03-18T10:00:00+00:00,hyperliquid,ETH/USDC:USDC,543648.3858000002,1.25e-05,2326.55
2026-03-18T11:00:00+00:00,hyperliquid,ETH/USDC:USDC,549444.6088,-6.659e-07,2309.75
2026-03-18T12:00:00+00:00,hyperliquid,ETH/USDC:USDC,553199.4845999999,4.0209e-06,2264.55
2026-03-18T13:00:00+00:00,hyperliquid,ETH/USDC:USDC,576277.3346000003,7.3376e-06,2225.25
2026-03-18T14:00:00+00:00,hyperliquid,ETH/USDC:USDC,577364.4724000011,2.1129e-06,2228.75
2026-03-18T15:00:00+00:00,hyperliquid,ETH/USDC:USDC,579417.6892,1.25e-05,2185.95
2026-03-18T16:00:00+00:00,hyperliquid,ETH/USDC:USDC,585551.1602000002,1.25e-05,2175.5
2026-03-18T17:00:00+00:00,hyperliquid,ETH/USDC:USDC,587143.4756000006,1.25e-05,2178.05
2026-03-18T18:00:00+00:00,hyperliquid,ETH/USDC:USDC,587760.1487999998,1.25e-05,2216.25
2026-03-18T19:00:00+00:00,hyperliquid,ETH/USDC:USDC,582344.1417999994,1.25e-05,2187.55
2026-03-18T20:00:00+00:00,hyperliquid,ETH/USDC:USDC,591214.6484000005,1.25e-05,2183.65
2026-03-18T21:00:00+00:00,hyperliquid,ETH/USDC:USDC,586060.2344,1.25e-05,2196.65
2026-03-18T22:00:00+00:00,hyperliquid,ETH/USDC:USDC,580933.5856000001,-1.02033e-05,2191.05
2026-03-18T23:00:00+00:00,hyperliquid,ETH/USDC:USDC,605307.4675999995,8.326e-06,2204.25
2026-03-19T00:00:00+00:00,hyperliquid,ETH/USDC:USDC,583308.4542,6.544e-06,2194.65
2026-03-19T01:00:00+00:00,hyperliquid,ETH/USDC:USDC,581581.8572000004,-5.244e-06,2195.45
2026-03-19T02:00:00+00:00,hyperliquid,ETH/USDC:USDC,580389.1741999999,1.0635e-06,2199.55
2026-03-19T03:00:00+00:00,hyperliquid,ETH/USDC:USDC,581200.9106000004,1.0877e-06,2196.75
2026-03-19T04:00:00+00:00,hyperliquid,ETH/USDC:USDC,581883.2542,-2.787e-06,2200.75
2026-03-19T05:00:00+00:00,hyperliquid,ETH/USDC:USDC,581135.182,5.803e-07,2192.05
2026-03-19T06:00:00+00:00,hyperliquid,ETH/USDC:USDC,583137.6377999996,-2.8942e-06,2186.25
2026-03-19T07:00:00+00:00,hyperliquid,ETH/USDC:USDC,579777.4829999995,-9.0423e-06,2178.75
2026-03-19T08:00:00+00:00,hyperliquid,ETH/USDC:USDC,579533.2650000004,-1.45293e-05,2169.45
2026-03-19T09:00:00+00:00,hyperliquid,ETH/USDC:USDC,574113.8577999998,-1.10709e-05,2163.45
2026-03-19T10:00:00+00:00,hyperliquid,ETH/USDC:USDC,587707.2748000002,1.15921e-05,2185.95
2026-03-19T11:00:00+00:00,hyperliquid,ETH/USDC:USDC,584974.9020000001,-9.237e-07,2172.25
2026-03-19T12:00:00+00:00,hyperliquid,ETH/USDC:USDC,596125.0229999999,-2.27714e-05,2160.55
2026-03-19T13:00:00+00:00,hyperliquid,ETH/USDC:USDC,581614.5791999998,-2.06631e-05,2122.7
2026-03-19T14:00:00+00:00,hyperliquid,ETH/USDC:USDC,576934.8970000003,3.5424e-06,2137.25
2026-03-19T15:00:00+00:00,hyperliquid,ETH/USDC:USDC,579872.4815999992,5.4264e-06,2122.55
2026-03-19T16:00:00+00:00,hyperliquid,ETH/USDC:USDC,574716.0876000011,-4.7146e-06,2112.55
2026-03-19T17:00:00+00:00,hyperliquid,ETH/USDC:USDC,579953.018399997,5.1977e-06,2113.35
2026-03-19T18:00:00+00:00,hyperliquid,ETH/USDC:USDC,574718.2831999997,1.1845e-06,2123.05
2026-03-19T19:00:00+00:00,hyperliquid,ETH/USDC:USDC,576664.8716000003,8.584e-06,2132.65
2026-03-19T20:00:00+00:00,hyperliquid,ETH/USDC:USDC,573678.0352,1.25e-05,2141.45
2026-03-19T21:00:00+00:00,hyperliquid,ETH/USDC:USDC,592293.2039999997,1.25e-05,2151.35
2026-03-19T22:00:00+00:00,hyperliquid,ETH/USDC:USDC,590880.4496,1.25e-05,2148.85
2026-03-19T23:00:00+00:00,hyperliquid,ETH/USDC:USDC,586913.1018,1.24293e-05,2142.5
2026-03-20T00:00:00+00:00,hyperliquid,ETH/USDC:USDC,587540.6673999993,1.25e-05,2136.45
2026-03-20T01:00:00+00:00,hyperliquid,ETH/USDC:USDC,589743.2232000004,1.25e-05,2150.95
2026-03-20T02:00:00+00:00,hyperliquid,ETH/USDC:USDC,585001.1543999999,1.25e-05,2147.55
2026-03-20T03:00:00+00:00,hyperliquid,ETH/USDC:USDC,597366.6558000001,1.25e-05,2144.25
2026-03-20T04:00:00+00:00,hyperliquid,ETH/USDC:USDC,594197.6130000001,1.25e-05,2151.45
2026-03-20T05:00:00+00:00,hyperliquid,ETH/USDC:USDC,595741.9324000003,5.9749e-06,2145.35
2026-03-20T06:00:00+00:00,hyperliquid,ETH/USDC:USDC,581112.1097999993,5.4399e-06,2139.15
2026-03-20T07:00:00+00:00,hyperliquid,ETH/USDC:USDC,579761.8833999997,4.3415e-06,2121.35
2026-03-20T08:00:00+00:00,hyperliquid,ETH/USDC:USDC,592188.0215999997,1.25e-05,2147.35
2026-03-20T09:00:00+00:00,hyperliquid,ETH/USDC:USDC,597685.5200000007,1.25e-05,2156.85
2026-03-20T10:00:00+00:00,hyperliquid,ETH/USDC:USDC,575536.0340000002,-3.558e-07,2138.05
2026-03-20T11:00:00+00:00,hyperliquid,ETH/USDC:USDC,578289.5362,1.534e-06,2147.35
2026-03-20T12:00:00+00:00,hyperliquid,ETH/USDC:USDC,577717.1432000005,2.7153e-06,2140.05
2026-03-20T13:00:00+00:00,hyperliquid,ETH/USDC:USDC,568935.467,-9.9241e-06,2141.35
2026-03-20T14:00:00+00:00,hyperliquid,ETH/USDC:USDC,575961.2024000001,-1.30367e-05,2118.95
2026-03-20T15:00:00+00:00,hyperliquid,ETH/USDC:USDC,579605.1514000004,-1.2821e-06,2127.75
2026-03-20T16:00:00+00:00,hyperliquid,ETH/USDC:USDC,576035.8254,1.15103e-05,2135.15
2026-03-20T17:00:00+00:00,hyperliquid,ETH/USDC:USDC,574570.4834000005,7.0522e-06,2138.15
2026-03-20T18:00:00+00:00,hyperliquid,ETH/USDC:USDC,571028.9538000003,-8.4017e-06,2135.15
2026-03-20T19:00:00+00:00,hyperliquid,ETH/USDC:USDC,577845.4908000003,-1.7761e-06,2125.85
2026-03-20T20:00:00+00:00,hyperliquid,ETH/USDC:USDC,577404.2213999998,-2.3428e-06,2131.85
2026-03-20T21:00:00+00:00,hyperliquid,ETH/USDC:USDC,583013.3763999998,-3.389e-06,2130.75
2026-03-20T22:00:00+00:00,hyperliquid,ETH/USDC:USDC,576599.9048000007,9.4293e-06,2151.55
2026-03-20T23:00:00+00:00,hyperliquid,ETH/USDC:USDC,576444.6859999999,1.182e-06,2151.05
2026-03-21T00:00:00+00:00,hyperliquid,ETH/USDC:USDC,573912.3318,-4.7733e-06,2147.05
2026-03-21T01:00:00+00:00,hyperliquid,ETH/USDC:USDC,573245.1945999999,2.0443e-06,2152.35
2026-03-21T02:00:00+00:00,hyperliquid,ETH/USDC:USDC,571564.6567999999,4.9452e-06,2146.15
2026-03-21T03:00:00+00:00,hyperliquid,ETH/USDC:USDC,568730.478,7.6194e-06,2152.05
2026-03-21T04:00:00+00:00,hyperliquid,ETH/USDC:USDC,568653.2945999998,3.1678e-06,2154.55
2026-03-21T05:00:00+00:00,hyperliquid,ETH/USDC:USDC,570153.1330000001,6.7852e-06,2153.95
2026-03-21T06:00:00+00:00,hyperliquid,ETH/USDC:USDC,569533.9950000003,-1.29491e-05,2152.05
2026-03-21T07:00:00+00:00,hyperliquid,ETH/USDC:USDC,567550.9797999997,-2.8117e-06,2154.35
2026-03-21T08:00:00+00:00,hyperliquid,ETH/USDC:USDC,566082.649,1.25e-05,2154.55
2026-03-21T09:00:00+00:00,hyperliquid,ETH/USDC:USDC,566489.9215999997,-8.4162e-06,2154.05
2026-03-21T10:00:00+00:00,hyperliquid,ETH/USDC:USDC,565361.8211999998,-1.61019e-05,2156.75
2026-03-21T11:00:00+00:00,hyperliquid,ETH/USDC:USDC,565313.3489999998,-6.7787e-06,2152.65
2026-03-21T12:00:00+00:00,hyperliquid,ETH/USDC:USDC,564980.2292000002,2.042e-07,2157.25
2026-03-21T13:00:00+00:00,hyperliquid,ETH/USDC:USDC,565017.3838,-4.4166e-06,2155.85
2026-03-21T14:00:00+00:00,hyperliquid,ETH/USDC:USDC,564259.3424000001,6.67e-07,2154.95
2026-03-21T15:00:00+00:00,hyperliquid,ETH/USDC:USDC,564985.101599999,-8.7164e-06,2151.75
2026-03-21T16:00:00+00:00,hyperliquid,ETH/USDC:USDC,565214.8297999995,5.5257e-06,2154.05
2026-03-21T17:00:00+00:00,hyperliquid,ETH/USDC:USDC,564784.1332000003,-7.0156e-06,2145.85
2026-03-21T18:00:00+00:00,hyperliquid,ETH/USDC:USDC,567282.0680000003,-2.7713e-06,2148.25
2026-03-21T19:00:00+00:00,hyperliquid,ETH/USDC:USDC,567161.7244,1.4054e-06,2151.65
2026-03-21T20:00:00+00:00,hyperliquid,ETH/USDC:USDC,566770.0939999998,-1.4439e-06,2151.25
2026-03-21T21:00:00+00:00,hyperliquid,ETH/USDC:USDC,565518.7778,8.166e-07,2153.75
2026-03-21T22:00:00+00:00,hyperliquid,ETH/USDC:USDC,563247.1601999999,1.1512e-06,2149.75
2026-03-21T23:00:00+00:00,hyperliquid,ETH/USDC:USDC,564336.4892000001,-6.3394e-06,2147.05
2026-03-22T00:00:00+00:00,hyperliquid,ETH/USDC:USDC,555973.0192000008,-4.43276e-05,2057.95
2026-03-22T01:00:00+00:00,hyperliquid,ETH/USDC:USDC,560497.0938000006,-1.3384e-05,2089.65
2026-03-22T02:00:00+00:00,hyperliquid,ETH/USDC:USDC,563662.553,5.8507e-06,2091.65
2026-03-22T03:00:00+00:00,hyperliquid,ETH/USDC:USDC,566831.7280000001,-6.5278e-06,2099.35
2026-03-22T04:00:00+00:00,hyperliquid,ETH/USDC:USDC,568558.0528000002,2.0234e-06,2115.65
2026-03-22T05:00:00+00:00,hyperliquid,ETH/USDC:USDC,556795.2168000005,8.307e-07,2117.05
2026-03-22T06:00:00+00:00,hyperliquid,ETH/USDC:USDC,561485.5079999996,-1.14052e-05,2109.05
2026-03-22T07:00:00+00:00,hyperliquid,ETH/USDC:USDC,560235.6412000004,-7.3548e-06,2108.25
2026-03-22T08:00:00+00:00,hyperliquid,ETH/USDC:USDC,566226.7997999997,-9.9294e-06,2085.95
2026-03-22T09:00:00+00:00,hyperliquid,ETH/USDC:USDC,557807.9430000002,1.953e-06,2085.95
2026-03-22T10:00:00+00:00,hyperliquid,ETH/USDC:USDC,552159.1956000002,-8.003e-07,2083.85
2026-03-22T11:00:00+00:00,hyperliquid,ETH/USDC:USDC,550888.5666,-5.0313e-06,2079.55
2026-03-22T12:00:00+00:00,hyperliquid,ETH/USDC:USDC,551001.8594000001,-1.3219e-05,2070.65
2026-03-22T13:00:00+00:00,hyperliquid,ETH/USDC:USDC,553423.3466000002,1.7282e-06,2084.15
2026-03-22T14:00:00+00:00,hyperliquid,ETH/USDC:USDC,550813.1748000002,4.9755e-06,2075.75
2026-03-22T15:00:00+00:00,hyperliquid,ETH/USDC:USDC,542647.5666,-3.7855e-06,2078.45
2026-03-22T16:00:00+00:00,hyperliquid,ETH/USDC:USDC,541640.7298000002,-1.30093e-05,2079.75
2026-03-22T17:00:00+00:00,hyperliquid,ETH/USDC:USDC,541947.2704,1.3812e-06,2080.95
2026-03-22T18:00:00+00:00,hyperliquid,ETH/USDC:USDC,543762.2669999999,-1.18397e-05,2074.45
2026-03-22T19:00:00+00:00,hyperliquid,ETH/USDC:USDC,544962.3318,-1.14395e-05,2068.25
2026-03-22T20:00:00+00:00,hyperliquid,ETH/USDC:USDC,543375.8016000002,-1.1957e-05,2065.45
2026-03-22T21:00:00+00:00,hyperliquid,ETH/USDC:USDC,543253.7649999998,-9.4913e-06,2058.75
2026-03-22T22:00:00+00:00,hyperliquid,ETH/USDC:USDC,551023.5604000002,-4.02956e-05,2037.25
2026-03-22T23:00:00+00:00,hyperliquid,ETH/USDC:USDC,560912.3549999997,-1.10319e-05,2064.05
2026-03-23T00:00:00+00:00,hyperliquid,ETH/USDC:USDC,560434.2954000001,-1.37055e-05,2052.55
2026-03-23T01:00:00+00:00,hyperliquid,ETH/USDC:USDC,556143.9804000001,-1.27192e-05,2039.3
2026-03-23T02:00:00+00:00,hyperliquid,ETH/USDC:USDC,554701.6625999998,-4.4455e-06,2046.55
2026-03-23T03:00:00+00:00,hyperliquid,ETH/USDC:USDC,554403.9256000002,-3.814e-07,2070.25
2026-03-23T04:00:00+00:00,hyperliquid,ETH/USDC:USDC,557332.8861999996,-1.52026e-05,2049.95
2026-03-23T05:00:00+00:00,hyperliquid,ETH/USDC:USDC,556348.3619999996,-1.288e-06,2066.45
2026-03-23T06:00:00+00:00,hyperliquid,ETH/USDC:USDC,555620.6443999996,-3.0773e-06,2062.85
2026-03-23T07:00:00+00:00,hyperliquid,ETH/USDC:USDC,553534.8229999997,-1.07307e-05,2031.45
2026-03-23T08:00:00+00:00,hyperliquid,ETH/USDC:USDC,546590.3563999995,-1.30604e-05,2046.65
2026-03-23T09:00:00+00:00,hyperliquid,ETH/USDC:USDC,541827.6824000004,-5.6354e-06,2043.45
2026-03-23T10:00:00+00:00,hyperliquid,ETH/USDC:USDC,542837.6948,-6.3956e-06,2044.05
2026-03-23T11:00:00+00:00,hyperliquid,ETH/USDC:USDC,544051.3761999999,3.6842e-06,2049.65
2026-03-23T12:00:00+00:00,hyperliquid,ETH/USDC:USDC,566322.5225999989,-2.12696e-05,2112.15
2026-03-23T13:00:00+00:00,hyperliquid,ETH/USDC:USDC,556485.5958,-3.6149e-06,2142.25
2026-03-23T14:00:00+00:00,hyperliquid,ETH/USDC:USDC,566075.0793999995,4.1901e-06,2189.25
2026-03-23T15:00:00+00:00,hyperliquid,ETH/USDC:USDC,565145.4318000003,-6.746e-06,2184.45
2026-03-23T16:00:00+00:00,hyperliquid,ETH/USDC:USDC,547741.3509999996,-9.65e-08,2134.25
2026-03-23T17:00:00+00:00,hyperliquid,ETH/USDC:USDC,552765.2432000005,1.07787e-05,2137.35
2026-03-23T18:00:00+00:00,hyperliquid,ETH/USDC:USDC,556074.4924000002,9.6399e-06,2152.85
2026-03-23T19:00:00+00:00,hyperliquid,ETH/USDC:USDC,552163.9815999998,1.25e-05,2166.25
2026-03-23T20:00:00+00:00,hyperliquid,ETH/USDC:USDC,552249.3099999985,4.4573e-06,2151.45
2026-03-23T21:00:00+00:00,hyperliquid,ETH/USDC:USDC,554267.8857999998,1.05836e-05,2160.65
2026-03-23T22:00:00+00:00,hyperliquid,ETH/USDC:USDC,554029.3226000005,4.4244e-06,2153.45
2026-03-23T23:00:00+00:00,hyperliquid,ETH/USDC:USDC,550037.2618000001,5.2792e-06,2151.65
2026-03-24T00:00:00+00:00,hyperliquid,ETH/USDC:USDC,543237.4244000007,1.9832e-06,2150.95
2026-03-24T01:00:00+00:00,hyperliquid,ETH/USDC:USDC,543550.1444,-4.6921e-06,2140.95
2026-03-24T02:00:00+00:00,hyperliquid,ETH/USDC:USDC,551254.8266000003,-7.3486e-06,2137.55
2026-03-24T03:00:00+00:00,hyperliquid,ETH/USDC:USDC,550195.6059999999,-3.541e-07,2134.35
2026-03-24T04:00:00+00:00,hyperliquid,ETH/USDC:USDC,554772.0816,3.33e-06,2141.95
2026-03-24T05:00:00+00:00,hyperliquid,ETH/USDC:USDC,556903.7366000001,1.1089e-06,2132.55
2026-03-24T06:00:00+00:00,hyperliquid,ETH/USDC:USDC,550737.3298000006,5.5118e-06,2133.85
2026-03-24T07:00:00+00:00,hyperliquid,ETH/USDC:USDC,562748.4396000003,1.25e-05,2145.45
2026-03-24T08:00:00+00:00,hyperliquid,ETH/USDC:USDC,564734.6992000003,4.8687e-06,2160.85
2026-03-24T09:00:00+00:00,hyperliquid,ETH/USDC:USDC,575006.4797999997,3.5371e-06,2154.65
2026-03-24T10:00:00+00:00,hyperliquid,ETH/USDC:USDC,570581.8356000007,2.9447e-06,2160.45
2026-03-24T11:00:00+00:00,hyperliquid,ETH/USDC:USDC,569029.6718000002,5.531e-07,2155.35
2026-03-24T12:00:00+00:00,hyperliquid,ETH/USDC:USDC,566523.5268,-1.7105e-06,2162.95
2026-03-24T13:00:00+00:00,hyperliquid,ETH/USDC:USDC,567947.054,9.18e-08,2162.85
2026-03-24T14:00:00+00:00,hyperliquid,ETH/USDC:USDC,560697.8252000003,7.0067e-06,2140.35
2026-03-24T15:00:00+00:00,hyperliquid,ETH/USDC:USDC,562371.0528000002,1.25e-05,2137.85
2026-03-24T16:00:00+00:00,hyperliquid,ETH/USDC:USDC,559224.0040000004,7.5248e-06,2131.95
2026-03-24T17:00:00+00:00,hyperliquid,ETH/USDC:USDC,555697.1765999998,-3.8302e-06,2123.55
2026-03-24T18:00:00+00:00,hyperliquid,ETH/USDC:USDC,552275.8906,9.0599e-06,2107.05
2026-03-24T19:00:00+00:00,hyperliquid,ETH/USDC:USDC,556017.0582,8.9105e-06,2120.05
2026-03-24T20:00:00+00:00,hyperliquid,ETH/USDC:USDC,559211.6256,9.4518e-06,2117.55
2026-03-24T21:00:00+00:00,hyperliquid,ETH/USDC:USDC,559778.7218000005,1.25e-05,2149.15
2026-03-24T22:00:00+00:00,hyperliquid,ETH/USDC:USDC,556781.7459999999,8.2707e-06,2146.35
2026-03-24T23:00:00+00:00,hyperliquid,ETH/USDC:USDC,562030.1288000004,1.25e-05,2144.15
2026-03-25T00:00:00+00:00,hyperliquid,ETH/USDC:USDC,570023.9176000005,1.25e-05,2155.45
2026-03-25T01:00:00+00:00,hyperliquid,ETH/USDC:USDC,571113.2027999997,1.25e-05,2160.15
2026-03-25T02:00:00+00:00,hyperliquid,ETH/USDC:USDC,568873.3182000002,3.3739e-06,2155.25
2026-03-25T03:00:00+00:00,hyperliquid,ETH/USDC:USDC,566544.2775999997,6.4228e-06,2155.15
2026-03-25T04:00:00+00:00,hyperliquid,ETH/USDC:USDC,564307.9332000002,6.0278e-06,2156.35
2026-03-25T05:00:00+00:00,hyperliquid,ETH/USDC:USDC,582596.7066000004,1.20041e-05,2164.15
2026-03-25T06:00:00+00:00,hyperliquid,ETH/USDC:USDC,582725.5965999997,1.25e-05,2169.15
2026-03-25T07:00:00+00:00,hyperliquid,ETH/USDC:USDC,590634.287,1.25e-05,2164.55
2026-03-25T08:00:00+00:00,hyperliquid,ETH/USDC:USDC,575863.3059999999,-2.9356e-06,2165.05
2026-03-25T09:00:00+00:00,hyperliquid,ETH/USDC:USDC,591158.6371999995,1.25e-05,2177.35
2026-03-25T10:00:00+00:00,hyperliquid,ETH/USDC:USDC,616054.0708,1.25e-05,2185.35
2026-03-25T11:00:00+00:00,hyperliquid,ETH/USDC:USDC,613892.6109999997,1.25e-05,2184.15
2026-03-25T12:00:00+00:00,hyperliquid,ETH/USDC:USDC,621314.9814000007,1.25e-05,2188.05
2026-03-25T13:00:00+00:00,hyperliquid,ETH/USDC:USDC,618559.8919999994,1.25e-05,2186.15
2026-03-25T14:00:00+00:00,hyperliquid,ETH/USDC:USDC,616541.3829999993,1.25e-05,2184.45
2026-03-25T15:00:00+00:00,hyperliquid,ETH/USDC:USDC,612382.5418000005,1.25e-05,2175.55
2026-03-25T16:00:00+00:00,hyperliquid,ETH/USDC:USDC,607802.8778000004,1.25e-05,2160.25
2026-03-25T17:00:00+00:00,hyperliquid,ETH/USDC:USDC,606035.7032000008,1.25e-05,2174.55
2026-03-25T18:00:00+00:00,hyperliquid,ETH/USDC:USDC,602955.824,9.3186e-06,2162.95
2026-03-25T19:00:00+00:00,hyperliquid,ETH/USDC:USDC,604554.6274,1.19771e-05,2159.95
2026-03-25T20:00:00+00:00,hyperliquid,ETH/USDC:USDC,607170.5400000003,1.25e-05,2168.65
2026-03-25T21:00:00+00:00,hyperliquid,ETH/USDC:USDC,607044.6278000006,1.25e-05,2165.05
2026-03-25T22:00:00+00:00,hyperliquid,ETH/USDC:USDC,607383.1596000005,1.25e-05,2165.35
2026-03-25T23:00:00+00:00,hyperliquid,ETH/USDC:USDC,605741.9168000007,4.6737e-06,2174.95
2026-03-26T00:00:00+00:00,hyperliquid,ETH/USDC:USDC,601322.5924000009,7.887e-07,2167.45
2026-03-26T01:00:00+00:00,hyperliquid,ETH/USDC:USDC,599557.3073999997,1.25e-05,2166.65
2026-03-26T02:00:00+00:00,hyperliquid,ETH/USDC:USDC,602111.4784000005,5.8039e-06,2164.55
2026-03-26T03:00:00+00:00,hyperliquid,ETH/USDC:USDC,595896.5097999994,5.1322e-06,2148.25
2026-03-26T04:00:00+00:00,hyperliquid,ETH/USDC:USDC,594225.4222000007,-2.3544e-06,2151.15
2026-03-26T05:00:00+00:00,hyperliquid,ETH/USDC:USDC,590975.5582000004,-5.4998e-06,2148.25
2026-03-26T06:00:00+00:00,hyperliquid,ETH/USDC:USDC,569588.6224000005,-1.90811e-05,2114.95
2026-03-26T07:00:00+00:00,hyperliquid,ETH/USDC:USDC,563850.8132,-2.5454e-06,2120.45
2026-03-26T08:00:00+00:00,hyperliquid,ETH/USDC:USDC,561071.4844000005,7.7406e-06,2122.25
2026-03-26T09:00:00+00:00,hyperliquid,ETH/USDC:USDC,558935.4258000002,-1.36345e-05,2116.25
2026-03-26T10:00:00+00:00,hyperliquid,ETH/USDC:USDC,552836.5248000004,-2.43414e-05,2078.25
2026-03-26T11:00:00+00:00,hyperliquid,ETH/USDC:USDC,552261.5699999997,-2.89577e-05,2078.25
2026-03-26T12:00:00+00:00,hyperliquid,ETH/USDC:USDC,562127.5455999998,-3.28864e-05,2069.35
2026-03-26T13:00:00+00:00,hyperliquid,ETH/USDC:USDC,583389.0456000004,-5.863e-06,2071.85
2026-03-26T14:00:00+00:00,hyperliquid,ETH/USDC:USDC,571452.6033999999,-1.36962e-05,2077.25
2026-03-26T15:00:00+00:00,hyperliquid,ETH/USDC:USDC,574998.4725999996,-4.893e-06,2073.15
2026-03-26T16:00:00+00:00,hyperliquid,ETH/USDC:USDC,576199.5355999998,2.7553e-06,2068.25
2026-03-26T17:00:00+00:00,hyperliquid,ETH/USDC:USDC,576276.3430000002,3.6846e-06,2062.55
2026-03-26T18:00:00+00:00,hyperliquid,ETH/USDC:USDC,579419.9561999985,-8.133e-06,2052.25
2026-03-26T19:00:00+00:00,hyperliquid,ETH/USDC:USDC,573821.7596000003,3.3745e-06,2044.65
2026-03-26T20:00:00+00:00,hyperliquid,ETH/USDC:USDC,602042.1053999993,1.25e-05,2047.15
2026-03-26T21:00:00+00:00,hyperliquid,ETH/USDC:USDC,569011.7517999996,-7.8981e-06,2059.95
2026-03-26T22:00:00+00:00,hyperliquid,ETH/USDC:USDC,567998.8123999996,4.9961e-06,2067.55
2026-03-26T23:00:00+00:00,hyperliquid,ETH/USDC:USDC,565732.6937999999,1.25e-05,2067.75
2026-03-27T00:00:00+00:00,hyperliquid,ETH/USDC:USDC,566848.3079999994,1.00752e-05,2059.65
2026-03-27T01:00:00+00:00,hyperliquid,ETH/USDC:USDC,564180.0799999995,1.6139e-06,2065.95
2026-03-27T02:00:00+00:00,hyperliquid,ETH/USDC:USDC,563951.6021999996,1.06125e-05,2074.15
2026-03-27T03:00:00+00:00,hyperliquid,ETH/USDC:USDC,564114.2902000003,-6.1904e-06,2066.75
2026-03-27T04:00:00+00:00,hyperliquid,ETH/USDC:USDC,562952.689599999,-8.7518e-06,2048.15
2026-03-27T05:00:00+00:00,hyperliquid,ETH/USDC:USDC,563838.4285999998,9.824e-07,2052.35
2026-03-27T06:00:00+00:00,hyperliquid,ETH/USDC:USDC,563162.9616000004,-9.1627e-06,2059.55
2026-03-27T07:00:00+00:00,hyperliquid,ETH/USDC:USDC,562417.4785999998,-4.6953e-06,2062.55
2026-03-27T08:00:00+00:00,hyperliquid,ETH/USDC:USDC,563033.6898,-8.0188e-06,2064.35
2026-03-27T09:00:00+00:00,hyperliquid,ETH/USDC:USDC,569576.5310000002,9.0722e-06,2047.45
2026-03-27T10:00:00+00:00,hyperliquid,ETH/USDC:USDC,571534.1253999996,-2.0361e-06,2042.35
2026-03-27T11:00:00+00:00,hyperliquid,ETH/USDC:USDC,558551.2896000005,-2.46603e-05,1990.95
2026-03-27T12:00:00+00:00,hyperliquid,ETH/USDC:USDC,563104.8257999996,-2.04825e-05,1989.25
2026-03-27T13:00:00+00:00,hyperliquid,ETH/USDC:USDC,570157.8337999997,-1.95938e-05,1989.55
2026-03-27T14:00:00+00:00,hyperliquid,ETH/USDC:USDC,565286.514999999,-3.4e-05,1981.95
2026-03-27T15:00:00+00:00,hyperliquid,ETH/USDC:USDC,581918.277799999,9.691e-07,1990.55
2026-03-27T16:00:00+00:00,hyperliquid,ETH/USDC:USDC,580461.2177999999,-2.7331e-06,1988.25
2026-03-27T17:00:00+00:00,hyperliquid,ETH/USDC:USDC,584495.1791999998,3.1157e-06,1985.45
2026-03-27T18:00:00+00:00,hyperliquid,ETH/USDC:USDC,584184.0862000004,7.5028e-06,1978.15
2026-03-27T19:00:00+00:00,hyperliquid,ETH/USDC:USDC,583864.5253999995,5.111e-07,1981.15
2026-03-27T20:00:00+00:00,hyperliquid,ETH/USDC:USDC,571490.0943999997,-6.1991e-06,1992.15
2026-03-27T21:00:00+00:00,hyperliquid,ETH/USDC:USDC,567355.3211999999,-4.4263e-06,1987.55
2026-03-27T22:00:00+00:00,hyperliquid,ETH/USDC:USDC,566672.4743999998,-3.4276e-06,1984.75
2026-03-27T23:00:00+00:00,hyperliquid,ETH/USDC:USDC,567449.1767999998,-1.10839e-05,1983.95
2026-03-28T00:00:00+00:00,hyperliquid,ETH/USDC:USDC,566082.7354000001,-5.1039e-06,1990.75
2026-03-28T01:00:00+00:00,hyperliquid,ETH/USDC:USDC,564768.1538000001,-9.8819e-06,1990.25
2026-03-28T02:00:00+00:00,hyperliquid,ETH/USDC:USDC,568445.3487999999,2.5637e-06,1992.15
2026-03-28T03:00:00+00:00,hyperliquid,ETH/USDC:USDC,569315.7203999996,-1.7728e-06,1987.45
2026-03-28T04:00:00+00:00,hyperliquid,ETH/USDC:USDC,564802.9513999993,-2.16985e-05,1987.35
2026-03-28T05:00:00+00:00,hyperliquid,ETH/USDC:USDC,565115.4189999996,-1.3044e-05,1988.85
2026-03-28T06:00:00+00:00,hyperliquid,ETH/USDC:USDC,559771.9446000003,1.25e-05,1994.75
2026-03-28T07:00:00+00:00,hyperliquid,ETH/USDC:USDC,566265.3359999993,1.25e-05,2001.15
2026-03-28T08:00:00+00:00,hyperliquid,ETH/USDC:USDC,572590.4446,1.25e-05,2006.15
2026-03-28T09:00:00+00:00,hyperliquid,ETH/USDC:USDC,571147.4723999999,3.8294e-06,1996.95
2026-03-28T10:00:00+00:00,hyperliquid,ETH/USDC:USDC,568581.9289999993,1.25e-05,1999.65
2026-03-28T11:00:00+00:00,hyperliquid,ETH/USDC:USDC,571961.2587999995,9.0179e-06,1995.65
2026-03-28T12:00:00+00:00,hyperliquid,ETH/USDC:USDC,569743.7865999998,1.25e-05,1997.25
2026-03-28T13:00:00+00:00,hyperliquid,ETH/USDC:USDC,574756.419,1.25e-05,1999.55
2026-03-28T14:00:00+00:00,hyperliquid,ETH/USDC:USDC,567787.2675999993,1.25e-05,2019.55
2026-03-28T15:00:00+00:00,hyperliquid,ETH/USDC:USDC,574058.2314000005,1.25e-05,2019.35
2026-03-28T16:00:00+00:00,hyperliquid,ETH/USDC:USDC,582454.5835999999,1.25e-05,2025.35
2026-03-28T17:00:00+00:00,hyperliquid,ETH/USDC:USDC,589658.0859999999,1.25e-05,2025.85
2026-03-28T18:00:00+00:00,hyperliquid,ETH/USDC:USDC,578910.7271999997,1.25e-05,2020.75
2026-03-28T19:00:00+00:00,hyperliquid,ETH/USDC:USDC,580693.7417999997,1.25e-05,2021.15
2026-03-28T20:00:00+00:00,hyperliquid,ETH/USDC:USDC,580696.2754000003,1.25e-05,2022.35
2026-03-28T21:00:00+00:00,hyperliquid,ETH/USDC:USDC,580748.7771999998,1.25e-05,2024.55
2026-03-28T22:00:00+00:00,hyperliquid,ETH/USDC:USDC,564723.7233999997,1.25e-05,2008.75
2026-03-28T23:00:00+00:00,hyperliquid,ETH/USDC:USDC,578260.6165999997,1.25e-05,2009.15
2026-03-29T00:00:00+00:00,hyperliquid,ETH/USDC:USDC,571645.7409999999,1.25e-05,1996.55
2026-03-29T01:00:00+00:00,hyperliquid,ETH/USDC:USDC,562461.9557999999,1.25e-05,1998.05
2026-03-29T02:00:00+00:00,hyperliquid,ETH/USDC:USDC,569109.1392000003,1.25e-05,2004.25
2026-03-29T03:00:00+00:00,hyperliquid,ETH/USDC:USDC,569074.4036000003,1.25e-05,2008.85
2026-03-29T04:00:00+00:00,hyperliquid,ETH/USDC:USDC,570764.5243999995,1.25e-05,2008.85
2026-03-29T05:00:00+00:00,hyperliquid,ETH/USDC:USDC,563378.2583999996,1.23893e-05,2004.35
2026-03-29T06:00:00+00:00,hyperliquid,ETH/USDC:USDC,562556.5883999994,1.25e-05,2004.85
2026-03-29T07:00:00+00:00,hyperliquid,ETH/USDC:USDC,563131.0689999996,1.25e-05,2000.35
2026-03-29T08:00:00+00:00,hyperliquid,ETH/USDC:USDC,567333.9895999999,1.25e-05,2004.25
2026-03-29T09:00:00+00:00,hyperliquid,ETH/USDC:USDC,567550.1930000003,1.25e-05,2004.25
2026-03-29T10:00:00+00:00,hyperliquid,ETH/USDC:USDC,567718.6517999996,1.25e-05,1997.75
2026-03-29T11:00:00+00:00,hyperliquid,ETH/USDC:USDC,563055.3319999998,1.25e-05,1997.05
2026-03-29T12:00:00+00:00,hyperliquid,ETH/USDC:USDC,565897.8657999999,1.17371e-05,2003.35
2026-03-29T13:00:00+00:00,hyperliquid,ETH/USDC:USDC,565994.3331999999,1.25e-05,1999.75
2026-03-29T14:00:00+00:00,hyperliquid,ETH/USDC:USDC,570651.5680000002,1.25e-05,1988.05
2026-03-29T15:00:00+00:00,hyperliquid,ETH/USDC:USDC,573272.8759999996,1.25e-05,1995.55
2026-03-29T16:00:00+00:00,hyperliquid,ETH/USDC:USDC,566269.3365999999,1.25e-05,1992.55
2026-03-29T17:00:00+00:00,hyperliquid,ETH/USDC:USDC,568663.1843999998,1.0015e-05,1996.75
2026-03-29T18:00:00+00:00,hyperliquid,ETH/USDC:USDC,567261.9904,1.25e-05,1992.95
2026-03-29T19:00:00+00:00,hyperliquid,ETH/USDC:USDC,560687.308399999,1.0251e-05,1995.85
2026-03-29T20:00:00+00:00,hyperliquid,ETH/USDC:USDC,560006.8859999998,1.25e-05,1997.55
2026-03-29T21:00:00+00:00,hyperliquid,ETH/USDC:USDC,559789.5663999998,1.25e-05,2002.75
2026-03-29T22:00:00+00:00,hyperliquid,ETH/USDC:USDC,557186.0797999996,5.115e-07,1996.35
2026-03-29T23:00:00+00:00,hyperliquid,ETH/USDC:USDC,542570.6569999994,1.11005e-05,1983.95
2026-03-30T00:00:00+00:00,hyperliquid,ETH/USDC:USDC,556274.5704000007,1.5271e-06,1981.85
2026-03-30T01:00:00+00:00,hyperliquid,ETH/USDC:USDC,550690.5079999996,1.25e-05,2002.75
2026-03-30T02:00:00+00:00,hyperliquid,ETH/USDC:USDC,550090.7111999998,1.25e-05,2012.65
2026-03-30T03:00:00+00:00,hyperliquid,ETH/USDC:USDC,553455.0714,1.25e-05,2028.25
2026-03-30T04:00:00+00:00,hyperliquid,ETH/USDC:USDC,559222.1093999997,1.25e-05,2036.4
2026-03-30T05:00:00+00:00,hyperliquid,ETH/USDC:USDC,561299.1546000005,1.25e-05,2048.95
2026-03-30T06:00:00+00:00,hyperliquid,ETH/USDC:USDC,562000.0446,1.25e-05,2051.25
2026-03-30T07:00:00+00:00,hyperliquid,ETH/USDC:USDC,564726.7282,8.6007e-06,2041.95
2026-03-30T08:00:00+00:00,hyperliquid,ETH/USDC:USDC,564013.5477999997,1.10314e-05,2060.35
2026-03-30T09:00:00+00:00,hyperliquid,ETH/USDC:USDC,574250.4111999999,-6.6732e-06,2059.95
2026-03-30T10:00:00+00:00,hyperliquid,ETH/USDC:USDC,568880.3384,5.6849e-06,2053.65
2026-03-30T11:00:00+00:00,hyperliquid,ETH/USDC:USDC,567870.7343999995,5.108e-06,2058.35
2026-03-30T12:00:00+00:00,hyperliquid,ETH/USDC:USDC,565957.5244000003,1.25e-05,2069.95
2026-03-30T13:00:00+00:00,hyperliquid,ETH/USDC:USDC,566846.7845999995,6.2518e-06,2074.05
2026-03-30T14:00:00+00:00,hyperliquid,ETH/USDC:USDC,560981.2091999999,3.2377e-06,2061.65
2026-03-30T15:00:00+00:00,hyperliquid,ETH/USDC:USDC,564609.1947999997,-2.6826e-06,2070.95
2026-03-30T16:00:00+00:00,hyperliquid,ETH/USDC:USDC,569046.7433999999,1.25e-05,2068.45
2026-03-30T17:00:00+00:00,hyperliquid,ETH/USDC:USDC,566841.9425999993,6.4879e-06,2067.05
2026-03-30T18:00:00+00:00,hyperliquid,ETH/USDC:USDC,558560.7368000002,6.2463e-06,2041.95
2026-03-30T19:00:00+00:00,hyperliquid,ETH/USDC:USDC,559067.8418000005,-3.0035e-06,2028.75
2026-03-30T20:00:00+00:00,hyperliquid,ETH/USDC:USDC,559418.7215999999,9.848e-07,2023.65
2026-03-30T21:00:00+00:00,hyperliquid,ETH/USDC:USDC,572352.3441999999,-5.5307e-06,2022.05
2026-03-30T22:00:00+00:00,hyperliquid,ETH/USDC:USDC,562922.7733999996,4.4734e-06,2037.15
2026-03-30T23:00:00+00:00,hyperliquid,ETH/USDC:USDC,559579.2805999995,-9.7298e-06,2017.15
2026-03-31T00:00:00+00:00,hyperliquid,ETH/USDC:USDC,560510.4061999995,-7.1683e-06,2024.85
2026-03-31T01:00:00+00:00,hyperliquid,ETH/USDC:USDC,560168.8896000003,1.05792e-05,2038.15
2026-03-31T02:00:00+00:00,hyperliquid,ETH/USDC:USDC,567010.1839999997,1.25e-05,2067.35
2026-03-31T03:00:00+00:00,hyperliquid,ETH/USDC:USDC,571662.2413999998,1.25e-05,2069.65
2026-03-31T04:00:00+00:00,hyperliquid,ETH/USDC:USDC,572272.2730000002,1.25e-05,2063.95
2026-03-31T05:00:00+00:00,hyperliquid,ETH/USDC:USDC,567602.9985999995,1.02082e-05,2057.15
2026-03-31T06:00:00+00:00,hyperliquid,ETH/USDC:USDC,578730.2528000006,6.7721e-06,2059.15
2026-03-31T07:00:00+00:00,hyperliquid,ETH/USDC:USDC,583571.5560000001,8.9801e-06,2060.25
2026-03-31T08:00:00+00:00,hyperliquid,ETH/USDC:USDC,577844.5113999997,1.25e-05,2053.25
2026-03-31T09:00:00+00:00,hyperliquid,ETH/USDC:USDC,573849.1902000001,8.1455e-06,2037.25
2026-03-31T10:00:00+00:00,hyperliquid,ETH/USDC:USDC,548463.2163999999,-1.17609e-05,2017.55
2026-03-31T11:00:00+00:00,hyperliquid,ETH/USDC:USDC,555839.6220000003,-1.57639e-05,2024.55
2026-03-31T12:00:00+00:00,hyperliquid,ETH/USDC:USDC,552599.9099999993,5.8464e-06,2045.85
2026-03-31T13:00:00+00:00,hyperliquid,ETH/USDC:USDC,548288.4395999999,9.531e-06,2050.45
2026-03-31T14:00:00+00:00,hyperliquid,ETH/USDC:USDC,564099.6918,1.25e-05,2079.05
2026-03-31T15:00:00+00:00,hyperliquid,ETH/USDC:USDC,548913.0771999999,2.4438e-06,2052.05
2026-03-31T16:00:00+00:00,hyperliquid,ETH/USDC:USDC,544997.0970000004,5.13e-06,2059.75
2026-03-31T17:00:00+00:00,hyperliquid,ETH/USDC:USDC,565191.8954000003,-9.3618e-06,2094.95
2026-03-31T18:00:00+00:00,hyperliquid,ETH/USDC:USDC,571829.8180000004,2.244e-07,2097.05
2026-03-31T19:00:00+00:00,hyperliquid,ETH/USDC:USDC,572458.217,-1.8255e-06,2099.05
2026-03-31T20:00:00+00:00,hyperliquid,ETH/USDC:USDC,574383.6848000007,-8.7344e-06,2097.15
2026-03-31T21:00:00+00:00,hyperliquid,ETH/USDC:USDC,582589.9562,2.1317e-06,2102.15
2026-03-31T22:00:00+00:00,hyperliquid,ETH/USDC:USDC,576252.6537999993,-1.20879e-05,2098.35
2026-03-31T23:00:00+00:00,hyperliquid,ETH/USDC:USDC,578768.0799999998,-1.50267e-05,2092.75
2026-04-01T00:00:00+00:00,hyperliquid,ETH/USDC:USDC,562655.2337999999,-1.37516e-05,2101.35
2026-04-01T01:00:00+00:00,hyperliquid,ETH/USDC:USDC,575176.3575999994,7.619e-06,2108.95
2026-04-01T02:00:00+00:00,hyperliquid,ETH/USDC:USDC,562593.9398000002,-5.7849e-06,2094.05
2026-04-01T03:00:00+00:00,hyperliquid,ETH/USDC:USDC,556285.3068000005,-1.14268e-05,2091.85
2026-04-01T04:00:00+00:00,hyperliquid,ETH/USDC:USDC,560217.8463999995,1.25e-05,2102.75
2026-04-01T05:00:00+00:00,hyperliquid,ETH/USDC:USDC,591881.0097999995,1.25e-05,2107.05
2026-04-01T06:00:00+00:00,hyperliquid,ETH/USDC:USDC,598387.4900000007,1.25e-05,2124.45
2026-04-01T07:00:00+00:00,hyperliquid,ETH/USDC:USDC,623158.2681999998,1.25e-05,2153.4
2026-04-01T08:00:00+00:00,hyperliquid,ETH/USDC:USDC,593405.8948000012,7.4723e-06,2132.45
2026-04-01T09:00:00+00:00,hyperliquid,ETH/USDC:USDC,622464.607,1.25e-05,2138.05
2026-04-01T10:00:00+00:00,hyperliquid,ETH/USDC:USDC,619402.98,1.25e-05,2133.15
2026-04-01T11:00:00+00:00,hyperliquid,ETH/USDC:USDC,615287.3743999996,5.4203e-06,2131.65
2026-04-01T12:00:00+00:00,hyperliquid,ETH/USDC:USDC,614883.9810000001,4.3027e-06,2129.75
2026-04-01T13:00:00+00:00,hyperliquid,ETH/USDC:USDC,618734.6534000001,1.25e-05,2118.25
2026-04-01T14:00:00+00:00,hyperliquid,ETH/USDC:USDC,592121.8494000005,3.6923e-06,2119.55
2026-04-01T15:00:00+00:00,hyperliquid,ETH/USDC:USDC,595214.8577999998,3.6766e-06,2125.55
2026-04-01T16:00:00+00:00,hyperliquid,ETH/USDC:USDC,592581.6444,5.7571e-06,2132.75
2026-04-01T17:00:00+00:00,hyperliquid,ETH/USDC:USDC,591479.9588000001,-3.9383e-06,2152.45
2026-04-01T18:00:00+00:00,hyperliquid,ETH/USDC:USDC,595001.8156000006,-7.3632e-06,2129.05
2026-04-01T19:00:00+00:00,hyperliquid,ETH/USDC:USDC,607491.4394000004,-2.48583e-05,2129.55
2026-04-01T20:00:00+00:00,hyperliquid,ETH/USDC:USDC,611381.3619999989,-3.97175e-05,2138.45
2026-04-01T21:00:00+00:00,hyperliquid,ETH/USDC:USDC,614349.1352,-3.55061e-05,2142.45
2026-04-01T22:00:00+00:00,hyperliquid,ETH/USDC:USDC,642267.0137999993,-5.6409e-05,2152.25
2026-04-01T23:00:00+00:00,hyperliquid,ETH/USDC:USDC,621554.1311999995,-2.14226e-05,2141.35
2026-04-02T00:00:00+00:00,hyperliquid,ETH/USDC:USDC,622042.1581999997,-3.1435e-05,2135.95
2026-04-02T01:00:00+00:00,hyperliquid,ETH/USDC:USDC,608235.1281999996,-2.30961e-05,2144.55
2026-04-02T02:00:00+00:00,hyperliquid,ETH/USDC:USDC,586447.2385999999,-3.05731e-05,2094.05
2026-04-02T03:00:00+00:00,hyperliquid,ETH/USDC:USDC,575536.6785999998,-1.42973e-05,2070.15
2026-04-02T04:00:00+00:00,hyperliquid,ETH/USDC:USDC,571596.7723999994,-2.6763e-05,2055.45
2026-04-02T05:00:00+00:00,hyperliquid,ETH/USDC:USDC,572456.5415999995,-1.45838e-05,2046.65
2026-04-02T06:00:00+00:00,hyperliquid,ETH/USDC:USDC,563718.0661999997,-6.0589e-06,2049.25
2026-04-02T07:00:00+00:00,hyperliquid,ETH/USDC:USDC,562857.8402,-4.8643e-06,2047.4
2026-04-02T08:00:00+00:00,hyperliquid,ETH/USDC:USDC,567088.8455999997,-1.086e-07,2051.05
2026-04-02T09:00:00+00:00,hyperliquid,ETH/USDC:USDC,566352.6038000004,3.7607e-06,2042.45
2026-04-02T10:00:00+00:00,hyperliquid,ETH/USDC:USDC,566486.4319999994,5.074e-07,2041.55
2026-04-02T11:00:00+00:00,hyperliquid,ETH/USDC:USDC,564798.0242,9.887e-07,2038.15
2026-04-02T12:00:00+00:00,hyperliquid,ETH/USDC:USDC,562110.4177999999,6.5716e-06,2028.65
2026-04-02T13:00:00+00:00,hyperliquid,ETH/USDC:USDC,558770.7496000002,-4.2312e-06,2019.85
2026-04-02T14:00:00+00:00,hyperliquid,ETH/USDC:USDC,575105.8355999996,7.996e-06,2035.25
2026-04-02T15:00:00+00:00,hyperliquid,ETH/USDC:USDC,567583.8529999993,1.15424e-05,2059.25
2026-04-02T16:00:00+00:00,hyperliquid,ETH/USDC:USDC,559410.1055999999,-6.8395e-06,2057.75
2026-04-02T17:00:00+00:00,hyperliquid,ETH/USDC:USDC,558982.1250000002,-5.9837e-06,2054.85
2026-04-02T18:00:00+00:00,hyperliquid,ETH/USDC:USDC,555114.9902000001,-4.0183e-06,2044.15
2026-04-02T19:00:00+00:00,hyperliquid,ETH/USDC:USDC,565513.107199999,7.732e-06,2058.65
2026-04-02T20:00:00+00:00,hyperliquid,ETH/USDC:USDC,562796.0014000005,-7.4343e-06,2060.05
2026-04-02T21:00:00+00:00,hyperliquid,ETH/USDC:USDC,565938.5675999995,8.7947e-06,2067.55
2026-04-02T22:00:00+00:00,hyperliquid,ETH/USDC:USDC,556672.4036000004,1.3612e-06,2061.05
2026-04-02T23:00:00+00:00,hyperliquid,ETH/USDC:USDC,556159.9897999994,-2.5831e-06,2058.05
2026-04-03T00:00:00+00:00,hyperliquid,ETH/USDC:USDC,563601.9376,-5.2374e-06,2056.45
2026-04-03T01:00:00+00:00,hyperliquid,ETH/USDC:USDC,562956.8968000005,-1.28374e-05,2050.95
2026-04-03T02:00:00+00:00,hyperliquid,ETH/USDC:USDC,563587.4274000002,-1.23251e-05,2047.85
2026-04-03T03:00:00+00:00,hyperliquid,ETH/USDC:USDC,561878.589,1.4582e-06,2049.55
2026-04-03T04:00:00+00:00,hyperliquid,ETH/USDC:USDC,569669.8766000001,1.20549e-05,2053.75
2026-04-03T05:00:00+00:00,hyperliquid,ETH/USDC:USDC,569065.3728000001,6.0909e-06,2053.25
2026-04-03T06:00:00+00:00,hyperliquid,ETH/USDC:USDC,560862.5325999999,6.0523e-06,2056.95
2026-04-03T07:00:00+00:00,hyperliquid,ETH/USDC:USDC,563721.0138000001,5.6494e-06,2063.05
2026-04-03T08:00:00+00:00,hyperliquid,ETH/USDC:USDC,564973.7865999999,3.8059e-06,2065.05
2026-04-03T09:00:00+00:00,hyperliquid,ETH/USDC:USDC,557957.8812,-8.939e-07,2061.35
2026-04-03T10:00:00+00:00,hyperliquid,ETH/USDC:USDC,561777.0780000001,-3.94e-06,2056.85
2026-04-03T11:00:00+00:00,hyperliquid,ETH/USDC:USDC,561904.6527999995,6.2051e-06,2059.15
2026-04-03T12:00:00+00:00,hyperliquid,ETH/USDC:USDC,566738.8467999999,8.1637e-06,2061.75
2026-04-03T13:00:00+00:00,hyperliquid,ETH/USDC:USDC,567094.7815999995,-9.6757e-06,2048.65
2026-04-03T14:00:00+00:00,hyperliquid,ETH/USDC:USDC,567311.1291999996,-2.8303e-06,2046.25
2026-04-03T15:00:00+00:00,hyperliquid,ETH/USDC:USDC,563681.8975999993,-4.1275e-06,2054.05
2026-04-03T16:00:00+00:00,hyperliquid,ETH/USDC:USDC,567076.886,-2.2161e-06,2052.55
2026-04-03T17:00:00+00:00,hyperliquid,ETH/USDC:USDC,568541.1829999997,4.5004e-06,2052.35
2026-04-03T18:00:00+00:00,hyperliquid,ETH/USDC:USDC,571056.4827999994,-6.4843e-06,2048.35
2026-04-03T19:00:00+00:00,hyperliquid,ETH/USDC:USDC,560495.8665999997,5.5387e-06,2048.15
2026-04-03T20:00:00+00:00,hyperliquid,ETH/USDC:USDC,556729.4397999999,-6.549e-07,2051.45
2026-04-03T21:00:00+00:00,hyperliquid,ETH/USDC:USDC,558428.2611999997,4.4161e-06,2052.55
2026-04-03T22:00:00+00:00,hyperliquid,ETH/USDC:USDC,559976.6587999997,3.6668e-06,2057.25
2026-04-03T23:00:00+00:00,hyperliquid,ETH/USDC:USDC,556232.2208,-9.016e-07,2050.15
2026-04-04T00:00:00+00:00,hyperliquid,ETH/USDC:USDC,556914.2452000001,7.2649e-06,2051.35
2026-04-04T01:00:00+00:00,hyperliquid,ETH/USDC:USDC,556436.6247999999,9.4865e-06,2050.65
2026-04-04T02:00:00+00:00,hyperliquid,ETH/USDC:USDC,555577.6553999999,1.25e-05,2050.75
2026-04-04T03:00:00+00:00,hyperliquid,ETH/USDC:USDC,555214.7385999999,6.1281e-06,2049.75
2026-04-04T04:00:00+00:00,hyperliquid,ETH/USDC:USDC,555027.6175999999,1.12397e-05,2048.75
2026-04-04T05:00:00+00:00,hyperliquid,ETH/USDC:USDC,554743.6289999997,1.07747e-05,2049.75
2026-04-04T06:00:00+00:00,hyperliquid,ETH/USDC:USDC,554589.1129999995,9.5159e-06,2053.15
2026-04-04T07:00:00+00:00,hyperliquid,ETH/USDC:USDC,553644.1205999997,1.02744e-05,2054.95
2026-04-04T08:00:00+00:00,hyperliquid,ETH/USDC:USDC,555155.8616,5.7584e-06,2053.15
2026-04-04T09:00:00+00:00,hyperliquid,ETH/USDC:USDC,555469.3166,8.0115e-06,2049.75
2026-04-04T10:00:00+00:00,hyperliquid,ETH/USDC:USDC,555264.9251999997,1.09156e-05,2050.35
2026-04-04T11:00:00+00:00,hyperliquid,ETH/USDC:USDC,554213.9101999996,1.25e-05,2053.15
2026-04-04T12:00:00+00:00,hyperliquid,ETH/USDC:USDC,549362.1633999995,1.25e-05,2051.75
2026-04-04T13:00:00+00:00,hyperliquid,ETH/USDC:USDC,550125.1017999998,2.1555e-06,2049.35
2026-04-04T14:00:00+00:00,hyperliquid,ETH/USDC:USDC,550348.2373999999,7.9859e-06,2053.15
2026-04-04T15:00:00+00:00,hyperliquid,ETH/USDC:USDC,550459.3476000002,8.4732e-06,2051.85
2026-04-04T16:00:00+00:00,hyperliquid,ETH/USDC:USDC,552575.3187999997,1.09096e-05,2054.85
2026-04-04T17:00:00+00:00,hyperliquid,ETH/USDC:USDC,551740.3063999991,5.7914e-06,2052.75
2026-04-04T18:00:00+00:00,hyperliquid,ETH/USDC:USDC,551681.6737999999,1.25e-05,2056.65
2026-04-04T19:00:00+00:00,hyperliquid,ETH/USDC:USDC,555429.7323999996,1.25e-05,2058.75
2026-04-04T20:00:00+00:00,hyperliquid,ETH/USDC:USDC,559326.3213999987,1.24081e-05,2060.65
2026-04-04T21:00:00+00:00,hyperliquid,ETH/USDC:USDC,554427.8313999996,1.25e-05,2062.85
2026-04-04T22:00:00+00:00,hyperliquid,ETH/USDC:USDC,555231.0489999991,1.25e-05,2068.55
2026-04-04T23:00:00+00:00,hyperliquid,ETH/USDC:USDC,558251.4622,4.5757e-06,2066.05
2026-04-05T00:00:00+00:00,hyperliquid,ETH/USDC:USDC,556428.4691999999,7.7939e-06,2064.35
2026-04-05T01:00:00+00:00,hyperliquid,ETH/USDC:USDC,556354.5684000005,1.0909e-06,2061.15
2026-04-05T02:00:00+00:00,hyperliquid,ETH/USDC:USDC,555696.6915999994,5.1079e-06,2054.05
2026-04-05T03:00:00+00:00,hyperliquid,ETH/USDC:USDC,556506.5311999995,7.9885e-06,2059.25
2026-04-05T04:00:00+00:00,hyperliquid,ETH/USDC:USDC,559100.3075999998,3.0683e-06,2054.95
2026-04-05T05:00:00+00:00,hyperliquid,ETH/USDC:USDC,559401.8545999997,6.8242e-06,2054.85
2026-04-05T06:00:00+00:00,hyperliquid,ETH/USDC:USDC,561896.9635999994,-2.2734e-06,2046.35
2026-04-05T07:00:00+00:00,hyperliquid,ETH/USDC:USDC,546151.8465999996,7.8763e-06,2040.55
2026-04-05T08:00:00+00:00,hyperliquid,ETH/USDC:USDC,545066.3669999994,-1.3016e-06,2036.35
2026-04-05T09:00:00+00:00,hyperliquid,ETH/USDC:USDC,545673.2464,7.3354e-06,2039.35
2026-04-05T10:00:00+00:00,hyperliquid,ETH/USDC:USDC,549620.2143999992,-6.332e-07,2043.35
2026-04-05T11:00:00+00:00,hyperliquid,ETH/USDC:USDC,549986.3957999995,1.01067e-05,2043.65
2026-04-05T12:00:00+00:00,hyperliquid,ETH/USDC:USDC,550700.4262,1.25e-05,2039.45
2026-04-05T13:00:00+00:00,hyperliquid,ETH/USDC:USDC,546551.1264000001,-1.31815e-05,2027.55
2026-04-05T14:00:00+00:00,hyperliquid,ETH/USDC:USDC,546716.5425999992,1.05218e-05,2039.55
2026-04-05T15:00:00+00:00,hyperliquid,ETH/USDC:USDC,545329.3917999996,-5.5576e-06,2037.85
2026-04-05T16:00:00+00:00,hyperliquid,ETH/USDC:USDC,543106.1039999999,8.3868e-06,2053.75
2026-04-05T17:00:00+00:00,hyperliquid,ETH/USDC:USDC,544688.0495999999,1.03266e-05,2048.05
2026-04-05T18:00:00+00:00,hyperliquid,ETH/USDC:USDC,543084.3549999997,6.6778e-06,2059.85
2026-04-05T19:00:00+00:00,hyperliquid,ETH/USDC:USDC,541074.7325999998,5.8395e-06,2061.45
2026-04-05T20:00:00+00:00,hyperliquid,ETH/USDC:USDC,541211.5043999995,9.7712e-06,2061.55
2026-04-05T21:00:00+00:00,hyperliquid,ETH/USDC:USDC,541007.8632000001,6.4989e-06,2065.35
2026-04-05T22:00:00+00:00,hyperliquid,ETH/USDC:USDC,540991.6687999992,3.1727e-06,2063.85
2026-04-05T23:00:00+00:00,hyperliquid,ETH/USDC:USDC,539297.8561999999,1.25e-05,2083.55
2026-04-06T00:00:00+00:00,hyperliquid,ETH/USDC:USDC,555855.9515999996,-1.28491e-05,2117.25
2026-04-06T01:00:00+00:00,hyperliquid,ETH/USDC:USDC,557006.2185999999,1.25e-05,2119.55
2026-04-06T02:00:00+00:00,hyperliquid,ETH/USDC:USDC,558074.5443999994,1.04299e-05,2115.75
2026-04-06T03:00:00+00:00,hyperliquid,ETH/USDC:USDC,560683.2080000001,1.25e-05,2133.05
2026-04-06T04:00:00+00:00,hyperliquid,ETH/USDC:USDC,571050.5026000007,6.417e-06,2130.65
2026-04-06T05:00:00+00:00,hyperliquid,ETH/USDC:USDC,569391.6490000003,8.6567e-06,2129.15
2026-04-06T06:00:00+00:00,hyperliquid,ETH/USDC:USDC,570143.6357999991,1.25e-05,2127.25
2026-04-06T07:00:00+00:00,hyperliquid,ETH/USDC:USDC,568029.5084000004,9.879e-06,2126.75
2026-04-06T08:00:00+00:00,hyperliquid,ETH/USDC:USDC,562064.4884,1.25e-05,2135.65
2026-04-06T09:00:00+00:00,hyperliquid,ETH/USDC:USDC,564099.7904000002,1.25e-05,2139.45
2026-04-06T10:00:00+00:00,hyperliquid,ETH/USDC:USDC,570118.5859999995,1.25e-05,2152.55
2026-04-06T11:00:00+00:00,hyperliquid,ETH/USDC:USDC,570802.8239999997,9.1856e-06,2150.75
2026-04-06T12:00:00+00:00,hyperliquid,ETH/USDC:USDC,562441.5936000004,-3.1194e-06,2149.95
2026-04-06T13:00:00+00:00,hyperliquid,ETH/USDC:USDC,566653.6993999993,-9.89e-07,2142.6
2026-04-06T14:00:00+00:00,hyperliquid,ETH/USDC:USDC,570707.9044000006,3.927e-06,2142.45
2026-04-06T15:00:00+00:00,hyperliquid,ETH/USDC:USDC,578831.0125999993,-3.507e-06,2155.05
2026-04-06T16:00:00+00:00,hyperliquid,ETH/USDC:USDC,581517.2087999994,8.252e-07,2162.45
2026-04-06T17:00:00+00:00,hyperliquid,ETH/USDC:USDC,577372.1719999994,-1.00778e-05,2130.15
2026-04-06T18:00:00+00:00,hyperliquid,ETH/USDC:USDC,572704.4717999991,1.5594e-06,2133.05
2026-04-06T19:00:00+00:00,hyperliquid,ETH/USDC:USDC,569542.0058,1.16097e-05,2142.95
2026-04-06T20:00:00+00:00,hyperliquid,ETH/USDC:USDC,572924.6137999996,-5.0457e-06,2139.95
2026-04-06T21:00:00+00:00,hyperliquid,ETH/USDC:USDC,574339.5070000004,-1.3827e-06,2145.95
2026-04-06T22:00:00+00:00,hyperliquid,ETH/USDC:USDC,574305.1617999998,-5.904e-06,2136.55
2026-04-06T23:00:00+00:00,hyperliquid,ETH/USDC:USDC,558622.6398000005,-1.46753e-05,2096.75
2026-04-07T00:00:00+00:00,hyperliquid,ETH/USDC:USDC,559666.8124000006,1.4558e-06,2108.85
2026-04-07T01:00:00+00:00,hyperliquid,ETH/USDC:USDC,555081.6936000008,8.326e-07,2109.75
2026-04-07T02:00:00+00:00,hyperliquid,ETH/USDC:USDC,556884.2464000006,-6.9228e-06,2099.25
2026-04-07T03:00:00+00:00,hyperliquid,ETH/USDC:USDC,558338.2208000006,6.8849e-06,2107.55
2026-04-07T04:00:00+00:00,hyperliquid,ETH/USDC:USDC,556932.8874000005,2.4782e-06,2107.25
2026-04-07T05:00:00+00:00,hyperliquid,ETH/USDC:USDC,557766.7870000001,2.44e-08,2111.55
2026-04-07T06:00:00+00:00,hyperliquid,ETH/USDC:USDC,558782.7434000006,1.18212e-05,2102.25
2026-04-07T07:00:00+00:00,hyperliquid,ETH/USDC:USDC,558362.5206000004,8.6915e-06,2102.75
2026-04-07T08:00:00+00:00,hyperliquid,ETH/USDC:USDC,561190.1766000005,-1.3751e-06,2109.45
2026-04-07T09:00:00+00:00,hyperliquid,ETH/USDC:USDC,562467.1454000002,9.8679e-06,2114.15
2026-04-07T10:00:00+00:00,hyperliquid,ETH/USDC:USDC,564374.1018000001,1.25e-05,2125.65
2026-04-07T11:00:00+00:00,hyperliquid,ETH/USDC:USDC,551159.8450000002,-8.7462e-06,2082.65
2026-04-07T12:00:00+00:00,hyperliquid,ETH/USDC:USDC,549312.4130000001,3.9794e-06,2087.45
2026-04-07T13:00:00+00:00,hyperliquid,ETH/USDC:USDC,545910.6522000005,9.0944e-06,2084.95
2026-04-07T14:00:00+00:00,hyperliquid,ETH/USDC:USDC,547979.6641999998,1.0319e-05,2073.95
2026-04-07T15:00:00+00:00,hyperliquid,ETH/USDC:USDC,554079.2241999985,1.25e-05,2067.35
2026-04-07T16:00:00+00:00,hyperliquid,ETH/USDC:USDC,552154.7640000011,1.25e-05,2084.55
2026-04-07T17:00:00+00:00,hyperliquid,ETH/USDC:USDC,559544.8650000007,1.25e-05,2085.05
2026-04-07T18:00:00+00:00,hyperliquid,ETH/USDC:USDC,564873.439000001,1.25e-05,2100.05
2026-04-07T19:00:00+00:00,hyperliquid,ETH/USDC:USDC,565904.6418000001,7.9653e-06,2086.55
2026-04-07T20:00:00+00:00,hyperliquid,ETH/USDC:USDC,568075.405,7.846e-06,2119.05
2026-04-07T21:00:00+00:00,hyperliquid,ETH/USDC:USDC,567883.3996000001,1.25e-05,2118.15
2026-04-07T22:00:00+00:00,hyperliquid,ETH/USDC:USDC,565682.3282,1.25e-05,2148.45
2026-04-07T23:00:00+00:00,hyperliquid,ETH/USDC:USDC,573906.9514000008,1.25e-05,2225.05
2026-04-08T00:00:00+00:00,hyperliquid,ETH/USDC:USDC,578511.6606000003,1.25e-05,2247.65
2026-04-08T01:00:00+00:00,hyperliquid,ETH/USDC:USDC,568291.6249999998,1.25e-05,2235.75
2026-04-08T02:00:00+00:00,hyperliquid,ETH/USDC:USDC,574577.2473999999,1.25e-05,2236.25
2026-04-08T03:00:00+00:00,hyperliquid,ETH/USDC:USDC,572424.3356,1.25e-05,2236.85
2026-04-08T04:00:00+00:00,hyperliquid,ETH/USDC:USDC,573140.5557999986,1.25e-05,2237.85
2026-04-08T05:00:00+00:00,hyperliquid,ETH/USDC:USDC,593081.9502,1.25e-05,2240.35
2026-04-08T06:00:00+00:00,hyperliquid,ETH/USDC:USDC,594694.1744000001,1.25e-05,2237.45
2026-04-08T07:00:00+00:00,hyperliquid,ETH/USDC:USDC,596962.8984,1.25e-05,2245.35
2026-04-08T08:00:00+00:00,hyperliquid,ETH/USDC:USDC,598186.530800001,1.25e-05,2255.75
2026-04-08T09:00:00+00:00,hyperliquid,ETH/USDC:USDC,601996.0624000002,1.25e-05,2257.55
2026-04-08T10:00:00+00:00,hyperliquid,ETH/USDC:USDC,609532.0898000001,1.25e-05,2250.05
2026-04-08T11:00:00+00:00,hyperliquid,ETH/USDC:USDC,613322.8177999998,1.25e-05,2244.15
2026-04-08T12:00:00+00:00,hyperliquid,ETH/USDC:USDC,612524.1319999998,1.25e-05,2249.55
2026-04-08T13:00:00+00:00,hyperliquid,ETH/USDC:USDC,616385.6056000012,1.25e-05,2258.95
2026-04-08T14:00:00+00:00,hyperliquid,ETH/USDC:USDC,604172.8300000001,1.25e-05,2236.95
2026-04-08T15:00:00+00:00,hyperliquid,ETH/USDC:USDC,597293.4620000003,1.25e-05,2197.05
2026-04-08T16:00:00+00:00,hyperliquid,ETH/USDC:USDC,599341.6056000007,1.25e-05,2216.15
2026-04-08T17:00:00+00:00,hyperliquid,ETH/USDC:USDC,618360.7080000002,1.25e-05,2223.75
2026-04-08T18:00:00+00:00,hyperliquid,ETH/USDC:USDC,611279.1290000002,1.25e-05,2227.95
2026-04-08T19:00:00+00:00,hyperliquid,ETH/USDC:USDC,607219.3105999995,1.25e-05,2199.55
2026-04-08T20:00:00+00:00,hyperliquid,ETH/USDC:USDC,600993.4406000003,1.25e-05,2212.55
2026-04-08T21:00:00+00:00,hyperliquid,ETH/USDC:USDC,599807.9059999996,1.25e-05,2208.25
2026-04-08T22:00:00+00:00,hyperliquid,ETH/USDC:USDC,596657.4250000005,6.6236e-06,2209.95
2026-04-08T23:00:00+00:00,hyperliquid,ETH/USDC:USDC,585821.9677999999,1.6673e-06,2182.35
2026-04-09T00:00:00+00:00,hyperliquid,ETH/USDC:USDC,586544.5161999998,9.0608e-06,2188.65
2026-04-09T01:00:00+00:00,hyperliquid,ETH/USDC:USDC,587913.8730000004,1.19447e-05,2180.75
2026-04-09T02:00:00+00:00,hyperliquid,ETH/USDC:USDC,585743.3982,3.7243e-06,2178.25
2026-04-09T03:00:00+00:00,hyperliquid,ETH/USDC:USDC,580861.7706000003,7.7194e-06,2180.15
2026-04-09T04:00:00+00:00,hyperliquid,ETH/USDC:USDC,581095.5237999997,5.0157e-06,2179.75
2026-04-09T05:00:00+00:00,hyperliquid,ETH/USDC:USDC,581362.284,1.0651e-06,2176.15
2026-04-09T06:00:00+00:00,hyperliquid,ETH/USDC:USDC,584500.5234000006,8.8451e-06,2184.75
2026-04-09T07:00:00+00:00,hyperliquid,ETH/USDC:USDC,582901.5930000005,1.25e-05,2184.05
2026-04-09T08:00:00+00:00,hyperliquid,ETH/USDC:USDC,581434.2960000001,2.213e-06,2180.75
2026-04-09T09:00:00+00:00,hyperliquid,ETH/USDC:USDC,586013.8154,1.25e-05,2180.45
2026-04-09T10:00:00+00:00,hyperliquid,ETH/USDC:USDC,575381.5210000003,7.6201e-06,2191.25
2026-04-09T11:00:00+00:00,hyperliquid,ETH/USDC:USDC,580533.7066000008,-1.04743e-05,2190.45
2026-04-09T12:00:00+00:00,hyperliquid,ETH/USDC:USDC,600932.562400001,-1.63314e-05,2180.55
2026-04-09T13:00:00+00:00,hyperliquid,ETH/USDC:USDC,598712.3537999999,-5.151e-07,2179.65
2026-04-09T14:00:00+00:00,hyperliquid,ETH/USDC:USDC,594798.4479999989,5.591e-06,2162.55
2026-04-09T15:00:00+00:00,hyperliquid,ETH/USDC:USDC,578546.0310000002,1.25e-05,2174.25
2026-04-09T16:00:00+00:00,hyperliquid,ETH/USDC:USDC,575656.4161999994,1.25e-05,2224.65
2026-04-09T17:00:00+00:00,hyperliquid,ETH/USDC:USDC,573979.5886,1.0436e-06,2212.15
2026-04-09T18:00:00+00:00,hyperliquid,ETH/USDC:USDC,578571.7723999993,1.12631e-05,2210.65
2026-04-09T19:00:00+00:00,hyperliquid,ETH/USDC:USDC,568607.0492000002,1.25e-05,2207.35
2026-04-09T20:00:00+00:00,hyperliquid,ETH/USDC:USDC,600302.4471999999,1.25e-05,2215.75
2026-04-09T21:00:00+00:00,hyperliquid,ETH/USDC:USDC,598649.6344000001,1.25e-05,2212.45
2026-04-09T22:00:00+00:00,hyperliquid,ETH/USDC:USDC,600149.9082000001,1.25e-05,2210.55
2026-04-09T23:00:00+00:00,hyperliquid,ETH/USDC:USDC,567446.5815999996,7.0841e-06,2193.95
2026-04-10T00:00:00+00:00,hyperliquid,ETH/USDC:USDC,572566.1454,1.00725e-05,2187.95
2026-04-10T01:00:00+00:00,hyperliquid,ETH/USDC:USDC,570474.2096000002,1.16373e-05,2190.75
2026-04-10T02:00:00+00:00,hyperliquid,ETH/USDC:USDC,562956.8308,8.7675e-06,2193.65
2026-04-10T03:00:00+00:00,hyperliquid,ETH/USDC:USDC,562846.9792000001,5.599e-06,2188.95
2026-04-10T04:00:00+00:00,hyperliquid,ETH/USDC:USDC,561872.8957999999,1.25e-05,2185.75
2026-04-10T05:00:00+00:00,hyperliquid,ETH/USDC:USDC,563009.0795999996,1.25e-05,2193.75
2026-04-10T06:00:00+00:00,hyperliquid,ETH/USDC:USDC,562815.8173999998,8.379e-06,2195.15
2026-04-10T07:00:00+00:00,hyperliquid,ETH/USDC:USDC,566642.8426,6.8423e-06,2185.25
2026-04-10T08:00:00+00:00,hyperliquid,ETH/USDC:USDC,565356.7072000002,1.25e-05,2178.55
2026-04-10T09:00:00+00:00,hyperliquid,ETH/USDC:USDC,564313.3933999998,1.04152e-05,2185.85
2026-04-10T10:00:00+00:00,hyperliquid,ETH/USDC:USDC,568265.0557999997,1.25e-05,2194.85
2026-04-10T11:00:00+00:00,hyperliquid,ETH/USDC:USDC,568331.7379999997,1.25e-05,2199.95
2026-04-10T12:00:00+00:00,hyperliquid,ETH/USDC:USDC,566515.4912,1.25e-05,2218.85
2026-04-10T13:00:00+00:00,hyperliquid,ETH/USDC:USDC,566833.3908000002,1.01704e-05,2217.75
2026-04-10T14:00:00+00:00,hyperliquid,ETH/USDC:USDC,568089.8372000001,1.25e-05,2221.65
2026-04-10T15:00:00+00:00,hyperliquid,ETH/USDC:USDC,583688.4612000003,1.25e-05,2241.55
2026-04-10T16:00:00+00:00,hyperliquid,ETH/USDC:USDC,565879.4735999999,1.03599e-05,2223.95
2026-04-10T17:00:00+00:00,hyperliquid,ETH/USDC:USDC,584473.003800001,1.05455e-05,2242.1
2026-04-10T18:00:00+00:00,hyperliquid,ETH/USDC:USDC,584161.7855999998,8.8522e-06,2243.95
2026-04-10T19:00:00+00:00,hyperliquid,ETH/USDC:USDC,590722.6472,1.25e-05,2249.05
2026-04-10T20:00:00+00:00,hyperliquid,ETH/USDC:USDC,586599.5310000002,-1.3586e-06,2251.05
2026-04-10T21:00:00+00:00,hyperliquid,ETH/USDC:USDC,585476.1746,1.19053e-05,2253.65
2026-04-10T22:00:00+00:00,hyperliquid,ETH/USDC:USDC,586009.5425999993,1.25e-05,2251.15
2026-04-10T23:00:00+00:00,hyperliquid,ETH/USDC:USDC,586177.6875999997,1.07769e-05,2239.95
2026-04-11T00:00:00+00:00,hyperliquid,ETH/USDC:USDC,584574.6029999999,1.25e-05,2243.15
2026-04-11T01:00:00+00:00,hyperliquid,ETH/USDC:USDC,583318.8792000001,1.22888e-05,2237.65
2026-04-11T02:00:00+00:00,hyperliquid,ETH/USDC:USDC,583602.1329999997,9.5791e-06,2241.75
2026-04-11T03:00:00+00:00,hyperliquid,ETH/USDC:USDC,584596.3226000001,1.20162e-05,2247.15
2026-04-11T04:00:00+00:00,hyperliquid,ETH/USDC:USDC,584833.5208,7.804e-07,2236.95
2026-04-11T05:00:00+00:00,hyperliquid,ETH/USDC:USDC,587875.2534,-1.38371e-05,2239.95
2026-04-11T06:00:00+00:00,hyperliquid,ETH/USDC:USDC,588235.6212,2.3652e-06,2229.25
2026-04-11T07:00:00+00:00,hyperliquid,ETH/USDC:USDC,593113.8996000001,1.25e-05,2234.05
2026-04-11T08:00:00+00:00,hyperliquid,ETH/USDC:USDC,593107.8977999999,1.25e-05,2231.45
2026-04-11T09:00:00+00:00,hyperliquid,ETH/USDC:USDC,593252.5231999998,1.25e-05,2232.55
2026-04-11T10:00:00+00:00,hyperliquid,ETH/USDC:USDC,595330.6736000001,2.1859e-06,2243.75
2026-04-11T11:00:00+00:00,hyperliquid,ETH/USDC:USDC,592395.4770000003,2.5633e-06,2238.85
2026-04-11T12:00:00+00:00,hyperliquid,ETH/USDC:USDC,592659.7498,1.25e-05,2243.65
2026-04-11T13:00:00+00:00,hyperliquid,ETH/USDC:USDC,590468.6595999995,1.03684e-05,2240.85
2026-04-11T14:00:00+00:00,hyperliquid,ETH/USDC:USDC,591125.9129999997,1.01765e-05,2238.65
2026-04-11T15:00:00+00:00,hyperliquid,ETH/USDC:USDC,590405.3069999998,1.25e-05,2241.85
2026-04-11T16:00:00+00:00,hyperliquid,ETH/USDC:USDC,591303.1747999995,1.25e-05,2247.45
2026-04-11T17:00:00+00:00,hyperliquid,ETH/USDC:USDC,596590.3034000002,1.25e-05,2259.05
2026-04-11T18:00:00+00:00,hyperliquid,ETH/USDC:USDC,597940.0822000005,1.25e-05,2259.05
2026-04-11T19:00:00+00:00,hyperliquid,ETH/USDC:USDC,599518.0411999999,1.25e-05,2306.65
2026-04-11T20:00:00+00:00,hyperliquid,ETH/USDC:USDC,603413.2188000004,1.25e-05,2308.75
2026-04-11T21:00:00+00:00,hyperliquid,ETH/USDC:USDC,601848.2787999995,1.25e-05,2295.55
2026-04-11T22:00:00+00:00,hyperliquid,ETH/USDC:USDC,602101.6999999998,1.25e-05,2296.95
2026-04-11T23:00:00+00:00,hyperliquid,ETH/USDC:USDC,605482.2045999998,1.25e-05,2292.55
2026-04-12T00:00:00+00:00,hyperliquid,ETH/USDC:USDC,602244.8768000001,1.25e-05,2283.55
2026-04-12T01:00:00+00:00,hyperliquid,ETH/USDC:USDC,604465.9827999999,1.25e-05,2287.85
2026-04-12T02:00:00+00:00,hyperliquid,ETH/USDC:USDC,583075.7762,-3.2547e-06,2215.75
2026-04-12T03:00:00+00:00,hyperliquid,ETH/USDC:USDC,574290.6573999994,8.1982e-06,2224.05
2026-04-12T04:00:00+00:00,hyperliquid,ETH/USDC:USDC,573476.5203999997,3.3574e-06,2213.95
2026-04-12T05:00:00+00:00,hyperliquid,ETH/USDC:USDC,576685.7976000004,4.457e-06,2211.15
2026-04-12T06:00:00+00:00,hyperliquid,ETH/USDC:USDC,575258.7593999997,-3.789e-06,2216.65
2026-04-12T07:00:00+00:00,hyperliquid,ETH/USDC:USDC,575168.1316000005,-8.5183e-06,2212.45
2026-04-12T08:00:00+00:00,hyperliquid,ETH/USDC:USDC,579386.9405999997,1.25e-05,2216.75
2026-04-12T09:00:00+00:00,hyperliquid,ETH/USDC:USDC,577824.5223999999,-2.2544e-06,2211.45
2026-04-12T10:00:00+00:00,hyperliquid,ETH/USDC:USDC,577113.2294000007,1.09132e-05,2212.95
2026-04-12T11:00:00+00:00,hyperliquid,ETH/USDC:USDC,571332.897,-9.3281e-06,2202.45
2026-04-12T12:00:00+00:00,hyperliquid,ETH/USDC:USDC,576005.3233999994,2.794e-06,2201.25
2026-04-12T13:00:00+00:00,hyperliquid,ETH/USDC:USDC,572722.9174000005,-1.06905e-05,2190.15
2026-04-12T14:00:00+00:00,hyperliquid,ETH/USDC:USDC,572655.9015999999,-8.1276e-06,2187.65
2026-04-12T15:00:00+00:00,hyperliquid,ETH/USDC:USDC,579784.2816,-8.4581e-06,2180.75
2026-04-12T16:00:00+00:00,hyperliquid,ETH/USDC:USDC,582157.1338000005,1.962e-06,2186.05
2026-04-12T17:00:00+00:00,hyperliquid,ETH/USDC:USDC,584374.5155999999,8.4961e-06,2187.55
2026-04-12T18:00:00+00:00,hyperliquid,ETH/USDC:USDC,588006.6417999999,-2.1335e-06,2202.25
2026-04-12T19:00:00+00:00,hyperliquid,ETH/USDC:USDC,588036.8953999998,-5.8991e-06,2199.95
2026-04-12T20:00:00+00:00,hyperliquid,ETH/USDC:USDC,587505.3661999996,-3.32853e-05,2197.75
2026-04-12T21:00:00+00:00,hyperliquid,ETH/USDC:USDC,583876.3750000002,-2.5679e-06,2212.45
2026-04-12T22:00:00+00:00,hyperliquid,ETH/USDC:USDC,582304.1092000011,-7.0217e-06,2188.85
2026-04-12T23:00:00+00:00,hyperliquid,ETH/USDC:USDC,576662.5086000005,2.9541e-06,2190.45
2026-04-13T00:00:00+00:00,hyperliquid,ETH/USDC:USDC,577529.8113999999,-1.3661e-06,2187.15
2026-04-13T01:00:00+00:00,hyperliquid,ETH/USDC:USDC,576639.4848000004,1.25e-05,2203.65
2026-04-13T02:00:00+00:00,hyperliquid,ETH/USDC:USDC,580608.4662000001,1.25e-05,2203.05
2026-04-13T03:00:00+00:00,hyperliquid,ETH/USDC:USDC,579600.9442,2.2152e-06,2191.55
2026-04-13T04:00:00+00:00,hyperliquid,ETH/USDC:USDC,578705.2494000006,-3.125e-06,2193.5
2026-04-13T05:00:00+00:00,hyperliquid,ETH/USDC:USDC,577595.743,4.4932e-06,2188.95
2026-04-13T06:00:00+00:00,hyperliquid,ETH/USDC:USDC,572720.5598000005,1.8691e-06,2191.65
2026-04-13T07:00:00+00:00,hyperliquid,ETH/USDC:USDC,569578.6748000007,1.25e-05,2195.75
2026-04-13T08:00:00+00:00,hyperliquid,ETH/USDC:USDC,571081.2522000005,5.0339e-06,2187.05
2026-04-13T09:00:00+00:00,hyperliquid,ETH/USDC:USDC,573633.9013999995,9.429e-07,2191.45
2026-04-13T10:00:00+00:00,hyperliquid,ETH/USDC:USDC,572947.4495999998,1.0325e-06,2185.45
2026-04-13T11:00:00+00:00,hyperliquid,ETH/USDC:USDC,579948.5323999998,3.6957e-06,2182.75
2026-04-13T12:00:00+00:00,hyperliquid,ETH/USDC:USDC,572473.9262000005,1.10893e-05,2184.35
2026-04-13T13:00:00+00:00,hyperliquid,ETH/USDC:USDC,574131.2912000004,1.25e-05,2197.25
2026-04-13T14:00:00+00:00,hyperliquid,ETH/USDC:USDC,588321.9329999996,1.25e-05,2207.45
2026-04-13T15:00:00+00:00,hyperliquid,ETH/USDC:USDC,594555.7950000026,4.8947e-06,2224.15
2026-04-13T16:00:00+00:00,hyperliquid,ETH/USDC:USDC,600977.1929999997,8.1782e-06,2206.05
2026-04-13T17:00:00+00:00,hyperliquid,ETH/USDC:USDC,597854.2214000003,1.06844e-05,2225.45
2026-04-13T18:00:00+00:00,hyperliquid,ETH/USDC:USDC,604726.0728000007,1.25e-05,2224.75
2026-04-13T19:00:00+00:00,hyperliquid,ETH/USDC:USDC,613950.1908000001,4.7721e-06,2229.75
2026-04-13T20:00:00+00:00,hyperliquid,ETH/USDC:USDC,600846.7064000003,3.4267e-06,2257.25
2026-04-13T21:00:00+00:00,hyperliquid,ETH/USDC:USDC,605208.2393999997,3.5938e-06,2249.35
2026-04-13T22:00:00+00:00,hyperliquid,ETH/USDC:USDC,606259.6412000003,9.5943e-06,2261.85
2026-04-13T23:00:00+00:00,hyperliquid,ETH/USDC:USDC,596002.8259999999,1.25e-05,2341.65
2026-04-14T00:00:00+00:00,hyperliquid,ETH/USDC:USDC,603860.0637999988,3.8934e-06,2371.95
2026-04-14T01:00:00+00:00,hyperliquid,ETH/USDC:USDC,597899.4682000006,5.7819e-06,2356.75
2026-04-14T02:00:00+00:00,hyperliquid,ETH/USDC:USDC,599757.4692000002,1.25e-05,2368.35
2026-04-14T03:00:00+00:00,hyperliquid,ETH/USDC:USDC,599951.9292000002,9.9191e-06,2366.25
2026-04-14T04:00:00+00:00,hyperliquid,ETH/USDC:USDC,599066.7525999995,7.205e-07,2363.15
2026-04-14T05:00:00+00:00,hyperliquid,ETH/USDC:USDC,600708.3084000003,1.06813e-05,2361.35
2026-04-14T06:00:00+00:00,hyperliquid,ETH/USDC:USDC,603557.9307999995,-3.5219e-06,2358.65
2026-04-14T07:00:00+00:00,hyperliquid,ETH/USDC:USDC,603787.0123999999,1.08001e-05,2373.45
2026-04-14T08:00:00+00:00,hyperliquid,ETH/USDC:USDC,603716.6014000003,9.9828e-06,2373.35
2026-04-14T09:00:00+00:00,hyperliquid,ETH/USDC:USDC,590285.2981999995,6.4186e-06,2387.1
2026-04-14T10:00:00+00:00,hyperliquid,ETH/USDC:USDC,591377.7382000005,-7.6299e-06,2382.75
2026-04-14T11:00:00+00:00,hyperliquid,ETH/USDC:USDC,596405.2480000001,-7.848e-07,2372.55
2026-04-14T12:00:00+00:00,hyperliquid,ETH/USDC:USDC,593924.2828,-5.8118e-06,2371.45
2026-04-14T13:00:00+00:00,hyperliquid,ETH/USDC:USDC,595255.5763999996,-1.7224e-06,2376.85
2026-04-14T14:00:00+00:00,hyperliquid,ETH/USDC:USDC,590499.0861999992,-4.55419e-05,2384.15
2026-04-14T15:00:00+00:00,hyperliquid,ETH/USDC:USDC,581268.5433999993,-4.91483e-05,2350.95
2026-04-14T16:00:00+00:00,hyperliquid,ETH/USDC:USDC,568454.5742000003,-3.98799e-05,2367.45
2026-04-14T17:00:00+00:00,hyperliquid,ETH/USDC:USDC,558741.6410000005,-3.78634e-05,2330.35
2026-04-14T18:00:00+00:00,hyperliquid,ETH/USDC:USDC,543352.6686000014,-2.69946e-05,2338.55
2026-04-14T19:00:00+00:00,hyperliquid,ETH/USDC:USDC,526503.8332000003,-2.2961e-05,2316.35
2026-04-14T20:00:00+00:00,hyperliquid,ETH/USDC:USDC,512741.1587999999,-1.69449e-05,2319.05
2026-04-14T21:00:00+00:00,hyperliquid,ETH/USDC:USDC,513109.2077999999,-2.58776e-05,2314.15
2026-04-14T22:00:00+00:00,hyperliquid,ETH/USDC:USDC,504416.5417999999,-1.61284e-05,2322.25
2026-04-14T23:00:00+00:00,hyperliquid,ETH/USDC:USDC,502186.8531999999,-1.60228e-05,2315.95
2026-04-15T00:00:00+00:00,hyperliquid,ETH/USDC:USDC,500144.6730000001,-1.77571e-05,2326.85
2026-04-15T01:00:00+00:00,hyperliquid,ETH/USDC:USDC,497727.0288000001,-4.5391e-06,2332.15
2026-04-15T02:00:00+00:00,hyperliquid,ETH/USDC:USDC,498833.1830000001,-1.26753e-05,2333.25
2026-04-15T03:00:00+00:00,hyperliquid,ETH/USDC:USDC,500055.5477999997,-1.96398e-05,2321.45
2026-04-15T04:00:00+00:00,hyperliquid,ETH/USDC:USDC,499386.6008000001,-1.50604e-05,2332.25
2026-04-15T05:00:00+00:00,hyperliquid,ETH/USDC:USDC,494166.8938000004,-4.7988e-06,2334.45
2026-04-15T06:00:00+00:00,hyperliquid,ETH/USDC:USDC,494581.1214000001,-3.23431e-05,2316.05
2026-04-15T07:00:00+00:00,hyperliquid,ETH/USDC:USDC,494513.3950000004,-2.05741e-05,2316.95
2026-04-15T08:00:00+00:00,hyperliquid,ETH/USDC:USDC,489255.0608000003,-9.8108e-06,2314.45
2026-04-15T09:00:00+00:00,hyperliquid,ETH/USDC:USDC,481331.6338000001,-6.4887e-06,2324.15
2026-04-15T10:00:00+00:00,hyperliquid,ETH/USDC:USDC,481400.3539999999,-2.7335e-06,2319.65
2026-04-15T11:00:00+00:00,hyperliquid,ETH/USDC:USDC,483858.0135999999,-8.9124e-06,2317.45
2026-04-15T12:00:00+00:00,hyperliquid,ETH/USDC:USDC,482820.2900000001,-1.06838e-05,2334.35
2026-04-15T13:00:00+00:00,hyperliquid,ETH/USDC:USDC,486287.4396000002,-9.6415e-06,2327.7
2026-04-15T14:00:00+00:00,hyperliquid,ETH/USDC:USDC,487694.7838000002,-2.71235e-05,2322.95
2026-04-15T15:00:00+00:00,hyperliquid,ETH/USDC:USDC,480968.963,-1.06191e-05,2340.85
2026-04-15T16:00:00+00:00,hyperliquid,ETH/USDC:USDC,477369.5892,-1.72164e-05,2334.75
2026-04-15T17:00:00+00:00,hyperliquid,ETH/USDC:USDC,484440.9794000003,-1.18062e-05,2342.55
2026-04-15T18:00:00+00:00,hyperliquid,ETH/USDC:USDC,472119.9109999997,-1.50732e-05,2349.25
2026-04-15T19:00:00+00:00,hyperliquid,ETH/USDC:USDC,467612.3419999999,-2.40484e-05,2360.65
2026-04-15T20:00:00+00:00,hyperliquid,ETH/USDC:USDC,464506.2217999995,-3.11993e-05,2367.65
2026-04-15T21:00:00+00:00,hyperliquid,ETH/USDC:USDC,466973.7105999999,-3.7643e-05,2358.75
2026-04-15T22:00:00+00:00,hyperliquid,ETH/USDC:USDC,463551.6948000001,-2.26005e-05,2366.35
2026-04-15T23:00:00+00:00,hyperliquid,ETH/USDC:USDC,462303.0474000006,-3.4587e-05,2355.05
2026-04-16T00:00:00+00:00,hyperliquid,ETH/USDC:USDC,457492.5195999998,-1.96748e-05,2353.35
2026-04-16T01:00:00+00:00,hyperliquid,ETH/USDC:USDC,457522.9648,-2.11361e-05,2353.85
2026-04-16T02:00:00+00:00,hyperliquid,ETH/USDC:USDC,454571.2205999997,-2.02846e-05,2351.75
2026-04-16T03:00:00+00:00,hyperliquid,ETH/USDC:USDC,454195.9148,-1.89591e-05,2357.55
2026-04-16T04:00:00+00:00,hyperliquid,ETH/USDC:USDC,452845.6223999999,-2.46991e-05,2354.25
2026-04-16T05:00:00+00:00,hyperliquid,ETH/USDC:USDC,455936.6936000002,-2.65523e-05,2353.85
2026-04-16T06:00:00+00:00,hyperliquid,ETH/USDC:USDC,456059.3852,-3.00653e-05,2355.75
2026-04-16T07:00:00+00:00,hyperliquid,ETH/USDC:USDC,455859.8152000002,-2.68007e-05,2353.25
2026-04-16T08:00:00+00:00,hyperliquid,ETH/USDC:USDC,456511.7728000001,-2.49686e-05,2338.15
2026-04-16T09:00:00+00:00,hyperliquid,ETH/USDC:USDC,455265.9216000002,-2.42771e-05,2339.45
2026-04-16T10:00:00+00:00,hyperliquid,ETH/USDC:USDC,456066.2928,-2.49787e-05,2334.55
2026-04-16T11:00:00+00:00,hyperliquid,ETH/USDC:USDC,453523.3171999999,-2.59203e-05,2331.05
2026-04-16T12:00:00+00:00,hyperliquid,ETH/USDC:USDC,479815.9822000002,-3.29308e-05,2338.65
2026-04-16T13:00:00+00:00,hyperliquid,ETH/USDC:USDC,481427.0310000002,-2.71905e-05,2337.95
2026-04-16T14:00:00+00:00,hyperliquid,ETH/USDC:USDC,467171.8580000005,-3.0238e-05,2300.05
2026-04-16T15:00:00+00:00,hyperliquid,ETH/USDC:USDC,456499.7912000002,-1.93688e-05,2311.45
2026-04-16T16:00:00+00:00,hyperliquid,ETH/USDC:USDC,436926.2432000002,-1.30603e-05,2340.05
2026-04-16T17:00:00+00:00,hyperliquid,ETH/USDC:USDC,432088.6087999998,-1.64722e-05,2315.85
2026-04-16T18:00:00+00:00,hyperliquid,ETH/USDC:USDC,434231.7162,-1.35895e-05,2327.85
2026-04-16T19:00:00+00:00,hyperliquid,ETH/USDC:USDC,436112.5424,1.12627e-05,2342.25
2026-04-16T20:00:00+00:00,hyperliquid,ETH/USDC:USDC,425642.1446000001,9.3695e-06,2354.65
2026-04-16T21:00:00+00:00,hyperliquid,ETH/USDC:USDC,423669.9130000002,2.8304e-06,2348.65
2026-04-16T22:00:00+00:00,hyperliquid,ETH/USDC:USDC,424112.1424,4.0948e-06,2346.15
2026-04-16T23:00:00+00:00,hyperliquid,ETH/USDC:USDC,424252.6397999999,-5.4213e-06,2341.25
2026-04-17T00:00:00+00:00,hyperliquid,ETH/USDC:USDC,420536.9557999999,1.0027e-05,2349.05
2026-04-17T01:00:00+00:00,hyperliquid,ETH/USDC:USDC,419762.1706000001,7.8495e-06,2344.75
2026-04-17T02:00:00+00:00,hyperliquid,ETH/USDC:USDC,419145.9876,-1.01051e-05,2335.85
2026-04-17T03:00:00+00:00,hyperliquid,ETH/USDC:USDC,417255.4741999997,-8.0001e-06,2328.15
2026-04-17T04:00:00+00:00,hyperliquid,ETH/USDC:USDC,417101.7783999998,6.36e-07,2324.05
2026-04-17T05:00:00+00:00,hyperliquid,ETH/USDC:USDC,418741.4229999997,-1.9335e-06,2325.85
2026-04-17T06:00:00+00:00,hyperliquid,ETH/USDC:USDC,420008.3345999998,2.0804e-06,2318.25
2026-04-17T07:00:00+00:00,hyperliquid,ETH/USDC:USDC,418717.694,8.176e-07,2334.05
2026-04-17T08:00:00+00:00,hyperliquid,ETH/USDC:USDC,414474.1181999999,1.7202e-06,2332.05
2026-04-17T09:00:00+00:00,hyperliquid,ETH/USDC:USDC,412083.5346000001,-8.7257e-06,2349.55
2026-04-17T10:00:00+00:00,hyperliquid,ETH/USDC:USDC,413781.9532000003,-1.30903e-05,2357.25
2026-04-17T11:00:00+00:00,hyperliquid,ETH/USDC:USDC,412675.3412000001,-1.6184e-05,2344.95
2026-04-17T12:00:00+00:00,hyperliquid,ETH/USDC:USDC,407466.3532000002,-1.00768e-05,2349.25
2026-04-17T13:00:00+00:00,hyperliquid,ETH/USDC:USDC,409706.8842,-5.5721e-06,2367.65
2026-04-17T14:00:00+00:00,hyperliquid,ETH/USDC:USDC,415564.5390000003,-4.5025e-06,2435.85
2026-04-17T15:00:00+00:00,hyperliquid,ETH/USDC:USDC,420343.719,-2.78274e-05,2438.95
2026-04-17T16:00:00+00:00,hyperliquid,ETH/USDC:USDC,427402.5461999998,-2.50227e-05,2445.35
2026-04-17T17:00:00+00:00,hyperliquid,ETH/USDC:USDC,451400.7944,-3.91462e-05,2446.85
2026-04-17T18:00:00+00:00,hyperliquid,ETH/USDC:USDC,428936.2693999996,-2.48126e-05,2433.95
2026-04-17T19:00:00+00:00,hyperliquid,ETH/USDC:USDC,423939.2046000003,-1.35922e-05,2423.55
2026-04-17T20:00:00+00:00,hyperliquid,ETH/USDC:USDC,417701.1074,-3.10905e-05,2428.45
2026-04-17T21:00:00+00:00,hyperliquid,ETH/USDC:USDC,415468.3880000001,-2.41047e-05,2428.75
2026-04-17T22:00:00+00:00,hyperliquid,ETH/USDC:USDC,415236.3623999999,-1.89801e-05,2428.45
2026-04-17T23:00:00+00:00,hyperliquid,ETH/USDC:USDC,415121.2752,-3.90341e-05,2430.15
2026-04-18T00:00:00+00:00,hyperliquid,ETH/USDC:USDC,415907.2540000001,-3.02128e-05,2419.65
2026-04-18T01:00:00+00:00,hyperliquid,ETH/USDC:USDC,409247.4352000002,-1.38699e-05,2417.45
2026-04-18T02:00:00+00:00,hyperliquid,ETH/USDC:USDC,408787.5112000001,-1.79822e-05,2416.25
2026-04-18T03:00:00+00:00,hyperliquid,ETH/USDC:USDC,409855.0315999995,-2.28229e-05,2415.85
2026-04-18T04:00:00+00:00,hyperliquid,ETH/USDC:USDC,407761.5764000003,-2.02121e-05,2405.25
2026-04-18T05:00:00+00:00,hyperliquid,ETH/USDC:USDC,406128.0214000002,-2.06401e-05,2407.95
2026-04-18T06:00:00+00:00,hyperliquid,ETH/USDC:USDC,405009.0125999999,-1.10828e-05,2408.35
2026-04-18T07:00:00+00:00,hyperliquid,ETH/USDC:USDC,404443.0138,-1.64896e-05,2408.25
2026-04-18T08:00:00+00:00,hyperliquid,ETH/USDC:USDC,403696.7086000001,-6.4071e-06,2401.45
2026-04-18T09:00:00+00:00,hyperliquid,ETH/USDC:USDC,398456.2562,-7.2681e-06,2375.55
2026-04-18T10:00:00+00:00,hyperliquid,ETH/USDC:USDC,395373.2486000002,-1.46928e-05,2370.65
2026-04-18T11:00:00+00:00,hyperliquid,ETH/USDC:USDC,393956.4296,-1.24882e-05,2354.25
2026-04-18T12:00:00+00:00,hyperliquid,ETH/USDC:USDC,397077.1961999998,-3.5053e-06,2356.25
2026-04-18T13:00:00+00:00,hyperliquid,ETH/USDC:USDC,396965.8154,-8.7057e-06,2356.35
2026-04-18T14:00:00+00:00,hyperliquid,ETH/USDC:USDC,396999.0608000001,-9.2838e-06,2354.25
2026-04-18T15:00:00+00:00,hyperliquid,ETH/USDC:USDC,395183.4426000002,-2.06325e-05,2363.45
2026-04-18T16:00:00+00:00,hyperliquid,ETH/USDC:USDC,390214.0956000003,-2.26062e-05,2358.35
2026-04-18T17:00:00+00:00,hyperliquid,ETH/USDC:USDC,387784.3741999999,-1.91941e-05,2359.05
2026-04-18T18:00:00+00:00,hyperliquid,ETH/USDC:USDC,390007.0000000001,-1.47368e-05,2356.15
2026-04-18T19:00:00+00:00,hyperliquid,ETH/USDC:USDC,385402.4026000001,-1.9624e-05,2351.95
2026-04-18T20:00:00+00:00,hyperliquid,ETH/USDC:USDC,386233.3762000002,-2.07428e-05,2345.45
2026-04-18T21:00:00+00:00,hyperliquid,ETH/USDC:USDC,387129.2556,-1.96447e-05,2353.35
2026-04-18T22:00:00+00:00,hyperliquid,ETH/USDC:USDC,386268.8646000002,-1.99088e-05,2352.55
2026-04-18T23:00:00+00:00,hyperliquid,ETH/USDC:USDC,386255.764,-1.00799e-05,2356.45
2026-04-19T00:00:00+00:00,hyperliquid,ETH/USDC:USDC,386376.8639999999,-7.073e-06,2350.55
2026-04-19T01:00:00+00:00,hyperliquid,ETH/USDC:USDC,385554.1241999998,-1.02107e-05,2350.15
2026-04-19T02:00:00+00:00,hyperliquid,ETH/USDC:USDC,387152.3675999999,-1.65539e-05,2345.45
2026-04-19T03:00:00+00:00,hyperliquid,ETH/USDC:USDC,386982.2521999999,-1.05667e-05,2337.05
2026-04-19T04:00:00+00:00,hyperliquid,ETH/USDC:USDC,396896.5794000002,-1.33234e-05,2340.05
2026-04-19T05:00:00+00:00,hyperliquid,ETH/USDC:USDC,395175.6782000003,-1.91723e-05,2329.45
2026-04-19T06:00:00+00:00,hyperliquid,ETH/USDC:USDC,395561.4680000003,-1.71758e-05,2330.75
2026-04-19T07:00:00+00:00,hyperliquid,ETH/USDC:USDC,396370.8606,-2.08455e-05,2323.95
2026-04-19T08:00:00+00:00,hyperliquid,ETH/USDC:USDC,394628.1631999998,-2.67557e-05,2314.65
2026-04-19T09:00:00+00:00,hyperliquid,ETH/USDC:USDC,392797.3046,-1.82099e-05,2316.45
2026-04-19T10:00:00+00:00,hyperliquid,ETH/USDC:USDC,397134.8403999997,-2.38626e-05,2310.55
2026-04-19T11:00:00+00:00,hyperliquid,ETH/USDC:USDC,398986.688,-1.75078e-05,2318.15
2026-04-19T12:00:00+00:00,hyperliquid,ETH/USDC:USDC,399984.7329999997,-1.63793e-05,2328.85
2026-04-19T13:00:00+00:00,hyperliquid,ETH/USDC:USDC,398893.8429999997,-2.1202e-05,2333.75
2026-04-19T14:00:00+00:00,hyperliquid,ETH/USDC:USDC,398856.6744000001,-1.91433e-05,2332.75
2026-04-19T15:00:00+00:00,hyperliquid,ETH/USDC:USDC,398223.3736,-2.31939e-05,2333.95
2026-04-19T16:00:00+00:00,hyperliquid,ETH/USDC:USDC,404641.9503999995,-2.47831e-05,2324.25
2026-04-19T17:00:00+00:00,hyperliquid,ETH/USDC:USDC,438303.0720000003,-1.67374e-05,2310.25
2026-04-19T18:00:00+00:00,hyperliquid,ETH/USDC:USDC,455481.1700000004,-2.85117e-05,2296.65
2026-04-19T19:00:00+00:00,hyperliquid,ETH/USDC:USDC,456341.7245999999,-5.3805e-06,2298.65
2026-04-19T20:00:00+00:00,hyperliquid,ETH/USDC:USDC,452455.3611999999,-7.3652e-06,2289.15
2026-04-19T21:00:00+00:00,hyperliquid,ETH/USDC:USDC,456303.6006000002,-1.92057e-05,2279.65
2026-04-19T22:00:00+00:00,hyperliquid,ETH/USDC:USDC,450409.4361999996,-2.8677e-05,2260.25
2026-04-19T23:00:00+00:00,hyperliquid,ETH/USDC:USDC,449329.6000000002,-1.64441e-05,2260.75
2026-04-20T00:00:00+00:00,hyperliquid,ETH/USDC:USDC,461204.9215999999,1.065e-06,2265.55
2026-04-20T01:00:00+00:00,hyperliquid,ETH/USDC:USDC,455284.2887999997,-4.908e-07,2281.55
2026-04-20T02:00:00+00:00,hyperliquid,ETH/USDC:USDC,448512.1054,8.531e-07,2283.85
2026-04-20T03:00:00+00:00,hyperliquid,ETH/USDC:USDC,448768.2052000003,-5.2731e-06,2276.45
2026-04-20T04:00:00+00:00,hyperliquid,ETH/USDC:USDC,449461.5484000001,4.7185e-06,2283.45
2026-04-20T05:00:00+00:00,hyperliquid,ETH/USDC:USDC,449318.7535999999,-7.5732e-06,2277.65
2026-04-20T06:00:00+00:00,hyperliquid,ETH/USDC:USDC,446795.9362000002,7.314e-06,2272.55
2026-04-20T07:00:00+00:00,hyperliquid,ETH/USDC:USDC,446741.9864000001,1.1377e-05,2285.05
2026-04-20T08:00:00+00:00,hyperliquid,ETH/USDC:USDC,445363.1619999998,-8.2424e-06,2292.25
2026-04-20T09:00:00+00:00,hyperliquid,ETH/USDC:USDC,447264.2183999999,8.033e-07,2292.15
2026-04-20T10:00:00+00:00,hyperliquid,ETH/USDC:USDC,447750.5502,6.3637e-06,2310.55
2026-04-20T11:00:00+00:00,hyperliquid,ETH/USDC:USDC,444754.9999999999,4.8808e-06,2303.35
2026-04-20T12:00:00+00:00,hyperliquid,ETH/USDC:USDC,442859.7805999999,6.5706e-06,2304.05
2026-04-20T13:00:00+00:00,hyperliquid,ETH/USDC:USDC,427033.3574,5.5767e-06,2313.15
2026-04-20T14:00:00+00:00,hyperliquid,ETH/USDC:USDC,424096.4505999999,-1.13006e-05,2302.05
2026-04-20T15:00:00+00:00,hyperliquid,ETH/USDC:USDC,439089.9258000004,-1.6475e-06,2281.85
2026-04-20T16:00:00+00:00,hyperliquid,ETH/USDC:USDC,437694.0597999998,-7.8378e-06,2308.15
2026-04-20T17:00:00+00:00,hyperliquid,ETH/USDC:USDC,442446.1006000001,-4.8121e-06,2300.65
2026-04-20T18:00:00+00:00,hyperliquid,ETH/USDC:USDC,424470.2570000003,-6.3826e-06,2324.95
2026-04-20T19:00:00+00:00,hyperliquid,ETH/USDC:USDC,428106.6502,-6.9987e-06,2333.25
2026-04-20T20:00:00+00:00,hyperliquid,ETH/USDC:USDC,428704.1956000001,-6.9767e-06,2331.55
2026-04-20T21:00:00+00:00,hyperliquid,ETH/USDC:USDC,426872.2468000004,-6.8063e-06,2337.45
2026-04-20T22:00:00+00:00,hyperliquid,ETH/USDC:USDC,424601.0007999999,-1.21093e-05,2322.65
2026-04-20T23:00:00+00:00,hyperliquid,ETH/USDC:USDC,425863.9514000005,-2.29853e-05,2311.2
2026-04-21T00:00:00+00:00,hyperliquid,ETH/USDC:USDC,431097.2762000008,-1.5741e-05,2314.65
2026-04-21T01:00:00+00:00,hyperliquid,ETH/USDC:USDC,430516.9074000003,-4.9798e-06,2318.75
2026-04-21T02:00:00+00:00,hyperliquid,ETH/USDC:USDC,431557.7787999997,-2.49714e-05,2308.35
2026-04-21T03:00:00+00:00,hyperliquid,ETH/USDC:USDC,430955.376,-2.03302e-05,2301.95
2026-04-21T04:00:00+00:00,hyperliquid,ETH/USDC:USDC,423758.3067999998,-3.0817e-06,2309.65
2026-04-21T05:00:00+00:00,hyperliquid,ETH/USDC:USDC,419031.0305999995,1.2338e-06,2313.45
2026-04-21T06:00:00+00:00,hyperliquid,ETH/USDC:USDC,422491.8256000003,-3.5753e-06,2310.75
2026-04-21T07:00:00+00:00,hyperliquid,ETH/USDC:USDC,422546.4809999997,-6.1105e-06,2311.05
2026-04-21T08:00:00+00:00,hyperliquid,ETH/USDC:USDC,421306.3241999999,-5.3639e-06,2317.75
2026-04-21T09:00:00+00:00,hyperliquid,ETH/USDC:USDC,419462.7038000003,-6.1677e-06,2319.95
2026-04-21T10:00:00+00:00,hyperliquid,ETH/USDC:USDC,421115.1653999998,-1.02863e-05,2326.25
2026-04-21T11:00:00+00:00,hyperliquid,ETH/USDC:USDC,426351.0530000002,4.146e-07,2328.55
2026-04-21T12:00:00+00:00,hyperliquid,ETH/USDC:USDC,428176.3864000001,-4.4069e-06,2319.85
2026-04-21T13:00:00+00:00,hyperliquid,ETH/USDC:USDC,434795.6042,-7.3798e-06,2305.95
2026-04-21T14:00:00+00:00,hyperliquid,ETH/USDC:USDC,436158.2838000002,9.9852e-06,2304.55
2026-04-21T15:00:00+00:00,hyperliquid,ETH/USDC:USDC,443502.1984000006,5.8644e-06,2294.95
2026-04-21T16:00:00+00:00,hyperliquid,ETH/USDC:USDC,440996.9492000007,-2.8816e-06,2311.65
2026-04-21T17:00:00+00:00,hyperliquid,ETH/USDC:USDC,450580.31,-9.8782e-06,2307.25
2026-04-21T18:00:00+00:00,hyperliquid,ETH/USDC:USDC,436486.1702000001,-9.5109e-06,2306.75
2026-04-21T19:00:00+00:00,hyperliquid,ETH/USDC:USDC,435884.9572000001,8.9847e-06,2317.45
2026-04-21T20:00:00+00:00,hyperliquid,ETH/USDC:USDC,440261.8558,4.5864e-06,2298.45
2026-04-21T21:00:00+00:00,hyperliquid,ETH/USDC:USDC,439296.9980000001,2.3047e-06,2313.75
2026-04-21T22:00:00+00:00,hyperliquid,ETH/USDC:USDC,437044.0268000002,6.187e-06,2312.55
2026-04-21T23:00:00+00:00,hyperliquid,ETH/USDC:USDC,440591.1838000003,-1.7688e-06,2316.05
2026-04-22T00:00:00+00:00,hyperliquid,ETH/USDC:USDC,438724.7854000028,1.25e-05,2325.95
2026-04-22T01:00:00+00:00,hyperliquid,ETH/USDC:USDC,435928.5631999999,4.4913e-06,2324.95
2026-04-22T02:00:00+00:00,hyperliquid,ETH/USDC:USDC,439730.2140000002,8.8316e-06,2320.15
2026-04-22T03:00:00+00:00,hyperliquid,ETH/USDC:USDC,428937.2147999997,1.25e-05,2369.35
2026-04-22T04:00:00+00:00,hyperliquid,ETH/USDC:USDC,435441.6473999999,1.25e-05,2364.05
2026-04-22T05:00:00+00:00,hyperliquid,ETH/USDC:USDC,440459.5882000002,1.25e-05,2360.95
2026-04-22T06:00:00+00:00,hyperliquid,ETH/USDC:USDC,443622.6902000001,-8.66e-07,2390.75
2026-04-22T07:00:00+00:00,hyperliquid,ETH/USDC:USDC,442480.9344000003,1.25e-05,2392.35
2026-04-22T08:00:00+00:00,hyperliquid,ETH/USDC:USDC,443063.4518000001,1.0168e-05,2390.65
2026-04-22T09:00:00+00:00,hyperliquid,ETH/USDC:USDC,442908.3368,5.2619e-06,2387.85
2026-04-22T10:00:00+00:00,hyperliquid,ETH/USDC:USDC,443913.6777999997,4.8633e-06,2386.05
2026-04-22T11:00:00+00:00,hyperliquid,ETH/USDC:USDC,443783.5530000001,7.3026e-06,2390.75
2026-04-22T12:00:00+00:00,hyperliquid,ETH/USDC:USDC,437848.6849999998,1.25e-05,2398.95
2026-04-22T13:00:00+00:00,hyperliquid,ETH/USDC:USDC,435306.083,-1.8975e-06,2404.15
2026-04-22T14:00:00+00:00,hyperliquid,ETH/USDC:USDC,437895.5688000004,9.9075e-06,2418.25
2026-04-22T15:00:00+00:00,hyperliquid,ETH/USDC:USDC,440705.3294000002,1.9605e-06,2395.35
2026-04-22T16:00:00+00:00,hyperliquid,ETH/USDC:USDC,440564.9357999997,4.2059e-06,2407.65
2026-04-22T17:00:00+00:00,hyperliquid,ETH/USDC:USDC,438735.6111999997,8.6684e-06,2390.25
2026-04-22T18:00:00+00:00,hyperliquid,ETH/USDC:USDC,440234.5568,4.7832e-06,2401.15
2026-04-22T19:00:00+00:00,hyperliquid,ETH/USDC:USDC,438412.0397999998,-5.5678e-06,2393.15
2026-04-22T20:00:00+00:00,hyperliquid,ETH/USDC:USDC,441717.9113999999,5.7859e-06,2398.05
2026-04-22T21:00:00+00:00,hyperliquid,ETH/USDC:USDC,441672.4174,5.7431e-06,2393.75
2026-04-22T22:00:00+00:00,hyperliquid,ETH/USDC:USDC,443724.5257999999,4.8995e-06,2399.85
2026-04-22T23:00:00+00:00,hyperliquid,ETH/USDC:USDC,443347.1692,-5.3929e-06,2393.95
2026-04-23T00:00:00+00:00,hyperliquid,ETH/USDC:USDC,437349.7812000003,5.9339e-06,2375.35
2026-04-23T01:00:00+00:00,hyperliquid,ETH/USDC:USDC,435447.3238,-3.4006e-06,2367.85
2026-04-23T02:00:00+00:00,hyperliquid,ETH/USDC:USDC,433584.1001999999,8.1372e-06,2362.45
2026-04-23T03:00:00+00:00,hyperliquid,ETH/USDC:USDC,434649.0788000001,2.2956e-06,2351.45
2026-04-23T04:00:00+00:00,hyperliquid,ETH/USDC:USDC,434869.5749999997,-1.0941e-06,2336.35
2026-04-23T05:00:00+00:00,hyperliquid,ETH/USDC:USDC,434524.1430000001,-5.441e-07,2350.65
2026-04-23T06:00:00+00:00,hyperliquid,ETH/USDC:USDC,432959.7194000002,-5.8172e-06,2349.65
2026-04-23T07:00:00+00:00,hyperliquid,ETH/USDC:USDC,433672.3509999998,-5.3696e-06,2354.45
2026-04-23T08:00:00+00:00,hyperliquid,ETH/USDC:USDC,443538.9582000003,-5.352e-06,2340.45
2026-04-23T09:00:00+00:00,hyperliquid,ETH/USDC:USDC,442273.0513999998,-1.1095e-06,2337.25
2026-04-23T10:00:00+00:00,hyperliquid,ETH/USDC:USDC,446280.6356000002,-1.32875e-05,2317.05
2026-04-23T11:00:00+00:00,hyperliquid,ETH/USDC:USDC,454032.5776,-1.2089e-05,2314.85
2026-04-23T12:00:00+00:00,hyperliquid,ETH/USDC:USDC,450252.2963999999,-1.08572e-05,2329.55
2026-04-23T13:00:00+00:00,hyperliquid,ETH/USDC:USDC,451727.9778000003,-1.15062e-05,2327.85
2026-04-23T14:00:00+00:00,hyperliquid,ETH/USDC:USDC,458106.2112000001,1.8613e-06,2318.85
2026-04-23T15:00:00+00:00,hyperliquid,ETH/USDC:USDC,458040.6835999998,-2.6489e-06,2328.45
2026-04-23T16:00:00+00:00,hyperliquid,ETH/USDC:USDC,455252.6566000002,4.308e-07,2330.95
2026-04-23T17:00:00+00:00,hyperliquid,ETH/USDC:USDC,455308.6517999998,-7.234e-06,2320.85
2026-04-23T18:00:00+00:00,hyperliquid,ETH/USDC:USDC,442415.0798000002,1.25e-05,2311.85
2026-04-23T19:00:00+00:00,hyperliquid,ETH/USDC:USDC,421689.4542000001,-8.0021e-06,2300.35
2026-04-23T20:00:00+00:00,hyperliquid,ETH/USDC:USDC,431282.3055999998,8.1777e-06,2318.95
2026-04-23T21:00:00+00:00,hyperliquid,ETH/USDC:USDC,445547.6837999998,1.09448e-05,2324.65
2026-04-23T22:00:00+00:00,hyperliquid,ETH/USDC:USDC,441060.7423999999,-2.6665e-06,2325.45
2026-04-23T23:00:00+00:00,hyperliquid,ETH/USDC:USDC,437506.5764000003,-2.5285e-06,2330.15
2026-04-24T00:00:00+00:00,hyperliquid,ETH/USDC:USDC,436138.8806000003,9.376e-07,2328.05
2026-04-24T01:00:00+00:00,hyperliquid,ETH/USDC:USDC,434988.4666000004,2.4283e-06,2327.55
2026-04-24T02:00:00+00:00,hyperliquid,ETH/USDC:USDC,436517.5893999999,3.3924e-06,2332.15
2026-04-24T03:00:00+00:00,hyperliquid,ETH/USDC:USDC,423890.2674,-2.12107e-05,2317.55
2026-04-24T04:00:00+00:00,hyperliquid,ETH/USDC:USDC,428044.7102,-1.65285e-05,2305.95
2026-04-24T05:00:00+00:00,hyperliquid,ETH/USDC:USDC,427946.1512,-1.38826e-05,2304.55
2026-04-24T06:00:00+00:00,hyperliquid,ETH/USDC:USDC,432259.8030000002,1.7926e-06,2312.25
2026-04-24T07:00:00+00:00,hyperliquid,ETH/USDC:USDC,431771.8078000001,2.4963e-06,2310.25
2026-04-24T08:00:00+00:00,hyperliquid,ETH/USDC:USDC,436457.0249999999,9.9597e-06,2310.25
2026-04-24T09:00:00+00:00,hyperliquid,ETH/USDC:USDC,441846.4230000001,4.2623e-06,2311.45
2026-04-24T10:00:00+00:00,hyperliquid,ETH/USDC:USDC,435009.8176000002,-8.5412e-06,2306.35
2026-04-24T11:00:00+00:00,hyperliquid,ETH/USDC:USDC,433204.1231999998,-4.6645e-06,2317.55
2026-04-24T12:00:00+00:00,hyperliquid,ETH/USDC:USDC,439171.5790000001,9.155e-07,2329.75
2026-04-24T13:00:00+00:00,hyperliquid,ETH/USDC:USDC,440237.7448,-1.9321e-06,2326.0
2026-04-24T14:00:00+00:00,hyperliquid,ETH/USDC:USDC,428163.1488,-2.46061e-05,2308.75
2026-04-24T15:00:00+00:00,hyperliquid,ETH/USDC:USDC,429396.5265999998,6.403e-06,2310.65
2026-04-24T16:00:00+00:00,hyperliquid,ETH/USDC:USDC,429499.5625999999,9.4644e-06,2320.45
2026-04-24T17:00:00+00:00,hyperliquid,ETH/USDC:USDC,428307.8966000004,9.9315e-06,2313.95
2026-04-24T18:00:00+00:00,hyperliquid,ETH/USDC:USDC,424926.2442000001,8.7468e-06,2318.45
2026-04-24T19:00:00+00:00,hyperliquid,ETH/USDC:USDC,423534.2712000007,-9.596e-07,2323.45
2026-04-24T20:00:00+00:00,hyperliquid,ETH/USDC:USDC,422744.1026000001,-3.1388e-06,2318.15
2026-04-24T21:00:00+00:00,hyperliquid,ETH/USDC:USDC,423103.8974,6.2247e-06,2323.35
2026-04-24T22:00:00+00:00,hyperliquid,ETH/USDC:USDC,423095.1294,3.8038e-06,2313.15
2026-04-24T23:00:00+00:00,hyperliquid,ETH/USDC:USDC,418596.9226000002,9.1898e-06,2311.25
2026-04-25T00:00:00+00:00,hyperliquid,ETH/USDC:USDC,418169.5499999999,5.0579e-06,2314.25
2026-04-25T01:00:00+00:00,hyperliquid,ETH/USDC:USDC,417917.9142000001,6.3721e-06,2316.05
2026-04-25T02:00:00+00:00,hyperliquid,ETH/USDC:USDC,417282.8278,-2.336e-06,2317.15
2026-04-25T03:00:00+00:00,hyperliquid,ETH/USDC:USDC,420495.6700000004,7.2751e-06,2317.25
2026-04-25T04:00:00+00:00,hyperliquid,ETH/USDC:USDC,421721.4328000001,9.95e-06,2316.85
2026-04-25T05:00:00+00:00,hyperliquid,ETH/USDC:USDC,420281.1484000001,5.347e-07,2313.35
2026-04-25T06:00:00+00:00,hyperliquid,ETH/USDC:USDC,420211.0004,2.6226e-06,2315.55
2026-04-25T07:00:00+00:00,hyperliquid,ETH/USDC:USDC,423122.5774,1.10299e-05,2313.35
2026-04-25T08:00:00+00:00,hyperliquid,ETH/USDC:USDC,422344.8092,7.4286e-06,2315.45
2026-04-25T09:00:00+00:00,hyperliquid,ETH/USDC:USDC,430869.864,1.25e-05,2318.05
2026-04-25T10:00:00+00:00,hyperliquid,ETH/USDC:USDC,431884.1122000002,1.25e-05,2320.05
2026-04-25T11:00:00+00:00,hyperliquid,ETH/USDC:USDC,430886.2646,5.9104e-06,2317.85
2026-04-25T12:00:00+00:00,hyperliquid,ETH/USDC:USDC,427356.7296000002,2.9804e-06,2312.45
2026-04-25T13:00:00+00:00,hyperliquid,ETH/USDC:USDC,427875.1980000001,7.2065e-06,2313.25
2026-04-25T14:00:00+00:00,hyperliquid,ETH/USDC:USDC,439536.8648,1.25e-05,2317.25
2026-04-25T15:00:00+00:00,hyperliquid,ETH/USDC:USDC,428131.6818,1.25e-05,2314.65
2026-04-25T16:00:00+00:00,hyperliquid,ETH/USDC:USDC,430463.3985999998,2.9233e-06,2307.75
2026-04-25T17:00:00+00:00,hyperliquid,ETH/USDC:USDC,430461.7951999999,7.4553e-06,2307.85
2026-04-25T18:00:00+00:00,hyperliquid,ETH/USDC:USDC,429715.7674000001,1.21809e-05,2310.55
2026-04-25T19:00:00+00:00,hyperliquid,ETH/USDC:USDC,432740.3591999999,1.00733e-05,2310.45
2026-04-25T20:00:00+00:00,hyperliquid,ETH/USDC:USDC,431564.7462,8.705e-06,2309.85
2026-04-25T21:00:00+00:00,hyperliquid,ETH/USDC:USDC,430515.3107999999,1.25e-05,2313.85
2026-04-25T22:00:00+00:00,hyperliquid,ETH/USDC:USDC,434118.2679999998,4.7295e-06,2314.45
2026-04-25T23:00:00+00:00,hyperliquid,ETH/USDC:USDC,432719.4545999998,5.2681e-06,2315.95
2026-04-26T00:00:00+00:00,hyperliquid,ETH/USDC:USDC,432102.9585999999,-6.474e-07,2317.05
2026-04-26T01:00:00+00:00,hyperliquid,ETH/USDC:USDC,431400.5061999999,7.72e-07,2313.75
2026-04-26T02:00:00+00:00,hyperliquid,ETH/USDC:USDC,431319.4185999999,8.366e-07,2313.65
2026-04-26T03:00:00+00:00,hyperliquid,ETH/USDC:USDC,431559.9134,-3.1771e-06,2313.25
2026-04-26T04:00:00+00:00,hyperliquid,ETH/USDC:USDC,433603.2849999999,-8.3122e-06,2308.85
2026-04-26T05:00:00+00:00,hyperliquid,ETH/USDC:USDC,433604.2671999998,-1.25551e-05,2316.75
2026-04-26T06:00:00+00:00,hyperliquid,ETH/USDC:USDC,429312.6382000001,4.1964e-06,2329.65
2026-04-26T07:00:00+00:00,hyperliquid,ETH/USDC:USDC,428779.1167999998,3.206e-07,2329.05
2026-04-26T08:00:00+00:00,hyperliquid,ETH/USDC:USDC,428999.3319999998,1.25e-05,2331.85
2026-04-26T09:00:00+00:00,hyperliquid,ETH/USDC:USDC,431561.4606,7.8741e-06,2329.85
2026-04-26T10:00:00+00:00,hyperliquid,ETH/USDC:USDC,431604.5950000001,1.813e-06,2331.55
2026-04-26T11:00:00+00:00,hyperliquid,ETH/USDC:USDC,431201.2024000004,-2.9974e-06,2332.45
2026-04-26T12:00:00+00:00,hyperliquid,ETH/USDC:USDC,433064.1804000006,2.345e-06,2334.05
2026-04-26T13:00:00+00:00,hyperliquid,ETH/USDC:USDC,433855.8030000001,1.6159e-06,2327.35
2026-04-26T14:00:00+00:00,hyperliquid,ETH/USDC:USDC,433181.5026000002,-9.3459e-06,2332.95
2026-04-26T15:00:00+00:00,hyperliquid,ETH/USDC:USDC,433092.1144,-1.7773e-06,2346.55
2026-04-26T16:00:00+00:00,hyperliquid,ETH/USDC:USDC,436140.2234000002,-3.6028e-06,2345.15
2026-04-26T17:00:00+00:00,hyperliquid,ETH/USDC:USDC,434922.8013999998,-5.4056e-06,2340.35
2026-04-26T18:00:00+00:00,hyperliquid,ETH/USDC:USDC,434704.6111999999,-3.7388e-06,2348.65
2026-04-26T19:00:00+00:00,hyperliquid,ETH/USDC:USDC,433478.7868000001,-6.7706e-06,2359.45
2026-04-26T20:00:00+00:00,hyperliquid,ETH/USDC:USDC,439086.6116000001,-8.5157e-06,2365.85
2026-04-26T21:00:00+00:00,hyperliquid,ETH/USDC:USDC,439320.619,-1.28067e-05,2363.75
2026-04-26T22:00:00+00:00,hyperliquid,ETH/USDC:USDC,435751.0492,5.4095e-06,2367.35
2026-04-26T23:00:00+00:00,hyperliquid,ETH/USDC:USDC,440686.0051999999,7.131e-06,2359.05
2026-04-27T00:00:00+00:00,hyperliquid,ETH/USDC:USDC,441075.8469999997,1.25e-05,2374.05
2026-04-27T01:00:00+00:00,hyperliquid,ETH/USDC:USDC,436228.8079999994,1.25e-05,2397.15
2026-04-27T02:00:00+00:00,hyperliquid,ETH/USDC:USDC,437325.6895999999,1.25e-05,2389.75
2026-04-27T03:00:00+00:00,hyperliquid,ETH/USDC:USDC,437127.9419999996,1.25e-05,2390.85
2026-04-27T04:00:00+00:00,hyperliquid,ETH/USDC:USDC,433542.7525999999,1.11681e-05,2393.45
2026-04-27T05:00:00+00:00,hyperliquid,ETH/USDC:USDC,432921.4263999995,1.25e-05,2378.75
2026-04-27T06:00:00+00:00,hyperliquid,ETH/USDC:USDC,414358.7581999998,1.9257e-06,2321.55
2026-04-27T07:00:00+00:00,hyperliquid,ETH/USDC:USDC,418380.4982,-1.9721e-06,2320.75
2026-04-27T08:00:00+00:00,hyperliquid,ETH/USDC:USDC,419449.1956,2.1816e-06,2317.65
2026-04-27T09:00:00+00:00,hyperliquid,ETH/USDC:USDC,418021.8044000001,7.2397e-06,2318.25
2026-04-27T10:00:00+00:00,hyperliquid,ETH/USDC:USDC,416518.7926000002,-3.828e-07,2321.35
2026-04-27T11:00:00+00:00,hyperliquid,ETH/USDC:USDC,422276.3486,6.0753e-06,2320.75
2026-04-27T12:00:00+00:00,hyperliquid,ETH/USDC:USDC,423646.1968000002,2.0693e-06,2315.55
2026-04-27T13:00:00+00:00,hyperliquid,ETH/USDC:USDC,425493.0748000001,9.7169e-06,2313.15
2026-04-27T14:00:00+00:00,hyperliquid,ETH/USDC:USDC,429980.4401999994,1.01966e-05,2311.65
2026-04-27T15:00:00+00:00,hyperliquid,ETH/USDC:USDC,429408.7803999999,1.3751e-06,2307.15
2026-04-27T16:00:00+00:00,hyperliquid,ETH/USDC:USDC,426610.7278000001,-9.2332e-06,2269.75
2026-04-27T17:00:00+00:00,hyperliquid,ETH/USDC:USDC,426962.0288000003,-2.0736e-05,2279.65
2026-04-27T18:00:00+00:00,hyperliquid,ETH/USDC:USDC,430475.4750000002,-8.9093e-06,2288.15
2026-04-27T19:00:00+00:00,hyperliquid,ETH/USDC:USDC,431693.4853999999,-8.1353e-06,2286.55
2026-04-27T20:00:00+00:00,hyperliquid,ETH/USDC:USDC,430853.7521999996,1.3362e-06,2290.35
2026-04-27T21:00:00+00:00,hyperliquid,ETH/USDC:USDC,431641.7601999998,-8.3739e-06,2289.15
2026-04-27T22:00:00+00:00,hyperliquid,ETH/USDC:USDC,430185.7514,-7.802e-06,2285.55
2026-04-27T23:00:00+00:00,hyperliquid,ETH/USDC:USDC,432359.7220000002,-6.615e-07,2292.15
2026-04-28T00:00:00+00:00,hyperliquid,ETH/USDC:USDC,432669.7996000001,5.7319e-06,2302.15
2026-04-28T01:00:00+00:00,hyperliquid,ETH/USDC:USDC,432682.6327999999,1.5254e-06,2305.15
2026-04-28T02:00:00+00:00,hyperliquid,ETH/USDC:USDC,431546.0402000035,-2.0063e-06,2297.35
2026-04-28T03:00:00+00:00,hyperliquid,ETH/USDC:USDC,427570.2674000003,1.7914e-06,2285.85
2026-04-28T04:00:00+00:00,hyperliquid,ETH/USDC:USDC,426831.4809999999,-6.707e-07,2287.45
2026-04-28T05:00:00+00:00,hyperliquid,ETH/USDC:USDC,425446.7757999998,-2.7715e-06,2289.15
2026-04-28T06:00:00+00:00,hyperliquid,ETH/USDC:USDC,427382.9860000003,-6.0671e-06,2287.05
2026-04-28T07:00:00+00:00,hyperliquid,ETH/USDC:USDC,427672.6762,-1.37532e-05,2276.95
2026-04-28T08:00:00+00:00,hyperliquid,ETH/USDC:USDC,431360.136,-2.42415e-05,2285.15
2026-04-28T09:00:00+00:00,hyperliquid,ETH/USDC:USDC,430178.0144000002,-7.333e-06,2283.85
2026-04-28T10:00:00+00:00,hyperliquid,ETH/USDC:USDC,428874.475,-2.234e-07,2284.15
2026-04-28T11:00:00+00:00,hyperliquid,ETH/USDC:USDC,429314.5352000005,-3.4123e-06,2280.35
2026-04-28T12:00:00+00:00,hyperliquid,ETH/USDC:USDC,427741.2804,-2.7352e-06,2273.65
2026-04-28T13:00:00+00:00,hyperliquid,ETH/USDC:USDC,430009.4149999999,-7.6524e-06,2274.75
2026-04-28T14:00:00+00:00,hyperliquid,ETH/USDC:USDC,449106.8358000005,1.16033e-05,2271.05
2026-04-28T15:00:00+00:00,hyperliquid,ETH/USDC:USDC,464269.5986000001,1.25e-05,2272.15
2026-04-28T16:00:00+00:00,hyperliquid,ETH/USDC:USDC,469557.1638000002,1.25e-05,2277.05
2026-04-28T17:00:00+00:00,hyperliquid,ETH/USDC:USDC,471185.4310000002,1.01916e-05,2283.35
2026-04-28T18:00:00+00:00,hyperliquid,ETH/USDC:USDC,471154.9278000001,6.6064e-06,2288.95
2026-04-28T19:00:00+00:00,hyperliquid,ETH/USDC:USDC,466879.5134000001,1.25e-05,2294.65
2026-04-28T20:00:00+00:00,hyperliquid,ETH/USDC:USDC,464971.3936000002,1.25e-05,2303.25
2026-04-28T21:00:00+00:00,hyperliquid,ETH/USDC:USDC,465195.0432000001,1.25e-05,2295.75
2026-04-28T22:00:00+00:00,hyperliquid,ETH/USDC:USDC,463667.4126000002,1.25e-05,2289.95
2026-04-28T23:00:00+00:00,hyperliquid,ETH/USDC:USDC,462252.7302000001,6.7444e-06,2284.45
2026-04-29T00:00:00+00:00,hyperliquid,ETH/USDC:USDC,462640.3662000002,1.25e-05,2289.75
2026-04-29T01:00:00+00:00,hyperliquid,ETH/USDC:USDC,460765.0701999996,1.25e-05,2290.35
2026-04-29T02:00:00+00:00,hyperliquid,ETH/USDC:USDC,464105.069,1.25e-05,2291.25
2026-04-29T03:00:00+00:00,hyperliquid,ETH/USDC:USDC,463277.4071999999,1.25e-05,2289.85
2026-04-29T04:00:00+00:00,hyperliquid,ETH/USDC:USDC,474742.6834000003,1.25e-05,2310.05
2026-04-29T05:00:00+00:00,hyperliquid,ETH/USDC:USDC,468416.8983999997,9.3015e-06,2323.95
2026-04-29T06:00:00+00:00,hyperliquid,ETH/USDC:USDC,468519.507,9.2785e-06,2329.05
2026-04-29T07:00:00+00:00,hyperliquid,ETH/USDC:USDC,464590.2832000002,1.25e-05,2324.05
2026-04-29T08:00:00+00:00,hyperliquid,ETH/USDC:USDC,463943.2782000005,1.25e-05,2323.25
2026-04-29T09:00:00+00:00,hyperliquid,ETH/USDC:USDC,462710.3888,1.25e-05,2323.55
2026-04-29T10:00:00+00:00,hyperliquid,ETH/USDC:USDC,460603.6188000002,1.10226e-05,2342.15
2026-04-29T11:00:00+00:00,hyperliquid,ETH/USDC:USDC,464071.085,7.1432e-06,2331.85
2026-04-29T12:00:00+00:00,hyperliquid,ETH/USDC:USDC,463243.2711999997,6.1994e-06,2327.45
2026-04-29T13:00:00+00:00,hyperliquid,ETH/USDC:USDC,468565.5734000002,1.25e-05,2316.55
2026-04-29T14:00:00+00:00,hyperliquid,ETH/USDC:USDC,473068.0135999997,-9.311e-07,2296.35
2026-04-29T15:00:00+00:00,hyperliquid,ETH/USDC:USDC,472884.8186000001,9.5519e-06,2296.95
2026-04-29T16:00:00+00:00,hyperliquid,ETH/USDC:USDC,468908.2441999999,-1.281e-07,2274.25
2026-04-29T17:00:00+00:00,hyperliquid,ETH/USDC:USDC,466978.3212000004,6.4006e-06,2271.25
2026-04-29T18:00:00+00:00,hyperliquid,ETH/USDC:USDC,469739.3728,9.3561e-06,2270.55
2026-04-29T19:00:00+00:00,hyperliquid,ETH/USDC:USDC,440066.0859999999,7.758e-07,2236.55
2026-04-29T20:00:00+00:00,hyperliquid,ETH/USDC:USDC,445154.5614000006,9.2665e-06,2240.15
2026-04-29T21:00:00+00:00,hyperliquid,ETH/USDC:USDC,476773.9228000001,1.25e-05,2242.55
2026-04-29T22:00:00+00:00,hyperliquid,ETH/USDC:USDC,489078.0985999997,5.6657e-06,2250.15
2026-04-29T23:00:00+00:00,hyperliquid,ETH/USDC:USDC,489520.4704000002,3.8189e-06,2255.15
2026-04-30T00:00:00+00:00,hyperliquid,ETH/USDC:USDC,489600.8206000003,-2.7518e-06,2254.35
2026-04-30T01:00:00+00:00,hyperliquid,ETH/USDC:USDC,490739.5607999999,7.2424e-06,2271.75
2026-04-30T02:00:00+00:00,hyperliquid,ETH/USDC:USDC,509531.6117999995,-5.4707e-06,2271.35
2026-04-30T03:00:00+00:00,hyperliquid,ETH/USDC:USDC,506169.6615999999,-7.0367e-06,2246.05
2026-04-30T04:00:00+00:00,hyperliquid,ETH/USDC:USDC,502988.7403999997,-6.025e-06,2250.55
2026-04-30T05:00:00+00:00,hyperliquid,ETH/USDC:USDC,505417.8310000002,-1.7057e-06,2241.35
2026-04-30T06:00:00+00:00,hyperliquid,ETH/USDC:USDC,504418.2826000001,-3.777e-07,2241.45
2026-04-30T07:00:00+00:00,hyperliquid,ETH/USDC:USDC,506996.5027999999,5.5525e-06,2246.95
2026-04-30T08:00:00+00:00,hyperliquid,ETH/USDC:USDC,513799.7756000002,1.06547e-05,2255.55
2026-04-30T09:00:00+00:00,hyperliquid,ETH/USDC:USDC,513540.421,-4.9678e-06,2257.55
2026-04-30T10:00:00+00:00,hyperliquid,ETH/USDC:USDC,523330.6956000003,2.2012e-06,2262.05
2026-04-30T11:00:00+00:00,hyperliquid,ETH/USDC:USDC,527426.4044000005,-3.65e-06,2262.25
2026-04-30T12:00:00+00:00,hyperliquid,ETH/USDC:USDC,524793.05,-9.0016e-06,2258.65
2026-04-30T13:00:00+00:00,hyperliquid,ETH/USDC:USDC,521005.5029999998,5.8687e-06,2266.85
2026-04-30T14:00:00+00:00,hyperliquid,ETH/USDC:USDC,524804.4930000001,-2.4e-07,2267.85
2026-04-30T15:00:00+00:00,hyperliquid,ETH/USDC:USDC,514215.2854000002,1.25e-05,2260.45
2026-04-30T16:00:00+00:00,hyperliquid,ETH/USDC:USDC,515035.4471999999,7.577e-06,2263.45
2026-04-30T17:00:00+00:00,hyperliquid,ETH/USDC:USDC,515057.9318000001,9.2374e-06,2255.95
2026-04-30T18:00:00+00:00,hyperliquid,ETH/USDC:USDC,513035.6905999998,1.25e-05,2261.35
2026-04-30T19:00:00+00:00,hyperliquid,ETH/USDC:USDC,506372.3834000002,1.25e-05,2259.65
2026-04-30T20:00:00+00:00,hyperliquid,ETH/USDC:USDC,513252.3784,1.25e-05,2260.95
2026-04-30T21:00:00+00:00,hyperliquid,ETH/USDC:USDC,512587.5811999999,1.25e-05,2263.35
2026-04-30T22:00:00+00:00,hyperliquid,ETH/USDC:USDC,500137.3640000005,1.25e-05,2256.25
2026-04-30T23:00:00+00:00,hyperliquid,ETH/USDC:USDC,499840.8646000001,1.25e-05,2254.55
2026-05-01T00:00:00+00:00,hyperliquid,ETH/USDC:USDC,494059.4930000002,1.25e-05,2261.05
2026-05-01T01:00:00+00:00,hyperliquid,ETH/USDC:USDC,494252.4184,1.25e-05,2260.25
2026-05-01T02:00:00+00:00,hyperliquid,ETH/USDC:USDC,495258.1546000004,1.25e-05,2265.15
2026-05-01T03:00:00+00:00,hyperliquid,ETH/USDC:USDC,500700.2348,1.11209e-05,2265.55
2026-05-01T04:00:00+00:00,hyperliquid,ETH/USDC:USDC,489777.279,1.25e-05,2280.9
2026-05-01T05:00:00+00:00,hyperliquid,ETH/USDC:USDC,490615.4150000001,1.25e-05,2279.95
2026-05-01T06:00:00+00:00,hyperliquid,ETH/USDC:USDC,489992.7396,9.2271e-06,2283.55
2026-05-01T07:00:00+00:00,hyperliquid,ETH/USDC:USDC,492181.6469999998,1.25e-05,2275.35
2026-05-01T08:00:00+00:00,hyperliquid,ETH/USDC:USDC,491931.2610000001,1.25e-05,2278.15
2026-05-01T09:00:00+00:00,hyperliquid,ETH/USDC:USDC,500300.2740000001,3.5785e-06,2282.55
2026-05-01T10:00:00+00:00,hyperliquid,ETH/USDC:USDC,499292.9652,-2.1102e-06,2280.15
2026-05-01T11:00:00+00:00,hyperliquid,ETH/USDC:USDC,493291.3833999999,3.8325e-06,2281.85
2026-05-01T12:00:00+00:00,hyperliquid,ETH/USDC:USDC,489884.8167999998,1.7166e-06,2287.05
2026-05-01T13:00:00+00:00,hyperliquid,ETH/USDC:USDC,502475.1967999999,8.3578e-06,2306.25
2026-05-01T14:00:00+00:00,hyperliquid,ETH/USDC:USDC,529424.1303999991,1.25e-05,2317.95
2026-05-01T15:00:00+00:00,hyperliquid,ETH/USDC:USDC,545868.8780000005,1.25e-05,2304.55
2026-05-01T16:00:00+00:00,hyperliquid,ETH/USDC:USDC,554426.1771999992,1.25e-05,2311.45
2026-05-01T17:00:00+00:00,hyperliquid,ETH/USDC:USDC,553577.4558000002,1.25e-05,2302.75
2026-05-01T18:00:00+00:00,hyperliquid,ETH/USDC:USDC,555016.5822000006,1.25e-05,2309.35
2026-05-01T19:00:00+00:00,hyperliquid,ETH/USDC:USDC,554718.9953999997,1.21244e-05,2304.55
2026-05-01T20:00:00+00:00,hyperliquid,ETH/USDC:USDC,554898.2066000005,1.25e-05,2303.35
2026-05-01T21:00:00+00:00,hyperliquid,ETH/USDC:USDC,549445.7333999997,8.6174e-06,2286.15
2026-05-01T22:00:00+00:00,hyperliquid,ETH/USDC:USDC,541748.3430000006,-8.579e-07,2293.6
2026-05-01T23:00:00+00:00,hyperliquid,ETH/USDC:USDC,541804.9818000002,-7.523e-07,2291.05
2026-05-02T00:00:00+00:00,hyperliquid,ETH/USDC:USDC,540205.0321999997,1.25e-05,2295.45
2026-05-02T01:00:00+00:00,hyperliquid,ETH/USDC:USDC,540470.2938,1.25e-05,2295.85
2026-05-02T02:00:00+00:00,hyperliquid,ETH/USDC:USDC,539568.4521999999,3.3324e-06,2298.05
2026-05-02T03:00:00+00:00,hyperliquid,ETH/USDC:USDC,539846.3927999996,1.25e-05,2303.15
2026-05-02T04:00:00+00:00,hyperliquid,ETH/USDC:USDC,541491.8598000001,1.18981e-05,2303.55
2026-05-02T05:00:00+00:00,hyperliquid,ETH/USDC:USDC,541553.0712,1.25e-05,2299.75
2026-05-02T06:00:00+00:00,hyperliquid,ETH/USDC:USDC,539865.6431999999,1.25e-05,2299.95
2026-05-02T07:00:00+00:00,hyperliquid,ETH/USDC:USDC,544370.6719999999,1.25e-05,2303.85
2026-05-02T08:00:00+00:00,hyperliquid,ETH/USDC:USDC,547273.3567999997,1.25e-05,2299.95
2026-05-02T09:00:00+00:00,hyperliquid,ETH/USDC:USDC,547173.7417999997,1.25e-05,2303.25
2026-05-02T10:00:00+00:00,hyperliquid,ETH/USDC:USDC,548861.3405999993,1.25e-05,2303.85
2026-05-02T11:00:00+00:00,hyperliquid,ETH/USDC:USDC,548659.6192,6.006e-07,2301.05
2026-05-02T12:00:00+00:00,hyperliquid,ETH/USDC:USDC,549474.3086000001,1.25e-05,2301.05
2026-05-02T13:00:00+00:00,hyperliquid,ETH/USDC:USDC,550645.892,4.4144e-06,2304.45
2026-05-02T14:00:00+00:00,hyperliquid,ETH/USDC:USDC,550945.0019999996,5.5535e-06,2306.85
2026-05-02T15:00:00+00:00,hyperliquid,ETH/USDC:USDC,550952.3364000003,3.549e-06,2305.45
2026-05-02T16:00:00+00:00,hyperliquid,ETH/USDC:USDC,551386.7250000004,1.25e-05,2308.05
2026-05-02T17:00:00+00:00,hyperliquid,ETH/USDC:USDC,554345.4108000003,1.25e-05,2308.45
2026-05-02T18:00:00+00:00,hyperliquid,ETH/USDC:USDC,554487.7176000002,1.25e-05,2304.25
2026-05-02T19:00:00+00:00,hyperliquid,ETH/USDC:USDC,554413.7116,1.25e-05,2308.75
2026-05-02T20:00:00+00:00,hyperliquid,ETH/USDC:USDC,557278.2554000001,1.25e-05,2310.25
2026-05-02T21:00:00+00:00,hyperliquid,ETH/USDC:USDC,558198.6288000002,1.25e-05,2311.05
2026-05-02T22:00:00+00:00,hyperliquid,ETH/USDC:USDC,541845.1288000004,1.25e-05,2323.15
2026-05-02T23:00:00+00:00,hyperliquid,ETH/USDC:USDC,540328.8894000001,1.25e-05,2323.75
2026-05-03T00:00:00+00:00,hyperliquid,ETH/USDC:USDC,538857.3844000003,1.25e-05,2316.15
2026-05-03T01:00:00+00:00,hyperliquid,ETH/USDC:USDC,536505.6998000006,1.25e-05,2308.15
2026-05-03T02:00:00+00:00,hyperliquid,ETH/USDC:USDC,535470.1697999998,9.2649e-06,2303.95
2026-05-03T03:00:00+00:00,hyperliquid,ETH/USDC:USDC,532662.3534000003,1.25e-05,2300.95
2026-05-03T04:00:00+00:00,hyperliquid,ETH/USDC:USDC,533543.6352000003,1.25e-05,2300.15
2026-05-03T05:00:00+00:00,hyperliquid,ETH/USDC:USDC,535741.5908,1.23651e-05,2302.15
2026-05-03T06:00:00+00:00,hyperliquid,ETH/USDC:USDC,534074.1761999999,4.7162e-06,2302.05
2026-05-03T07:00:00+00:00,hyperliquid,ETH/USDC:USDC,532801.359799999,1.13335e-05,2307.05
2026-05-03T08:00:00+00:00,hyperliquid,ETH/USDC:USDC,532943.6796000001,-9.295e-07,2308.35
2026-05-03T09:00:00+00:00,hyperliquid,ETH/USDC:USDC,533023.0642000001,8.8602e-06,2307.15
2026-05-03T10:00:00+00:00,hyperliquid,ETH/USDC:USDC,539159.3816000003,1.25e-05,2314.15
2026-05-03T11:00:00+00:00,hyperliquid,ETH/USDC:USDC,543439.5476000002,1.25e-05,2310.95
2026-05-03T12:00:00+00:00,hyperliquid,ETH/USDC:USDC,530584.6330000006,5.4853e-06,2322.25
2026-05-03T13:00:00+00:00,hyperliquid,ETH/USDC:USDC,522337.4614,8.9784e-06,2324.65
2026-05-03T14:00:00+00:00,hyperliquid,ETH/USDC:USDC,519917.0533999997,1.25e-05,2324.35
2026-05-03T15:00:00+00:00,hyperliquid,ETH/USDC:USDC,519016.7156000002,1.25e-05,2327.65
2026-05-03T16:00:00+00:00,hyperliquid,ETH/USDC:USDC,519171.6383999999,1.25e-05,2328.4
2026-05-03T17:00:00+00:00,hyperliquid,ETH/USDC:USDC,519067.5767999998,1.25e-05,2323.65
2026-05-03T18:00:00+00:00,hyperliquid,ETH/USDC:USDC,519144.9273999999,1.25e-05,2330.55
2026-05-03T19:00:00+00:00,hyperliquid,ETH/USDC:USDC,518906.4207999997,7.7865e-06,2329.45
2026-05-03T20:00:00+00:00,hyperliquid,ETH/USDC:USDC,520460.611,1.25e-05,2335.45
2026-05-03T21:00:00+00:00,hyperliquid,ETH/USDC:USDC,518744.4391999999,8.0359e-06,2326.1
2026-05-03T22:00:00+00:00,hyperliquid,ETH/USDC:USDC,515142.6147999996,1.25e-05,2340.55
2026-05-03T23:00:00+00:00,hyperliquid,ETH/USDC:USDC,516035.2524000001,1.25e-05,2345.05
2026-05-04T00:00:00+00:00,hyperliquid,ETH/USDC:USDC,516391.2083999996,1.06344e-05,2318.95
2026-05-04T01:00:00+00:00,hyperliquid,ETH/USDC:USDC,514819.8086000003,1.25e-05,2313.85
2026-05-04T02:00:00+00:00,hyperliquid,ETH/USDC:USDC,515738.2525999999,7.8462e-06,2347.15
2026-05-04T03:00:00+00:00,hyperliquid,ETH/USDC:USDC,506057.0334000001,1.02746e-05,2372.15
2026-05-04T04:00:00+00:00,hyperliquid,ETH/USDC:USDC,503865.4086000001,2.9237e-06,2385.45
2026-05-04T05:00:00+00:00,hyperliquid,ETH/USDC:USDC,502882.0557999997,1.10885e-05,2389.15
2026-05-04T06:00:00+00:00,hyperliquid,ETH/USDC:USDC,502111.1528,4.0035e-06,2373.75
2026-05-04T07:00:00+00:00,hyperliquid,ETH/USDC:USDC,498471.8109999999,9.0623e-06,2370.25
2026-05-04T08:00:00+00:00,hyperliquid,ETH/USDC:USDC,501622.8242000004,1.25e-05,2361.35
2026-05-04T09:00:00+00:00,hyperliquid,ETH/USDC:USDC,499097.7476000001,1.25e-05,2360.45
2026-05-04T10:00:00+00:00,hyperliquid,ETH/USDC:USDC,505361.4514000001,1.25e-05,2354.25
2026-05-04T11:00:00+00:00,hyperliquid,ETH/USDC:USDC,514069.9718000001,8.9292e-06,2337.25
2026-05-04T12:00:00+00:00,hyperliquid,ETH/USDC:USDC,511746.6543999999,4.2782e-06,2335.55
2026-05-04T13:00:00+00:00,hyperliquid,ETH/USDC:USDC,512622.2647999998,-1.8376e-06,2327.35
2026-05-04T14:00:00+00:00,hyperliquid,ETH/USDC:USDC,514633.2374000002,3.4416e-06,2330.55
2026-05-04T15:00:00+00:00,hyperliquid,ETH/USDC:USDC,516581.3587999999,5.6679e-06,2367.95
2026-05-04T16:00:00+00:00,hyperliquid,ETH/USDC:USDC,512636.1736000002,7.3869e-06,2339.75
2026-05-04T17:00:00+00:00,hyperliquid,ETH/USDC:USDC,502961.0353999999,1.6332e-06,2359.45
2026-05-04T18:00:00+00:00,hyperliquid,ETH/USDC:USDC,499682.6881999999,5.3775e-06,2368.55
2026-05-04T19:00:00+00:00,hyperliquid,ETH/USDC:USDC,496109.3882000003,1.6108e-06,2359.75
2026-05-04T20:00:00+00:00,hyperliquid,ETH/USDC:USDC,499688.6223999998,5.275e-06,2352.65
2026-05-04T21:00:00+00:00,hyperliquid,ETH/USDC:USDC,499888.9791999997,1.4391e-06,2353.85
2026-05-04T22:00:00+00:00,hyperliquid,ETH/USDC:USDC,499499.1811999999,3.4492e-06,2362.1
2026-05-04T23:00:00+00:00,hyperliquid,ETH/USDC:USDC,499517.5955999998,-6.45e-07,2350.55
2026-05-05T00:00:00+00:00,hyperliquid,ETH/USDC:USDC,498368.0528000001,1.25e-05,2348.65
2026-05-05T01:00:00+00:00,hyperliquid,ETH/USDC:USDC,499583.2941999999,6.4724e-06,2356.65
2026-05-05T02:00:00+00:00,hyperliquid,ETH/USDC:USDC,500756.1876000001,7.9457e-06,2361.95
2026-05-05T03:00:00+00:00,hyperliquid,ETH/USDC:USDC,508626.2007999999,5.371e-06,2363.65
2026-05-05T04:00:00+00:00,hyperliquid,ETH/USDC:USDC,521550.5710000002,9.8545e-06,2382.75
2026-05-05T05:00:00+00:00,hyperliquid,ETH/USDC:USDC,501581.1692000001,-5.5575e-06,2377.75
2026-05-05T06:00:00+00:00,hyperliquid,ETH/USDC:USDC,500477.2108,8.0071e-06,2379.15
2026-05-05T07:00:00+00:00,hyperliquid,ETH/USDC:USDC,497244.7784000001,5.3301e-06,2376.05
2026-05-05T08:00:00+00:00,hyperliquid,ETH/USDC:USDC,498404.3543999999,5.5626e-06,2380.05
2026-05-05T09:00:00+00:00,hyperliquid,ETH/USDC:USDC,491241.8719999999,-2.9048e-06,2371.65
2026-05-05T10:00:00+00:00,hyperliquid,ETH/USDC:USDC,490841.9311999999,2.7117e-06,2367.45
2026-05-05T11:00:00+00:00,hyperliquid,ETH/USDC:USDC,497996.5115999999,1.25e-05,2376.95
2026-05-05T12:00:00+00:00,hyperliquid,ETH/USDC:USDC,501487.1766000001,5.3491e-06,2377.45
2026-05-05T13:00:00+00:00,hyperliquid,ETH/USDC:USDC,533255.9788000004,1.25e-05,2391.45
2026-05-05T14:00:00+00:00,hyperliquid,ETH/USDC:USDC,523067.7454000001,4.8976e-06,2387.85
2026-05-05T15:00:00+00:00,hyperliquid,ETH/USDC:USDC,516632.2905999998,-3.867e-06,2377.15
2026-05-05T16:00:00+00:00,hyperliquid,ETH/USDC:USDC,525406.8137999997,1.25e-05,2379.45
2026-05-05T17:00:00+00:00,hyperliquid,ETH/USDC:USDC,506581.7008,1.09912e-05,2366.95
2026-05-05T18:00:00+00:00,hyperliquid,ETH/USDC:USDC,504514.6747999997,1.25e-05,2362.45
2026-05-05T19:00:00+00:00,hyperliquid,ETH/USDC:USDC,509313.3449999999,1.1875e-05,2369.95
2026-05-05T20:00:00+00:00,hyperliquid,ETH/USDC:USDC,513512.6681999999,1.25e-05,2373.65
2026-05-05T21:00:00+00:00,hyperliquid,ETH/USDC:USDC,513425.9445999999,1.25e-05,2383.45
2026-05-05T22:00:00+00:00,hyperliquid,ETH/USDC:USDC,503176.0741999999,1.11282e-05,2379.55
2026-05-05T23:00:00+00:00,hyperliquid,ETH/USDC:USDC,501140.1909999998,-1.1411e-05,2363.75
2026-05-06T00:00:00+00:00,hyperliquid,ETH/USDC:USDC,498585.2994000005,-1.40052e-05,2360.65
2026-05-06T01:00:00+00:00,hyperliquid,ETH/USDC:USDC,499798.9238,-3.2047e-06,2364.35
2026-05-06T02:00:00+00:00,hyperliquid,ETH/USDC:USDC,496888.9281999998,-1.38666e-05,2369.75
2026-05-06T03:00:00+00:00,hyperliquid,ETH/USDC:USDC,496098.6319999999,-9.3505e-06,2369.45
2026-05-06T04:00:00+00:00,hyperliquid,ETH/USDC:USDC,494210.0266000002,8.755e-07,2373.75
2026-05-06T05:00:00+00:00,hyperliquid,ETH/USDC:USDC,494609.1944,-5.2874e-06,2363.35
2026-05-06T06:00:00+00:00,hyperliquid,ETH/USDC:USDC,492580.6844000001,-4.971e-06,2364.05
2026-05-06T07:00:00+00:00,hyperliquid,ETH/USDC:USDC,522118.4342,1.25e-05,2370.75
2026-05-06T08:00:00+00:00,hyperliquid,ETH/USDC:USDC,519736.4721999998,1.25e-05,2375.15
2026-05-06T09:00:00+00:00,hyperliquid,ETH/USDC:USDC,525988.8320000008,1.25e-05,2390.85
2026-05-06T10:00:00+00:00,hyperliquid,ETH/USDC:USDC,538820.7637999996,1.25e-05,2409.95
2026-05-06T11:00:00+00:00,hyperliquid,ETH/USDC:USDC,570923.9275999995,1.25e-05,2409.75
2026-05-06T12:00:00+00:00,hyperliquid,ETH/USDC:USDC,555490.5032000011,1.25e-05,2407.05
2026-05-06T13:00:00+00:00,hyperliquid,ETH/USDC:USDC,557361.6682000001,1.25e-05,2399.95
2026-05-06T14:00:00+00:00,hyperliquid,ETH/USDC:USDC,546631.8310000009,1.25e-05,2365.75
2026-05-06T15:00:00+00:00,hyperliquid,ETH/USDC:USDC,536962.6669999999,1.25e-05,2359.15
2026-05-06T16:00:00+00:00,hyperliquid,ETH/USDC:USDC,536971.3252000002,1.19689e-05,2357.05
2026-05-06T17:00:00+00:00,hyperliquid,ETH/USDC:USDC,536482.9739999997,7.5922e-06,2356.75
2026-05-06T18:00:00+00:00,hyperliquid,ETH/USDC:USDC,531053.3613999996,5.6129e-06,2349.55
2026-05-06T19:00:00+00:00,hyperliquid,ETH/USDC:USDC,528022.2730000002,1.25e-05,2346.85
2026-05-06T20:00:00+00:00,hyperliquid,ETH/USDC:USDC,532452.798,1.25e-05,2351.35
2026-05-06T21:00:00+00:00,hyperliquid,ETH/USDC:USDC,528563.951,7.3102e-06,2349.95
2026-05-06T22:00:00+00:00,hyperliquid,ETH/USDC:USDC,531597.2754000003,9.1997e-06,2353.25
2026-05-06T23:00:00+00:00,hyperliquid,ETH/USDC:USDC,530169.0886000005,5.5343e-06,2338.0
2026-05-07T00:00:00+00:00,hyperliquid,ETH/USDC:USDC,530253.8065999997,1.25e-05,2350.45
2026-05-07T01:00:00+00:00,hyperliquid,ETH/USDC:USDC,520469.3560000002,-1.48413e-05,2323.65
2026-05-07T02:00:00+00:00,hyperliquid,ETH/USDC:USDC,524688.9215999999,-1.33382e-05,2324.25
2026-05-07T03:00:00+00:00,hyperliquid,ETH/USDC:USDC,517919.5360000001,1.25e-05,2319.85
2026-05-07T04:00:00+00:00,hyperliquid,ETH/USDC:USDC,518688.5192000003,3.7967e-06,2321.75
2026-05-07T05:00:00+00:00,hyperliquid,ETH/USDC:USDC,523902.2045999998,1.23762e-05,2330.45
2026-05-07T06:00:00+00:00,hyperliquid,ETH/USDC:USDC,524575.388,1.25e-05,2329.25
2026-05-07T07:00:00+00:00,hyperliquid,ETH/USDC:USDC,521202.8317999999,1.25e-05,2336.65
2026-05-07T08:00:00+00:00,hyperliquid,ETH/USDC:USDC,518751.0844000003,1.1364e-05,2344.85
2026-05-07T09:00:00+00:00,hyperliquid,ETH/USDC:USDC,517481.5852,6.7931e-06,2331.75
2026-05-07T10:00:00+00:00,hyperliquid,ETH/USDC:USDC,525069.7226000001,-7.2744e-06,2329.55
2026-05-07T11:00:00+00:00,hyperliquid,ETH/USDC:USDC,534125.3170000006,8.7306e-06,2328.05
2026-05-07T12:00:00+00:00,hyperliquid,ETH/USDC:USDC,534744.0576000001,6.371e-07,2330.35
2026-05-07T13:00:00+00:00,hyperliquid,ETH/USDC:USDC,532082.093,-4.0436e-06,2329.25
2026-05-07T14:00:00+00:00,hyperliquid,ETH/USDC:USDC,530138.7094000002,1.5095e-06,2311.15
2026-05-07T15:00:00+00:00,hyperliquid,ETH/USDC:USDC,523079.3792,1.23309e-05,2298.05
2026-05-07T16:00:00+00:00,hyperliquid,ETH/USDC:USDC,537589.0652000002,1.25e-05,2292.25
2026-05-07T17:00:00+00:00,hyperliquid,ETH/USDC:USDC,536515.6879999997,1.25e-05,2292.05
2026-05-07T18:00:00+00:00,hyperliquid,ETH/USDC:USDC,541631.5956000001,1.25e-05,2303.45
2026-05-07T19:00:00+00:00,hyperliquid,ETH/USDC:USDC,554699.9938000002,1.25e-05,2294.05
2026-05-07T20:00:00+00:00,hyperliquid,ETH/USDC:USDC,563067.085000001,1.25e-05,2299.75
2026-05-07T21:00:00+00:00,hyperliquid,ETH/USDC:USDC,556837.1541999998,1.25e-05,2289.65
2026-05-07T22:00:00+00:00,hyperliquid,ETH/USDC:USDC,555620.3329999994,1.25e-05,2286.15
2026-05-07T23:00:00+00:00,hyperliquid,ETH/USDC:USDC,555243.9006000002,1.25e-05,2287.85
2026-05-08T00:00:00+00:00,hyperliquid,ETH/USDC:USDC,555697.1699999999,1.25e-05,2291.95
2026-05-08T01:00:00+00:00,hyperliquid,ETH/USDC:USDC,554475.6983999995,1.25e-05,2287.45
2026-05-08T02:00:00+00:00,hyperliquid,ETH/USDC:USDC,540479.6643999998,1.24219e-05,2278.25
2026-05-08T03:00:00+00:00,hyperliquid,ETH/USDC:USDC,536489.9437999999,1.09517e-05,2270.85
2026-05-08T04:00:00+00:00,hyperliquid,ETH/USDC:USDC,528775.9563999996,1.25e-05,2279.65
2026-05-08T05:00:00+00:00,hyperliquid,ETH/USDC:USDC,528835.1139999995,1.25e-05,2279.65
2026-05-08T06:00:00+00:00,hyperliquid,ETH/USDC:USDC,529140.0799999997,1.25e-05,2273.15
2026-05-08T07:00:00+00:00,hyperliquid,ETH/USDC:USDC,530420.1235999998,1.25e-05,2271.65
2026-05-08T08:00:00+00:00,hyperliquid,ETH/USDC:USDC,533637.9515999999,-6.9018e-06,2279.85
2026-05-08T09:00:00+00:00,hyperliquid,ETH/USDC:USDC,533377.5743999999,1.19915e-05,2279.85
2026-05-08T10:00:00+00:00,hyperliquid,ETH/USDC:USDC,532712.6814000002,5.2332e-06,2286.25
2026-05-08T11:00:00+00:00,hyperliquid,ETH/USDC:USDC,531645.7528,3.6514e-06,2289.05
2026-05-08T12:00:00+00:00,hyperliquid,ETH/USDC:USDC,534754.7448000002,9.4933e-06,2294.45
2026-05-08T13:00:00+00:00,hyperliquid,ETH/USDC:USDC,537941.1314,1.25e-05,2284.05
2026-05-08T14:00:00+00:00,hyperliquid,ETH/USDC:USDC,535901.1269999996,1.06863e-05,2277.85
2026-05-08T15:00:00+00:00,hyperliquid,ETH/USDC:USDC,537879.5948,1.25e-05,2284.05
2026-05-08T16:00:00+00:00,hyperliquid,ETH/USDC:USDC,545019.7140000007,1.25e-05,2288.85
2026-05-08T17:00:00+00:00,hyperliquid,ETH/USDC:USDC,540140.0384,1.25e-05,2293.05
2026-05-08T18:00:00+00:00,hyperliquid,ETH/USDC:USDC,538864.413399999,1.25e-05,2310.55
2026-05-08T19:00:00+00:00,hyperliquid,ETH/USDC:USDC,533836.6486000003,1.25e-05,2312.95
2026-05-08T20:00:00+00:00,hyperliquid,ETH/USDC:USDC,533113.1182000007,1.02257e-05,2313.35
2026-05-08T21:00:00+00:00,hyperliquid,ETH/USDC:USDC,534800.6525999994,1.25e-05,2306.85
2026-05-08T22:00:00+00:00,hyperliquid,ETH/USDC:USDC,537477.6952000003,1.25e-05,2315.65
2026-05-08T23:00:00+00:00,hyperliquid,ETH/USDC:USDC,541598.2236000004,1.25e-05,2309.95
2026-05-09T00:00:00+00:00,hyperliquid,ETH/USDC:USDC,535798.7456,1.25e-05,2305.15
2026-05-09T01:00:00+00:00,hyperliquid,ETH/USDC:USDC,528886.5327999996,1.25e-05,2308.95
2026-05-09T02:00:00+00:00,hyperliquid,ETH/USDC:USDC,537976.9435999995,1.25e-05,2315.05
2026-05-09T03:00:00+00:00,hyperliquid,ETH/USDC:USDC,538755.2792,1.25e-05,2315.35
2026-05-09T04:00:00+00:00,hyperliquid,ETH/USDC:USDC,538999.9779999999,1.25e-05,2316.15
2026-05-09T05:00:00+00:00,hyperliquid,ETH/USDC:USDC,529852.5153999999,1.25e-05,2311.05
2026-05-09T06:00:00+00:00,hyperliquid,ETH/USDC:USDC,530732.9720000002,1.25e-05,2315.55
2026-05-09T07:00:00+00:00,hyperliquid,ETH/USDC:USDC,529846.3500000003,5.1748e-06,2314.25
2026-05-09T08:00:00+00:00,hyperliquid,ETH/USDC:USDC,531505.4919999995,1.25e-05,2318.25
2026-05-09T09:00:00+00:00,hyperliquid,ETH/USDC:USDC,529951.122,1.25e-05,2316.45
2026-05-09T10:00:00+00:00,hyperliquid,ETH/USDC:USDC,530026.7073999998,1.25e-05,2310.95
2026-05-09T11:00:00+00:00,hyperliquid,ETH/USDC:USDC,527396.4073999999,1.25e-05,2312.75
2026-05-09T12:00:00+00:00,hyperliquid,ETH/USDC:USDC,527531.4565999998,1.25e-05,2314.95
2026-05-09T13:00:00+00:00,hyperliquid,ETH/USDC:USDC,526338.429,1.25e-05,2315.25
2026-05-09T14:00:00+00:00,hyperliquid,ETH/USDC:USDC,526687.2433999999,1.25e-05,2313.15
2026-05-09T15:00:00+00:00,hyperliquid,ETH/USDC:USDC,521745.4432,1.25e-05,2308.45
2026-05-09T16:00:00+00:00,hyperliquid,ETH/USDC:USDC,523455.2392000002,6.7945e-06,2317.25
2026-05-09T17:00:00+00:00,hyperliquid,ETH/USDC:USDC,519566.4128,7.7937e-06,2319.85
2026-05-09T18:00:00+00:00,hyperliquid,ETH/USDC:USDC,513366.2779999999,1.25e-05,2330.55
2026-05-09T19:00:00+00:00,hyperliquid,ETH/USDC:USDC,513586.9318000001,1.25e-05,2328.95
2026-05-09T20:00:00+00:00,hyperliquid,ETH/USDC:USDC,513211.7836000002,1.25e-05,2330.75
2026-05-09T21:00:00+00:00,hyperliquid,ETH/USDC:USDC,514150.0864,1.25e-05,2329.35
2026-05-09T22:00:00+00:00,hyperliquid,ETH/USDC:USDC,514606.4198000001,1.25e-05,2329.85
2026-05-09T23:00:00+00:00,hyperliquid,ETH/USDC:USDC,513160.6132,1.25e-05,2330.45
2026-05-10T00:00:00+00:00,hyperliquid,ETH/USDC:USDC,512624.5142000002,1.25e-05,2324.45
2026-05-10T01:00:00+00:00,hyperliquid,ETH/USDC:USDC,520091.2690000004,1.25e-05,2321.55
2026-05-10T02:00:00+00:00,hyperliquid,ETH/USDC:USDC,518609.9666000002,1.25e-05,2320.55
2026-05-10T03:00:00+00:00,hyperliquid,ETH/USDC:USDC,520365.2824,1.25e-05,2328.05
2026-05-10T04:00:00+00:00,hyperliquid,ETH/USDC:USDC,521547.0576,1.25e-05,2327.05
2026-05-10T05:00:00+00:00,hyperliquid,ETH/USDC:USDC,523018.1562,1.25e-05,2326.75
2026-05-10T06:00:00+00:00,hyperliquid,ETH/USDC:USDC,521567.6509999999,1.25e-05,2327.75
2026-05-10T07:00:00+00:00,hyperliquid,ETH/USDC:USDC,520046.3216000003,1.25e-05,2330.75
2026-05-10T08:00:00+00:00,hyperliquid,ETH/USDC:USDC,519979.7136,1.25e-05,2325.95
2026-05-10T09:00:00+00:00,hyperliquid,ETH/USDC:USDC,519513.0186,1.25e-05,2332.95
2026-05-10T10:00:00+00:00,hyperliquid,ETH/USDC:USDC,519950.6451999999,1.25e-05,2326.45
2026-05-10T11:00:00+00:00,hyperliquid,ETH/USDC:USDC,524566.5627999996,1.25e-05,2327.15
2026-05-10T12:00:00+00:00,hyperliquid,ETH/USDC:USDC,524962.3366000003,1.25e-05,2320.95
2026-05-10T13:00:00+00:00,hyperliquid,ETH/USDC:USDC,525623.267600001,1.25e-05,2324.75
2026-05-10T14:00:00+00:00,hyperliquid,ETH/USDC:USDC,524519.8573999999,1.25e-05,2329.75
2026-05-10T15:00:00+00:00,hyperliquid,ETH/USDC:USDC,524989.0412,1.25e-05,2334.55
2026-05-10T16:00:00+00:00,hyperliquid,ETH/USDC:USDC,528550.6173999999,1.25e-05,2348.25
2026-05-10T17:00:00+00:00,hyperliquid,ETH/USDC:USDC,529328.0797999995,1.25e-05,2350.15
2026-05-10T18:00:00+00:00,hyperliquid,ETH/USDC:USDC,526854.1759999989,1.25e-05,2364.25
2026-05-10T19:00:00+00:00,hyperliquid,ETH/USDC:USDC,532180.3058,1.25e-05,2352.55
2026-05-10T20:00:00+00:00,hyperliquid,ETH/USDC:USDC,546385.4404000011,1.25e-05,2368.65
2026-05-10T21:00:00+00:00,hyperliquid,ETH/USDC:USDC,541025.341799999,1.25e-05,2331.05
2026-05-10T22:00:00+00:00,hyperliquid,ETH/USDC:USDC,547986.5628000003,1.25e-05,2338.2
2026-05-10T23:00:00+00:00,hyperliquid,ETH/USDC:USDC,538268.8819999995,1.25e-05,2377.75
2026-05-11T00:00:00+00:00,hyperliquid,ETH/USDC:USDC,534487.0556000003,1.25e-05,2371.65
2026-05-11T01:00:00+00:00,hyperliquid,ETH/USDC:USDC,530863.5386,1.25e-05,2349.35
2026-05-11T02:00:00+00:00,hyperliquid,ETH/USDC:USDC,532335.6612000003,1.25e-05,2359.65
2026-05-11T03:00:00+00:00,hyperliquid,ETH/USDC:USDC,529340.8754000005,1.25e-05,2342.95
2026-05-11T04:00:00+00:00,hyperliquid,ETH/USDC:USDC,525842.8029999996,1.25e-05,2327.35
2026-05-11T05:00:00+00:00,hyperliquid,ETH/USDC:USDC,523880.6186,1.25e-05,2334.15
2026-05-11T06:00:00+00:00,hyperliquid,ETH/USDC:USDC,524352.0804000003,1.25e-05,2333.45
2026-05-11T07:00:00+00:00,hyperliquid,ETH/USDC:USDC,523423.3979999998,1.25e-05,2330.55
2026-05-11T08:00:00+00:00,hyperliquid,ETH/USDC:USDC,523613.8185999999,1.25e-05,2329.25
2026-05-11T09:00:00+00:00,hyperliquid,ETH/USDC:USDC,531407.9360000007,1.25e-05,2332.25
2026-05-11T10:00:00+00:00,hyperliquid,ETH/USDC:USDC,532585.9558000001,1.25e-05,2335.35
2026-05-11T11:00:00+00:00,hyperliquid,ETH/USDC:USDC,528483.387,1.25e-05,2331.85
2026-05-11T12:00:00+00:00,hyperliquid,ETH/USDC:USDC,534202.8004000005,1.25e-05,2335.35
2026-05-11T13:00:00+00:00,hyperliquid,ETH/USDC:USDC,534264.2022,1.25e-05,2329.65
2026-05-11T14:00:00+00:00,hyperliquid,ETH/USDC:USDC,529715.2236000008,1.25e-05,2324.75
2026-05-11T15:00:00+00:00,hyperliquid,ETH/USDC:USDC,524940.2262,8.3378e-06,2313.05
2026-05-11T16:00:00+00:00,hyperliquid,ETH/USDC:USDC,519824.9754000002,8.2919e-06,2329.95
2026-05-11T17:00:00+00:00,hyperliquid,ETH/USDC:USDC,523029.2970000001,7.4691e-06,2326.25
2026-05-11T18:00:00+00:00,hyperliquid,ETH/USDC:USDC,527518.5423999997,1.25e-05,2341.75
2026-05-11T19:00:00+00:00,hyperliquid,ETH/USDC:USDC,532922.7061999999,1.25e-05,2336.6
2026-05-11T20:00:00+00:00,hyperliquid,ETH/USDC:USDC,535250.4396000002,1.25e-05,2341.85
2026-05-11T21:00:00+00:00,hyperliquid,ETH/USDC:USDC,534197.1814000001,1.25e-05,2339.25
2026-05-11T22:00:00+00:00,hyperliquid,ETH/USDC:USDC,530538.8646000006,1.25e-05,2342.75
2026-05-11T23:00:00+00:00,hyperliquid,ETH/USDC:USDC,529824.0568000001,1.25e-05,2337.85
2026-05-12T00:00:00+00:00,hyperliquid,ETH/USDC:USDC,528962.3591999998,1.25e-05,2339.15
2026-05-12T01:00:00+00:00,hyperliquid,ETH/USDC:USDC,528530.1168000001,1.25e-05,2333.35
2026-05-12T02:00:00+00:00,hyperliquid,ETH/USDC:USDC,529704.64,1.25e-05,2312.15
2026-05-12T03:00:00+00:00,hyperliquid,ETH/USDC:USDC,533705.234,1.25e-05,2315.35
2026-05-12T04:00:00+00:00,hyperliquid,ETH/USDC:USDC,532847.8818000003,1.25e-05,2307.95
2026-05-12T05:00:00+00:00,hyperliquid,ETH/USDC:USDC,531939.3384000006,1.25e-05,2310.95
2026-05-12T06:00:00+00:00,hyperliquid,ETH/USDC:USDC,532043.5118,1.25e-05,2310.75
2026-05-12T07:00:00+00:00,hyperliquid,ETH/USDC:USDC,529715.2521999998,1.25e-05,2297.75
2026-05-12T08:00:00+00:00,hyperliquid,ETH/USDC:USDC,528001.4612000007,6.0711e-06,2290.75
2026-05-12T09:00:00+00:00,hyperliquid,ETH/USDC:USDC,529718.0653999996,1.25e-05,2287.55
2026-05-12T10:00:00+00:00,hyperliquid,ETH/USDC:USDC,533512.6521999999,1.25e-05,2291.25
2026-05-12T11:00:00+00:00,hyperliquid,ETH/USDC:USDC,533724.4802000001,1.25e-05,2285.55
2026-05-12T12:00:00+00:00,hyperliquid,ETH/USDC:USDC,534807.0695999999,6.4835e-06,2285.75
2026-05-12T13:00:00+00:00,hyperliquid,ETH/USDC:USDC,536816.7046000011,1.25e-05,2290.55
2026-05-12T14:00:00+00:00,hyperliquid,ETH/USDC:USDC,536333.3098000003,3.2144e-06,2272.35
2026-05-12T15:00:00+00:00,hyperliquid,ETH/USDC:USDC,537283.8726,-7.098e-07,2267.95
2026-05-12T16:00:00+00:00,hyperliquid,ETH/USDC:USDC,559318.2703999995,6.0659e-06,2266.55
2026-05-12T17:00:00+00:00,hyperliquid,ETH/USDC:USDC,559356.2090000008,5.4862e-06,2267.25
2026-05-12T18:00:00+00:00,hyperliquid,ETH/USDC:USDC,558632.1946000002,3.3249e-06,2277.75
2026-05-12T19:00:00+00:00,hyperliquid,ETH/USDC:USDC,554802.1428000004,1.25e-05,2279.95
2026-05-12T20:00:00+00:00,hyperliquid,ETH/USDC:USDC,554161.1032000008,1.12165e-05,2284.25
2026-05-12T21:00:00+00:00,hyperliquid,ETH/USDC:USDC,551805.7012000008,1.03642e-05,2283.95
2026-05-12T22:00:00+00:00,hyperliquid,ETH/USDC:USDC,555093.7902000006,1.25e-05,2288.75
2026-05-12T23:00:00+00:00,hyperliquid,ETH/USDC:USDC,554665.2340000006,1.06705e-05,2282.25
2026-05-13T00:00:00+00:00,hyperliquid,ETH/USDC:USDC,552625.7938000011,4.8051e-06,2272.95
2026-05-13T01:00:00+00:00,hyperliquid,ETH/USDC:USDC,552817.6918000004,7.3386e-06,2281.55
2026-05-13T02:00:00+00:00,hyperliquid,ETH/USDC:USDC,559947.8420000002,1.25e-05,2287.25
2026-05-13T03:00:00+00:00,hyperliquid,ETH/USDC:USDC,558502.2498000007,1.25e-05,2293.75
2026-05-13T04:00:00+00:00,hyperliquid,ETH/USDC:USDC,591085.5862000004,1.25e-05,2301.95
2026-05-13T05:00:00+00:00,hyperliquid,ETH/USDC:USDC,592298.6834000004,1.25e-05,2305.25
2026-05-13T06:00:00+00:00,hyperliquid,ETH/USDC:USDC,592181.7158000001,1.25e-05,2298.25
2026-05-13T07:00:00+00:00,hyperliquid,ETH/USDC:USDC,592794.2239999999,1.25e-05,2301.85
2026-05-13T08:00:00+00:00,hyperliquid,ETH/USDC:USDC,592476.1364000002,1.25e-05,2302.85
2026-05-13T09:00:00+00:00,hyperliquid,ETH/USDC:USDC,598585.6538000007,1.25e-05,2317.05
2026-05-13T10:00:00+00:00,hyperliquid,ETH/USDC:USDC,601328.7986000004,1.25e-05,2317.95
2026-05-13T11:00:00+00:00,hyperliquid,ETH/USDC:USDC,592020.978,1.25e-05,2305.75
2026-05-13T12:00:00+00:00,hyperliquid,ETH/USDC:USDC,589933.7473999996,1.25e-05,2303.95
2026-05-13T13:00:00+00:00,hyperliquid,ETH/USDC:USDC,589756.7952000009,1.25e-05,2287.55
2026-05-13T14:00:00+00:00,hyperliquid,ETH/USDC:USDC,587818.5086000011,1.25e-05,2259.05
2026-05-13T15:00:00+00:00,hyperliquid,ETH/USDC:USDC,589648.6868000007,1.25e-05,2268.75
2026-05-13T16:00:00+00:00,hyperliquid,ETH/USDC:USDC,580278.8526000007,1.25e-05,2244.95
2026-05-13T17:00:00+00:00,hyperliquid,ETH/USDC:USDC,597014.7852,1.25e-05,2255.05
2026-05-13T18:00:00+00:00,hyperliquid,ETH/USDC:USDC,598305.0394000005,1.25e-05,2259.45
2026-05-13T19:00:00+00:00,hyperliquid,ETH/USDC:USDC,593259.4984000005,1.25e-05,2255.75
2026-05-13T20:00:00+00:00,hyperliquid,ETH/USDC:USDC,591962.7320000002,1.25e-05,2256.25
2026-05-13T21:00:00+00:00,hyperliquid,ETH/USDC:USDC,592867.4104000003,1.25e-05,2260.25
2026-05-13T22:00:00+00:00,hyperliquid,ETH/USDC:USDC,589916.0210000002,1.25e-05,2255.35
2026-05-13T23:00:00+00:00,hyperliquid,ETH/USDC:USDC,588994.2152000004,1.25e-05,2258.35
2026-05-14T00:00:00+00:00,hyperliquid,ETH/USDC:USDC,589118.8004000015,1.25e-05,2261.45
2026-05-14T01:00:00+00:00,hyperliquid,ETH/USDC:USDC,588360.9942000002,1.25e-05,2266.45
2026-05-14T02:00:00+00:00,hyperliquid,ETH/USDC:USDC,588803.6590000005,1.25e-05,2265.75
2026-05-14T03:00:00+00:00,hyperliquid,ETH/USDC:USDC,588438.573400001,1.25e-05,2253.95
2026-05-14T04:00:00+00:00,hyperliquid,ETH/USDC:USDC,588131.5452000011,9.3718e-06,2241.95
2026-05-14T05:00:00+00:00,hyperliquid,ETH/USDC:USDC,589981.8854000006,1.25e-05,2255.85
2026-05-14T06:00:00+00:00,hyperliquid,ETH/USDC:USDC,591150.2278000005,1.25e-05,2269.55
2026-05-14T07:00:00+00:00,hyperliquid,ETH/USDC:USDC,590935.7764000007,1.25e-05,2265.45
2026-05-14T08:00:00+00:00,hyperliquid,ETH/USDC:USDC,592333.3248000003,8.1043e-06,2261.75
2026-05-14T09:00:00+00:00,hyperliquid,ETH/USDC:USDC,597654.3884000006,1.25e-05,2265.35
2026-05-14T10:00:00+00:00,hyperliquid,ETH/USDC:USDC,601299.7120000004,1.25e-05,2258.95
2026-05-14T11:00:00+00:00,hyperliquid,ETH/USDC:USDC,590843.2624000006,8.6729e-06,2261.05
2026-05-14T12:00:00+00:00,hyperliquid,ETH/USDC:USDC,607074.0041999999,3.142e-06,2252.75
2026-05-14T13:00:00+00:00,hyperliquid,ETH/USDC:USDC,601359.1894000004,1.25e-05,2260.05
2026-05-14T14:00:00+00:00,hyperliquid,ETH/USDC:USDC,595605.5386000013,1.25e-05,2253.05
2026-05-14T15:00:00+00:00,hyperliquid,ETH/USDC:USDC,597724.9226000006,1.25e-05,2283.85
2026-05-14T16:00:00+00:00,hyperliquid,ETH/USDC:USDC,598114.0941999995,9.9108e-06,2298.75
2026-05-14T17:00:00+00:00,hyperliquid,ETH/USDC:USDC,590375.5326000003,1.25e-05,2315.45
2026-05-14T18:00:00+00:00,hyperliquid,ETH/USDC:USDC,592732.1763999998,1.10958e-05,2302.95
2026-05-14T19:00:00+00:00,hyperliquid,ETH/USDC:USDC,593309.7353999998,1.25e-05,2308.05
2026-05-14T20:00:00+00:00,hyperliquid,ETH/USDC:USDC,593914.9860000001,9.6394e-06,2299.55
2026-05-14T21:00:00+00:00,hyperliquid,ETH/USDC:USDC,594493.0411999994,1.20478e-05,2295.65
2026-05-14T22:00:00+00:00,hyperliquid,ETH/USDC:USDC,592703.4467999999,1.12235e-05,2295.05
2026-05-14T23:00:00+00:00,hyperliquid,ETH/USDC:USDC,590819.9536000004,1.8685e-06,2294.35
2026-05-15T00:00:00+00:00,hyperliquid,ETH/USDC:USDC,587314.7062,8.1678e-06,2284.55
2026-05-15T01:00:00+00:00,hyperliquid,ETH/USDC:USDC,588677.6934,1.25e-05,2293.55
2026-05-15T02:00:00+00:00,hyperliquid,ETH/USDC:USDC,588186.6833999999,1.25e-05,2274.25
2026-05-15T03:00:00+00:00,hyperliquid,ETH/USDC:USDC,577777.7924000004,1.25e-05,2272.05
2026-05-15T04:00:00+00:00,hyperliquid,ETH/USDC:USDC,577874.8298000003,3.29e-08,2268.15
2026-05-15T05:00:00+00:00,hyperliquid,ETH/USDC:USDC,578421.5667999999,2.8761e-06,2263.65
2026-05-15T06:00:00+00:00,hyperliquid,ETH/USDC:USDC,572686.0813999994,7.7545e-06,2247.25
2026-05-15T07:00:00+00:00,hyperliquid,ETH/USDC:USDC,572615.6989999999,4.5985e-06,2254.15
2026-05-15T08:00:00+00:00,hyperliquid,ETH/USDC:USDC,573691.3946,1.25e-05,2260.95
2026-05-15T09:00:00+00:00,hyperliquid,ETH/USDC:USDC,572252.4227999996,1.20378e-05,2254.95
2026-05-15T10:00:00+00:00,hyperliquid,ETH/USDC:USDC,575492.3857999993,4.4152e-06,2251.85
2026-05-15T11:00:00+00:00,hyperliquid,ETH/USDC:USDC,575328.0851999999,1.15904e-05,2259.65
2026-05-15T12:00:00+00:00,hyperliquid,ETH/USDC:USDC,579960.5049999998,1.10223e-05,2254.45
2026-05-15T13:00:00+00:00,hyperliquid,ETH/USDC:USDC,570279.9813999996,-1.3979e-06,2246.35
2026-05-15T14:00:00+00:00,hyperliquid,ETH/USDC:USDC,571389.4842000006,9.7466e-06,2215.05
2026-05-15T15:00:00+00:00,hyperliquid,ETH/USDC:USDC,588199.494,1.25e-05,2209.25
2026-05-15T16:00:00+00:00,hyperliquid,ETH/USDC:USDC,587137.314400001,1.25e-05,2220.85
2026-05-15T17:00:00+00:00,hyperliquid,ETH/USDC:USDC,579759.9638000003,5.5012e-06,2225.05
2026-05-15T18:00:00+00:00,hyperliquid,ETH/USDC:USDC,575834.1652000004,1.6697e-06,2230.95
2026-05-15T19:00:00+00:00,hyperliquid,ETH/USDC:USDC,574746.7354000006,1.8499e-06,2224.05
2026-05-15T20:00:00+00:00,hyperliquid,ETH/USDC:USDC,577501.1800000004,5.9391e-06,2223.45
2026-05-15T21:00:00+00:00,hyperliquid,ETH/USDC:USDC,571710.2622000009,-5.7246e-06,2220.85
2026-05-15T22:00:00+00:00,hyperliquid,ETH/USDC:USDC,570812.1848000005,5.529e-07,2217.95
2026-05-15T23:00:00+00:00,hyperliquid,ETH/USDC:USDC,570452.6962,6.473e-06,2222.85
2026-05-16T00:00:00+00:00,hyperliquid,ETH/USDC:USDC,569508.8764000003,1.15086e-05,2222.85
2026-05-16T01:00:00+00:00,hyperliquid,ETH/USDC:USDC,569946.6721999998,6.0773e-06,2225.55
2026-05-16T02:00:00+00:00,hyperliquid,ETH/USDC:USDC,570677.9883999996,1.25e-05,2228.15
2026-05-16T03:00:00+00:00,hyperliquid,ETH/USDC:USDC,570174.7718,8.0464e-06,2228.95
2026-05-16T04:00:00+00:00,hyperliquid,ETH/USDC:USDC,569571.6522,6.1126e-06,2227.25
2026-05-16T05:00:00+00:00,hyperliquid,ETH/USDC:USDC,567735.3348000003,-2.6755e-06,2224.05
2026-05-16T06:00:00+00:00,hyperliquid,ETH/USDC:USDC,567476.0610000005,1.8755e-06,2224.85
2026-05-16T07:00:00+00:00,hyperliquid,ETH/USDC:USDC,557468.3062000012,-8.0341e-06,2212.15
2026-05-16T08:00:00+00:00,hyperliquid,ETH/USDC:USDC,548234.4892000002,-3.6707e-06,2194.95
2026-05-16T09:00:00+00:00,hyperliquid,ETH/USDC:USDC,549070.9768000002,3.7309e-06,2191.75
2026-05-16T10:00:00+00:00,hyperliquid,ETH/USDC:USDC,544147.4572000006,-6.5314e-06,2170.15
2026-05-16T11:00:00+00:00,hyperliquid,ETH/USDC:USDC,553837.4669999994,-3.5722e-06,2176.05
2026-05-16T12:00:00+00:00,hyperliquid,ETH/USDC:USDC,557612.6146000002,1.04089e-05,2176.95
2026-05-16T13:00:00+00:00,hyperliquid,ETH/USDC:USDC,574860.8446,1.25e-05,2174.75
2026-05-16T14:00:00+00:00,hyperliquid,ETH/USDC:USDC,577337.8746000002,1.25e-05,2175.25
2026-05-16T15:00:00+00:00,hyperliquid,ETH/USDC:USDC,568362.7966000002,9.6037e-06,2181.45
2026-05-16T16:00:00+00:00,hyperliquid,ETH/USDC:USDC,571678.2052000003,1.25e-05,2180.15
2026-05-16T17:00:00+00:00,hyperliquid,ETH/USDC:USDC,570962.2832000002,1.25e-05,2175.95
2026-05-16T18:00:00+00:00,hyperliquid,ETH/USDC:USDC,572083.0966000002,1.25e-05,2179.35
2026-05-16T19:00:00+00:00,hyperliquid,ETH/USDC:USDC,571808.3654,1.19671e-05,2179.65
2026-05-16T20:00:00+00:00,hyperliquid,ETH/USDC:USDC,571215.3409999999,1.03286e-05,2180.45
2026-05-16T21:00:00+00:00,hyperliquid,ETH/USDC:USDC,569935.294600001,9.0837e-06,2181.25
2026-05-16T22:00:00+00:00,hyperliquid,ETH/USDC:USDC,562606.0028000005,-1.62512e-05,2179.45
2026-05-16T23:00:00+00:00,hyperliquid,ETH/USDC:USDC,561946.8044000004,-1.6524e-06,2178.85
2026-05-17T00:00:00+00:00,hyperliquid,ETH/USDC:USDC,561258.1024000002,1.4195e-06,2182.65
