timestamp_utc,exchange,symbol,oi,funding_rate,mark_price
2025-12-14T17:00:00+00:00,hyperliquid,HYPE/USDC:USDC,31882598.26,1.25e-05,28.9905
2025-12-14T18:00:00+00:00,hyperliquid,HYPE/USDC:USDC,31888899.539999995,1.25e-05,28.9315
2025-12-14T19:00:00+00:00,hyperliquid,HYPE/USDC:USDC,31922709.440000013,3.11002e-05,29.4175
2025-12-14T20:00:00+00:00,hyperliquid,HYPE/USDC:USDC,31935498.879999988,2.32614e-05,29.0835
2025-12-14T21:00:00+00:00,hyperliquid,HYPE/USDC:USDC,31967146.340000004,3.96469e-05,29.0335
2025-12-14T22:00:00+00:00,hyperliquid,HYPE/USDC:USDC,31998908.220000003,2.79299e-05,29.0835
2025-12-14T23:00:00+00:00,hyperliquid,HYPE/USDC:USDC,31960748.860000003,2.24023e-05,28.8255
2025-12-15T00:00:00+00:00,hyperliquid,HYPE/USDC:USDC,31876942.36000002,1.25e-05,28.9445
2025-12-15T01:00:00+00:00,hyperliquid,HYPE/USDC:USDC,31803428.22,1.25e-05,28.9375
2025-12-15T02:00:00+00:00,hyperliquid,HYPE/USDC:USDC,31980119.759999998,1.25e-05,29.4345
2025-12-15T03:00:00+00:00,hyperliquid,HYPE/USDC:USDC,31942529.76,1.25e-05,29.142
2025-12-15T04:00:00+00:00,hyperliquid,HYPE/USDC:USDC,31935290.699999988,1.25e-05,29.0115
2025-12-15T05:00:00+00:00,hyperliquid,HYPE/USDC:USDC,31998091.939999994,2.37012e-05,29.0295
2025-12-15T06:00:00+00:00,hyperliquid,HYPE/USDC:USDC,32055105.679999996,1.25e-05,29.1035
2025-12-15T07:00:00+00:00,hyperliquid,HYPE/USDC:USDC,32054865.820000004,3.11582e-05,29.1545
2025-12-15T08:00:00+00:00,hyperliquid,HYPE/USDC:USDC,32105774.419999998,3.72393e-05,29.1075
2025-12-15T09:00:00+00:00,hyperliquid,HYPE/USDC:USDC,32154903.05999999,1.25e-05,29.2695
2025-12-15T10:00:00+00:00,hyperliquid,HYPE/USDC:USDC,32103141.499999996,1.83529e-05,29.426
2025-12-15T11:00:00+00:00,hyperliquid,HYPE/USDC:USDC,32141474.240000002,5.17023e-05,29.4235
2025-12-15T12:00:00+00:00,hyperliquid,HYPE/USDC:USDC,32111363.839999992,1.25e-05,29.325
2025-12-15T13:00:00+00:00,hyperliquid,HYPE/USDC:USDC,32085367.36,4.17669e-05,29.2915
2025-12-15T14:00:00+00:00,hyperliquid,HYPE/USDC:USDC,32245399.94,1.25e-05,28.7465
2025-12-15T15:00:00+00:00,hyperliquid,HYPE/USDC:USDC,32375039.979999997,-1.43565e-05,28.262
2025-12-15T16:00:00+00:00,hyperliquid,HYPE/USDC:USDC,32608889.76,3.93886e-05,27.7895
2025-12-15T17:00:00+00:00,hyperliquid,HYPE/USDC:USDC,32703711.95999997,7.09881e-05,27.741
2025-12-15T18:00:00+00:00,hyperliquid,HYPE/USDC:USDC,32441578.539999995,1.25e-05,27.4085
2025-12-15T19:00:00+00:00,hyperliquid,HYPE/USDC:USDC,32683913.72000001,1.25e-05,27.5855
2025-12-15T20:00:00+00:00,hyperliquid,HYPE/USDC:USDC,32773139.07999999,1.25e-05,27.4145
2025-12-15T21:00:00+00:00,hyperliquid,HYPE/USDC:USDC,32888610.86,1.25e-05,27.356
2025-12-15T22:00:00+00:00,hyperliquid,HYPE/USDC:USDC,32920914.839999992,1.25e-05,27.5415
2025-12-15T23:00:00+00:00,hyperliquid,HYPE/USDC:USDC,32926957.659999993,1.25e-05,27.5845
2025-12-16T00:00:00+00:00,hyperliquid,HYPE/USDC:USDC,32952141.000000007,1.25e-05,27.582
2025-12-16T01:00:00+00:00,hyperliquid,HYPE/USDC:USDC,32940079.47999999,1.25e-05,27.3075
2025-12-16T02:00:00+00:00,hyperliquid,HYPE/USDC:USDC,32811449.820000004,1.25e-05,27.0015
2025-12-16T03:00:00+00:00,hyperliquid,HYPE/USDC:USDC,32941655.24,1.25e-05,27.0785
2025-12-16T04:00:00+00:00,hyperliquid,HYPE/USDC:USDC,32773433.72000001,1.25e-05,26.739
2025-12-16T05:00:00+00:00,hyperliquid,HYPE/USDC:USDC,32632327.299999997,2.73511e-05,26.3385
2025-12-16T06:00:00+00:00,hyperliquid,HYPE/USDC:USDC,32705804.89999999,1.25e-05,26.6005
2025-12-16T07:00:00+00:00,hyperliquid,HYPE/USDC:USDC,32711532.56,1.25e-05,26.685
2025-12-16T08:00:00+00:00,hyperliquid,HYPE/USDC:USDC,32603748.30000001,1.25e-05,26.306
2025-12-16T09:00:00+00:00,hyperliquid,HYPE/USDC:USDC,32637301.019999985,1.45164e-05,26.4545
2025-12-16T10:00:00+00:00,hyperliquid,HYPE/USDC:USDC,32404715.459999993,1.25e-05,26.7355
2025-12-16T11:00:00+00:00,hyperliquid,HYPE/USDC:USDC,32413037.240000002,1.25e-05,27.0805
2025-12-16T12:00:00+00:00,hyperliquid,HYPE/USDC:USDC,32552691.08000001,5.77808e-05,27.4855
2025-12-16T13:00:00+00:00,hyperliquid,HYPE/USDC:USDC,32394242.400000013,1.25e-05,27.2975
2025-12-16T14:00:00+00:00,hyperliquid,HYPE/USDC:USDC,32385586.599999994,1.25e-05,27.142
2025-12-16T15:00:00+00:00,hyperliquid,HYPE/USDC:USDC,32442469.460000005,1.25e-05,27.3735
2025-12-16T16:00:00+00:00,hyperliquid,HYPE/USDC:USDC,32300240.840000004,1.25e-05,27.3045
2025-12-16T17:00:00+00:00,hyperliquid,HYPE/USDC:USDC,32293910.98000001,1.25e-05,26.6655
2025-12-16T18:00:00+00:00,hyperliquid,HYPE/USDC:USDC,32408105.640000008,1.25e-05,26.4865
2025-12-16T19:00:00+00:00,hyperliquid,HYPE/USDC:USDC,32420078.339999996,2.36493e-05,26.9575
2025-12-16T20:00:00+00:00,hyperliquid,HYPE/USDC:USDC,32390079.68,1.25e-05,26.9375
2025-12-16T21:00:00+00:00,hyperliquid,HYPE/USDC:USDC,32306377.08000001,1.25e-05,26.7085
2025-12-16T22:00:00+00:00,hyperliquid,HYPE/USDC:USDC,32301801.16,1.25e-05,26.8585
2025-12-16T23:00:00+00:00,hyperliquid,HYPE/USDC:USDC,32202199.15999998,1.25e-05,26.5965
2025-12-17T00:00:00+00:00,hyperliquid,HYPE/USDC:USDC,32274618.519999985,1.25e-05,26.7695
2025-12-17T01:00:00+00:00,hyperliquid,HYPE/USDC:USDC,32286001.14,1.34124e-05,26.5235
2025-12-17T02:00:00+00:00,hyperliquid,HYPE/USDC:USDC,32307721.500000004,1.72824e-05,26.417
2025-12-17T03:00:00+00:00,hyperliquid,HYPE/USDC:USDC,32623199.01999999,0.0001115644,27.1225
2025-12-17T04:00:00+00:00,hyperliquid,HYPE/USDC:USDC,33351605.559999995,0.0010803481,27.101
2025-12-17T05:00:00+00:00,hyperliquid,HYPE/USDC:USDC,33200696.679999996,5.00328e-05,26.7185
2025-12-17T06:00:00+00:00,hyperliquid,HYPE/USDC:USDC,33264853.779999994,3.6887e-05,27.0955
2025-12-17T07:00:00+00:00,hyperliquid,HYPE/USDC:USDC,33389234.879999995,1.28025e-05,27.1915
2025-12-17T08:00:00+00:00,hyperliquid,HYPE/USDC:USDC,33462551.500000015,1.25e-05,27.1475
2025-12-17T09:00:00+00:00,hyperliquid,HYPE/USDC:USDC,33485549.14,1.25e-05,26.812
2025-12-17T12:00:00+00:00,hyperliquid,HYPE/USDC:USDC,33215664.819999985,1.25e-05,27.5485
2025-12-17T13:00:00+00:00,hyperliquid,HYPE/USDC:USDC,33308067.460000005,1.25e-05,27.4355
2025-12-17T14:00:00+00:00,hyperliquid,HYPE/USDC:USDC,33349239.760000005,1.25e-05,27.4455
2025-12-17T15:00:00+00:00,hyperliquid,HYPE/USDC:USDC,33229623.199999977,1.25e-05,27.5255
2025-12-17T16:00:00+00:00,hyperliquid,HYPE/USDC:USDC,32942480.560000002,1.25e-05,26.8565
2025-12-17T17:00:00+00:00,hyperliquid,HYPE/USDC:USDC,32546309.560000025,-4.4031e-06,26.0895
2025-12-17T18:00:00+00:00,hyperliquid,HYPE/USDC:USDC,32665696.48000002,1.25e-05,25.3285
2025-12-17T19:00:00+00:00,hyperliquid,HYPE/USDC:USDC,32531676.08,1.25e-05,24.894
2025-12-17T20:00:00+00:00,hyperliquid,HYPE/USDC:USDC,32933670.34000002,4.92272e-05,24.7915
2025-12-17T21:00:00+00:00,hyperliquid,HYPE/USDC:USDC,33074872.800000016,3.18583e-05,24.9125
2025-12-17T22:00:00+00:00,hyperliquid,HYPE/USDC:USDC,32904906.77999999,1.25e-05,24.6495
2025-12-17T23:00:00+00:00,hyperliquid,HYPE/USDC:USDC,32775317.180000007,1.25e-05,24.7495
2025-12-18T00:00:00+00:00,hyperliquid,HYPE/USDC:USDC,32597678.52000001,1.25e-05,24.4555
2025-12-18T01:00:00+00:00,hyperliquid,HYPE/USDC:USDC,32496038.63999999,1.25e-05,24.3795
2025-12-18T02:00:00+00:00,hyperliquid,HYPE/USDC:USDC,32300326.56000001,1.25e-05,24.3285
2025-12-18T03:00:00+00:00,hyperliquid,HYPE/USDC:USDC,32210206.18,1.25e-05,24.2575
2025-12-18T04:00:00+00:00,hyperliquid,HYPE/USDC:USDC,32228054.04000001,1.25e-05,24.1855
2025-12-18T05:00:00+00:00,hyperliquid,HYPE/USDC:USDC,32337958.700000003,1.25e-05,24.5405
2025-12-18T06:00:00+00:00,hyperliquid,HYPE/USDC:USDC,32379279.400000017,1.25e-05,24.3735
2025-12-18T07:00:00+00:00,hyperliquid,HYPE/USDC:USDC,32388002.860000014,1.87739e-05,24.3615
2025-12-18T08:00:00+00:00,hyperliquid,HYPE/USDC:USDC,32581025.259999987,3.30333e-05,23.984
2025-12-18T09:00:00+00:00,hyperliquid,HYPE/USDC:USDC,32663591.860000003,5.50879e-05,24.1945
2025-12-18T10:00:00+00:00,hyperliquid,HYPE/USDC:USDC,32643677.540000003,1.25e-05,24.3105
2025-12-18T11:00:00+00:00,hyperliquid,HYPE/USDC:USDC,32498273.839999985,1.25e-05,24.4545
2025-12-18T12:00:00+00:00,hyperliquid,HYPE/USDC:USDC,32548651.400000013,1.25e-05,24.3905
2025-12-18T13:00:00+00:00,hyperliquid,HYPE/USDC:USDC,32292799.680000007,1.25e-05,24.372
2025-12-18T14:00:00+00:00,hyperliquid,HYPE/USDC:USDC,32834191.399999995,4.97482e-05,25.2215
2025-12-18T15:00:00+00:00,hyperliquid,HYPE/USDC:USDC,32596078.120000012,1.25e-05,24.9465
2025-12-18T16:00:00+00:00,hyperliquid,HYPE/USDC:USDC,32344156.380000003,1.25e-05,24.5495
2025-12-18T17:00:00+00:00,hyperliquid,HYPE/USDC:USDC,32284332.239999987,1.25e-05,24.4935
2025-12-18T18:00:00+00:00,hyperliquid,HYPE/USDC:USDC,31908500.039999995,1.25e-05,23.718
2025-12-18T19:00:00+00:00,hyperliquid,HYPE/USDC:USDC,32209911.0,1.25e-05,23.1395
2025-12-18T20:00:00+00:00,hyperliquid,HYPE/USDC:USDC,31989095.94000002,1.25e-05,22.9565
2025-12-18T21:00:00+00:00,hyperliquid,HYPE/USDC:USDC,31777766.040000007,1.61175e-05,22.9995
2025-12-18T22:00:00+00:00,hyperliquid,HYPE/USDC:USDC,31803216.679999996,1.25e-05,23.0995
2025-12-18T23:00:00+00:00,hyperliquid,HYPE/USDC:USDC,31786982.12000001,1.25e-05,22.9025
2025-12-19T00:00:00+00:00,hyperliquid,HYPE/USDC:USDC,31748424.82,1.25e-05,22.5305
2025-12-19T01:00:00+00:00,hyperliquid,HYPE/USDC:USDC,31834261.180000007,1.25e-05,22.3595
2025-12-19T02:00:00+00:00,hyperliquid,HYPE/USDC:USDC,31848129.85999999,1.25e-05,22.531
2025-12-19T03:00:00+00:00,hyperliquid,HYPE/USDC:USDC,31830393.66,1.25e-05,22.8305
2025-12-19T04:00:00+00:00,hyperliquid,HYPE/USDC:USDC,31794323.5,1.25e-05,23.0765
2025-12-19T05:00:00+00:00,hyperliquid,HYPE/USDC:USDC,31794551.739999995,1.25e-05,23.3175
2025-12-19T06:00:00+00:00,hyperliquid,HYPE/USDC:USDC,31800080.24,1.25e-05,23.3075
2025-12-19T07:00:00+00:00,hyperliquid,HYPE/USDC:USDC,31837768.38000001,1.25e-05,23.832
2025-12-19T08:00:00+00:00,hyperliquid,HYPE/USDC:USDC,31795453.360000007,1.25e-05,23.9285
2025-12-19T09:00:00+00:00,hyperliquid,HYPE/USDC:USDC,31871006.139999986,1.25e-05,23.9455
2025-12-19T10:00:00+00:00,hyperliquid,HYPE/USDC:USDC,31854488.83999999,1.25e-05,23.9985
2025-12-19T11:00:00+00:00,hyperliquid,HYPE/USDC:USDC,32052278.32,1.25e-05,24.3945
2025-12-19T12:00:00+00:00,hyperliquid,HYPE/USDC:USDC,32309883.4,1.25e-05,24.5445
2025-12-19T13:00:00+00:00,hyperliquid,HYPE/USDC:USDC,32328117.320000015,1.25e-05,24.4055
2025-12-19T14:00:00+00:00,hyperliquid,HYPE/USDC:USDC,32277312.359999992,1.25e-05,24.375
2025-12-19T15:00:00+00:00,hyperliquid,HYPE/USDC:USDC,32256876.159999996,1.25e-05,24.0805
2025-12-19T16:00:00+00:00,hyperliquid,HYPE/USDC:USDC,32083062.079999987,1.25e-05,23.927
2025-12-19T17:00:00+00:00,hyperliquid,HYPE/USDC:USDC,31922180.139999993,1.25e-05,24.3115
2025-12-19T18:00:00+00:00,hyperliquid,HYPE/USDC:USDC,31924199.239999983,1.25e-05,24.026
2025-12-19T19:00:00+00:00,hyperliquid,HYPE/USDC:USDC,31854862.760000013,1.25e-05,24.3895
2025-12-19T20:00:00+00:00,hyperliquid,HYPE/USDC:USDC,31809694.92,1.25e-05,24.7665
2025-12-19T21:00:00+00:00,hyperliquid,HYPE/USDC:USDC,31749671.340000004,1.25e-05,24.7845
2025-12-19T22:00:00+00:00,hyperliquid,HYPE/USDC:USDC,31672286.97999999,1.25e-05,24.5075
2025-12-19T23:00:00+00:00,hyperliquid,HYPE/USDC:USDC,31676243.27999997,1.25e-05,24.6385
2025-12-20T00:00:00+00:00,hyperliquid,HYPE/USDC:USDC,31653949.539999995,1.05623e-05,24.8775
2025-12-20T01:00:00+00:00,hyperliquid,HYPE/USDC:USDC,31596187.719999995,1.25e-05,24.6305
2025-12-20T02:00:00+00:00,hyperliquid,HYPE/USDC:USDC,31538979.939999994,1.25e-05,24.5655
2025-12-20T03:00:00+00:00,hyperliquid,HYPE/USDC:USDC,31413823.28,1.25e-05,24.4355
2025-12-20T04:00:00+00:00,hyperliquid,HYPE/USDC:USDC,31431700.839999996,1.25e-05,24.6085
2025-12-20T05:00:00+00:00,hyperliquid,HYPE/USDC:USDC,31419846.52000001,1.25e-05,24.6195
2025-12-20T06:00:00+00:00,hyperliquid,HYPE/USDC:USDC,31480277.40000001,1.25e-05,24.6645
2025-12-20T07:00:00+00:00,hyperliquid,HYPE/USDC:USDC,31457965.980000008,1.25e-05,24.8885
2025-12-20T08:00:00+00:00,hyperliquid,HYPE/USDC:USDC,31395821.939999994,1.25e-05,24.8855
2025-12-20T09:00:00+00:00,hyperliquid,HYPE/USDC:USDC,31245185.58,1.25e-05,25.21
2025-12-20T10:00:00+00:00,hyperliquid,HYPE/USDC:USDC,31134031.159999996,1.25e-05,24.8095
2025-12-20T11:00:00+00:00,hyperliquid,HYPE/USDC:USDC,31141879.820000004,1.25e-05,24.6415
2025-12-20T12:00:00+00:00,hyperliquid,HYPE/USDC:USDC,31160064.060000002,1.25e-05,24.6795
2025-12-20T13:00:00+00:00,hyperliquid,HYPE/USDC:USDC,31159433.44,1.25e-05,24.7415
2025-12-20T14:00:00+00:00,hyperliquid,HYPE/USDC:USDC,31110254.14,1.25e-05,24.6685
2025-12-20T15:00:00+00:00,hyperliquid,HYPE/USDC:USDC,31111735.880000006,1.25e-05,24.7165
2025-12-20T16:00:00+00:00,hyperliquid,HYPE/USDC:USDC,31104370.3,1.25e-05,24.7095
2025-12-20T17:00:00+00:00,hyperliquid,HYPE/USDC:USDC,31092236.62,1.25e-05,24.8655
2025-12-20T18:00:00+00:00,hyperliquid,HYPE/USDC:USDC,31095211.43999999,1.25e-05,24.9935
2025-12-20T19:00:00+00:00,hyperliquid,HYPE/USDC:USDC,31077859.1,-5.8263e-06,25.0585
2025-12-20T20:00:00+00:00,hyperliquid,HYPE/USDC:USDC,31103434.679999992,1.25e-05,25.1525
2025-12-20T21:00:00+00:00,hyperliquid,HYPE/USDC:USDC,31084117.619999994,1.25e-05,25.2325
2025-12-20T22:00:00+00:00,hyperliquid,HYPE/USDC:USDC,30939525.439999998,1.25e-05,24.6505
2025-12-20T23:00:00+00:00,hyperliquid,HYPE/USDC:USDC,30908066.760000005,1.25e-05,24.6615
2025-12-21T00:00:00+00:00,hyperliquid,HYPE/USDC:USDC,30767031.26,1.25e-05,23.9775
2025-12-21T01:00:00+00:00,hyperliquid,HYPE/USDC:USDC,30754920.819999997,1.25e-05,23.9535
2025-12-21T02:00:00+00:00,hyperliquid,HYPE/USDC:USDC,30744342.380000003,1.25e-05,23.6445
2025-12-21T03:00:00+00:00,hyperliquid,HYPE/USDC:USDC,30823675.02,1.25e-05,23.6525
2025-12-21T04:00:00+00:00,hyperliquid,HYPE/USDC:USDC,30860115.340000007,1.25e-05,23.8905
2025-12-21T05:00:00+00:00,hyperliquid,HYPE/USDC:USDC,30854869.460000005,1.25e-05,23.9225
2025-12-21T06:00:00+00:00,hyperliquid,HYPE/USDC:USDC,30860945.580000002,1.25e-05,23.9715
2025-12-21T07:00:00+00:00,hyperliquid,HYPE/USDC:USDC,30869030.28000001,1.25e-05,24.1625
2025-12-21T08:00:00+00:00,hyperliquid,HYPE/USDC:USDC,30898820.560000014,1.25e-05,24.1745
2025-12-21T09:00:00+00:00,hyperliquid,HYPE/USDC:USDC,31032334.100000005,1.25e-05,24.3065
2025-12-21T10:00:00+00:00,hyperliquid,HYPE/USDC:USDC,30977770.880000003,1.25e-05,24.3805
2025-12-21T11:00:00+00:00,hyperliquid,HYPE/USDC:USDC,31070427.680000003,1.25e-05,24.2365
2025-12-21T12:00:00+00:00,hyperliquid,HYPE/USDC:USDC,31125069.720000006,1.25e-05,24.2695
2025-12-21T13:00:00+00:00,hyperliquid,HYPE/USDC:USDC,31197574.07999999,1.25e-05,24.1545
2025-12-21T14:00:00+00:00,hyperliquid,HYPE/USDC:USDC,31231037.220000006,1.25e-05,23.7705
2025-12-21T15:00:00+00:00,hyperliquid,HYPE/USDC:USDC,31294099.34000001,1.25e-05,24.0455
2025-12-21T16:00:00+00:00,hyperliquid,HYPE/USDC:USDC,31200582.220000003,1.25e-05,24.181
2025-12-21T17:00:00+00:00,hyperliquid,HYPE/USDC:USDC,31298343.62,1.25e-05,24.2795
2025-12-21T18:00:00+00:00,hyperliquid,HYPE/USDC:USDC,31312970.18,1.25e-05,24.3785
2025-12-21T19:00:00+00:00,hyperliquid,HYPE/USDC:USDC,31445915.53999999,1.25e-05,24.4605
2025-12-21T20:00:00+00:00,hyperliquid,HYPE/USDC:USDC,31402724.08000001,1.09763e-05,24.3585
2025-12-21T21:00:00+00:00,hyperliquid,HYPE/USDC:USDC,31322445.260000013,1.25e-05,24.1025
2025-12-21T22:00:00+00:00,hyperliquid,HYPE/USDC:USDC,31306366.280000005,1.25e-05,24.0815
2025-12-21T23:00:00+00:00,hyperliquid,HYPE/USDC:USDC,31408237.200000003,1.25e-05,24.5325
2025-12-22T00:00:00+00:00,hyperliquid,HYPE/USDC:USDC,31462704.639999986,1.25e-05,24.7925
2025-12-22T01:00:00+00:00,hyperliquid,HYPE/USDC:USDC,31230219.899999995,1.25e-05,24.5615
2025-12-22T02:00:00+00:00,hyperliquid,HYPE/USDC:USDC,31101461.28,-2.83075e-05,24.7425
2025-12-22T03:00:00+00:00,hyperliquid,HYPE/USDC:USDC,31080758.740000002,1.25e-05,24.6285
2025-12-22T04:00:00+00:00,hyperliquid,HYPE/USDC:USDC,31067917.520000003,1.25e-05,24.7695
2025-12-22T05:00:00+00:00,hyperliquid,HYPE/USDC:USDC,31046769.439999994,1.25e-05,24.7655
2025-12-22T06:00:00+00:00,hyperliquid,HYPE/USDC:USDC,31060656.279999997,1.25e-05,24.8655
2025-12-22T07:00:00+00:00,hyperliquid,HYPE/USDC:USDC,31179923.259999994,1.25e-05,24.9795
2025-12-22T08:00:00+00:00,hyperliquid,HYPE/USDC:USDC,31333405.539999954,1.25e-05,25.4925
2025-12-22T09:00:00+00:00,hyperliquid,HYPE/USDC:USDC,31295151.960000005,1.25e-05,25.2325
2025-12-22T10:00:00+00:00,hyperliquid,HYPE/USDC:USDC,31282287.98,1.25e-05,25.2295
2025-12-22T11:00:00+00:00,hyperliquid,HYPE/USDC:USDC,31288696.99999999,1.25e-05,25.2235
2025-12-22T12:00:00+00:00,hyperliquid,HYPE/USDC:USDC,31309886.44,1.25e-05,25.0975
2025-12-22T13:00:00+00:00,hyperliquid,HYPE/USDC:USDC,31313387.4,1.25e-05,25.2385
2025-12-22T14:00:00+00:00,hyperliquid,HYPE/USDC:USDC,31157236.919999998,1.25e-05,24.9845
2025-12-22T15:00:00+00:00,hyperliquid,HYPE/USDC:USDC,31117838.54000001,1.25e-05,24.6905
2025-12-22T16:00:00+00:00,hyperliquid,HYPE/USDC:USDC,31109826.52,1.25e-05,24.7195
2025-12-22T17:00:00+00:00,hyperliquid,HYPE/USDC:USDC,31329149.82,1.03282e-05,24.8665
2025-12-22T18:00:00+00:00,hyperliquid,HYPE/USDC:USDC,31496821.920000006,1.25e-05,25.0765
2025-12-22T19:00:00+00:00,hyperliquid,HYPE/USDC:USDC,31426279.359999996,1.22278e-05,24.8245
2025-12-22T20:00:00+00:00,hyperliquid,HYPE/USDC:USDC,31327649.019999996,1.25e-05,24.6835
2025-12-22T21:00:00+00:00,hyperliquid,HYPE/USDC:USDC,31387905.520000003,1.25e-05,24.7005
2025-12-22T22:00:00+00:00,hyperliquid,HYPE/USDC:USDC,31457831.000000004,1.25e-05,24.7305
2025-12-22T23:00:00+00:00,hyperliquid,HYPE/USDC:USDC,31412562.960000005,1.25e-05,24.8855
2025-12-23T00:00:00+00:00,hyperliquid,HYPE/USDC:USDC,31344098.639999993,1.25e-05,24.82
2025-12-23T01:00:00+00:00,hyperliquid,HYPE/USDC:USDC,31358401.319999997,1.25e-05,24.9415
2025-12-23T02:00:00+00:00,hyperliquid,HYPE/USDC:USDC,31341698.380000006,1.25e-05,24.7585
2025-12-23T03:00:00+00:00,hyperliquid,HYPE/USDC:USDC,31291944.88000001,1.25e-05,24.527
2025-12-23T04:00:00+00:00,hyperliquid,HYPE/USDC:USDC,31093423.259999998,1.25e-05,24.3305
2025-12-23T05:00:00+00:00,hyperliquid,HYPE/USDC:USDC,30957262.080000002,1.25e-05,24.3195
2025-12-23T06:00:00+00:00,hyperliquid,HYPE/USDC:USDC,31049673.93999999,1.25e-05,24.3365
2025-12-23T07:00:00+00:00,hyperliquid,HYPE/USDC:USDC,31120394.900000002,1.25e-05,24.4005
2025-12-23T08:00:00+00:00,hyperliquid,HYPE/USDC:USDC,31009719.00000001,1.25e-05,24.2605
2025-12-23T09:00:00+00:00,hyperliquid,HYPE/USDC:USDC,30908898.119999994,1.25e-05,23.9935
2025-12-23T10:00:00+00:00,hyperliquid,HYPE/USDC:USDC,30899576.30000001,1.25e-05,24.1445
2025-12-23T11:00:00+00:00,hyperliquid,HYPE/USDC:USDC,30964506.24,1.25e-05,24.2405
2025-12-23T12:00:00+00:00,hyperliquid,HYPE/USDC:USDC,30907112.860000003,1.25e-05,24.2845
2025-12-23T13:00:00+00:00,hyperliquid,HYPE/USDC:USDC,30981994.3,1.25e-05,24.2775
2025-12-23T14:00:00+00:00,hyperliquid,HYPE/USDC:USDC,31074093.58000001,1.25e-05,24.3815
2025-12-23T15:00:00+00:00,hyperliquid,HYPE/USDC:USDC,31018041.020000007,1.25e-05,23.8335
2025-12-23T16:00:00+00:00,hyperliquid,HYPE/USDC:USDC,31036981.320000008,1.25e-05,24.0655
2025-12-23T17:00:00+00:00,hyperliquid,HYPE/USDC:USDC,31124864.10000001,1.25e-05,24.3425
2025-12-23T18:00:00+00:00,hyperliquid,HYPE/USDC:USDC,31221672.96000002,1.25e-05,24.1695
2025-12-23T19:00:00+00:00,hyperliquid,HYPE/USDC:USDC,31186679.520000003,1.25e-05,24.4845
2025-12-23T20:00:00+00:00,hyperliquid,HYPE/USDC:USDC,31255157.71999999,1.25e-05,24.5265
2025-12-23T21:00:00+00:00,hyperliquid,HYPE/USDC:USDC,31275098.759999998,1.25e-05,24.5805
2025-12-23T22:00:00+00:00,hyperliquid,HYPE/USDC:USDC,31263567.34,1.25e-05,24.4305
2025-12-23T23:00:00+00:00,hyperliquid,HYPE/USDC:USDC,30880277.579999994,1.25e-05,23.9875
2025-12-24T00:00:00+00:00,hyperliquid,HYPE/USDC:USDC,30694824.339999996,1.25e-05,23.9655
2025-12-24T01:00:00+00:00,hyperliquid,HYPE/USDC:USDC,30750631.74,1.25e-05,24.3205
2025-12-24T02:00:00+00:00,hyperliquid,HYPE/USDC:USDC,30715769.899999995,1.25e-05,24.1715
2025-12-24T03:00:00+00:00,hyperliquid,HYPE/USDC:USDC,30723525.7,1.25e-05,23.7385
2025-12-24T04:00:00+00:00,hyperliquid,HYPE/USDC:USDC,30731194.78,1.25e-05,24.0555
2025-12-24T05:00:00+00:00,hyperliquid,HYPE/USDC:USDC,30726903.759999994,1.25e-05,24.1475
2025-12-24T06:00:00+00:00,hyperliquid,HYPE/USDC:USDC,30713000.220000006,1.25e-05,23.8635
2025-12-24T07:00:00+00:00,hyperliquid,HYPE/USDC:USDC,30749407.380000006,1.25e-05,23.9125
2025-12-24T08:00:00+00:00,hyperliquid,HYPE/USDC:USDC,30747561.880000006,1.25e-05,23.7315
2025-12-24T09:00:00+00:00,hyperliquid,HYPE/USDC:USDC,30711475.49999999,1.25e-05,23.865
2025-12-24T10:00:00+00:00,hyperliquid,HYPE/USDC:USDC,30713397.580000002,1.25e-05,23.8385
2025-12-24T11:00:00+00:00,hyperliquid,HYPE/USDC:USDC,30731641.159999996,1.25e-05,23.9225
2025-12-24T12:00:00+00:00,hyperliquid,HYPE/USDC:USDC,30744480.04,1.25e-05,23.8855
2025-12-24T13:00:00+00:00,hyperliquid,HYPE/USDC:USDC,30791775.08000001,1.25e-05,23.8815
2025-12-24T14:00:00+00:00,hyperliquid,HYPE/USDC:USDC,30764957.8,1.25e-05,23.9705
2025-12-24T15:00:00+00:00,hyperliquid,HYPE/USDC:USDC,30846192.060000014,1.25e-05,24.0805
2025-12-24T16:00:00+00:00,hyperliquid,HYPE/USDC:USDC,30835954.000000004,1.25e-05,24.2625
2025-12-24T17:00:00+00:00,hyperliquid,HYPE/USDC:USDC,30933921.700000007,1.25e-05,24.4805
2025-12-24T18:00:00+00:00,hyperliquid,HYPE/USDC:USDC,30933263.200000003,1.25e-05,24.398
2025-12-24T19:00:00+00:00,hyperliquid,HYPE/USDC:USDC,30872487.159999996,1.25e-05,24.3015
2025-12-24T20:00:00+00:00,hyperliquid,HYPE/USDC:USDC,30820301.280000005,1.25e-05,24.6775
2025-12-24T21:00:00+00:00,hyperliquid,HYPE/USDC:USDC,30770142.26,1.25e-05,24.5165
2025-12-24T22:00:00+00:00,hyperliquid,HYPE/USDC:USDC,30978624.70000001,1.25e-05,24.8255
2025-12-24T23:00:00+00:00,hyperliquid,HYPE/USDC:USDC,31287209.259999994,1.25e-05,25.1665
2025-12-25T00:00:00+00:00,hyperliquid,HYPE/USDC:USDC,31539724.140000004,1.25e-05,25.145
2025-12-25T01:00:00+00:00,hyperliquid,HYPE/USDC:USDC,31583181.2,1.25e-05,24.932
2025-12-25T02:00:00+00:00,hyperliquid,HYPE/USDC:USDC,31534808.01999999,1.25e-05,24.8985
2025-12-25T03:00:00+00:00,hyperliquid,HYPE/USDC:USDC,31555966.98,6.2678e-06,25.0405
2025-12-25T04:00:00+00:00,hyperliquid,HYPE/USDC:USDC,31663775.4,1.25e-05,24.9415
2025-12-25T05:00:00+00:00,hyperliquid,HYPE/USDC:USDC,31592887.760000005,1.25e-05,24.9925
2025-12-25T06:00:00+00:00,hyperliquid,HYPE/USDC:USDC,31359370.26000001,1.25e-05,24.6845
2025-12-25T07:00:00+00:00,hyperliquid,HYPE/USDC:USDC,31402972.58000001,-6.4363e-06,24.6845
2025-12-25T08:00:00+00:00,hyperliquid,HYPE/USDC:USDC,31275229.560000002,1.25e-05,24.6805
2025-12-25T09:00:00+00:00,hyperliquid,HYPE/USDC:USDC,31274542.12000001,1.25e-05,24.6375
2025-12-25T10:00:00+00:00,hyperliquid,HYPE/USDC:USDC,31274103.52,1.25e-05,24.6245
2025-12-25T11:00:00+00:00,hyperliquid,HYPE/USDC:USDC,31315607.96,1.25e-05,24.6045
2025-12-25T12:00:00+00:00,hyperliquid,HYPE/USDC:USDC,31320833.180000003,1.25e-05,24.6465
2025-12-25T13:00:00+00:00,hyperliquid,HYPE/USDC:USDC,31334803.86000001,1.25e-05,24.6635
2025-12-25T14:00:00+00:00,hyperliquid,HYPE/USDC:USDC,31360931.90000001,1.25e-05,24.6655
2025-12-25T15:00:00+00:00,hyperliquid,HYPE/USDC:USDC,31368949.120000005,1.25e-05,24.6835
2025-12-25T16:00:00+00:00,hyperliquid,HYPE/USDC:USDC,31358525.560000002,1.25e-05,24.8215
2025-12-25T17:00:00+00:00,hyperliquid,HYPE/USDC:USDC,31365083.640000008,1.25e-05,24.8705
2025-12-25T18:00:00+00:00,hyperliquid,HYPE/USDC:USDC,31523065.920000006,1.25e-05,25.0765
2025-12-25T19:00:00+00:00,hyperliquid,HYPE/USDC:USDC,31610771.379999995,1.25e-05,25.1425
2025-12-25T20:00:00+00:00,hyperliquid,HYPE/USDC:USDC,31584506.42,1.25e-05,24.9355
2025-12-25T21:00:00+00:00,hyperliquid,HYPE/USDC:USDC,31439263.800000004,1.25e-05,24.8435
2025-12-25T22:00:00+00:00,hyperliquid,HYPE/USDC:USDC,31425837.680000007,1.25e-05,24.9795
2025-12-25T23:00:00+00:00,hyperliquid,HYPE/USDC:USDC,31201376.939999983,1.25e-05,24.347
2025-12-26T00:00:00+00:00,hyperliquid,HYPE/USDC:USDC,31420235.660000015,1.25e-05,24.41
2025-12-26T01:00:00+00:00,hyperliquid,HYPE/USDC:USDC,31545772.020000003,1.25e-05,24.4845
2025-12-26T02:00:00+00:00,hyperliquid,HYPE/USDC:USDC,31534984.400000002,1.25e-05,24.6655
2025-12-26T03:00:00+00:00,hyperliquid,HYPE/USDC:USDC,31610234.98000001,1.25e-05,25.0955
2025-12-26T04:00:00+00:00,hyperliquid,HYPE/USDC:USDC,31672009.580000006,1.25e-05,24.8985
2025-12-26T05:00:00+00:00,hyperliquid,HYPE/USDC:USDC,31690376.36000001,1.25e-05,25.0015
2025-12-26T06:00:00+00:00,hyperliquid,HYPE/USDC:USDC,31685417.420000006,1.25e-05,25.0305
2025-12-26T07:00:00+00:00,hyperliquid,HYPE/USDC:USDC,31889670.49999999,1.25e-05,25.4775
2025-12-26T08:00:00+00:00,hyperliquid,HYPE/USDC:USDC,31836265.28000001,1.25e-05,25.1935
2025-12-26T09:00:00+00:00,hyperliquid,HYPE/USDC:USDC,31912597.62,1.25e-05,25.207
2025-12-26T10:00:00+00:00,hyperliquid,HYPE/USDC:USDC,31888797.819999993,1.25e-05,25.3615
2025-12-26T11:00:00+00:00,hyperliquid,HYPE/USDC:USDC,31711967.740000002,1.25e-05,25.2665
2025-12-26T12:00:00+00:00,hyperliquid,HYPE/USDC:USDC,31486821.059999987,8.5569e-06,24.9155
2025-12-26T13:00:00+00:00,hyperliquid,HYPE/USDC:USDC,31286231.18,1.25e-05,25.0045
2025-12-26T14:00:00+00:00,hyperliquid,HYPE/USDC:USDC,31238570.899999987,-1.30394e-05,25.0405
2025-12-26T15:00:00+00:00,hyperliquid,HYPE/USDC:USDC,31210590.059999987,-1.21056e-05,24.737
2025-12-26T16:00:00+00:00,hyperliquid,HYPE/USDC:USDC,31226690.139999997,1.25e-05,24.9995
2025-12-26T17:00:00+00:00,hyperliquid,HYPE/USDC:USDC,31219572.440000005,1.25e-05,24.8025
2025-12-26T18:00:00+00:00,hyperliquid,HYPE/USDC:USDC,31386541.480000008,1.25e-05,24.8865
2025-12-26T19:00:00+00:00,hyperliquid,HYPE/USDC:USDC,31254739.42,1.25e-05,24.9055
2025-12-26T20:00:00+00:00,hyperliquid,HYPE/USDC:USDC,31245811.42000001,1.25e-05,25.0285
2025-12-26T21:00:00+00:00,hyperliquid,HYPE/USDC:USDC,31286200.220000003,1.25e-05,25.1425
2025-12-26T22:00:00+00:00,hyperliquid,HYPE/USDC:USDC,31282055.959999993,1.25e-05,25.2785
2025-12-26T23:00:00+00:00,hyperliquid,HYPE/USDC:USDC,31291900.839999992,1.25e-05,25.4925
2025-12-27T00:00:00+00:00,hyperliquid,HYPE/USDC:USDC,31459574.819999985,1.25e-05,25.8025
2025-12-27T01:00:00+00:00,hyperliquid,HYPE/USDC:USDC,31424090.83999999,1.25e-05,25.7235
2025-12-27T02:00:00+00:00,hyperliquid,HYPE/USDC:USDC,31406115.620000012,1.25e-05,26.0225
2025-12-27T03:00:00+00:00,hyperliquid,HYPE/USDC:USDC,31381473.48,1.25e-05,25.9245
2025-12-27T04:00:00+00:00,hyperliquid,HYPE/USDC:USDC,31344790.880000003,1.25e-05,25.9095
2025-12-27T05:00:00+00:00,hyperliquid,HYPE/USDC:USDC,31373609.519999996,1.25e-05,25.8715
2025-12-27T06:00:00+00:00,hyperliquid,HYPE/USDC:USDC,31415663.29999999,1.25e-05,25.9795
2025-12-27T07:00:00+00:00,hyperliquid,HYPE/USDC:USDC,31428281.119999986,1.25e-05,25.8915
2025-12-27T08:00:00+00:00,hyperliquid,HYPE/USDC:USDC,31477730.720000006,1.25e-05,25.9605
2025-12-27T09:00:00+00:00,hyperliquid,HYPE/USDC:USDC,31496858.260000005,1.25e-05,26.0765
2025-12-27T10:00:00+00:00,hyperliquid,HYPE/USDC:USDC,31677399.71999999,1.25e-05,26.178
2025-12-27T11:00:00+00:00,hyperliquid,HYPE/USDC:USDC,31661627.23999999,1.25e-05,26.071
2025-12-27T12:00:00+00:00,hyperliquid,HYPE/USDC:USDC,31700376.239999995,1.25e-05,26.1605
2025-12-27T13:00:00+00:00,hyperliquid,HYPE/USDC:USDC,31695035.63999999,1.25e-05,26.0345
2025-12-27T14:00:00+00:00,hyperliquid,HYPE/USDC:USDC,31691621.69999999,1.25e-05,25.8515
2025-12-27T15:00:00+00:00,hyperliquid,HYPE/USDC:USDC,31651615.439999986,1.25e-05,25.8475
2025-12-27T16:00:00+00:00,hyperliquid,HYPE/USDC:USDC,31705490.36,1.25e-05,25.9505
2025-12-27T17:00:00+00:00,hyperliquid,HYPE/USDC:USDC,31459056.24,1.25e-05,25.4945
2025-12-27T18:00:00+00:00,hyperliquid,HYPE/USDC:USDC,31315285.82,1.25e-05,25.5585
2025-12-27T19:00:00+00:00,hyperliquid,HYPE/USDC:USDC,31334228.96,1.25e-05,25.6305
2025-12-27T20:00:00+00:00,hyperliquid,HYPE/USDC:USDC,31367276.259999998,1.25e-05,25.7135
2025-12-27T21:00:00+00:00,hyperliquid,HYPE/USDC:USDC,31345941.21999999,1.25e-05,25.6645
2025-12-27T22:00:00+00:00,hyperliquid,HYPE/USDC:USDC,31318835.300000004,1.25e-05,25.9815
2025-12-27T23:00:00+00:00,hyperliquid,HYPE/USDC:USDC,31314259.719999995,1.25e-05,25.7745
2025-12-28T00:00:00+00:00,hyperliquid,HYPE/USDC:USDC,31340479.17999999,1.25e-05,25.9815
2025-12-28T01:00:00+00:00,hyperliquid,HYPE/USDC:USDC,31365691.619999997,1.25e-05,26.0245
2025-12-28T02:00:00+00:00,hyperliquid,HYPE/USDC:USDC,31341789.839999996,1.25e-05,25.879
2025-12-28T03:00:00+00:00,hyperliquid,HYPE/USDC:USDC,31334289.240000002,1.25e-05,26.0185
2025-12-28T04:00:00+00:00,hyperliquid,HYPE/USDC:USDC,31349694.159999996,1.25e-05,26.1015
2025-12-28T05:00:00+00:00,hyperliquid,HYPE/USDC:USDC,31425107.399999995,1.25e-05,26.2025
2025-12-28T06:00:00+00:00,hyperliquid,HYPE/USDC:USDC,31355565.619999994,1.25e-05,26.0165
2025-12-28T07:00:00+00:00,hyperliquid,HYPE/USDC:USDC,31405591.599999994,1.25e-05,25.8215
2025-12-28T08:00:00+00:00,hyperliquid,HYPE/USDC:USDC,31347972.88,1.25e-05,25.8005
2025-12-28T09:00:00+00:00,hyperliquid,HYPE/USDC:USDC,31344470.8,1.25e-05,25.8385
2025-12-28T10:00:00+00:00,hyperliquid,HYPE/USDC:USDC,31348589.56,1.25e-05,25.9135
2025-12-28T11:00:00+00:00,hyperliquid,HYPE/USDC:USDC,31339889.179999996,1.25e-05,25.9485
2025-12-28T12:00:00+00:00,hyperliquid,HYPE/USDC:USDC,31369953.039999995,1.25e-05,25.8835
2025-12-28T13:00:00+00:00,hyperliquid,HYPE/USDC:USDC,31361041.399999995,1.25e-05,25.8375
2025-12-28T14:00:00+00:00,hyperliquid,HYPE/USDC:USDC,31361655.979999997,1.25e-05,25.8855
2025-12-28T15:00:00+00:00,hyperliquid,HYPE/USDC:USDC,31352365.52,1.25e-05,25.8785
2025-12-28T16:00:00+00:00,hyperliquid,HYPE/USDC:USDC,31347206.100000005,1.25e-05,25.2285
2025-12-28T17:00:00+00:00,hyperliquid,HYPE/USDC:USDC,31619273.560000014,1.25e-05,25.2715
2025-12-28T18:00:00+00:00,hyperliquid,HYPE/USDC:USDC,31612016.04,1.25e-05,25.3505
2025-12-28T19:00:00+00:00,hyperliquid,HYPE/USDC:USDC,31599997.88,1.25e-05,25.1805
2025-12-28T20:00:00+00:00,hyperliquid,HYPE/USDC:USDC,31541494.700000007,1.25e-05,24.9685
2025-12-28T21:00:00+00:00,hyperliquid,HYPE/USDC:USDC,31617544.020000007,1.25e-05,24.9905
2025-12-28T22:00:00+00:00,hyperliquid,HYPE/USDC:USDC,31678749.319999997,1.25e-05,25.0575
2025-12-28T23:00:00+00:00,hyperliquid,HYPE/USDC:USDC,31715617.840000004,1.25e-05,25.2955
2025-12-29T00:00:00+00:00,hyperliquid,HYPE/USDC:USDC,31889982.179999992,1.25e-05,25.2755
2025-12-29T01:00:00+00:00,hyperliquid,HYPE/USDC:USDC,32182384.72,5.57735e-05,25.9815
2025-12-29T02:00:00+00:00,hyperliquid,HYPE/USDC:USDC,32368222.720000006,1.25e-05,26.087
2025-12-29T03:00:00+00:00,hyperliquid,HYPE/USDC:USDC,32488029.64,1.25e-05,26.1055
2025-12-29T04:00:00+00:00,hyperliquid,HYPE/USDC:USDC,32558734.000000007,1.25e-05,26.114
2025-12-29T05:00:00+00:00,hyperliquid,HYPE/USDC:USDC,32769404.6,1.25e-05,26.194
2025-12-29T06:00:00+00:00,hyperliquid,HYPE/USDC:USDC,32760209.359999985,1.25e-05,25.9985
2025-12-29T07:00:00+00:00,hyperliquid,HYPE/USDC:USDC,32809462.119999968,1.25e-05,25.9305
2025-12-29T08:00:00+00:00,hyperliquid,HYPE/USDC:USDC,32804104.740000002,1.25e-05,25.9415
2025-12-29T09:00:00+00:00,hyperliquid,HYPE/USDC:USDC,32765221.87999998,1.25e-05,25.9465
2025-12-29T10:00:00+00:00,hyperliquid,HYPE/USDC:USDC,32623549.36000001,1.25e-05,25.7285
2025-12-29T11:00:00+00:00,hyperliquid,HYPE/USDC:USDC,32533801.499999985,1.25e-05,25.6995
2025-12-29T12:00:00+00:00,hyperliquid,HYPE/USDC:USDC,32482937.339999992,1.25e-05,25.6525
2025-12-29T13:00:00+00:00,hyperliquid,HYPE/USDC:USDC,32327811.859999996,1.25e-05,25.6945
2025-12-29T14:00:00+00:00,hyperliquid,HYPE/USDC:USDC,32258406.219999988,1.25e-05,25.6685
2025-12-29T15:00:00+00:00,hyperliquid,HYPE/USDC:USDC,32321157.88,1.25e-05,25.785
2025-12-29T16:00:00+00:00,hyperliquid,HYPE/USDC:USDC,32430160.040000007,1.25e-05,26.0555
2025-12-29T17:00:00+00:00,hyperliquid,HYPE/USDC:USDC,32644186.360000007,1.94968e-05,26.3365
2025-12-29T18:00:00+00:00,hyperliquid,HYPE/USDC:USDC,32588871.1,1.25e-05,26.1065
2025-12-29T19:00:00+00:00,hyperliquid,HYPE/USDC:USDC,32523898.079999994,1.25e-05,25.8075
2025-12-29T20:00:00+00:00,hyperliquid,HYPE/USDC:USDC,32608145.13999999,1.25e-05,25.6645
2025-12-29T21:00:00+00:00,hyperliquid,HYPE/USDC:USDC,32637374.43999999,1.25e-05,25.8245
2025-12-29T22:00:00+00:00,hyperliquid,HYPE/USDC:USDC,32701340.67999999,1.25e-05,25.8995
2025-12-29T23:00:00+00:00,hyperliquid,HYPE/USDC:USDC,32718851.54000001,1.25e-05,25.8565
2025-12-30T00:00:00+00:00,hyperliquid,HYPE/USDC:USDC,32639404.56000001,1.25e-05,25.8015
2025-12-30T01:00:00+00:00,hyperliquid,HYPE/USDC:USDC,32654617.959999997,1.25e-05,25.558
2025-12-30T02:00:00+00:00,hyperliquid,HYPE/USDC:USDC,32670536.560000002,1.25e-05,25.5965
2025-12-30T03:00:00+00:00,hyperliquid,HYPE/USDC:USDC,32606424.69999999,1.25e-05,25.455
2025-12-30T04:00:00+00:00,hyperliquid,HYPE/USDC:USDC,32561948.019999996,1.25e-05,25.7585
2025-12-30T05:00:00+00:00,hyperliquid,HYPE/USDC:USDC,32526183.659999993,1.25e-05,25.9185
2025-12-30T06:00:00+00:00,hyperliquid,HYPE/USDC:USDC,32627193.38000001,1.25e-05,26.1435
2025-12-30T07:00:00+00:00,hyperliquid,HYPE/USDC:USDC,32738987.059999995,1.25e-05,26.335
2025-12-30T08:00:00+00:00,hyperliquid,HYPE/USDC:USDC,32683237.7,1.62869e-05,26.2095
2025-12-30T09:00:00+00:00,hyperliquid,HYPE/USDC:USDC,32518504.98,1.25e-05,26.003
2025-12-30T10:00:00+00:00,hyperliquid,HYPE/USDC:USDC,32565949.559999987,1.25e-05,25.7485
2025-12-30T11:00:00+00:00,hyperliquid,HYPE/USDC:USDC,32751160.119999997,1.25e-05,25.8835
2025-12-30T12:00:00+00:00,hyperliquid,HYPE/USDC:USDC,32737427.599999994,1.25e-05,25.8705
2025-12-30T13:00:00+00:00,hyperliquid,HYPE/USDC:USDC,32747876.099999987,1.25e-05,25.6685
2025-12-30T14:00:00+00:00,hyperliquid,HYPE/USDC:USDC,32709765.39999999,1.25e-05,25.6735
2025-12-30T15:00:00+00:00,hyperliquid,HYPE/USDC:USDC,32582183.740000002,1.25e-05,25.6965
2025-12-30T16:00:00+00:00,hyperliquid,HYPE/USDC:USDC,32638018.560000006,1.25e-05,25.7975
2025-12-30T17:00:00+00:00,hyperliquid,HYPE/USDC:USDC,32581826.16000001,1.25e-05,25.6555
2025-12-30T18:00:00+00:00,hyperliquid,HYPE/USDC:USDC,32739886.880000003,1.25e-05,25.6865
2025-12-30T19:00:00+00:00,hyperliquid,HYPE/USDC:USDC,32800852.459999993,1.25e-05,25.6695
2025-12-30T20:00:00+00:00,hyperliquid,HYPE/USDC:USDC,32864052.720000014,1.25e-05,25.9695
2025-12-30T21:00:00+00:00,hyperliquid,HYPE/USDC:USDC,32709450.58,1.25e-05,25.8285
2025-12-30T22:00:00+00:00,hyperliquid,HYPE/USDC:USDC,32734872.78000001,1.25e-05,25.8605
2025-12-30T23:00:00+00:00,hyperliquid,HYPE/USDC:USDC,32735060.419999998,1.25e-05,25.9845
2025-12-31T00:00:00+00:00,hyperliquid,HYPE/USDC:USDC,32721731.259999998,1.25e-05,25.9435
2025-12-31T01:00:00+00:00,hyperliquid,HYPE/USDC:USDC,32706867.459999997,1.25e-05,25.8985
2025-12-31T02:00:00+00:00,hyperliquid,HYPE/USDC:USDC,32677260.720000006,1.25e-05,26.0225
2025-12-31T03:00:00+00:00,hyperliquid,HYPE/USDC:USDC,32550598.959999986,1.25e-05,25.8305
2025-12-31T04:00:00+00:00,hyperliquid,HYPE/USDC:USDC,32506834.039999995,1.25e-05,25.7915
2025-12-31T05:00:00+00:00,hyperliquid,HYPE/USDC:USDC,32522700.439999998,1.25e-05,25.8965
2025-12-31T06:00:00+00:00,hyperliquid,HYPE/USDC:USDC,32465343.92000001,1.25e-05,25.8245
2025-12-31T07:00:00+00:00,hyperliquid,HYPE/USDC:USDC,32427816.03999999,1.25e-05,25.9125
2025-12-31T08:00:00+00:00,hyperliquid,HYPE/USDC:USDC,32421317.619999994,1.25e-05,25.8165
2025-12-31T09:00:00+00:00,hyperliquid,HYPE/USDC:USDC,32534180.200000007,1.25e-05,25.7925
2025-12-31T10:00:00+00:00,hyperliquid,HYPE/USDC:USDC,32484386.740000002,1.25e-05,25.8785
2025-12-31T11:00:00+00:00,hyperliquid,HYPE/USDC:USDC,32374874.660000004,1.25e-05,25.846
2025-12-31T12:00:00+00:00,hyperliquid,HYPE/USDC:USDC,32330697.699999996,1.25e-05,25.7805
2025-12-31T13:00:00+00:00,hyperliquid,HYPE/USDC:USDC,32497838.49999999,6.67298e-05,25.8025
2025-12-31T14:00:00+00:00,hyperliquid,HYPE/USDC:USDC,32586006.099999987,4.39408e-05,26.0825
2025-12-31T15:00:00+00:00,hyperliquid,HYPE/USDC:USDC,32564607.88,1.25e-05,25.9815
2025-12-31T16:00:00+00:00,hyperliquid,HYPE/USDC:USDC,32544086.460000005,1.25e-05,25.9535
2025-12-31T17:00:00+00:00,hyperliquid,HYPE/USDC:USDC,32461327.43999999,1.25e-05,25.8825
2025-12-31T18:00:00+00:00,hyperliquid,HYPE/USDC:USDC,32516895.22000001,1.25e-05,25.5865
2025-12-31T19:00:00+00:00,hyperliquid,HYPE/USDC:USDC,32490982.899999995,1.25e-05,25.7555
2025-12-31T20:00:00+00:00,hyperliquid,HYPE/USDC:USDC,32458171.880000003,1.25e-05,25.7505
2025-12-31T21:00:00+00:00,hyperliquid,HYPE/USDC:USDC,32388278.359999996,1.25e-05,25.4575
2025-12-31T22:00:00+00:00,hyperliquid,HYPE/USDC:USDC,32411445.96000001,2.1334e-05,25.5815
2025-12-31T23:00:00+00:00,hyperliquid,HYPE/USDC:USDC,32351206.379999995,1.25e-05,25.5105
2026-01-01T00:00:00+00:00,hyperliquid,HYPE/USDC:USDC,32285670.85999999,1.52169e-05,25.4565
2026-01-01T01:00:00+00:00,hyperliquid,HYPE/USDC:USDC,32255184.53999997,8.05308e-05,25.7635
2026-01-01T02:00:00+00:00,hyperliquid,HYPE/USDC:USDC,32182457.099999998,9.97483e-05,25.7945
2026-01-01T03:00:00+00:00,hyperliquid,HYPE/USDC:USDC,32095317.32,5.35186e-05,25.7105
2026-01-01T04:00:00+00:00,hyperliquid,HYPE/USDC:USDC,31983749.62,1.25e-05,25.5705
2026-01-01T05:00:00+00:00,hyperliquid,HYPE/USDC:USDC,31887120.199999996,1.25e-05,25.4705
2026-01-01T06:00:00+00:00,hyperliquid,HYPE/USDC:USDC,31921617.91999999,1.25e-05,25.5125
2026-01-01T07:00:00+00:00,hyperliquid,HYPE/USDC:USDC,31883632.899999987,1.25e-05,25.5095
2026-01-01T08:00:00+00:00,hyperliquid,HYPE/USDC:USDC,31909921.739999995,1.25e-05,25.6695
2026-01-01T09:00:00+00:00,hyperliquid,HYPE/USDC:USDC,31902951.5,1.25e-05,25.6345
2026-01-01T10:00:00+00:00,hyperliquid,HYPE/USDC:USDC,31890163.360000003,1.25e-05,25.7585
2026-01-01T11:00:00+00:00,hyperliquid,HYPE/USDC:USDC,31883463.380000003,1.25e-05,25.7135
2026-01-01T12:00:00+00:00,hyperliquid,HYPE/USDC:USDC,31853242.77999998,1.25e-05,25.7655
2026-01-01T13:00:00+00:00,hyperliquid,HYPE/USDC:USDC,31827129.34,1.25e-05,25.6675
2026-01-01T14:00:00+00:00,hyperliquid,HYPE/USDC:USDC,31757164.120000005,1.25e-05,25.4795
2026-01-01T15:00:00+00:00,hyperliquid,HYPE/USDC:USDC,31888734.44000002,1.25e-05,25.3615
2026-01-01T16:00:00+00:00,hyperliquid,HYPE/USDC:USDC,31761572.419999987,-6.01869e-05,24.1395
2026-01-01T17:00:00+00:00,hyperliquid,HYPE/USDC:USDC,31148739.080000006,1.25e-05,24.4045
2026-01-01T18:00:00+00:00,hyperliquid,HYPE/USDC:USDC,31016885.200000003,1.25e-05,24.4375
2026-01-01T19:00:00+00:00,hyperliquid,HYPE/USDC:USDC,30972624.720000017,1.25e-05,24.3655
2026-01-01T20:00:00+00:00,hyperliquid,HYPE/USDC:USDC,30835157.540000007,1.25e-05,24.3915
2026-01-01T21:00:00+00:00,hyperliquid,HYPE/USDC:USDC,30767598.72,1.25e-05,24.086
2026-01-01T22:00:00+00:00,hyperliquid,HYPE/USDC:USDC,30740286.58,1.25e-05,24.0715
2026-01-01T23:00:00+00:00,hyperliquid,HYPE/USDC:USDC,30729269.620000005,1.25e-05,24.1725
2026-01-02T00:00:00+00:00,hyperliquid,HYPE/USDC:USDC,30756190.359999985,1.25e-05,24.2005
2026-01-02T01:00:00+00:00,hyperliquid,HYPE/USDC:USDC,30742737.099999994,1.25e-05,24.3925
2026-01-02T02:00:00+00:00,hyperliquid,HYPE/USDC:USDC,30732002.22,1.25e-05,24.364
2026-01-02T03:00:00+00:00,hyperliquid,HYPE/USDC:USDC,30780811.08000001,1.25e-05,24.1915
2026-01-02T04:00:00+00:00,hyperliquid,HYPE/USDC:USDC,30704901.57999999,1.25e-05,24.5445
2026-01-02T05:00:00+00:00,hyperliquid,HYPE/USDC:USDC,30631317.97999999,1.25e-05,24.7675
2026-01-02T06:00:00+00:00,hyperliquid,HYPE/USDC:USDC,30681781.320000004,1.25e-05,24.726
2026-01-02T07:00:00+00:00,hyperliquid,HYPE/USDC:USDC,30509184.959999997,1.25e-05,24.5905
2026-01-02T08:00:00+00:00,hyperliquid,HYPE/USDC:USDC,30470216.519999996,1.25e-05,24.2845
2026-01-02T09:00:00+00:00,hyperliquid,HYPE/USDC:USDC,30485665.78,1.25e-05,24.4895
2026-01-02T10:00:00+00:00,hyperliquid,HYPE/USDC:USDC,30500376.16,1.25e-05,24.8415
2026-01-02T11:00:00+00:00,hyperliquid,HYPE/USDC:USDC,30607725.140000004,1.25e-05,24.7625
2026-01-02T12:00:00+00:00,hyperliquid,HYPE/USDC:USDC,30727726.180000026,1.25e-05,24.4445
2026-01-02T13:00:00+00:00,hyperliquid,HYPE/USDC:USDC,30731382.88,1.25e-05,24.4755
2026-01-02T14:00:00+00:00,hyperliquid,HYPE/USDC:USDC,30813693.900000013,1.25e-05,24.5725
2026-01-02T15:00:00+00:00,hyperliquid,HYPE/USDC:USDC,30771923.080000013,1.25e-05,24.5815
2026-01-02T16:00:00+00:00,hyperliquid,HYPE/USDC:USDC,30728795.439999998,1.25e-05,24.4345
2026-01-02T17:00:00+00:00,hyperliquid,HYPE/USDC:USDC,30696282.179999985,1.25e-05,24.615
2026-01-02T18:00:00+00:00,hyperliquid,HYPE/USDC:USDC,30609951.41999999,1.25e-05,24.6005
2026-01-02T19:00:00+00:00,hyperliquid,HYPE/USDC:USDC,30653015.7,-1.75882e-05,24.5845
2026-01-02T20:00:00+00:00,hyperliquid,HYPE/USDC:USDC,30804319.02,1.25e-05,24.6145
2026-01-02T21:00:00+00:00,hyperliquid,HYPE/USDC:USDC,30922516.73999998,-1.05177e-05,24.2445
2026-01-02T22:00:00+00:00,hyperliquid,HYPE/USDC:USDC,30812709.079999987,1.25e-05,24.4095
2026-01-02T23:00:00+00:00,hyperliquid,HYPE/USDC:USDC,30829220.32000001,1.25e-05,24.4945
2026-01-03T00:00:00+00:00,hyperliquid,HYPE/USDC:USDC,30946820.660000004,1.25e-05,24.581
2026-01-03T01:00:00+00:00,hyperliquid,HYPE/USDC:USDC,30991600.939999998,1.25e-05,24.5815
2026-01-03T02:00:00+00:00,hyperliquid,HYPE/USDC:USDC,31030285.479999978,-1.32846e-05,24.5325
2026-01-03T03:00:00+00:00,hyperliquid,HYPE/USDC:USDC,30938714.319999993,1.3106e-06,24.5005
2026-01-03T04:00:00+00:00,hyperliquid,HYPE/USDC:USDC,30776732.519999996,1.25e-05,24.565
2026-01-03T05:00:00+00:00,hyperliquid,HYPE/USDC:USDC,30645424.59999999,-1.21286e-05,24.6025
2026-01-03T06:00:00+00:00,hyperliquid,HYPE/USDC:USDC,30415877.540000003,1.25e-05,24.871
2026-01-03T07:00:00+00:00,hyperliquid,HYPE/USDC:USDC,30212314.719999995,1.25e-05,24.8885
2026-01-03T08:00:00+00:00,hyperliquid,HYPE/USDC:USDC,30157317.539999995,1.25e-05,24.4675
2026-01-03T09:00:00+00:00,hyperliquid,HYPE/USDC:USDC,30219402.4,1.25e-05,24.461
2026-01-03T10:00:00+00:00,hyperliquid,HYPE/USDC:USDC,30225578.82,1.25e-05,24.439
2026-01-03T11:00:00+00:00,hyperliquid,HYPE/USDC:USDC,30290717.520000007,1.25e-05,24.6205
2026-01-03T12:00:00+00:00,hyperliquid,HYPE/USDC:USDC,30188462.84,1.25e-05,24.3705
2026-01-03T13:00:00+00:00,hyperliquid,HYPE/USDC:USDC,30153099.859999992,1.25e-05,24.558
2026-01-03T14:00:00+00:00,hyperliquid,HYPE/USDC:USDC,30183214.6,1.25e-05,24.6405
2026-01-03T15:00:00+00:00,hyperliquid,HYPE/USDC:USDC,30185911.839999992,9.9278e-06,24.6705
2026-01-03T16:00:00+00:00,hyperliquid,HYPE/USDC:USDC,30080757.94,1.25e-05,24.7725
2026-01-03T17:00:00+00:00,hyperliquid,HYPE/USDC:USDC,30180726.18,1.25e-05,24.9845
2026-01-03T18:00:00+00:00,hyperliquid,HYPE/USDC:USDC,30131580.639999997,1.25e-05,24.8835
2026-01-03T19:00:00+00:00,hyperliquid,HYPE/USDC:USDC,30114243.279999994,1.25e-05,25.008
2026-01-03T20:00:00+00:00,hyperliquid,HYPE/USDC:USDC,30086984.2,1.25e-05,24.7695
2026-01-03T21:00:00+00:00,hyperliquid,HYPE/USDC:USDC,29972881.200000007,1.25e-05,24.7535
2026-01-03T22:00:00+00:00,hyperliquid,HYPE/USDC:USDC,30151272.91999999,1.25e-05,25.2315
2026-01-03T23:00:00+00:00,hyperliquid,HYPE/USDC:USDC,29997970.52,6.6391e-06,25.3705
2026-01-04T00:00:00+00:00,hyperliquid,HYPE/USDC:USDC,29941218.399999995,8.936e-06,25.3595
2026-01-04T01:00:00+00:00,hyperliquid,HYPE/USDC:USDC,29864099.279999994,1.25e-05,25.2445
2026-01-04T02:00:00+00:00,hyperliquid,HYPE/USDC:USDC,29904252.580000002,1.25e-05,25.2825
2026-01-04T03:00:00+00:00,hyperliquid,HYPE/USDC:USDC,30012325.840000004,1.25e-05,25.1395
2026-01-04T04:00:00+00:00,hyperliquid,HYPE/USDC:USDC,30002693.240000006,1.25e-05,25.2975
2026-01-04T05:00:00+00:00,hyperliquid,HYPE/USDC:USDC,29993204.400000002,-2.70255e-05,25.1895
2026-01-04T06:00:00+00:00,hyperliquid,HYPE/USDC:USDC,29961617.240000002,1.23202e-05,25.1385
2026-01-04T07:00:00+00:00,hyperliquid,HYPE/USDC:USDC,29983224.659999996,1.25e-05,25.1575
2026-01-04T08:00:00+00:00,hyperliquid,HYPE/USDC:USDC,29978787.779999997,1.25e-05,25.1245
2026-01-04T09:00:00+00:00,hyperliquid,HYPE/USDC:USDC,29856398.260000017,1.25e-05,25.0425
2026-01-04T10:00:00+00:00,hyperliquid,HYPE/USDC:USDC,29818931.160000004,1.25e-05,25.0615
2026-01-04T11:00:00+00:00,hyperliquid,HYPE/USDC:USDC,29858629.980000008,1.25e-05,25.3105
2026-01-04T12:00:00+00:00,hyperliquid,HYPE/USDC:USDC,29810121.180000003,1.25e-05,25.2735
2026-01-04T13:00:00+00:00,hyperliquid,HYPE/USDC:USDC,29779092.18,1.25e-05,25.1355
2026-01-04T14:00:00+00:00,hyperliquid,HYPE/USDC:USDC,29767904.020000003,1.25e-05,25.2865
2026-01-04T15:00:00+00:00,hyperliquid,HYPE/USDC:USDC,29771559.599999994,1.25e-05,25.7955
2026-01-04T16:00:00+00:00,hyperliquid,HYPE/USDC:USDC,29962504.019999992,1.25e-05,26.1305
2026-01-04T17:00:00+00:00,hyperliquid,HYPE/USDC:USDC,29969728.199999996,1.25e-05,26.1985
2026-01-04T18:00:00+00:00,hyperliquid,HYPE/USDC:USDC,29940014.73999999,1.25e-05,25.9595
2026-01-04T19:00:00+00:00,hyperliquid,HYPE/USDC:USDC,29997735.739999983,1.25e-05,25.8745
2026-01-04T20:00:00+00:00,hyperliquid,HYPE/USDC:USDC,29974168.0,1.25e-05,25.8345
2026-01-04T21:00:00+00:00,hyperliquid,HYPE/USDC:USDC,30108315.159999993,1.25e-05,26.4325
2026-01-04T22:00:00+00:00,hyperliquid,HYPE/USDC:USDC,30067330.560000002,1.25e-05,26.5745
2026-01-04T23:00:00+00:00,hyperliquid,HYPE/USDC:USDC,30076679.199999996,1.25e-05,26.5075
2026-01-05T00:00:00+00:00,hyperliquid,HYPE/USDC:USDC,30090010.000000007,1.25e-05,26.754
2026-01-05T01:00:00+00:00,hyperliquid,HYPE/USDC:USDC,30191910.379999988,1.25e-05,26.838
2026-01-05T02:00:00+00:00,hyperliquid,HYPE/USDC:USDC,30081212.339999992,1.25e-05,27.2095
2026-01-05T03:00:00+00:00,hyperliquid,HYPE/USDC:USDC,29609601.279999994,1.25e-05,26.5735
2026-01-05T04:00:00+00:00,hyperliquid,HYPE/USDC:USDC,29541369.03999999,1.25e-05,26.4735
2026-01-05T05:00:00+00:00,hyperliquid,HYPE/USDC:USDC,29605611.440000013,1.25e-05,26.5095
2026-01-05T06:00:00+00:00,hyperliquid,HYPE/USDC:USDC,29585574.56,1.25e-05,26.3365
2026-01-05T07:00:00+00:00,hyperliquid,HYPE/USDC:USDC,29587497.799999997,1.25e-05,26.321
2026-01-05T08:00:00+00:00,hyperliquid,HYPE/USDC:USDC,29595421.100000005,1.25e-05,26.4255
2026-01-05T09:00:00+00:00,hyperliquid,HYPE/USDC:USDC,29618158.04,1.25e-05,26.4525
2026-01-05T10:00:00+00:00,hyperliquid,HYPE/USDC:USDC,29539757.69999999,1.25e-05,26.6215
2026-01-05T11:00:00+00:00,hyperliquid,HYPE/USDC:USDC,29807646.31999999,1.25e-05,26.113
2026-01-05T12:00:00+00:00,hyperliquid,HYPE/USDC:USDC,29737896.319999993,1.25e-05,26.3265
2026-01-05T13:00:00+00:00,hyperliquid,HYPE/USDC:USDC,29626615.159999993,1.25e-05,26.1365
2026-01-05T14:00:00+00:00,hyperliquid,HYPE/USDC:USDC,29733869.039999984,1.25e-05,26.0035
2026-01-05T15:00:00+00:00,hyperliquid,HYPE/USDC:USDC,29768103.299999993,-1.06288e-05,25.959
2026-01-05T16:00:00+00:00,hyperliquid,HYPE/USDC:USDC,29820681.739999976,1.25e-05,26.4545
2026-01-05T17:00:00+00:00,hyperliquid,HYPE/USDC:USDC,29762865.43999999,1.25e-05,26.4795
2026-01-05T18:00:00+00:00,hyperliquid,HYPE/USDC:USDC,29706548.28,1.25e-05,26.64
2026-01-05T19:00:00+00:00,hyperliquid,HYPE/USDC:USDC,29840244.18,1.25e-05,27.0825
2026-01-05T20:00:00+00:00,hyperliquid,HYPE/USDC:USDC,29716733.31999999,1.25e-05,27.0845
2026-01-05T21:00:00+00:00,hyperliquid,HYPE/USDC:USDC,29548679.800000004,1.25e-05,26.9495
2026-01-05T22:00:00+00:00,hyperliquid,HYPE/USDC:USDC,29359594.200000007,-1.87845e-05,26.5165
2026-01-05T23:00:00+00:00,hyperliquid,HYPE/USDC:USDC,29192619.499999996,3.852e-06,26.831
2026-01-06T00:00:00+00:00,hyperliquid,HYPE/USDC:USDC,29164217.60000001,-1.7249e-06,26.4785
2026-01-06T01:00:00+00:00,hyperliquid,HYPE/USDC:USDC,29262485.040000003,4.2682e-06,26.4035
2026-01-06T02:00:00+00:00,hyperliquid,HYPE/USDC:USDC,29234168.89999999,1.25e-05,26.5105
2026-01-06T03:00:00+00:00,hyperliquid,HYPE/USDC:USDC,29322813.759999998,1.25e-05,26.2955
2026-01-06T04:00:00+00:00,hyperliquid,HYPE/USDC:USDC,29304595.54,1.25e-05,26.4295
2026-01-06T05:00:00+00:00,hyperliquid,HYPE/USDC:USDC,29363180.239999995,1.25e-05,26.7085
2026-01-06T06:00:00+00:00,hyperliquid,HYPE/USDC:USDC,29433845.659999996,1.25e-05,26.6575
2026-01-06T07:00:00+00:00,hyperliquid,HYPE/USDC:USDC,29560318.939999998,1.25e-05,26.9955
2026-01-06T08:00:00+00:00,hyperliquid,HYPE/USDC:USDC,29446493.019999992,1.25e-05,26.3625
2026-01-06T09:00:00+00:00,hyperliquid,HYPE/USDC:USDC,29419975.29999999,1.25e-05,26.5775
2026-01-06T10:00:00+00:00,hyperliquid,HYPE/USDC:USDC,29442940.200000003,1.25e-05,26.4635
2026-01-06T11:00:00+00:00,hyperliquid,HYPE/USDC:USDC,29450446.4,1.25e-05,26.53
2026-01-06T12:00:00+00:00,hyperliquid,HYPE/USDC:USDC,29736256.16000001,1.25e-05,26.9395
2026-01-06T13:00:00+00:00,hyperliquid,HYPE/USDC:USDC,29777576.220000006,1.25e-05,27.205
2026-01-06T14:00:00+00:00,hyperliquid,HYPE/USDC:USDC,29783695.24,1.25e-05,27.1135
2026-01-06T15:00:00+00:00,hyperliquid,HYPE/USDC:USDC,29661782.120000005,1.25e-05,27.0895
2026-01-06T16:00:00+00:00,hyperliquid,HYPE/USDC:USDC,29572590.499999993,1.25e-05,27.251
2026-01-06T17:00:00+00:00,hyperliquid,HYPE/USDC:USDC,29706714.360000007,1.25e-05,26.9825
2026-01-06T18:00:00+00:00,hyperliquid,HYPE/USDC:USDC,29760707.880000025,1.25e-05,26.6955
2026-01-06T19:00:00+00:00,hyperliquid,HYPE/USDC:USDC,30001664.719999976,1.25e-05,26.8745
2026-01-06T20:00:00+00:00,hyperliquid,HYPE/USDC:USDC,29821344.51999999,1.25e-05,27.3375
2026-01-06T21:00:00+00:00,hyperliquid,HYPE/USDC:USDC,29713285.499999993,1.25e-05,27.3985
2026-01-06T22:00:00+00:00,hyperliquid,HYPE/USDC:USDC,29511763.599999998,1.25e-05,27.5365
2026-01-06T23:00:00+00:00,hyperliquid,HYPE/USDC:USDC,29531114.86,1.25e-05,27.642
2026-01-07T00:00:00+00:00,hyperliquid,HYPE/USDC:USDC,29891595.64000001,1.25e-05,28.217
2026-01-07T01:00:00+00:00,hyperliquid,HYPE/USDC:USDC,30045010.439999983,1.25e-05,27.721
2026-01-07T02:00:00+00:00,hyperliquid,HYPE/USDC:USDC,30100037.520000003,1.25e-05,27.7685
2026-01-07T03:00:00+00:00,hyperliquid,HYPE/USDC:USDC,30090317.580000002,1.25e-05,27.9315
2026-01-07T04:00:00+00:00,hyperliquid,HYPE/USDC:USDC,30000593.599999998,1.25e-05,27.7985
2026-01-07T05:00:00+00:00,hyperliquid,HYPE/USDC:USDC,30017037.36,1.25e-05,27.4475
2026-01-07T06:00:00+00:00,hyperliquid,HYPE/USDC:USDC,30143672.759999998,1.25e-05,27.4325
2026-01-07T07:00:00+00:00,hyperliquid,HYPE/USDC:USDC,30261786.179999996,1.25e-05,27.4735
2026-01-07T08:00:00+00:00,hyperliquid,HYPE/USDC:USDC,30291473.899999995,1.25e-05,27.6435
2026-01-07T09:00:00+00:00,hyperliquid,HYPE/USDC:USDC,30287112.640000015,1.25e-05,27.4605
2026-01-07T10:00:00+00:00,hyperliquid,HYPE/USDC:USDC,30245197.72,1.25e-05,27.1345
2026-01-07T11:00:00+00:00,hyperliquid,HYPE/USDC:USDC,30499808.44,0.000101701,27.5035
2026-01-07T12:00:00+00:00,hyperliquid,HYPE/USDC:USDC,30246408.12000001,1.25e-05,26.9945
2026-01-07T13:00:00+00:00,hyperliquid,HYPE/USDC:USDC,30588632.560000002,1.25e-05,26.8095
2026-01-07T14:00:00+00:00,hyperliquid,HYPE/USDC:USDC,30788346.81999999,1.25e-05,26.8555
2026-01-07T15:00:00+00:00,hyperliquid,HYPE/USDC:USDC,31136139.160000008,5.94187e-05,26.8065
2026-01-07T16:00:00+00:00,hyperliquid,HYPE/USDC:USDC,31206850.940000005,3.85716e-05,26.5115
2026-01-07T17:00:00+00:00,hyperliquid,HYPE/USDC:USDC,31295271.400000002,1.25e-05,26.6815
2026-01-07T18:00:00+00:00,hyperliquid,HYPE/USDC:USDC,31263961.14000001,1.25e-05,26.6735
2026-01-07T19:00:00+00:00,hyperliquid,HYPE/USDC:USDC,31203394.580000006,1.25e-05,26.8355
2026-01-07T20:00:00+00:00,hyperliquid,HYPE/USDC:USDC,31246161.24,1.25e-05,26.9295
2026-01-07T21:00:00+00:00,hyperliquid,HYPE/USDC:USDC,31233216.8,1.25e-05,26.7765
2026-01-07T22:00:00+00:00,hyperliquid,HYPE/USDC:USDC,31231091.619999997,3.03339e-05,26.6305
2026-01-07T23:00:00+00:00,hyperliquid,HYPE/USDC:USDC,31502723.740000002,1.25e-05,26.8155
2026-01-08T00:00:00+00:00,hyperliquid,HYPE/USDC:USDC,31568345.48,2.51703e-05,26.8645
2026-01-08T01:00:00+00:00,hyperliquid,HYPE/USDC:USDC,31503480.520000003,1.50758e-05,26.9905
2026-01-08T02:00:00+00:00,hyperliquid,HYPE/USDC:USDC,31459393.820000004,1.25e-05,26.8255
2026-01-08T03:00:00+00:00,hyperliquid,HYPE/USDC:USDC,31469015.64,1.25e-05,26.7425
2026-01-08T04:00:00+00:00,hyperliquid,HYPE/USDC:USDC,31382780.960000005,1.25e-05,26.5275
2026-01-08T05:00:00+00:00,hyperliquid,HYPE/USDC:USDC,31353411.380000003,1.25e-05,26.5315
2026-01-08T06:00:00+00:00,hyperliquid,HYPE/USDC:USDC,31326645.680000007,1.25e-05,26.5725
2026-01-08T07:00:00+00:00,hyperliquid,HYPE/USDC:USDC,31212305.599999983,1.25e-05,26.2165
2026-01-08T08:00:00+00:00,hyperliquid,HYPE/USDC:USDC,31309966.3,1.25e-05,26.7315
2026-01-08T09:00:00+00:00,hyperliquid,HYPE/USDC:USDC,31168129.900000006,1.25e-05,26.462
2026-01-08T10:00:00+00:00,hyperliquid,HYPE/USDC:USDC,31001968.339999996,1.25e-05,25.9335
2026-01-08T11:00:00+00:00,hyperliquid,HYPE/USDC:USDC,30994476.720000017,1.25e-05,26.2665
2026-01-08T12:00:00+00:00,hyperliquid,HYPE/USDC:USDC,30957897.319999997,1.25e-05,26.1425
2026-01-08T13:00:00+00:00,hyperliquid,HYPE/USDC:USDC,30974849.919999987,1.25e-05,25.9625
2026-01-08T14:00:00+00:00,hyperliquid,HYPE/USDC:USDC,30942847.039999988,1.25e-05,25.8955
2026-01-08T15:00:00+00:00,hyperliquid,HYPE/USDC:USDC,30808412.56,1.25e-05,26.085
2026-01-08T16:00:00+00:00,hyperliquid,HYPE/USDC:USDC,30729295.259999998,1.25e-05,26.2285
2026-01-08T17:00:00+00:00,hyperliquid,HYPE/USDC:USDC,30630541.77999999,1.25e-05,26.0885
2026-01-08T18:00:00+00:00,hyperliquid,HYPE/USDC:USDC,30645462.779999994,1.25e-05,26.1925
2026-01-08T19:00:00+00:00,hyperliquid,HYPE/USDC:USDC,30535471.820000004,1.25e-05,25.9745
2026-01-08T20:00:00+00:00,hyperliquid,HYPE/USDC:USDC,30501177.74,1.25e-05,25.8875
2026-01-08T21:00:00+00:00,hyperliquid,HYPE/USDC:USDC,30487525.07999999,1.25e-05,25.8385
2026-01-08T22:00:00+00:00,hyperliquid,HYPE/USDC:USDC,30487464.79999999,1.25e-05,25.8535
2026-01-08T23:00:00+00:00,hyperliquid,HYPE/USDC:USDC,30461224.539999995,2.7991e-06,25.7155
2026-01-09T00:00:00+00:00,hyperliquid,HYPE/USDC:USDC,30407242.499999993,7.4912e-06,25.6685
2026-01-09T01:00:00+00:00,hyperliquid,HYPE/USDC:USDC,30376091.839999996,1.25e-05,25.6095
2026-01-09T02:00:00+00:00,hyperliquid,HYPE/USDC:USDC,30304100.200000003,1.25e-05,25.4855
2026-01-09T03:00:00+00:00,hyperliquid,HYPE/USDC:USDC,30259349.940000005,1.25e-05,25.6185
2026-01-09T04:00:00+00:00,hyperliquid,HYPE/USDC:USDC,30183625.679999996,1.25e-05,25.7795
2026-01-09T05:00:00+00:00,hyperliquid,HYPE/USDC:USDC,30179215.039999984,1.25e-05,25.8765
2026-01-09T06:00:00+00:00,hyperliquid,HYPE/USDC:USDC,30244022.639999993,1.25e-05,25.9905
2026-01-09T07:00:00+00:00,hyperliquid,HYPE/USDC:USDC,30193129.579999983,1.25e-05,26.1675
2026-01-09T08:00:00+00:00,hyperliquid,HYPE/USDC:USDC,30154384.91999999,1.25e-05,26.102
2026-01-09T09:00:00+00:00,hyperliquid,HYPE/USDC:USDC,30235449.740000006,1.25e-05,25.5675
2026-01-09T10:00:00+00:00,hyperliquid,HYPE/USDC:USDC,29911038.240000002,1.24874e-05,25.3015
2026-01-09T11:00:00+00:00,hyperliquid,HYPE/USDC:USDC,29675299.379999995,1.25e-05,25.3085
2026-01-09T12:00:00+00:00,hyperliquid,HYPE/USDC:USDC,29634763.379999988,1.25e-05,25.4695
2026-01-09T13:00:00+00:00,hyperliquid,HYPE/USDC:USDC,29677808.240000002,1.25e-05,25.5255
2026-01-09T14:00:00+00:00,hyperliquid,HYPE/USDC:USDC,29696105.639999993,1.25e-05,25.5565
2026-01-09T15:00:00+00:00,hyperliquid,HYPE/USDC:USDC,29741185.900000002,1.25e-05,25.5195
2026-01-09T16:00:00+00:00,hyperliquid,HYPE/USDC:USDC,29706798.019999992,1.25e-05,25.5895
2026-01-09T17:00:00+00:00,hyperliquid,HYPE/USDC:USDC,29685790.760000013,1.25e-05,25.7095
2026-01-09T18:00:00+00:00,hyperliquid,HYPE/USDC:USDC,29812511.000000007,1.25e-05,25.8565
2026-01-09T19:00:00+00:00,hyperliquid,HYPE/USDC:USDC,29696058.080000002,1.25e-05,25.4635
2026-01-09T20:00:00+00:00,hyperliquid,HYPE/USDC:USDC,29613082.74,1.25e-05,25.1395
2026-01-09T21:00:00+00:00,hyperliquid,HYPE/USDC:USDC,29478205.679999996,1.25e-05,25.0275
2026-01-09T22:00:00+00:00,hyperliquid,HYPE/USDC:USDC,29360692.419999987,1.25e-05,25.1355
2026-01-09T23:00:00+00:00,hyperliquid,HYPE/USDC:USDC,29320968.78,1.25e-05,25.1705
2026-01-10T00:00:00+00:00,hyperliquid,HYPE/USDC:USDC,29252117.0,1.25e-05,25.0155
2026-01-10T01:00:00+00:00,hyperliquid,HYPE/USDC:USDC,29047065.979999997,1.25e-05,24.6915
2026-01-10T02:00:00+00:00,hyperliquid,HYPE/USDC:USDC,29049655.999999996,4.358e-06,24.6105
2026-01-10T03:00:00+00:00,hyperliquid,HYPE/USDC:USDC,28857353.139999997,1.25e-05,24.4715
2026-01-10T04:00:00+00:00,hyperliquid,HYPE/USDC:USDC,28744946.19999999,1.25e-05,24.3795
2026-01-10T05:00:00+00:00,hyperliquid,HYPE/USDC:USDC,28686844.279999997,1.25e-05,24.3645
2026-01-10T06:00:00+00:00,hyperliquid,HYPE/USDC:USDC,28677417.240000002,7.2056e-06,24.314
2026-01-10T07:00:00+00:00,hyperliquid,HYPE/USDC:USDC,28649309.18,1.25e-05,24.3075
2026-01-10T08:00:00+00:00,hyperliquid,HYPE/USDC:USDC,28620879.32,1.25e-05,24.3335
2026-01-10T09:00:00+00:00,hyperliquid,HYPE/USDC:USDC,28588814.75999999,1.25e-05,24.3955
2026-01-10T10:00:00+00:00,hyperliquid,HYPE/USDC:USDC,28638679.060000006,1.25e-05,24.6105
2026-01-10T11:00:00+00:00,hyperliquid,HYPE/USDC:USDC,28640858.080000006,1.25e-05,24.6515
2026-01-10T12:00:00+00:00,hyperliquid,HYPE/USDC:USDC,28617619.419999998,1.25e-05,24.539
2026-01-10T13:00:00+00:00,hyperliquid,HYPE/USDC:USDC,28610301.459999997,1.25e-05,24.566
2026-01-10T14:00:00+00:00,hyperliquid,HYPE/USDC:USDC,28607374.760000005,1.25e-05,24.5045
2026-01-10T15:00:00+00:00,hyperliquid,HYPE/USDC:USDC,28529494.279999994,1.25e-05,24.2995
2026-01-10T16:00:00+00:00,hyperliquid,HYPE/USDC:USDC,28487506.419999998,1.25e-05,24.2695
2026-01-10T17:00:00+00:00,hyperliquid,HYPE/USDC:USDC,28481842.220000006,1.25e-05,24.115
2026-01-10T18:00:00+00:00,hyperliquid,HYPE/USDC:USDC,28414633.419999998,1.25e-05,23.96
2026-01-10T19:00:00+00:00,hyperliquid,HYPE/USDC:USDC,28374066.360000007,1.25e-05,24.0795
2026-01-10T20:00:00+00:00,hyperliquid,HYPE/USDC:USDC,28370823.16,1.25e-05,24.1255
2026-01-10T21:00:00+00:00,hyperliquid,HYPE/USDC:USDC,28335532.180000003,1.25e-05,24.1355
2026-01-10T22:00:00+00:00,hyperliquid,HYPE/USDC:USDC,28270971.420000006,1.25e-05,24.148
2026-01-10T23:00:00+00:00,hyperliquid,HYPE/USDC:USDC,28240883.45999999,1.25e-05,23.8835
2026-01-11T00:00:00+00:00,hyperliquid,HYPE/USDC:USDC,28212060.039999995,1.25e-05,23.9955
2026-01-11T01:00:00+00:00,hyperliquid,HYPE/USDC:USDC,28223623.88,1.25e-05,24.0775
2026-01-11T02:00:00+00:00,hyperliquid,HYPE/USDC:USDC,28221969.34,1.25e-05,24.135
2026-01-11T03:00:00+00:00,hyperliquid,HYPE/USDC:USDC,28237569.040000007,1.25e-05,24.1345
2026-01-11T04:00:00+00:00,hyperliquid,HYPE/USDC:USDC,28222855.080000006,1.25e-05,24.1625
2026-01-11T05:00:00+00:00,hyperliquid,HYPE/USDC:USDC,28218623.000000004,1.25e-05,24.2295
2026-01-11T06:00:00+00:00,hyperliquid,HYPE/USDC:USDC,28234851.639999993,1.25e-05,24.264
2026-01-11T07:00:00+00:00,hyperliquid,HYPE/USDC:USDC,28204530.34,1.25e-05,24.3925
2026-01-11T08:00:00+00:00,hyperliquid,HYPE/USDC:USDC,28204536.339999996,1.25e-05,24.4325
2026-01-11T09:00:00+00:00,hyperliquid,HYPE/USDC:USDC,28204818.500000004,1.25e-05,24.4365
2026-01-11T10:00:00+00:00,hyperliquid,HYPE/USDC:USDC,28249857.02,1.25e-05,24.4125
2026-01-11T11:00:00+00:00,hyperliquid,HYPE/USDC:USDC,28275346.26,1.25e-05,24.3905
2026-01-11T12:00:00+00:00,hyperliquid,HYPE/USDC:USDC,28260771.559999995,1.25e-05,24.424
2026-01-11T13:00:00+00:00,hyperliquid,HYPE/USDC:USDC,28410848.679999985,1.25e-05,24.5985
2026-01-11T14:00:00+00:00,hyperliquid,HYPE/USDC:USDC,28466981.880000003,1.25e-05,24.5235
2026-01-11T15:00:00+00:00,hyperliquid,HYPE/USDC:USDC,28470700.220000006,1.25e-05,24.5195
2026-01-11T16:00:00+00:00,hyperliquid,HYPE/USDC:USDC,28548355.680000003,1.25e-05,24.5015
2026-01-11T17:00:00+00:00,hyperliquid,HYPE/USDC:USDC,28548134.140000008,1.25e-05,24.5125
2026-01-11T18:00:00+00:00,hyperliquid,HYPE/USDC:USDC,28592888.860000007,1.25e-05,24.5275
2026-01-11T19:00:00+00:00,hyperliquid,HYPE/USDC:USDC,28654138.260000005,1.25e-05,24.603
2026-01-11T20:00:00+00:00,hyperliquid,HYPE/USDC:USDC,28630120.099999994,1.25e-05,24.5135
2026-01-11T21:00:00+00:00,hyperliquid,HYPE/USDC:USDC,28607187.4,1.25e-05,24.4875
2026-01-11T22:00:00+00:00,hyperliquid,HYPE/USDC:USDC,28605347.44,1.25e-05,24.4425
2026-01-11T23:00:00+00:00,hyperliquid,HYPE/USDC:USDC,28528613.039999995,1.25e-05,24.3875
2026-01-12T00:00:00+00:00,hyperliquid,HYPE/USDC:USDC,28450802.900000002,1.25e-05,24.3925
2026-01-12T01:00:00+00:00,hyperliquid,HYPE/USDC:USDC,28467888.140000004,1.25e-05,24.4785
2026-01-12T02:00:00+00:00,hyperliquid,HYPE/USDC:USDC,28699979.360000007,1.25e-05,24.7225
2026-01-12T03:00:00+00:00,hyperliquid,HYPE/USDC:USDC,28447797.88,1.25e-05,25.254
2026-01-12T04:00:00+00:00,hyperliquid,HYPE/USDC:USDC,28256129.579999994,1.25e-05,24.8675
2026-01-12T05:00:00+00:00,hyperliquid,HYPE/USDC:USDC,28219329.020000007,1.25e-05,24.9985
2026-01-12T06:00:00+00:00,hyperliquid,HYPE/USDC:USDC,28184829.460000005,1.25e-05,24.8155
2026-01-12T07:00:00+00:00,hyperliquid,HYPE/USDC:USDC,28180266.240000013,1.25e-05,24.8765
2026-01-12T08:00:00+00:00,hyperliquid,HYPE/USDC:USDC,28275617.56000001,1.25e-05,24.7255
2026-01-12T09:00:00+00:00,hyperliquid,HYPE/USDC:USDC,28188946.880000006,1.25e-05,24.4705
2026-01-12T10:00:00+00:00,hyperliquid,HYPE/USDC:USDC,28094911.459999993,1.25e-05,24.1185
2026-01-12T11:00:00+00:00,hyperliquid,HYPE/USDC:USDC,28104719.439999986,1.686e-05,23.9035
2026-01-12T12:00:00+00:00,hyperliquid,HYPE/USDC:USDC,28051697.119999986,1.25e-05,23.9715
2026-01-12T13:00:00+00:00,hyperliquid,HYPE/USDC:USDC,28044162.89999999,1.25e-05,23.9005
2026-01-12T14:00:00+00:00,hyperliquid,HYPE/USDC:USDC,28051136.580000002,1.25e-05,23.7365
2026-01-12T15:00:00+00:00,hyperliquid,HYPE/USDC:USDC,28009566.299999997,1.48185e-05,23.443
2026-01-12T16:00:00+00:00,hyperliquid,HYPE/USDC:USDC,28285542.139999997,1.25e-05,23.6165
2026-01-12T17:00:00+00:00,hyperliquid,HYPE/USDC:USDC,28433278.119999994,1.25e-05,23.6815
2026-01-12T18:00:00+00:00,hyperliquid,HYPE/USDC:USDC,28509774.36000001,1.25e-05,23.4765
2026-01-12T19:00:00+00:00,hyperliquid,HYPE/USDC:USDC,28580669.760000013,1.25e-05,23.7055
2026-01-12T20:00:00+00:00,hyperliquid,HYPE/USDC:USDC,28828927.94000002,1.25e-05,23.893
2026-01-12T21:00:00+00:00,hyperliquid,HYPE/USDC:USDC,29392792.859999985,2.94917e-05,24.1025
2026-01-12T22:00:00+00:00,hyperliquid,HYPE/USDC:USDC,29579236.69999999,1.89737e-05,24.0055
2026-01-12T23:00:00+00:00,hyperliquid,HYPE/USDC:USDC,29529556.879999977,1.25e-05,23.908
2026-01-13T00:00:00+00:00,hyperliquid,HYPE/USDC:USDC,29636236.45999999,1.25e-05,23.7765
2026-01-13T01:00:00+00:00,hyperliquid,HYPE/USDC:USDC,29932572.38,2.31447e-05,24.1365
2026-01-13T02:00:00+00:00,hyperliquid,HYPE/USDC:USDC,30019709.199999988,3.40772e-05,24.0955
2026-01-13T03:00:00+00:00,hyperliquid,HYPE/USDC:USDC,30006583.120000005,1.25e-05,24.1925
2026-01-13T04:00:00+00:00,hyperliquid,HYPE/USDC:USDC,30063575.48000001,2.69392e-05,24.2765
2026-01-13T05:00:00+00:00,hyperliquid,HYPE/USDC:USDC,30033049.2,2.53694e-05,24.3775
2026-01-13T06:00:00+00:00,hyperliquid,HYPE/USDC:USDC,29951160.500000015,3.92027e-05,24.4245
2026-01-13T07:00:00+00:00,hyperliquid,HYPE/USDC:USDC,29916568.10000001,1.25e-05,24.4245
2026-01-13T08:00:00+00:00,hyperliquid,HYPE/USDC:USDC,29867419.900000006,1.35559e-05,24.2865
2026-01-13T09:00:00+00:00,hyperliquid,HYPE/USDC:USDC,29844964.92000002,1.25e-05,24.6005
2026-01-13T10:00:00+00:00,hyperliquid,HYPE/USDC:USDC,29988692.800000004,3.10327e-05,24.3055
2026-01-13T11:00:00+00:00,hyperliquid,HYPE/USDC:USDC,30078322.260000005,7.20312e-05,24.2645
2026-01-13T12:00:00+00:00,hyperliquid,HYPE/USDC:USDC,30165004.600000013,3.97455e-05,24.3265
2026-01-13T13:00:00+00:00,hyperliquid,HYPE/USDC:USDC,30331831.00000001,1.25e-05,24.3775
2026-01-13T14:00:00+00:00,hyperliquid,HYPE/USDC:USDC,30187938.880000003,1.25e-05,24.3505
2026-01-13T15:00:00+00:00,hyperliquid,HYPE/USDC:USDC,30214004.04000001,1.25e-05,24.4315
2026-01-13T16:00:00+00:00,hyperliquid,HYPE/USDC:USDC,29937797.72000001,1.25e-05,24.4425
2026-01-13T17:00:00+00:00,hyperliquid,HYPE/USDC:USDC,30022857.38,1.25e-05,24.5715
2026-01-13T18:00:00+00:00,hyperliquid,HYPE/USDC:USDC,29996857.639999997,1.25e-05,24.4825
2026-01-13T19:00:00+00:00,hyperliquid,HYPE/USDC:USDC,30229364.340000022,1.25e-05,24.8155
2026-01-13T20:00:00+00:00,hyperliquid,HYPE/USDC:USDC,30418688.479999997,1.25e-05,25.0195
2026-01-13T21:00:00+00:00,hyperliquid,HYPE/USDC:USDC,30395731.859999992,1.25e-05,24.9115
2026-01-13T22:00:00+00:00,hyperliquid,HYPE/USDC:USDC,30370528.50000001,1.25e-05,24.7445
2026-01-13T23:00:00+00:00,hyperliquid,HYPE/USDC:USDC,30440724.89999999,1.25e-05,25.8465
2026-01-14T00:00:00+00:00,hyperliquid,HYPE/USDC:USDC,30431718.360000007,1.25e-05,25.7865
2026-01-14T01:00:00+00:00,hyperliquid,HYPE/USDC:USDC,30470762.000000015,1.25e-05,25.698
2026-01-14T02:00:00+00:00,hyperliquid,HYPE/USDC:USDC,30429028.559999995,1.25e-05,25.6905
2026-01-14T03:00:00+00:00,hyperliquid,HYPE/USDC:USDC,30433980.200000003,1.25e-05,25.7405
2026-01-14T04:00:00+00:00,hyperliquid,HYPE/USDC:USDC,30531780.139999997,1.25e-05,26.1055
2026-01-14T05:00:00+00:00,hyperliquid,HYPE/USDC:USDC,30654859.22,1.25e-05,25.8915
2026-01-14T06:00:00+00:00,hyperliquid,HYPE/USDC:USDC,30552826.939999986,1.25e-05,25.7795
2026-01-14T07:00:00+00:00,hyperliquid,HYPE/USDC:USDC,30588946.140000015,1.25e-05,26.1225
2026-01-14T08:00:00+00:00,hyperliquid,HYPE/USDC:USDC,30585342.78,1.25e-05,26.2045
2026-01-14T09:00:00+00:00,hyperliquid,HYPE/USDC:USDC,30467424.26,1.25e-05,26.0085
2026-01-14T10:00:00+00:00,hyperliquid,HYPE/USDC:USDC,30344600.16,1.25e-05,25.8315
2026-01-14T11:00:00+00:00,hyperliquid,HYPE/USDC:USDC,30444032.95999998,1.25e-05,26.0605
2026-01-14T12:00:00+00:00,hyperliquid,HYPE/USDC:USDC,30485747.63999999,1.25e-05,25.8075
2026-01-14T13:00:00+00:00,hyperliquid,HYPE/USDC:USDC,30479471.919999994,1.25e-05,25.9795
2026-01-14T14:00:00+00:00,hyperliquid,HYPE/USDC:USDC,30437127.700000007,1.25e-05,25.8375
2026-01-14T15:00:00+00:00,hyperliquid,HYPE/USDC:USDC,30468889.24,1.25e-05,26.343
2026-01-14T16:00:00+00:00,hyperliquid,HYPE/USDC:USDC,30424778.939999994,1.25e-05,26.3685
2026-01-14T17:00:00+00:00,hyperliquid,HYPE/USDC:USDC,30467257.720000006,1.25e-05,26.6285
2026-01-14T18:00:00+00:00,hyperliquid,HYPE/USDC:USDC,30705019.579999983,-5.42306e-05,25.994
2026-01-14T19:00:00+00:00,hyperliquid,HYPE/USDC:USDC,30808225.71999999,1.25e-05,26.1545
2026-01-14T20:00:00+00:00,hyperliquid,HYPE/USDC:USDC,30902598.520000003,1.09462e-05,26.2845
2026-01-14T21:00:00+00:00,hyperliquid,HYPE/USDC:USDC,31159099.06000001,1.25e-05,26.1545
2026-01-14T22:00:00+00:00,hyperliquid,HYPE/USDC:USDC,31120599.52,1.25e-05,25.9725
2026-01-14T23:00:00+00:00,hyperliquid,HYPE/USDC:USDC,31179196.960000005,5.5037e-06,25.7395
2026-01-15T00:00:00+00:00,hyperliquid,HYPE/USDC:USDC,30928587.119999975,1.25e-05,25.9215
2026-01-15T01:00:00+00:00,hyperliquid,HYPE/USDC:USDC,30854368.459999997,1.25e-05,25.9595
2026-01-15T02:00:00+00:00,hyperliquid,HYPE/USDC:USDC,30645506.28,1.25e-05,25.4735
2026-01-15T03:00:00+00:00,hyperliquid,HYPE/USDC:USDC,30435057.079999994,1.25e-05,25.1755
2026-01-15T04:00:00+00:00,hyperliquid,HYPE/USDC:USDC,30165239.639999986,-5.8367e-06,24.7275
2026-01-15T05:00:00+00:00,hyperliquid,HYPE/USDC:USDC,29575382.960000023,1.25e-05,25.2075
2026-01-15T06:00:00+00:00,hyperliquid,HYPE/USDC:USDC,29446037.88,2.2842e-06,25.0865
2026-01-15T07:00:00+00:00,hyperliquid,HYPE/USDC:USDC,29343377.320000023,4.4698e-06,24.9105
2026-01-15T08:00:00+00:00,hyperliquid,HYPE/USDC:USDC,29211112.47999999,1.25e-05,24.9885
2026-01-15T09:00:00+00:00,hyperliquid,HYPE/USDC:USDC,29193557.98,1.25e-05,25.1205
2026-01-15T10:00:00+00:00,hyperliquid,HYPE/USDC:USDC,29306775.4,1.25e-05,25.1565
2026-01-15T11:00:00+00:00,hyperliquid,HYPE/USDC:USDC,29326929.440000013,1.25e-05,25.2875
2026-01-15T12:00:00+00:00,hyperliquid,HYPE/USDC:USDC,29230584.919999994,1.25e-05,25.25
2026-01-15T13:00:00+00:00,hyperliquid,HYPE/USDC:USDC,29168533.62,1.25e-05,25.2875
2026-01-15T14:00:00+00:00,hyperliquid,HYPE/USDC:USDC,29157315.939999994,1.25e-05,25.4755
2026-01-15T15:00:00+00:00,hyperliquid,HYPE/USDC:USDC,29133991.37999999,1.25e-05,25.2545
2026-01-15T16:00:00+00:00,hyperliquid,HYPE/USDC:USDC,28878458.580000002,1.25e-05,24.8135
2026-01-15T17:00:00+00:00,hyperliquid,HYPE/USDC:USDC,28680402.52000001,1.25e-05,25.0305
2026-01-15T18:00:00+00:00,hyperliquid,HYPE/USDC:USDC,28618923.579999994,1.25e-05,24.8695
2026-01-15T19:00:00+00:00,hyperliquid,HYPE/USDC:USDC,28574559.820000004,1.25e-05,24.5525
2026-01-15T20:00:00+00:00,hyperliquid,HYPE/USDC:USDC,29008240.300000004,1.25e-05,25.0125
2026-01-15T21:00:00+00:00,hyperliquid,HYPE/USDC:USDC,28698065.780000005,1.25e-05,24.4185
2026-01-15T22:00:00+00:00,hyperliquid,HYPE/USDC:USDC,28748480.92000001,1.25e-05,24.4665
2026-01-15T23:00:00+00:00,hyperliquid,HYPE/USDC:USDC,28714949.940000005,1.25e-05,24.6295
2026-01-16T00:00:00+00:00,hyperliquid,HYPE/USDC:USDC,28710317.300000012,1.25e-05,24.7205
2026-01-16T01:00:00+00:00,hyperliquid,HYPE/USDC:USDC,28738790.220000006,1.25e-05,24.7885
2026-01-16T02:00:00+00:00,hyperliquid,HYPE/USDC:USDC,28712284.019999992,1.25e-05,24.6465
2026-01-16T03:00:00+00:00,hyperliquid,HYPE/USDC:USDC,28569731.85999999,5.9192e-06,24.6405
2026-01-16T04:00:00+00:00,hyperliquid,HYPE/USDC:USDC,28516288.58,1.25e-05,24.6005
2026-01-16T05:00:00+00:00,hyperliquid,HYPE/USDC:USDC,28457418.52,9.8007e-06,24.6265
2026-01-16T06:00:00+00:00,hyperliquid,HYPE/USDC:USDC,28488011.240000002,1.25e-05,24.9245
2026-01-16T07:00:00+00:00,hyperliquid,HYPE/USDC:USDC,28472500.739999995,-4.30627e-05,24.9335
2026-01-16T08:00:00+00:00,hyperliquid,HYPE/USDC:USDC,28436795.200000007,1.25e-05,24.8445
2026-01-16T09:00:00+00:00,hyperliquid,HYPE/USDC:USDC,28408549.06000001,-2.7864e-05,24.9435
2026-01-16T10:00:00+00:00,hyperliquid,HYPE/USDC:USDC,28096461.320000034,1.25e-05,24.8655
2026-01-16T11:00:00+00:00,hyperliquid,HYPE/USDC:USDC,28075027.660000004,1.25e-05,24.8975
2026-01-16T12:00:00+00:00,hyperliquid,HYPE/USDC:USDC,28085527.02,1.25e-05,25.1325
2026-01-16T13:00:00+00:00,hyperliquid,HYPE/USDC:USDC,28022010.999999996,1.25e-05,24.9595
2026-01-16T14:00:00+00:00,hyperliquid,HYPE/USDC:USDC,28069713.740000006,1.25e-05,25.0315
2026-01-16T15:00:00+00:00,hyperliquid,HYPE/USDC:USDC,28095674.940000005,1.25e-05,25.0245
2026-01-16T16:00:00+00:00,hyperliquid,HYPE/USDC:USDC,27856886.579999994,1.25e-05,24.7795
2026-01-16T17:00:00+00:00,hyperliquid,HYPE/USDC:USDC,27914003.639999993,1.25e-05,24.8555
2026-01-16T18:00:00+00:00,hyperliquid,HYPE/USDC:USDC,27991709.879999995,1.25e-05,25.0705
2026-01-16T19:00:00+00:00,hyperliquid,HYPE/USDC:USDC,27948506.059999995,1.25e-05,24.8635
2026-01-16T20:00:00+00:00,hyperliquid,HYPE/USDC:USDC,27984319.360000007,1.25e-05,24.7835
2026-01-16T21:00:00+00:00,hyperliquid,HYPE/USDC:USDC,28031264.30000001,1.25e-05,24.9495
2026-01-16T22:00:00+00:00,hyperliquid,HYPE/USDC:USDC,27999152.280000005,1.25e-05,24.9395
2026-01-16T23:00:00+00:00,hyperliquid,HYPE/USDC:USDC,27961635.06000001,1.25e-05,24.9005
2026-01-17T00:00:00+00:00,hyperliquid,HYPE/USDC:USDC,28063952.340000004,1.25e-05,24.9875
2026-01-17T01:00:00+00:00,hyperliquid,HYPE/USDC:USDC,28040832.46,1.25e-05,24.9925
2026-01-17T02:00:00+00:00,hyperliquid,HYPE/USDC:USDC,28037463.740000013,1.25e-05,24.9705
2026-01-17T03:00:00+00:00,hyperliquid,HYPE/USDC:USDC,28000137.420000006,1.25e-05,24.8795
2026-01-17T04:00:00+00:00,hyperliquid,HYPE/USDC:USDC,27981099.880000006,1.25e-05,24.8035
2026-01-17T05:00:00+00:00,hyperliquid,HYPE/USDC:USDC,27997405.820000023,1.25e-05,24.864
2026-01-17T06:00:00+00:00,hyperliquid,HYPE/USDC:USDC,27966614.18000002,1.25e-05,24.8815
2026-01-17T07:00:00+00:00,hyperliquid,HYPE/USDC:USDC,28002081.660000015,1.25e-05,24.9815
2026-01-17T08:00:00+00:00,hyperliquid,HYPE/USDC:USDC,27963004.300000004,1.25e-05,24.9615
2026-01-17T09:00:00+00:00,hyperliquid,HYPE/USDC:USDC,27994557.80000002,1.25e-05,25.2155
2026-01-17T10:00:00+00:00,hyperliquid,HYPE/USDC:USDC,28032875.000000004,1.25e-05,25.2665
2026-01-17T11:00:00+00:00,hyperliquid,HYPE/USDC:USDC,28032638.080000017,1.25e-05,25.1655
2026-01-17T12:00:00+00:00,hyperliquid,HYPE/USDC:USDC,28033877.500000007,1.25e-05,25.2555
2026-01-17T13:00:00+00:00,hyperliquid,HYPE/USDC:USDC,27984970.24,1.25e-05,25.1885
2026-01-17T14:00:00+00:00,hyperliquid,HYPE/USDC:USDC,27957376.119999986,1.25e-05,25.3235
2026-01-17T15:00:00+00:00,hyperliquid,HYPE/USDC:USDC,27930889.080000006,1.25e-05,25.4565
2026-01-17T16:00:00+00:00,hyperliquid,HYPE/USDC:USDC,28101375.83999998,1.25e-05,25.6875
2026-01-17T17:00:00+00:00,hyperliquid,HYPE/USDC:USDC,28116629.060000006,1.25e-05,25.4465
2026-01-17T18:00:00+00:00,hyperliquid,HYPE/USDC:USDC,28171068.840000004,1.25e-05,25.7315
2026-01-17T19:00:00+00:00,hyperliquid,HYPE/USDC:USDC,28263822.939999998,1.25e-05,25.7975
2026-01-17T20:00:00+00:00,hyperliquid,HYPE/USDC:USDC,28240608.32,1.25e-05,25.7155
2026-01-17T21:00:00+00:00,hyperliquid,HYPE/USDC:USDC,28209760.579999994,1.68066e-05,25.6865
2026-01-17T22:00:00+00:00,hyperliquid,HYPE/USDC:USDC,28167838.62,1.25e-05,25.5865
2026-01-17T23:00:00+00:00,hyperliquid,HYPE/USDC:USDC,28119214.240000006,1.25e-05,25.4175
2026-01-18T00:00:00+00:00,hyperliquid,HYPE/USDC:USDC,28161631.480000004,1.25e-05,25.4235
2026-01-18T01:00:00+00:00,hyperliquid,HYPE/USDC:USDC,28120134.959999982,1.25e-05,25.3745
2026-01-18T02:00:00+00:00,hyperliquid,HYPE/USDC:USDC,28084420.199999996,1.25e-05,25.4365
2026-01-18T03:00:00+00:00,hyperliquid,HYPE/USDC:USDC,28067582.42000002,1.25e-05,25.3915
2026-01-18T04:00:00+00:00,hyperliquid,HYPE/USDC:USDC,28058779.799999997,1.25e-05,25.4435
2026-01-18T05:00:00+00:00,hyperliquid,HYPE/USDC:USDC,28098765.52,1.25e-05,25.6955
2026-01-18T06:00:00+00:00,hyperliquid,HYPE/USDC:USDC,28081441.940000005,1.25e-05,25.7855
2026-01-18T07:00:00+00:00,hyperliquid,HYPE/USDC:USDC,28061160.439999986,1.25e-05,25.8985
2026-01-18T08:00:00+00:00,hyperliquid,HYPE/USDC:USDC,28079429.380000003,1.25e-05,25.8595
2026-01-18T09:00:00+00:00,hyperliquid,HYPE/USDC:USDC,28017217.79999999,1.25e-05,25.8395
2026-01-18T10:00:00+00:00,hyperliquid,HYPE/USDC:USDC,28057550.640000008,1.25e-05,25.984
2026-01-18T11:00:00+00:00,hyperliquid,HYPE/USDC:USDC,28103482.419999994,1.25e-05,26.0315
2026-01-18T12:00:00+00:00,hyperliquid,HYPE/USDC:USDC,28071489.720000003,1.25e-05,26.0215
2026-01-18T13:00:00+00:00,hyperliquid,HYPE/USDC:USDC,28049774.120000012,1.25e-05,25.8435
2026-01-18T14:00:00+00:00,hyperliquid,HYPE/USDC:USDC,28042535.02000001,1.25e-05,25.8385
2026-01-18T15:00:00+00:00,hyperliquid,HYPE/USDC:USDC,28023348.380000003,1.25e-05,25.766
2026-01-18T16:00:00+00:00,hyperliquid,HYPE/USDC:USDC,28014366.300000004,1.25e-05,25.7925
2026-01-18T17:00:00+00:00,hyperliquid,HYPE/USDC:USDC,27982323.439999994,1.25e-05,25.7525
2026-01-18T18:00:00+00:00,hyperliquid,HYPE/USDC:USDC,27941164.320000004,1.25e-05,25.5585
2026-01-18T19:00:00+00:00,hyperliquid,HYPE/USDC:USDC,27928556.740000013,1.25e-05,25.6995
2026-01-18T20:00:00+00:00,hyperliquid,HYPE/USDC:USDC,27554107.7,1.25e-05,25.0795
2026-01-18T21:00:00+00:00,hyperliquid,HYPE/USDC:USDC,27541098.28,1.25e-05,25.1895
2026-01-18T22:00:00+00:00,hyperliquid,HYPE/USDC:USDC,27400091.140000004,1.25e-05,24.9705
2026-01-18T23:00:00+00:00,hyperliquid,HYPE/USDC:USDC,27330638.22000001,1.25e-05,25.1255
2026-01-19T00:00:00+00:00,hyperliquid,HYPE/USDC:USDC,27224440.620000016,-5.3843e-05,24.101
2026-01-19T01:00:00+00:00,hyperliquid,HYPE/USDC:USDC,27451009.08,1.25e-05,24.078
2026-01-19T02:00:00+00:00,hyperliquid,HYPE/USDC:USDC,27368018.99999999,1.25e-05,24.0465
2026-01-19T03:00:00+00:00,hyperliquid,HYPE/USDC:USDC,27292014.999999996,1.25e-05,23.9705
2026-01-19T04:00:00+00:00,hyperliquid,HYPE/USDC:USDC,27172386.74,1.25e-05,23.9195
2026-01-19T05:00:00+00:00,hyperliquid,HYPE/USDC:USDC,27150786.319999993,1.25e-05,23.9545
2026-01-19T06:00:00+00:00,hyperliquid,HYPE/USDC:USDC,27123994.92,1.25e-05,23.8915
2026-01-19T07:00:00+00:00,hyperliquid,HYPE/USDC:USDC,27107783.340000007,1.25e-05,23.8235
2026-01-19T08:00:00+00:00,hyperliquid,HYPE/USDC:USDC,27092252.060000006,1.25e-05,23.8235
2026-01-19T09:00:00+00:00,hyperliquid,HYPE/USDC:USDC,27213192.819999993,1.25e-05,24.1925
2026-01-19T10:00:00+00:00,hyperliquid,HYPE/USDC:USDC,27145652.37999999,1.25e-05,24.0675
2026-01-19T11:00:00+00:00,hyperliquid,HYPE/USDC:USDC,27162485.380000003,1.25e-05,24.0925
2026-01-19T12:00:00+00:00,hyperliquid,HYPE/USDC:USDC,27165982.879999995,1.25e-05,24.0825
2026-01-19T13:00:00+00:00,hyperliquid,HYPE/USDC:USDC,27025574.59999999,1.25e-05,23.9495
2026-01-19T14:00:00+00:00,hyperliquid,HYPE/USDC:USDC,27098368.66,1.25e-05,23.6855
2026-01-19T15:00:00+00:00,hyperliquid,HYPE/USDC:USDC,27280844.859999996,1.25e-05,23.6215
2026-01-19T16:00:00+00:00,hyperliquid,HYPE/USDC:USDC,27292538.1,1.25e-05,23.7335
2026-01-19T17:00:00+00:00,hyperliquid,HYPE/USDC:USDC,27279129.84,1.25e-05,24.0415
2026-01-19T18:00:00+00:00,hyperliquid,HYPE/USDC:USDC,27255357.200000003,1.25e-05,23.9395
2026-01-19T19:00:00+00:00,hyperliquid,HYPE/USDC:USDC,27278764.280000005,1.25e-05,24.0185
2026-01-19T20:00:00+00:00,hyperliquid,HYPE/USDC:USDC,27254615.44,1.25e-05,24.077
2026-01-19T21:00:00+00:00,hyperliquid,HYPE/USDC:USDC,27199444.900000002,1.25e-05,23.9535
2026-01-19T22:00:00+00:00,hyperliquid,HYPE/USDC:USDC,27127902.619999994,1.25e-05,23.7205
2026-01-19T23:00:00+00:00,hyperliquid,HYPE/USDC:USDC,27109471.200000003,1.25e-05,23.6965
2026-01-20T00:00:00+00:00,hyperliquid,HYPE/USDC:USDC,27158633.80000001,1.25e-05,23.7165
2026-01-20T01:00:00+00:00,hyperliquid,HYPE/USDC:USDC,27207450.94000001,1.25e-05,23.5485
2026-01-20T02:00:00+00:00,hyperliquid,HYPE/USDC:USDC,27229602.08,1.25e-05,23.6885
2026-01-20T03:00:00+00:00,hyperliquid,HYPE/USDC:USDC,27297918.54,1.25e-05,23.7435
2026-01-20T04:00:00+00:00,hyperliquid,HYPE/USDC:USDC,27390893.200000003,1.25e-05,23.7425
2026-01-20T05:00:00+00:00,hyperliquid,HYPE/USDC:USDC,27620616.339999992,1.25e-05,23.5485
2026-01-20T06:00:00+00:00,hyperliquid,HYPE/USDC:USDC,27517487.720000014,1.25e-05,23.3995
2026-01-20T07:00:00+00:00,hyperliquid,HYPE/USDC:USDC,27475756.700000003,1.25e-05,23.14
2026-01-20T08:00:00+00:00,hyperliquid,HYPE/USDC:USDC,27481693.580000006,3.61002e-05,23.096
2026-01-20T09:00:00+00:00,hyperliquid,HYPE/USDC:USDC,27489757.180000003,2.73455e-05,23.2205
2026-01-20T10:00:00+00:00,hyperliquid,HYPE/USDC:USDC,27684060.980000004,6.39183e-05,22.9365
2026-01-20T11:00:00+00:00,hyperliquid,HYPE/USDC:USDC,27803469.040000003,2.2089e-05,22.954
2026-01-20T12:00:00+00:00,hyperliquid,HYPE/USDC:USDC,27711101.84,1.25e-05,22.7545
2026-01-20T13:00:00+00:00,hyperliquid,HYPE/USDC:USDC,27912704.379999988,4.29522e-05,22.5475
2026-01-20T14:00:00+00:00,hyperliquid,HYPE/USDC:USDC,29037758.76000002,1.25e-05,21.7625
2026-01-20T15:00:00+00:00,hyperliquid,HYPE/USDC:USDC,29728672.940000005,2.41143e-05,22.0985
2026-01-20T16:00:00+00:00,hyperliquid,HYPE/USDC:USDC,29720025.080000002,4.14369e-05,22.051
2026-01-20T17:00:00+00:00,hyperliquid,HYPE/USDC:USDC,29668914.61999999,1.25e-05,21.7235
2026-01-20T18:00:00+00:00,hyperliquid,HYPE/USDC:USDC,30006484.180000033,1.28651e-05,21.3005
2026-01-20T19:00:00+00:00,hyperliquid,HYPE/USDC:USDC,29855770.459999964,7.03154e-05,21.5445
2026-01-20T20:00:00+00:00,hyperliquid,HYPE/USDC:USDC,30093377.580000006,5.28513e-05,21.4725
2026-01-20T21:00:00+00:00,hyperliquid,HYPE/USDC:USDC,30211351.640000004,2.12281e-05,21.5335
2026-01-20T22:00:00+00:00,hyperliquid,HYPE/USDC:USDC,30184312.37999999,3.3352e-05,21.1985
2026-01-20T23:00:00+00:00,hyperliquid,HYPE/USDC:USDC,30363996.33999999,1.25e-05,21.3295
2026-01-21T00:00:00+00:00,hyperliquid,HYPE/USDC:USDC,30256280.380000003,1.25e-05,21.043
2026-01-21T01:00:00+00:00,hyperliquid,HYPE/USDC:USDC,30298342.099999987,1.25e-05,21.158
2026-01-21T02:00:00+00:00,hyperliquid,HYPE/USDC:USDC,30595611.959999997,1.48388e-05,21.3885
2026-01-21T03:00:00+00:00,hyperliquid,HYPE/USDC:USDC,30599374.099999994,1.25e-05,21.326
2026-01-21T04:00:00+00:00,hyperliquid,HYPE/USDC:USDC,30646937.539999995,3.81083e-05,21.4405
2026-01-21T05:00:00+00:00,hyperliquid,HYPE/USDC:USDC,30655105.339999992,2.68994e-05,21.5425
2026-01-21T06:00:00+00:00,hyperliquid,HYPE/USDC:USDC,30667020.499999996,1.25e-05,21.6135
2026-01-21T07:00:00+00:00,hyperliquid,HYPE/USDC:USDC,30518445.339999977,1.25e-05,21.4055
2026-01-21T08:00:00+00:00,hyperliquid,HYPE/USDC:USDC,30547994.700000003,1.25e-05,21.2465
2026-01-21T09:00:00+00:00,hyperliquid,HYPE/USDC:USDC,30533039.720000003,1.25e-05,20.9715
2026-01-21T10:00:00+00:00,hyperliquid,HYPE/USDC:USDC,30637869.600000028,4.66032e-05,21.0415
2026-01-21T11:00:00+00:00,hyperliquid,HYPE/USDC:USDC,30705989.779999983,1.25e-05,20.6045
2026-01-21T12:00:00+00:00,hyperliquid,HYPE/USDC:USDC,30715683.93999999,1.25e-05,20.725
2026-01-21T13:00:00+00:00,hyperliquid,HYPE/USDC:USDC,30753837.260000013,1.25e-05,20.8755
2026-01-21T14:00:00+00:00,hyperliquid,HYPE/USDC:USDC,30650373.619999997,1.25e-05,20.7435
2026-01-21T15:00:00+00:00,hyperliquid,HYPE/USDC:USDC,30513468.240000006,1.25e-05,21.1895
2026-01-21T16:00:00+00:00,hyperliquid,HYPE/USDC:USDC,31055587.759999998,2.53533e-05,21.6605
2026-01-21T17:00:00+00:00,hyperliquid,HYPE/USDC:USDC,30601169.999999996,1.25e-05,21.014
2026-01-21T18:00:00+00:00,hyperliquid,HYPE/USDC:USDC,30401966.979999997,1.25e-05,20.5995
2026-01-21T19:00:00+00:00,hyperliquid,HYPE/USDC:USDC,30353690.42,1.25e-05,20.8755
2026-01-21T20:00:00+00:00,hyperliquid,HYPE/USDC:USDC,30558759.400000013,2.09146e-05,21.8175
2026-01-21T21:00:00+00:00,hyperliquid,HYPE/USDC:USDC,30543952.500000004,1.25e-05,21.8535
2026-01-21T22:00:00+00:00,hyperliquid,HYPE/USDC:USDC,30518621.25999999,1.25e-05,21.8535
2026-01-21T23:00:00+00:00,hyperliquid,HYPE/USDC:USDC,30570554.599999987,1.25e-05,21.7075
2026-01-22T00:00:00+00:00,hyperliquid,HYPE/USDC:USDC,30547010.379999995,1.25e-05,21.5805
2026-01-22T01:00:00+00:00,hyperliquid,HYPE/USDC:USDC,30808522.899999987,1.25e-05,21.9005
2026-01-22T02:00:00+00:00,hyperliquid,HYPE/USDC:USDC,30985502.17999999,1.25e-05,22.0545
2026-01-22T03:00:00+00:00,hyperliquid,HYPE/USDC:USDC,31024629.080000002,1.25e-05,22.0195
2026-01-22T04:00:00+00:00,hyperliquid,HYPE/USDC:USDC,30437288.840000007,1.25e-05,21.6015
2026-01-22T05:00:00+00:00,hyperliquid,HYPE/USDC:USDC,30374844.69999999,1.25e-05,21.7785
2026-01-22T06:00:00+00:00,hyperliquid,HYPE/USDC:USDC,30342292.919999994,1.25e-05,21.7785
2026-01-22T07:00:00+00:00,hyperliquid,HYPE/USDC:USDC,30332455.660000004,1.25e-05,21.8015
2026-01-22T08:00:00+00:00,hyperliquid,HYPE/USDC:USDC,30385961.919999994,1.25e-05,21.9185
2026-01-22T09:00:00+00:00,hyperliquid,HYPE/USDC:USDC,30357304.560000002,1.25e-05,22.0745
2026-01-22T10:00:00+00:00,hyperliquid,HYPE/USDC:USDC,30440153.859999992,5.03043e-05,21.9595
2026-01-22T11:00:00+00:00,hyperliquid,HYPE/USDC:USDC,30479613.779999997,1.25e-05,21.8495
2026-01-22T12:00:00+00:00,hyperliquid,HYPE/USDC:USDC,30482627.38000001,1.25e-05,21.8135
2026-01-22T13:00:00+00:00,hyperliquid,HYPE/USDC:USDC,30580260.780000005,1.25e-05,21.8095
2026-01-22T14:00:00+00:00,hyperliquid,HYPE/USDC:USDC,30523834.099999994,1.25e-05,21.6095
2026-01-22T15:00:00+00:00,hyperliquid,HYPE/USDC:USDC,30396142.89999999,1.25e-05,21.4225
2026-01-22T16:00:00+00:00,hyperliquid,HYPE/USDC:USDC,30396400.42,1.25e-05,21.3405
2026-01-22T17:00:00+00:00,hyperliquid,HYPE/USDC:USDC,30429406.000000007,1.25e-05,21.3665
2026-01-22T18:00:00+00:00,hyperliquid,HYPE/USDC:USDC,30614219.900000013,1.25e-05,21.7225
2026-01-22T19:00:00+00:00,hyperliquid,HYPE/USDC:USDC,30123584.379999988,1.25e-05,21.2165
2026-01-22T20:00:00+00:00,hyperliquid,HYPE/USDC:USDC,30277508.000000022,1.25e-05,21.4195
2026-01-22T21:00:00+00:00,hyperliquid,HYPE/USDC:USDC,30273740.94000001,1.25e-05,21.3955
2026-01-22T22:00:00+00:00,hyperliquid,HYPE/USDC:USDC,30278739.899999995,1.25e-05,21.3275
2026-01-22T23:00:00+00:00,hyperliquid,HYPE/USDC:USDC,30294148.560000006,1.25e-05,21.3265
2026-01-23T00:00:00+00:00,hyperliquid,HYPE/USDC:USDC,30308646.67999999,1.25e-05,21.4355
2026-01-23T01:00:00+00:00,hyperliquid,HYPE/USDC:USDC,30367131.080000006,1.25e-05,21.6285
2026-01-23T02:00:00+00:00,hyperliquid,HYPE/USDC:USDC,30299641.679999992,1.25e-05,21.7095
2026-01-23T03:00:00+00:00,hyperliquid,HYPE/USDC:USDC,30241004.28,1.25e-05,21.6655
2026-01-23T04:00:00+00:00,hyperliquid,HYPE/USDC:USDC,30246762.459999993,1.25e-05,21.7845
2026-01-23T05:00:00+00:00,hyperliquid,HYPE/USDC:USDC,30210093.7,1.25e-05,21.8365
2026-01-23T06:00:00+00:00,hyperliquid,HYPE/USDC:USDC,30166279.5,1.25e-05,21.7435
2026-01-23T07:00:00+00:00,hyperliquid,HYPE/USDC:USDC,30112514.180000003,1.25e-05,21.4675
2026-01-23T08:00:00+00:00,hyperliquid,HYPE/USDC:USDC,30111594.520000003,1.25e-05,21.4445
2026-01-23T09:00:00+00:00,hyperliquid,HYPE/USDC:USDC,30079445.179999996,1.25e-05,21.2365
2026-01-23T10:00:00+00:00,hyperliquid,HYPE/USDC:USDC,30122065.359999996,3.93827e-05,20.8875
2026-01-23T11:00:00+00:00,hyperliquid,HYPE/USDC:USDC,30385060.860000003,5.29965e-05,21.0315
2026-01-23T12:00:00+00:00,hyperliquid,HYPE/USDC:USDC,30573787.820000008,3.30761e-05,21.217
2026-01-23T13:00:00+00:00,hyperliquid,HYPE/USDC:USDC,30660246.840000004,6.2485e-05,21.3305
2026-01-23T14:00:00+00:00,hyperliquid,HYPE/USDC:USDC,30785073.699999984,1.25e-05,21.4465
2026-01-23T15:00:00+00:00,hyperliquid,HYPE/USDC:USDC,30738939.960000012,2.12867e-05,21.5165
2026-01-23T16:00:00+00:00,hyperliquid,HYPE/USDC:USDC,31472210.03999999,1.52011e-05,22.3725
2026-01-23T17:00:00+00:00,hyperliquid,HYPE/USDC:USDC,31591475.640000023,1.25e-05,22.3505
2026-01-23T18:00:00+00:00,hyperliquid,HYPE/USDC:USDC,31398143.480000027,1.25e-05,22.693
2026-01-23T19:00:00+00:00,hyperliquid,HYPE/USDC:USDC,31341403.48000002,1.25e-05,22.7065
2026-01-23T20:00:00+00:00,hyperliquid,HYPE/USDC:USDC,30940550.27999998,1.25e-05,22.3615
2026-01-23T21:00:00+00:00,hyperliquid,HYPE/USDC:USDC,31089884.54000001,1.3918e-05,22.5995
2026-01-23T22:00:00+00:00,hyperliquid,HYPE/USDC:USDC,31101558.06000001,1.25e-05,22.4505
2026-01-23T23:00:00+00:00,hyperliquid,HYPE/USDC:USDC,31085470.540000018,1.25e-05,22.6415
2026-01-24T00:00:00+00:00,hyperliquid,HYPE/USDC:USDC,31124009.520000007,1.25e-05,22.6465
2026-01-24T01:00:00+00:00,hyperliquid,HYPE/USDC:USDC,31360071.800000004,1.43997e-05,22.7765
2026-01-24T02:00:00+00:00,hyperliquid,HYPE/USDC:USDC,31607254.160000008,3.5043e-05,22.9225
2026-01-24T03:00:00+00:00,hyperliquid,HYPE/USDC:USDC,31884890.060000006,1.25e-05,23.0665
2026-01-24T04:00:00+00:00,hyperliquid,HYPE/USDC:USDC,31913902.980000004,4.37972e-05,23.1275
2026-01-24T05:00:00+00:00,hyperliquid,HYPE/USDC:USDC,31857705.899999995,2.09222e-05,23.004
2026-01-24T06:00:00+00:00,hyperliquid,HYPE/USDC:USDC,31871177.059999995,1.89838e-05,23.0115
2026-01-24T07:00:00+00:00,hyperliquid,HYPE/USDC:USDC,31769208.74,1.25e-05,22.885
2026-01-24T08:00:00+00:00,hyperliquid,HYPE/USDC:USDC,31729568.740000017,1.25e-05,22.836
2026-01-24T09:00:00+00:00,hyperliquid,HYPE/USDC:USDC,31692604.48000001,1.25e-05,23.4115
2026-01-24T10:00:00+00:00,hyperliquid,HYPE/USDC:USDC,31659652.96000001,1.25e-05,23.3055
2026-01-24T11:00:00+00:00,hyperliquid,HYPE/USDC:USDC,31637441.08,1.25e-05,23.3475
2026-01-24T12:00:00+00:00,hyperliquid,HYPE/USDC:USDC,31532454.860000003,1.25e-05,23.1885
2026-01-24T13:00:00+00:00,hyperliquid,HYPE/USDC:USDC,31500068.28000001,1.25e-05,23.1785
2026-01-24T14:00:00+00:00,hyperliquid,HYPE/USDC:USDC,31507657.300000012,1.25e-05,23.1955
2026-01-24T15:00:00+00:00,hyperliquid,HYPE/USDC:USDC,31536992.980000008,1.25e-05,23.4325
2026-01-24T16:00:00+00:00,hyperliquid,HYPE/USDC:USDC,31407135.56,1.25e-05,23.0645
2026-01-24T17:00:00+00:00,hyperliquid,HYPE/USDC:USDC,31369802.38,1.25e-05,22.998
2026-01-24T18:00:00+00:00,hyperliquid,HYPE/USDC:USDC,31368870.29999999,1.25e-05,23.3635
2026-01-24T19:00:00+00:00,hyperliquid,HYPE/USDC:USDC,31407887.63999999,1.25e-05,23.5805
2026-01-24T20:00:00+00:00,hyperliquid,HYPE/USDC:USDC,31264345.400000006,1.25e-05,23.4385
2026-01-24T21:00:00+00:00,hyperliquid,HYPE/USDC:USDC,31221440.980000004,1.25e-05,23.5875
2026-01-24T22:00:00+00:00,hyperliquid,HYPE/USDC:USDC,31301997.179999996,1.25e-05,23.6055
2026-01-24T23:00:00+00:00,hyperliquid,HYPE/USDC:USDC,31193405.600000005,1.25e-05,23.65
2026-01-25T00:00:00+00:00,hyperliquid,HYPE/USDC:USDC,30746211.999999996,1.25e-05,23.2335
2026-01-25T01:00:00+00:00,hyperliquid,HYPE/USDC:USDC,30714915.279999997,1.25e-05,23.3565
2026-01-25T02:00:00+00:00,hyperliquid,HYPE/USDC:USDC,30744667.219999988,1.25e-05,23.2905
2026-01-25T03:00:00+00:00,hyperliquid,HYPE/USDC:USDC,30761575.720000003,1.25e-05,23.2385
2026-01-25T04:00:00+00:00,hyperliquid,HYPE/USDC:USDC,30738638.759999994,1.25e-05,22.9285
2026-01-25T05:00:00+00:00,hyperliquid,HYPE/USDC:USDC,30668183.039999988,1.25e-05,22.8875
2026-01-25T06:00:00+00:00,hyperliquid,HYPE/USDC:USDC,30642403.779999997,1.25e-05,22.9495
2026-01-25T07:00:00+00:00,hyperliquid,HYPE/USDC:USDC,30633390.82,1.25e-05,22.9105
2026-01-25T08:00:00+00:00,hyperliquid,HYPE/USDC:USDC,30616502.48,1.25e-05,22.9065
2026-01-25T09:00:00+00:00,hyperliquid,HYPE/USDC:USDC,30261918.24,1.25e-05,22.4915
2026-01-25T10:00:00+00:00,hyperliquid,HYPE/USDC:USDC,30209790.300000004,1.25e-05,22.3465
2026-01-25T11:00:00+00:00,hyperliquid,HYPE/USDC:USDC,30177070.399999995,1.25e-05,22.4765
2026-01-25T12:00:00+00:00,hyperliquid,HYPE/USDC:USDC,30116688.78,1.25e-05,22.4835
2026-01-25T13:00:00+00:00,hyperliquid,HYPE/USDC:USDC,30123580.5,1.25e-05,22.612
2026-01-25T14:00:00+00:00,hyperliquid,HYPE/USDC:USDC,30156726.240000006,1.25e-05,22.6285
2026-01-25T15:00:00+00:00,hyperliquid,HYPE/USDC:USDC,30096803.2,1.25e-05,22.515
2026-01-25T16:00:00+00:00,hyperliquid,HYPE/USDC:USDC,30106909.7,1.25e-05,22.4715
2026-01-25T17:00:00+00:00,hyperliquid,HYPE/USDC:USDC,29934181.540000003,1.25e-05,22.2595
2026-01-25T18:00:00+00:00,hyperliquid,HYPE/USDC:USDC,29871827.340000004,1.25e-05,22.1515
2026-01-25T19:00:00+00:00,hyperliquid,HYPE/USDC:USDC,29860349.36,1.25e-05,22.2575
2026-01-25T20:00:00+00:00,hyperliquid,HYPE/USDC:USDC,29659715.840000004,1.25e-05,21.8115
2026-01-25T21:00:00+00:00,hyperliquid,HYPE/USDC:USDC,29680916.56000002,5.79305e-05,22.1325
2026-01-25T22:00:00+00:00,hyperliquid,HYPE/USDC:USDC,29697098.41999999,1.25e-05,21.8735
2026-01-25T23:00:00+00:00,hyperliquid,HYPE/USDC:USDC,29784963.779999994,2.91822e-05,21.8595
2026-01-26T00:00:00+00:00,hyperliquid,HYPE/USDC:USDC,30053041.44000001,1.25e-05,22.185
2026-01-26T01:00:00+00:00,hyperliquid,HYPE/USDC:USDC,29756579.020000003,1.25809e-05,22.1295
2026-01-26T02:00:00+00:00,hyperliquid,HYPE/USDC:USDC,29679517.62,3.60829e-05,22.2995
2026-01-26T03:00:00+00:00,hyperliquid,HYPE/USDC:USDC,29667061.819999997,4.22005e-05,22.0645
2026-01-26T04:00:00+00:00,hyperliquid,HYPE/USDC:USDC,29712769.919999998,1.25e-05,21.9525
2026-01-26T05:00:00+00:00,hyperliquid,HYPE/USDC:USDC,29752175.519999992,1.25e-05,22.2245
2026-01-26T06:00:00+00:00,hyperliquid,HYPE/USDC:USDC,29750482.180000003,1.25e-05,22.1845
2026-01-26T07:00:00+00:00,hyperliquid,HYPE/USDC:USDC,29597583.859999996,1.25e-05,22.1535
2026-01-26T08:00:00+00:00,hyperliquid,HYPE/USDC:USDC,29547503.140000004,1.25e-05,22.2795
2026-01-26T09:00:00+00:00,hyperliquid,HYPE/USDC:USDC,29889207.62,1.25e-05,22.5685
2026-01-26T10:00:00+00:00,hyperliquid,HYPE/USDC:USDC,29832372.839999992,4.38558e-05,22.2275
2026-01-26T11:00:00+00:00,hyperliquid,HYPE/USDC:USDC,29885156.819999993,3.51975e-05,22.3465
2026-01-26T12:00:00+00:00,hyperliquid,HYPE/USDC:USDC,30022775.799999997,1.82833e-05,22.2875
2026-01-26T13:00:00+00:00,hyperliquid,HYPE/USDC:USDC,30031353.359999992,1.25e-05,22.2595
2026-01-26T14:00:00+00:00,hyperliquid,HYPE/USDC:USDC,30020512.77999999,1.25e-05,22.3855
2026-01-26T15:00:00+00:00,hyperliquid,HYPE/USDC:USDC,29959066.959999986,1.25e-05,22.4375
2026-01-26T16:00:00+00:00,hyperliquid,HYPE/USDC:USDC,29850397.619999994,1.25e-05,22.4805
2026-01-26T17:00:00+00:00,hyperliquid,HYPE/USDC:USDC,29996236.31999999,1.25e-05,23.618
2026-01-26T18:00:00+00:00,hyperliquid,HYPE/USDC:USDC,29909446.999999985,1.25e-05,23.87
2026-01-26T19:00:00+00:00,hyperliquid,HYPE/USDC:USDC,29849242.90000001,1.25e-05,24.2125
2026-01-26T20:00:00+00:00,hyperliquid,HYPE/USDC:USDC,29554707.939999998,1.25e-05,24.0685
2026-01-26T21:00:00+00:00,hyperliquid,HYPE/USDC:USDC,29510631.160000004,1.25e-05,24.063
2026-01-26T22:00:00+00:00,hyperliquid,HYPE/USDC:USDC,29667520.5,1.25e-05,24.7865
2026-01-26T23:00:00+00:00,hyperliquid,HYPE/USDC:USDC,29756411.020000003,1.25e-05,25.0315
2026-01-27T00:00:00+00:00,hyperliquid,HYPE/USDC:USDC,29607154.260000005,1.25e-05,24.9595
2026-01-27T01:00:00+00:00,hyperliquid,HYPE/USDC:USDC,29755941.419999998,1.25e-05,25.3145
2026-01-27T02:00:00+00:00,hyperliquid,HYPE/USDC:USDC,29943899.21999999,1.25e-05,25.642
2026-01-27T03:00:00+00:00,hyperliquid,HYPE/USDC:USDC,30079878.15999998,1.25e-05,25.8795
2026-01-27T04:00:00+00:00,hyperliquid,HYPE/USDC:USDC,30238841.55999999,1.25e-05,26.0495
2026-01-27T05:00:00+00:00,hyperliquid,HYPE/USDC:USDC,30204857.419999976,1.25e-05,26.775
2026-01-27T06:00:00+00:00,hyperliquid,HYPE/USDC:USDC,29966688.919999987,1.25e-05,26.8705
2026-01-27T07:00:00+00:00,hyperliquid,HYPE/USDC:USDC,30078643.879999988,1.25e-05,27.1485
2026-01-27T08:00:00+00:00,hyperliquid,HYPE/USDC:USDC,30222641.42,1.25e-05,27.3705
2026-01-27T09:00:00+00:00,hyperliquid,HYPE/USDC:USDC,30174832.520000007,1.25e-05,27.811
2026-01-27T10:00:00+00:00,hyperliquid,HYPE/USDC:USDC,30168134.460000005,2.48639e-05,27.6885
2026-01-27T11:00:00+00:00,hyperliquid,HYPE/USDC:USDC,30198817.919999987,3.16967e-05,27.2515
2026-01-27T12:00:00+00:00,hyperliquid,HYPE/USDC:USDC,30140598.379999995,1.25e-05,27.6965
2026-01-27T13:00:00+00:00,hyperliquid,HYPE/USDC:USDC,30143235.180000003,1.25e-05,27.5605
2026-01-27T14:00:00+00:00,hyperliquid,HYPE/USDC:USDC,30218427.820000004,1.25e-05,27.3045
2026-01-27T15:00:00+00:00,hyperliquid,HYPE/USDC:USDC,30106384.919999987,1.25e-05,27.3565
2026-01-27T16:00:00+00:00,hyperliquid,HYPE/USDC:USDC,30371639.660000008,1.25e-05,28.0775
2026-01-27T17:00:00+00:00,hyperliquid,HYPE/USDC:USDC,30081099.76,1.25e-05,28.3855
2026-01-27T18:00:00+00:00,hyperliquid,HYPE/USDC:USDC,29760449.139999975,1.25e-05,27.7975
2026-01-27T19:00:00+00:00,hyperliquid,HYPE/USDC:USDC,29838969.09999995,-1.94126e-05,28.365
2026-01-27T20:00:00+00:00,hyperliquid,HYPE/USDC:USDC,29972968.99999998,1.25e-05,28.809
2026-01-27T21:00:00+00:00,hyperliquid,HYPE/USDC:USDC,29893912.439999975,-2.9319e-05,29.6205
2026-01-27T22:00:00+00:00,hyperliquid,HYPE/USDC:USDC,29730813.43999999,1.25e-05,29.8245
2026-01-27T23:00:00+00:00,hyperliquid,HYPE/USDC:USDC,29981534.75999996,-5.7312e-06,30.5465
2026-01-28T00:00:00+00:00,hyperliquid,HYPE/USDC:USDC,30024415.140000008,-2.42496e-05,30.738
2026-01-28T01:00:00+00:00,hyperliquid,HYPE/USDC:USDC,29761673.299999967,1.25e-05,31.5195
2026-01-28T02:00:00+00:00,hyperliquid,HYPE/USDC:USDC,29298094.63999999,1.25e-05,32.6395
2026-01-28T03:00:00+00:00,hyperliquid,HYPE/USDC:USDC,28888390.140000008,-3.96224e-05,32.7875
2026-01-28T04:00:00+00:00,hyperliquid,HYPE/USDC:USDC,28760164.299999997,1.25e-05,33.4685
2026-01-28T05:00:00+00:00,hyperliquid,HYPE/USDC:USDC,28770017.040000007,1.25e-05,34.0645
2026-01-28T06:00:00+00:00,hyperliquid,HYPE/USDC:USDC,28107824.099999994,1.25e-05,32.808
2026-01-28T07:00:00+00:00,hyperliquid,HYPE/USDC:USDC,28199404.480000008,1.25e-05,33.7665
2026-01-28T08:00:00+00:00,hyperliquid,HYPE/USDC:USDC,28144284.879999988,1.25e-05,33.574
2026-01-28T09:00:00+00:00,hyperliquid,HYPE/USDC:USDC,28131348.479999997,1.25e-05,33.7725
2026-01-28T10:00:00+00:00,hyperliquid,HYPE/USDC:USDC,28109802.999999978,-8.1165e-06,34.388
2026-01-28T11:00:00+00:00,hyperliquid,HYPE/USDC:USDC,27838319.580000006,3.5643e-06,34.6025
2026-01-28T12:00:00+00:00,hyperliquid,HYPE/USDC:USDC,27704584.400000002,1.25e-05,33.8915
2026-01-28T13:00:00+00:00,hyperliquid,HYPE/USDC:USDC,27577221.859999966,-4.50686e-05,33.5265
2026-01-28T14:00:00+00:00,hyperliquid,HYPE/USDC:USDC,27780036.08000001,1.11112e-05,34.2685
2026-01-28T15:00:00+00:00,hyperliquid,HYPE/USDC:USDC,27306289.919999994,1.25e-05,33.806
2026-01-28T16:00:00+00:00,hyperliquid,HYPE/USDC:USDC,27087414.899999987,1.25e-05,33.478
2026-01-28T17:00:00+00:00,hyperliquid,HYPE/USDC:USDC,26840729.920000013,-4.177e-07,33.0055
2026-01-28T18:00:00+00:00,hyperliquid,HYPE/USDC:USDC,26612663.339999985,1.25e-05,32.9125
2026-01-28T19:00:00+00:00,hyperliquid,HYPE/USDC:USDC,26515741.000000004,1.7272e-06,32.7575
2026-01-28T20:00:00+00:00,hyperliquid,HYPE/USDC:USDC,26607313.58000002,3.8598e-06,33.4155
2026-01-28T21:00:00+00:00,hyperliquid,HYPE/USDC:USDC,26482700.16000001,-3.90927e-05,32.9765
2026-01-28T22:00:00+00:00,hyperliquid,HYPE/USDC:USDC,26252880.60000001,4.4832e-06,32.9745
2026-01-28T23:00:00+00:00,hyperliquid,HYPE/USDC:USDC,26280859.160000004,1.15264e-05,33.3235
2026-01-29T00:00:00+00:00,hyperliquid,HYPE/USDC:USDC,26421455.659999993,1.25e-05,34.2775
2026-01-29T01:00:00+00:00,hyperliquid,HYPE/USDC:USDC,26389985.340000004,1.25e-05,33.9805
2026-01-29T02:00:00+00:00,hyperliquid,HYPE/USDC:USDC,26219261.220000003,-3.48122e-05,33.0935
2026-01-29T03:00:00+00:00,hyperliquid,HYPE/USDC:USDC,25868848.26000001,-5.32517e-05,31.8355
2026-01-29T04:00:00+00:00,hyperliquid,HYPE/USDC:USDC,25420427.959999975,1.25e-05,31.7605
2026-01-29T05:00:00+00:00,hyperliquid,HYPE/USDC:USDC,25156921.280000005,1.25e-05,31.9855
2026-01-29T06:00:00+00:00,hyperliquid,HYPE/USDC:USDC,24984522.359999985,-8.82815e-05,31.9495
2026-01-29T07:00:00+00:00,hyperliquid,HYPE/USDC:USDC,24847106.700000025,1.07592e-05,32.8835
2026-01-29T08:00:00+00:00,hyperliquid,HYPE/USDC:USDC,24805521.039999995,-8.007e-06,32.4195
2026-01-29T09:00:00+00:00,hyperliquid,HYPE/USDC:USDC,24719278.959999997,-1.55222e-05,32.4825
2026-01-29T10:00:00+00:00,hyperliquid,HYPE/USDC:USDC,24743700.52000001,1.25e-05,32.2485
2026-01-29T11:00:00+00:00,hyperliquid,HYPE/USDC:USDC,24724363.040000003,1.25e-05,32.5095
2026-01-29T12:00:00+00:00,hyperliquid,HYPE/USDC:USDC,25195880.520000026,1.25e-05,33.3065
2026-01-29T13:00:00+00:00,hyperliquid,HYPE/USDC:USDC,25525133.17999998,1.25e-05,33.4125
2026-01-29T14:00:00+00:00,hyperliquid,HYPE/USDC:USDC,25399438.359999996,1.25e-05,34.2175
2026-01-29T15:00:00+00:00,hyperliquid,HYPE/USDC:USDC,25326861.19999997,7.048e-06,33.0945
2026-01-29T16:00:00+00:00,hyperliquid,HYPE/USDC:USDC,25192913.900000002,1.25e-05,32.8425
2026-01-29T17:00:00+00:00,hyperliquid,HYPE/USDC:USDC,25107506.399999984,1.25e-05,33.6665
2026-01-29T18:00:00+00:00,hyperliquid,HYPE/USDC:USDC,24827547.379999988,1.25e-05,33.356
2026-01-29T19:00:00+00:00,hyperliquid,HYPE/USDC:USDC,24755210.160000008,1.25e-05,32.5505
2026-01-29T20:00:00+00:00,hyperliquid,HYPE/USDC:USDC,24874507.200000003,1.25e-05,32.007
2026-01-29T21:00:00+00:00,hyperliquid,HYPE/USDC:USDC,24998678.660000015,1.25e-05,32.55
2026-01-29T22:00:00+00:00,hyperliquid,HYPE/USDC:USDC,24908068.540000007,1.25e-05,31.8795
2026-01-29T23:00:00+00:00,hyperliquid,HYPE/USDC:USDC,24526813.67999998,1.25e-05,31.0005
2026-01-30T00:00:00+00:00,hyperliquid,HYPE/USDC:USDC,24612965.059999984,1.25e-05,30.705
2026-01-30T01:00:00+00:00,hyperliquid,HYPE/USDC:USDC,24465570.720000017,1.25e-05,29.8605
2026-01-30T02:00:00+00:00,hyperliquid,HYPE/USDC:USDC,24228060.180000015,-7.6e-09,29.1855
2026-01-30T03:00:00+00:00,hyperliquid,HYPE/USDC:USDC,24233106.29999998,1.25e-05,28.721
2026-01-30T04:00:00+00:00,hyperliquid,HYPE/USDC:USDC,24487675.699999996,1.25e-05,29.2475
2026-01-30T05:00:00+00:00,hyperliquid,HYPE/USDC:USDC,24573593.56,1.25e-05,29.0655
2026-01-30T06:00:00+00:00,hyperliquid,HYPE/USDC:USDC,24540990.180000007,-1.2596e-06,28.9525
2026-01-30T07:00:00+00:00,hyperliquid,HYPE/USDC:USDC,24353272.480000008,1.25e-05,28.8345
2026-01-30T08:00:00+00:00,hyperliquid,HYPE/USDC:USDC,24312091.8,-1.60012e-05,28.9995
2026-01-30T09:00:00+00:00,hyperliquid,HYPE/USDC:USDC,24420918.560000017,1.25e-05,29.1795
2026-01-30T10:00:00+00:00,hyperliquid,HYPE/USDC:USDC,24287172.9,1.25e-05,29.2625
2026-01-30T11:00:00+00:00,hyperliquid,HYPE/USDC:USDC,24282703.0,-1.3773e-05,29.787
2026-01-30T12:00:00+00:00,hyperliquid,HYPE/USDC:USDC,24251543.020000014,1.25e-05,30.603
2026-01-30T13:00:00+00:00,hyperliquid,HYPE/USDC:USDC,24262698.960000005,1.25e-05,29.9425
2026-01-30T14:00:00+00:00,hyperliquid,HYPE/USDC:USDC,24172750.560000006,1.25e-05,29.3355
2026-01-30T15:00:00+00:00,hyperliquid,HYPE/USDC:USDC,24205249.260000005,1.25e-05,29.18
2026-01-30T16:00:00+00:00,hyperliquid,HYPE/USDC:USDC,24264305.119999997,1.25e-05,28.8545
2026-01-30T17:00:00+00:00,hyperliquid,HYPE/USDC:USDC,24394790.520000003,1.25e-05,29.1075
2026-01-30T18:00:00+00:00,hyperliquid,HYPE/USDC:USDC,24706753.02000001,1.54127e-05,29.5195
2026-01-30T19:00:00+00:00,hyperliquid,HYPE/USDC:USDC,24877764.58,4.05307e-05,31.963
2026-01-30T20:00:00+00:00,hyperliquid,HYPE/USDC:USDC,24802215.280000005,1.25e-05,31.9885
2026-01-30T21:00:00+00:00,hyperliquid,HYPE/USDC:USDC,24450101.90000003,1.25e-05,31.11
2026-01-30T22:00:00+00:00,hyperliquid,HYPE/USDC:USDC,24532019.88000002,1.25e-05,31.1215
2026-01-30T23:00:00+00:00,hyperliquid,HYPE/USDC:USDC,24607299.74,1.93332e-05,31.2045
2026-01-31T00:00:00+00:00,hyperliquid,HYPE/USDC:USDC,24509926.259999987,1.25e-05,30.5845
2026-01-31T01:00:00+00:00,hyperliquid,HYPE/USDC:USDC,24480825.14000002,1.25e-05,31.008
2026-01-31T02:00:00+00:00,hyperliquid,HYPE/USDC:USDC,24565295.73999997,1.25e-05,31.298
2026-01-31T03:00:00+00:00,hyperliquid,HYPE/USDC:USDC,24854033.67999999,2.68461e-05,31.8575
2026-01-31T04:00:00+00:00,hyperliquid,HYPE/USDC:USDC,24812822.35999999,3.40658e-05,31.677
2026-01-31T05:00:00+00:00,hyperliquid,HYPE/USDC:USDC,24655461.58,1.25e-05,31.1165
2026-01-31T06:00:00+00:00,hyperliquid,HYPE/USDC:USDC,24466629.88,1.25e-05,31.177
2026-01-31T07:00:00+00:00,hyperliquid,HYPE/USDC:USDC,24340419.05999999,1.25e-05,30.6055
2026-01-31T08:00:00+00:00,hyperliquid,HYPE/USDC:USDC,24319431.500000004,1.25e-05,30.686
2026-01-31T09:00:00+00:00,hyperliquid,HYPE/USDC:USDC,24355122.899999987,1.25e-05,30.5145
2026-01-31T10:00:00+00:00,hyperliquid,HYPE/USDC:USDC,24206298.680000003,1.25e-05,30.027
2026-01-31T11:00:00+00:00,hyperliquid,HYPE/USDC:USDC,24235073.04,1.25e-05,30.1675
2026-01-31T12:00:00+00:00,hyperliquid,HYPE/USDC:USDC,24279048.820000015,1.25e-05,30.2815
2026-01-31T13:00:00+00:00,hyperliquid,HYPE/USDC:USDC,24329181.839999992,1.25e-05,30.2255
2026-01-31T14:00:00+00:00,hyperliquid,HYPE/USDC:USDC,24198987.459999993,1.25e-05,30.1505
2026-01-31T15:00:00+00:00,hyperliquid,HYPE/USDC:USDC,23928287.98000003,1.25e-05,29.09
2026-01-31T16:00:00+00:00,hyperliquid,HYPE/USDC:USDC,23969111.499999985,6.3798e-06,28.6195
2026-01-31T17:00:00+00:00,hyperliquid,HYPE/USDC:USDC,24161522.720000006,1.25e-05,28.211
2026-01-31T18:00:00+00:00,hyperliquid,HYPE/USDC:USDC,24226184.14,1.25e-05,28.5975
2026-01-31T19:00:00+00:00,hyperliquid,HYPE/USDC:USDC,24043095.760000024,1.25e-05,29.162
2026-01-31T20:00:00+00:00,hyperliquid,HYPE/USDC:USDC,23921895.580000002,1.25e-05,29.051
2026-01-31T21:00:00+00:00,hyperliquid,HYPE/USDC:USDC,23891115.680000056,1.25e-05,29.6165
2026-01-31T22:00:00+00:00,hyperliquid,HYPE/USDC:USDC,23927359.019999996,1.25e-05,29.9045
2026-01-31T23:00:00+00:00,hyperliquid,HYPE/USDC:USDC,24134868.50000002,1.25e-05,30.4275
2026-02-01T00:00:00+00:00,hyperliquid,HYPE/USDC:USDC,24066901.699999988,1.25e-05,30.9705
2026-02-01T01:00:00+00:00,hyperliquid,HYPE/USDC:USDC,24207069.439999983,1.25e-05,32.205
2026-02-01T02:00:00+00:00,hyperliquid,HYPE/USDC:USDC,24167906.72,1.25e-05,31.7705
2026-02-01T03:00:00+00:00,hyperliquid,HYPE/USDC:USDC,24221495.200000014,-1.50176e-05,31.952
2026-02-01T04:00:00+00:00,hyperliquid,HYPE/USDC:USDC,24179678.119999997,1.25e-05,31.5165
2026-02-01T05:00:00+00:00,hyperliquid,HYPE/USDC:USDC,24229769.320000015,8.2576e-06,31.595
2026-02-01T06:00:00+00:00,hyperliquid,HYPE/USDC:USDC,24076102.040000007,-3.61781e-05,30.749
2026-02-01T07:00:00+00:00,hyperliquid,HYPE/USDC:USDC,23924573.359999985,1.25e-05,30.4545
2026-02-01T08:00:00+00:00,hyperliquid,HYPE/USDC:USDC,23983507.80000002,1.25e-05,30.7915
2026-02-01T09:00:00+00:00,hyperliquid,HYPE/USDC:USDC,24019308.680000007,1.25e-05,30.8615
2026-02-01T10:00:00+00:00,hyperliquid,HYPE/USDC:USDC,24235621.11999997,1.25e-05,31.219
2026-02-01T11:00:00+00:00,hyperliquid,HYPE/USDC:USDC,24192986.16,1.25e-05,30.443
2026-02-01T12:00:00+00:00,hyperliquid,HYPE/USDC:USDC,24209736.400000013,8.5957e-06,30.8275
2026-02-01T13:00:00+00:00,hyperliquid,HYPE/USDC:USDC,24218316.980000015,-2.22435e-05,30.2635
2026-02-01T14:00:00+00:00,hyperliquid,HYPE/USDC:USDC,24121856.66,1.25e-05,29.3985
2026-02-01T15:00:00+00:00,hyperliquid,HYPE/USDC:USDC,24222066.260000005,1.25e-05,29.1455
2026-02-01T16:00:00+00:00,hyperliquid,HYPE/USDC:USDC,24366342.54,1.25e-05,28.9855
2026-02-01T17:00:00+00:00,hyperliquid,HYPE/USDC:USDC,24414093.580000002,1.25e-05,29.4045
2026-02-01T18:00:00+00:00,hyperliquid,HYPE/USDC:USDC,24461280.120000023,1.25e-05,29.651
2026-02-01T19:00:00+00:00,hyperliquid,HYPE/USDC:USDC,24471344.58000002,-4.5105e-06,29.7415
2026-02-01T20:00:00+00:00,hyperliquid,HYPE/USDC:USDC,24358473.000000015,-6.2097e-06,29.3565
2026-02-01T21:00:00+00:00,hyperliquid,HYPE/USDC:USDC,24539362.199999984,1.25e-05,29.5995
2026-02-01T22:00:00+00:00,hyperliquid,HYPE/USDC:USDC,24488836.260000017,1.25e-05,30.0935
2026-02-01T23:00:00+00:00,hyperliquid,HYPE/USDC:USDC,24387645.540000003,1.25e-05,29.816
2026-02-02T00:00:00+00:00,hyperliquid,HYPE/USDC:USDC,24630291.34000001,1.25e-05,30.582
2026-02-02T01:00:00+00:00,hyperliquid,HYPE/USDC:USDC,24589685.739999995,1.25e-05,31.0145
2026-02-02T02:00:00+00:00,hyperliquid,HYPE/USDC:USDC,24590353.91999999,1.25e-05,31.167
2026-02-02T03:00:00+00:00,hyperliquid,HYPE/USDC:USDC,24453932.920000006,-1.56945e-05,31.1835
2026-02-02T04:00:00+00:00,hyperliquid,HYPE/USDC:USDC,24348171.28000006,-2.36973e-05,31.6585
2026-02-02T05:00:00+00:00,hyperliquid,HYPE/USDC:USDC,24246479.559999984,1.25e-05,31.0985
2026-02-02T06:00:00+00:00,hyperliquid,HYPE/USDC:USDC,24082329.080000002,1.03221e-05,30.6715
2026-02-02T07:00:00+00:00,hyperliquid,HYPE/USDC:USDC,24012284.120000005,1.22906e-05,30.2405
2026-02-02T08:00:00+00:00,hyperliquid,HYPE/USDC:USDC,23974923.299999993,1.25e-05,31.2165
2026-02-02T09:00:00+00:00,hyperliquid,HYPE/USDC:USDC,23892137.840000004,-1.27067e-05,30.7805
2026-02-02T10:00:00+00:00,hyperliquid,HYPE/USDC:USDC,23880739.319999997,-3.45185e-05,31.017
2026-02-02T11:00:00+00:00,hyperliquid,HYPE/USDC:USDC,23879999.019999992,4.6033e-06,30.9765
2026-02-02T12:00:00+00:00,hyperliquid,HYPE/USDC:USDC,23879726.13999998,-3.88049e-05,30.8145
2026-02-02T13:00:00+00:00,hyperliquid,HYPE/USDC:USDC,23850574.2,-5.6614e-06,30.801
2026-02-02T14:00:00+00:00,hyperliquid,HYPE/USDC:USDC,23751807.560000006,6.3647e-06,30.9335
2026-02-02T15:00:00+00:00,hyperliquid,HYPE/USDC:USDC,24114470.61999997,1.25e-05,32.073
2026-02-02T16:00:00+00:00,hyperliquid,HYPE/USDC:USDC,24455509.39999994,1.25e-05,32.793
2026-02-02T17:00:00+00:00,hyperliquid,HYPE/USDC:USDC,23951649.560000006,1.25e-05,32.742
2026-02-02T18:00:00+00:00,hyperliquid,HYPE/USDC:USDC,23942965.679999996,1.25e-05,32.5645
2026-02-02T19:00:00+00:00,hyperliquid,HYPE/USDC:USDC,23974495.580000002,1.25e-05,32.2275
2026-02-02T22:00:00+00:00,hyperliquid,HYPE/USDC:USDC,24350146.980000038,1.25e-05,33.8165
2026-02-02T23:00:00+00:00,hyperliquid,HYPE/USDC:USDC,24337003.06,1.25e-05,33.7805
2026-02-03T00:00:00+00:00,hyperliquid,HYPE/USDC:USDC,24080602.86,1.25e-05,33.257
2026-02-03T01:00:00+00:00,hyperliquid,HYPE/USDC:USDC,24235314.080000002,1.25e-05,34.148
2026-02-03T02:00:00+00:00,hyperliquid,HYPE/USDC:USDC,24281675.18,1.25e-05,35.294
2026-02-03T03:00:00+00:00,hyperliquid,HYPE/USDC:USDC,24188347.640000008,1.25e-05,36.0235
2026-02-03T04:00:00+00:00,hyperliquid,HYPE/USDC:USDC,23505877.44,1.25e-05,37.7765
2026-02-03T05:00:00+00:00,hyperliquid,HYPE/USDC:USDC,23412026.320000015,1.25e-05,37.56
2026-02-03T06:00:00+00:00,hyperliquid,HYPE/USDC:USDC,23348264.200000003,2.02659e-05,37.2665
2026-02-03T07:00:00+00:00,hyperliquid,HYPE/USDC:USDC,23240540.61999999,1.96026e-05,37.034
2026-02-03T08:00:00+00:00,hyperliquid,HYPE/USDC:USDC,23205552.96000001,7.27214e-05,37.3705
2026-02-03T09:00:00+00:00,hyperliquid,HYPE/USDC:USDC,23158846.360000018,1.25e-05,37.511
2026-02-03T10:00:00+00:00,hyperliquid,HYPE/USDC:USDC,22900770.560000014,1.25e-05,36.9755
2026-02-03T11:00:00+00:00,hyperliquid,HYPE/USDC:USDC,22868605.44,1.25e-05,36.0395
2026-02-03T12:00:00+00:00,hyperliquid,HYPE/USDC:USDC,22869020.75999999,1.25e-05,36.0705
2026-02-03T13:00:00+00:00,hyperliquid,HYPE/USDC:USDC,22863334.62,1.25e-05,36.0425
2026-02-03T14:00:00+00:00,hyperliquid,HYPE/USDC:USDC,22855850.740000006,1.25e-05,36.2175
2026-02-03T15:00:00+00:00,hyperliquid,HYPE/USDC:USDC,22644716.700000003,-4.49801e-05,34.6895
2026-02-03T16:00:00+00:00,hyperliquid,HYPE/USDC:USDC,23161499.460000027,-2.78739e-05,33.989
2026-02-03T17:00:00+00:00,hyperliquid,HYPE/USDC:USDC,23570099.240000024,1.25e-05,33.7465
2026-02-03T18:00:00+00:00,hyperliquid,HYPE/USDC:USDC,23240141.00000002,1.25e-05,32.5805
2026-02-03T19:00:00+00:00,hyperliquid,HYPE/USDC:USDC,23507832.98000001,1.25e-05,32.6755
2026-02-03T20:00:00+00:00,hyperliquid,HYPE/USDC:USDC,23806506.620000016,1.25e-05,33.811
2026-02-03T21:00:00+00:00,hyperliquid,HYPE/USDC:USDC,24260886.940000005,1.25e-05,35.4425
2026-02-03T22:00:00+00:00,hyperliquid,HYPE/USDC:USDC,23679638.080000006,1.25e-05,33.9585
2026-02-03T23:00:00+00:00,hyperliquid,HYPE/USDC:USDC,23588431.46,1.25e-05,33.0655
2026-02-04T00:00:00+00:00,hyperliquid,HYPE/USDC:USDC,23649221.699999988,1.25e-05,32.4895
2026-02-04T01:00:00+00:00,hyperliquid,HYPE/USDC:USDC,23604017.519999996,1.25e-05,33.097
2026-02-04T02:00:00+00:00,hyperliquid,HYPE/USDC:USDC,23523576.89999999,1.25e-05,33.1055
2026-02-04T03:00:00+00:00,hyperliquid,HYPE/USDC:USDC,23689953.89999999,1.25e-05,32.8175
2026-02-04T04:00:00+00:00,hyperliquid,HYPE/USDC:USDC,23771802.48,1.25e-05,33.7015
2026-02-04T05:00:00+00:00,hyperliquid,HYPE/USDC:USDC,23773222.0,1.25e-05,33.5405
2026-02-04T06:00:00+00:00,hyperliquid,HYPE/USDC:USDC,23739263.399999995,1.55952e-05,33.1165
2026-02-04T07:00:00+00:00,hyperliquid,HYPE/USDC:USDC,23769551.95999999,1.25e-05,33.8075
2026-02-04T08:00:00+00:00,hyperliquid,HYPE/USDC:USDC,23766091.560000002,2.57736e-05,33.3345
2026-02-04T09:00:00+00:00,hyperliquid,HYPE/USDC:USDC,23797650.500000015,1.25e-05,33.2425
2026-02-04T10:00:00+00:00,hyperliquid,HYPE/USDC:USDC,23664571.939999998,1.25e-05,33.3075
2026-02-04T11:00:00+00:00,hyperliquid,HYPE/USDC:USDC,23652352.64,1.25e-05,33.1245
2026-02-04T12:00:00+00:00,hyperliquid,HYPE/USDC:USDC,23626321.819999997,1.25e-05,33.325
2026-02-04T13:00:00+00:00,hyperliquid,HYPE/USDC:USDC,23605582.32000001,1.25e-05,33.741
2026-02-04T14:00:00+00:00,hyperliquid,HYPE/USDC:USDC,23578969.40000003,1.25e-05,32.632
2026-02-04T15:00:00+00:00,hyperliquid,HYPE/USDC:USDC,23680577.860000014,1.10885e-05,32.986
2026-02-04T16:00:00+00:00,hyperliquid,HYPE/USDC:USDC,23888379.039999995,1.25e-05,34.0235
2026-02-04T17:00:00+00:00,hyperliquid,HYPE/USDC:USDC,23852066.760000005,1.25e-05,34.431
2026-02-04T18:00:00+00:00,hyperliquid,HYPE/USDC:USDC,24117745.20000004,1.25e-05,34.2655
2026-02-04T19:00:00+00:00,hyperliquid,HYPE/USDC:USDC,24054561.04000001,1.25e-05,34.4955
2026-02-04T20:00:00+00:00,hyperliquid,HYPE/USDC:USDC,23985627.62000003,-1.53875e-05,35.136
2026-02-04T21:00:00+00:00,hyperliquid,HYPE/USDC:USDC,23985816.300000016,-6.9949e-06,35.829
2026-02-04T22:00:00+00:00,hyperliquid,HYPE/USDC:USDC,24074104.020000007,-2.10805e-05,34.768
2026-02-04T23:00:00+00:00,hyperliquid,HYPE/USDC:USDC,23812348.50000001,1.25e-05,34.8045
2026-02-05T00:00:00+00:00,hyperliquid,HYPE/USDC:USDC,23659351.660000004,1.25e-05,35.462
2026-02-05T01:00:00+00:00,hyperliquid,HYPE/USDC:USDC,23711060.260000005,1.25e-05,34.769
2026-02-05T02:00:00+00:00,hyperliquid,HYPE/USDC:USDC,23724158.74,1.25e-05,33.5255
2026-02-05T03:00:00+00:00,hyperliquid,HYPE/USDC:USDC,23683039.55999997,1.25e-05,33.6035
2026-02-05T04:00:00+00:00,hyperliquid,HYPE/USDC:USDC,23552794.979999986,1.25e-05,33.5115
2026-02-05T05:00:00+00:00,hyperliquid,HYPE/USDC:USDC,23611584.699999996,1.25e-05,33.9025
2026-02-05T06:00:00+00:00,hyperliquid,HYPE/USDC:USDC,23568071.640000004,1.25e-05,33.602
2026-02-05T07:00:00+00:00,hyperliquid,HYPE/USDC:USDC,23612851.900000013,1.25e-05,34.0065
2026-02-05T08:00:00+00:00,hyperliquid,HYPE/USDC:USDC,23591995.90000001,1.25e-05,34.2335
2026-02-05T09:00:00+00:00,hyperliquid,HYPE/USDC:USDC,23490275.759999998,1.25e-05,34.7705
2026-02-05T10:00:00+00:00,hyperliquid,HYPE/USDC:USDC,23502083.520000003,1.25e-05,34.774
2026-02-05T11:00:00+00:00,hyperliquid,HYPE/USDC:USDC,23493978.479999967,1.25e-05,34.065
2026-02-05T12:00:00+00:00,hyperliquid,HYPE/USDC:USDC,23699247.020000003,2.65782e-05,32.9175
2026-02-05T13:00:00+00:00,hyperliquid,HYPE/USDC:USDC,23615544.039999988,2.71126e-05,32.1875
2026-02-05T14:00:00+00:00,hyperliquid,HYPE/USDC:USDC,23579694.739999972,1.25e-05,32.7485
2026-02-05T15:00:00+00:00,hyperliquid,HYPE/USDC:USDC,23622812.58,1.25e-05,31.973
2026-02-05T16:00:00+00:00,hyperliquid,HYPE/USDC:USDC,23738908.68000001,2.91941e-05,31.7575
2026-02-05T17:00:00+00:00,hyperliquid,HYPE/USDC:USDC,23567952.580000002,1.25e-05,32.6675
2026-02-05T18:00:00+00:00,hyperliquid,HYPE/USDC:USDC,23713372.759999994,6.26116e-05,33.0685
2026-02-05T19:00:00+00:00,hyperliquid,HYPE/USDC:USDC,23440975.820000008,1.25e-05,32.5975
2026-02-05T20:00:00+00:00,hyperliquid,HYPE/USDC:USDC,23427510.859999996,7.46354e-05,32.6575
2026-02-05T21:00:00+00:00,hyperliquid,HYPE/USDC:USDC,23655082.300000004,9.79384e-05,32.7605
2026-02-05T22:00:00+00:00,hyperliquid,HYPE/USDC:USDC,23622926.439999986,1.25e-05,32.897
2026-02-05T23:00:00+00:00,hyperliquid,HYPE/USDC:USDC,23428718.82000002,1.25e-05,33.5205
2026-02-06T00:00:00+00:00,hyperliquid,HYPE/USDC:USDC,23650235.860000018,4.9036e-05,33.0475
2026-02-06T01:00:00+00:00,hyperliquid,HYPE/USDC:USDC,23601565.740000006,1.25e-05,33.3545
2026-02-06T02:00:00+00:00,hyperliquid,HYPE/USDC:USDC,23825105.260000035,1.25e-05,36.5935
2026-02-06T03:00:00+00:00,hyperliquid,HYPE/USDC:USDC,23473968.95999999,1.25e-05,35.1075
2026-02-06T04:00:00+00:00,hyperliquid,HYPE/USDC:USDC,23580020.840000007,1.25e-05,34.5185
2026-02-06T05:00:00+00:00,hyperliquid,HYPE/USDC:USDC,23510408.219999976,1.25e-05,34.7115
2026-02-06T06:00:00+00:00,hyperliquid,HYPE/USDC:USDC,23685034.499999985,1.25e-05,35.227
2026-02-06T07:00:00+00:00,hyperliquid,HYPE/USDC:USDC,23067950.940000005,-7.5831e-05,33.504
2026-02-06T08:00:00+00:00,hyperliquid,HYPE/USDC:USDC,23047840.439999983,1.25e-05,32.9015
2026-02-06T09:00:00+00:00,hyperliquid,HYPE/USDC:USDC,22768615.69999999,1.25e-05,32.49
2026-02-06T10:00:00+00:00,hyperliquid,HYPE/USDC:USDC,22729709.320000004,1.25e-05,32.9555
2026-02-06T11:00:00+00:00,hyperliquid,HYPE/USDC:USDC,22702146.980000008,1.25e-05,33.5345
2026-02-06T12:00:00+00:00,hyperliquid,HYPE/USDC:USDC,22734407.260000024,1.25e-05,33.639
2026-02-06T13:00:00+00:00,hyperliquid,HYPE/USDC:USDC,22790957.36,1.25e-05,34.4515
2026-02-06T14:00:00+00:00,hyperliquid,HYPE/USDC:USDC,22582555.579999994,7.184e-06,33.7535
2026-02-06T15:00:00+00:00,hyperliquid,HYPE/USDC:USDC,22848441.660000004,1.25e-05,33.6245
2026-02-06T16:00:00+00:00,hyperliquid,HYPE/USDC:USDC,22900018.900000006,1.25e-05,32.4615
2026-02-06T17:00:00+00:00,hyperliquid,HYPE/USDC:USDC,23500940.959999997,1.25e-05,34.0775
2026-02-06T18:00:00+00:00,hyperliquid,HYPE/USDC:USDC,23459366.880000003,1.25e-05,33.1895
2026-02-06T19:00:00+00:00,hyperliquid,HYPE/USDC:USDC,23441833.319999997,1.25e-05,32.875
2026-02-06T20:00:00+00:00,hyperliquid,HYPE/USDC:USDC,23598844.59999999,1.25e-05,33.0685
2026-02-06T21:00:00+00:00,hyperliquid,HYPE/USDC:USDC,23697129.499999996,1.25e-05,32.6895
2026-02-06T22:00:00+00:00,hyperliquid,HYPE/USDC:USDC,23722767.799999997,1.25e-05,32.7555
2026-02-06T23:00:00+00:00,hyperliquid,HYPE/USDC:USDC,23684864.64,1.25e-05,32.726
2026-02-07T00:00:00+00:00,hyperliquid,HYPE/USDC:USDC,23666951.439999998,1.25e-05,32.347
2026-02-07T01:00:00+00:00,hyperliquid,HYPE/USDC:USDC,23660889.88000001,-3.50975e-05,31.8365
2026-02-07T02:00:00+00:00,hyperliquid,HYPE/USDC:USDC,23706651.240000006,1.25e-05,32.479
2026-02-07T03:00:00+00:00,hyperliquid,HYPE/USDC:USDC,23749358.639999993,1.25e-05,32.229
2026-02-07T04:00:00+00:00,hyperliquid,HYPE/USDC:USDC,23695111.78000001,1.25e-05,33.0165
2026-02-07T05:00:00+00:00,hyperliquid,HYPE/USDC:USDC,23787683.699999988,1.25e-05,32.5815
2026-02-07T06:00:00+00:00,hyperliquid,HYPE/USDC:USDC,23748334.439999975,1.25e-05,32.9705
2026-02-07T07:00:00+00:00,hyperliquid,HYPE/USDC:USDC,23736542.40000001,1.25e-05,32.9995
2026-02-07T08:00:00+00:00,hyperliquid,HYPE/USDC:USDC,23615403.539999988,-5.6473e-06,32.9535
2026-02-07T09:00:00+00:00,hyperliquid,HYPE/USDC:USDC,23605167.35999999,1.25e-05,33.0815
2026-02-07T10:00:00+00:00,hyperliquid,HYPE/USDC:USDC,23460632.499999985,1.25e-05,33.2965
2026-02-07T11:00:00+00:00,hyperliquid,HYPE/USDC:USDC,23460640.06,1.25e-05,32.9555
2026-02-07T12:00:00+00:00,hyperliquid,HYPE/USDC:USDC,23467690.499999993,1.25e-05,32.767
2026-02-07T13:00:00+00:00,hyperliquid,HYPE/USDC:USDC,23441190.239999995,1.25e-05,32.8875
2026-02-07T14:00:00+00:00,hyperliquid,HYPE/USDC:USDC,23487503.880000003,1.25e-05,32.5545
2026-02-07T15:00:00+00:00,hyperliquid,HYPE/USDC:USDC,23487302.04,1.25e-05,32.224
2026-02-07T16:00:00+00:00,hyperliquid,HYPE/USDC:USDC,23592449.459999993,1.25e-05,32.029
2026-02-07T17:00:00+00:00,hyperliquid,HYPE/USDC:USDC,23760796.21999999,1.25e-05,31.6005
2026-02-07T18:00:00+00:00,hyperliquid,HYPE/USDC:USDC,23780568.25999999,1.25e-05,31.76
2026-02-07T19:00:00+00:00,hyperliquid,HYPE/USDC:USDC,23973188.97999998,1.25e-05,32.2225
2026-02-07T20:00:00+00:00,hyperliquid,HYPE/USDC:USDC,23813645.759999994,1.25e-05,31.6245
2026-02-07T21:00:00+00:00,hyperliquid,HYPE/USDC:USDC,23824983.320000023,1.25e-05,31.957
2026-02-07T22:00:00+00:00,hyperliquid,HYPE/USDC:USDC,23738466.560000002,1.25e-05,31.6055
2026-02-07T23:00:00+00:00,hyperliquid,HYPE/USDC:USDC,23819142.61999999,1.25e-05,31.524
2026-02-08T00:00:00+00:00,hyperliquid,HYPE/USDC:USDC,23961820.62,1.25e-05,31.4155
2026-02-08T01:00:00+00:00,hyperliquid,HYPE/USDC:USDC,24057775.400000006,5.12386e-05,31.56
2026-02-08T02:00:00+00:00,hyperliquid,HYPE/USDC:USDC,24158334.000000015,1.25e-05,31.7885
2026-02-08T03:00:00+00:00,hyperliquid,HYPE/USDC:USDC,24092941.140000004,1.25e-05,31.3225
2026-02-08T04:00:00+00:00,hyperliquid,HYPE/USDC:USDC,24119319.200000007,1.25e-05,31.3625
2026-02-08T05:00:00+00:00,hyperliquid,HYPE/USDC:USDC,24102145.639999993,1.25e-05,31.547
2026-02-08T06:00:00+00:00,hyperliquid,HYPE/USDC:USDC,24120883.800000004,1.25e-05,31.5365
2026-02-08T07:00:00+00:00,hyperliquid,HYPE/USDC:USDC,23882641.679999974,1.25e-05,30.8945
2026-02-08T08:00:00+00:00,hyperliquid,HYPE/USDC:USDC,23850497.280000012,1.25e-05,31.0315
2026-02-08T09:00:00+00:00,hyperliquid,HYPE/USDC:USDC,23938678.32,1.25e-05,31.5215
2026-02-08T10:00:00+00:00,hyperliquid,HYPE/USDC:USDC,23891287.419999987,1.25e-05,31.676
2026-02-08T11:00:00+00:00,hyperliquid,HYPE/USDC:USDC,23848522.97999999,1.25e-05,31.619
2026-02-08T12:00:00+00:00,hyperliquid,HYPE/USDC:USDC,23789454.92,1.25e-05,32.0555
2026-02-08T13:00:00+00:00,hyperliquid,HYPE/USDC:USDC,23706479.7,1.07828e-05,31.5425
2026-02-08T14:00:00+00:00,hyperliquid,HYPE/USDC:USDC,23715682.49999998,1.25e-05,31.732
2026-02-08T15:00:00+00:00,hyperliquid,HYPE/USDC:USDC,23722689.440000005,1.25e-05,31.5485
2026-02-08T16:00:00+00:00,hyperliquid,HYPE/USDC:USDC,23657588.119999994,5.3163e-06,31.5865
2026-02-08T17:00:00+00:00,hyperliquid,HYPE/USDC:USDC,23586472.06,1.25e-05,31.7985
2026-02-08T18:00:00+00:00,hyperliquid,HYPE/USDC:USDC,23478861.93999998,1.25e-05,32.2785
2026-02-08T19:00:00+00:00,hyperliquid,HYPE/USDC:USDC,23410842.1,1.25e-05,32.6185
2026-02-08T20:00:00+00:00,hyperliquid,HYPE/USDC:USDC,23416978.460000005,1.25e-05,32.731
2026-02-08T21:00:00+00:00,hyperliquid,HYPE/USDC:USDC,23376114.19999997,7.3276e-06,32.4395
2026-02-08T22:00:00+00:00,hyperliquid,HYPE/USDC:USDC,23418035.66,1.25e-05,32.1555
2026-02-08T23:00:00+00:00,hyperliquid,HYPE/USDC:USDC,23457275.66,1.25e-05,32.4725
2026-02-09T00:00:00+00:00,hyperliquid,HYPE/USDC:USDC,23505712.599999998,1.25e-05,32.518
2026-02-09T01:00:00+00:00,hyperliquid,HYPE/USDC:USDC,23520744.099999994,5.2927e-06,32.9495
2026-02-09T02:00:00+00:00,hyperliquid,HYPE/USDC:USDC,23554070.37999998,1.25e-05,33.0315
2026-02-09T03:00:00+00:00,hyperliquid,HYPE/USDC:USDC,23626076.07999998,6.0546e-06,32.8815
2026-02-09T04:00:00+00:00,hyperliquid,HYPE/USDC:USDC,23639867.13999999,9.7047e-06,33.0925
2026-02-09T05:00:00+00:00,hyperliquid,HYPE/USDC:USDC,23656245.659999985,1.25e-05,32.7785
2026-02-09T06:00:00+00:00,hyperliquid,HYPE/USDC:USDC,23663190.619999982,5.7119e-06,32.7065
2026-02-09T07:00:00+00:00,hyperliquid,HYPE/USDC:USDC,23654167.299999982,-4.6833e-06,32.5
2026-02-09T08:00:00+00:00,hyperliquid,HYPE/USDC:USDC,23630300.340000004,1.25e-05,32.395
2026-02-09T09:00:00+00:00,hyperliquid,HYPE/USDC:USDC,23570225.919999987,1.25e-05,32.274
2026-02-09T10:00:00+00:00,hyperliquid,HYPE/USDC:USDC,23506923.959999993,1.25e-05,31.7865
2026-02-09T11:00:00+00:00,hyperliquid,HYPE/USDC:USDC,23481152.859999992,1.25e-05,31.7145
2026-02-09T12:00:00+00:00,hyperliquid,HYPE/USDC:USDC,23472940.560000002,1.25e-05,31.4385
2026-02-09T13:00:00+00:00,hyperliquid,HYPE/USDC:USDC,23474907.699999984,1.25e-05,31.34
2026-02-09T14:00:00+00:00,hyperliquid,HYPE/USDC:USDC,23495602.480000004,1.25e-05,31.3165
2026-02-09T15:00:00+00:00,hyperliquid,HYPE/USDC:USDC,23543698.03999999,1.25e-05,32.096
2026-02-09T16:00:00+00:00,hyperliquid,HYPE/USDC:USDC,23504960.839999992,-2.5944e-06,31.3015
2026-02-09T17:00:00+00:00,hyperliquid,HYPE/USDC:USDC,23519622.06,1.25e-05,31.5005
2026-02-09T18:00:00+00:00,hyperliquid,HYPE/USDC:USDC,23502265.31999998,1.25e-05,31.928
2026-02-09T19:00:00+00:00,hyperliquid,HYPE/USDC:USDC,23387690.899999995,1.25e-05,31.7725
2026-02-09T20:00:00+00:00,hyperliquid,HYPE/USDC:USDC,23365873.159999993,1.02845e-05,31.92
2026-02-09T21:00:00+00:00,hyperliquid,HYPE/USDC:USDC,23370689.94000001,1.25e-05,31.7645
2026-02-09T22:00:00+00:00,hyperliquid,HYPE/USDC:USDC,23390540.519999977,1.25e-05,31.517
2026-02-09T23:00:00+00:00,hyperliquid,HYPE/USDC:USDC,23418077.259999994,2.6839e-06,31.3445
2026-02-10T00:00:00+00:00,hyperliquid,HYPE/USDC:USDC,23399352.86,1.1827e-06,31.3395
2026-02-10T01:00:00+00:00,hyperliquid,HYPE/USDC:USDC,23487421.479999993,1.25e-05,31.1175
2026-02-10T02:00:00+00:00,hyperliquid,HYPE/USDC:USDC,23514233.35999998,1.25e-05,31.4775
2026-02-10T03:00:00+00:00,hyperliquid,HYPE/USDC:USDC,23542623.27999998,1.25e-05,30.8805
2026-02-10T04:00:00+00:00,hyperliquid,HYPE/USDC:USDC,23532364.51999999,1.25e-05,30.7965
2026-02-10T05:00:00+00:00,hyperliquid,HYPE/USDC:USDC,23574332.019999985,1.25e-05,30.7665
2026-02-10T06:00:00+00:00,hyperliquid,HYPE/USDC:USDC,23507144.38,1.25e-05,30.4125
2026-02-10T07:00:00+00:00,hyperliquid,HYPE/USDC:USDC,23640203.080000006,1.25e-05,30.0885
2026-02-10T08:00:00+00:00,hyperliquid,HYPE/USDC:USDC,23598446.399999995,1.25e-05,30.008
2026-02-10T09:00:00+00:00,hyperliquid,HYPE/USDC:USDC,23566617.66,1.25e-05,29.9635
2026-02-10T10:00:00+00:00,hyperliquid,HYPE/USDC:USDC,23550537.039999988,1.25e-05,30.1445
2026-02-10T11:00:00+00:00,hyperliquid,HYPE/USDC:USDC,23582661.85999999,1.25e-05,29.5695
2026-02-10T12:00:00+00:00,hyperliquid,HYPE/USDC:USDC,23602783.940000005,1.25e-05,29.5465
2026-02-10T13:00:00+00:00,hyperliquid,HYPE/USDC:USDC,23644588.18,1.10622e-05,29.3795
2026-02-10T14:00:00+00:00,hyperliquid,HYPE/USDC:USDC,23706701.859999996,1.25e-05,29.815
2026-02-10T15:00:00+00:00,hyperliquid,HYPE/USDC:USDC,23650625.520000014,1.25e-05,29.6115
2026-02-10T16:00:00+00:00,hyperliquid,HYPE/USDC:USDC,23676246.179999996,1.25e-05,29.8245
2026-02-10T17:00:00+00:00,hyperliquid,HYPE/USDC:USDC,23744606.919999998,1.25e-05,30.1805
2026-02-10T18:00:00+00:00,hyperliquid,HYPE/USDC:USDC,23766051.980000008,1.25e-05,30.3125
2026-02-10T19:00:00+00:00,hyperliquid,HYPE/USDC:USDC,23729195.959999997,1.25e-05,29.8935
2026-02-10T20:00:00+00:00,hyperliquid,HYPE/USDC:USDC,23765335.06000001,1.25e-05,29.8135
2026-02-10T21:00:00+00:00,hyperliquid,HYPE/USDC:USDC,23765688.56000002,1.25e-05,29.5245
2026-02-10T22:00:00+00:00,hyperliquid,HYPE/USDC:USDC,23826906.92,1.25e-05,29.483
2026-02-10T23:00:00+00:00,hyperliquid,HYPE/USDC:USDC,23903415.08,1.25e-05,29.0495
2026-02-11T00:00:00+00:00,hyperliquid,HYPE/USDC:USDC,24004680.60000001,1.25e-05,28.8595
2026-02-11T01:00:00+00:00,hyperliquid,HYPE/USDC:USDC,24059224.08,1.25e-05,29.1645
2026-02-11T02:00:00+00:00,hyperliquid,HYPE/USDC:USDC,24098792.74,1.25e-05,29.1835
2026-02-11T03:00:00+00:00,hyperliquid,HYPE/USDC:USDC,24129212.55999999,1.25e-05,28.8035
2026-02-11T04:00:00+00:00,hyperliquid,HYPE/USDC:USDC,24171292.480000023,1.25e-05,28.7945
2026-02-11T05:00:00+00:00,hyperliquid,HYPE/USDC:USDC,24190187.299999967,1.25e-05,29.125
2026-02-11T06:00:00+00:00,hyperliquid,HYPE/USDC:USDC,24095094.4,1.25e-05,29.0535
2026-02-11T07:00:00+00:00,hyperliquid,HYPE/USDC:USDC,24156439.940000024,1.25e-05,28.9265
2026-02-11T08:00:00+00:00,hyperliquid,HYPE/USDC:USDC,24194213.06,1.25e-05,28.7775
2026-02-11T09:00:00+00:00,hyperliquid,HYPE/USDC:USDC,24205994.4,1.25e-05,28.877
2026-02-11T10:00:00+00:00,hyperliquid,HYPE/USDC:USDC,24246164.159999993,1.25e-05,28.5215
2026-02-11T11:00:00+00:00,hyperliquid,HYPE/USDC:USDC,24294622.36,1.25e-05,28.5855
2026-02-11T12:00:00+00:00,hyperliquid,HYPE/USDC:USDC,24432464.000000015,1.25e-05,29.1345
2026-02-11T13:00:00+00:00,hyperliquid,HYPE/USDC:USDC,24429339.460000005,1.25e-05,28.9775
2026-02-11T14:00:00+00:00,hyperliquid,HYPE/USDC:USDC,24463452.119999997,1.25e-05,29.2505
2026-02-11T15:00:00+00:00,hyperliquid,HYPE/USDC:USDC,24408364.160000004,1.25e-05,28.858
2026-02-11T16:00:00+00:00,hyperliquid,HYPE/USDC:USDC,24413760.56,6.7659e-06,28.9295
2026-02-11T17:00:00+00:00,hyperliquid,HYPE/USDC:USDC,24394439.520000014,1.25e-05,29.2385
2026-02-11T18:00:00+00:00,hyperliquid,HYPE/USDC:USDC,24271076.89999998,1.25e-05,29.3765
2026-02-11T19:00:00+00:00,hyperliquid,HYPE/USDC:USDC,24292396.319999978,1.25e-05,29.7175
2026-02-11T20:00:00+00:00,hyperliquid,HYPE/USDC:USDC,24187589.000000022,1.25e-05,29.5055
2026-02-11T21:00:00+00:00,hyperliquid,HYPE/USDC:USDC,24109544.82000001,6.7683e-06,29.9685
2026-02-11T22:00:00+00:00,hyperliquid,HYPE/USDC:USDC,23932912.860000018,1.25e-05,29.9105
2026-02-11T23:00:00+00:00,hyperliquid,HYPE/USDC:USDC,23820956.699999988,-2.11915e-05,29.4185
2026-02-12T00:00:00+00:00,hyperliquid,HYPE/USDC:USDC,23734763.639999993,1.25e-05,29.4245
2026-02-12T01:00:00+00:00,hyperliquid,HYPE/USDC:USDC,23754824.220000003,1.25e-05,29.848
2026-02-12T02:00:00+00:00,hyperliquid,HYPE/USDC:USDC,23776761.080000006,8.447e-06,30.342
2026-02-12T03:00:00+00:00,hyperliquid,HYPE/USDC:USDC,23718503.499999993,1.25e-05,30.7735
2026-02-12T04:00:00+00:00,hyperliquid,HYPE/USDC:USDC,23676686.19999999,1.25e-05,30.5015
2026-02-12T05:00:00+00:00,hyperliquid,HYPE/USDC:USDC,23635526.1,1.25e-05,30.3415
2026-02-12T06:00:00+00:00,hyperliquid,HYPE/USDC:USDC,23653058.08000001,1.25e-05,30.2865
2026-02-12T07:00:00+00:00,hyperliquid,HYPE/USDC:USDC,23608925.860000003,1.25e-05,30.4465
2026-02-12T08:00:00+00:00,hyperliquid,HYPE/USDC:USDC,23583236.600000005,1.25e-05,30.2525
2026-02-12T09:00:00+00:00,hyperliquid,HYPE/USDC:USDC,23576031.940000016,1.25e-05,30.3835
2026-02-12T10:00:00+00:00,hyperliquid,HYPE/USDC:USDC,23670022.799999993,1.25e-05,30.7755
2026-02-12T11:00:00+00:00,hyperliquid,HYPE/USDC:USDC,23708145.860000003,1.25e-05,30.7925
2026-02-12T12:00:00+00:00,hyperliquid,HYPE/USDC:USDC,23593551.46,9.7878e-06,31.5405
2026-02-12T13:00:00+00:00,hyperliquid,HYPE/USDC:USDC,23489409.999999985,1.25e-05,30.9365
2026-02-12T14:00:00+00:00,hyperliquid,HYPE/USDC:USDC,23337883.539999988,3.5893e-06,31.2835
2026-02-12T15:00:00+00:00,hyperliquid,HYPE/USDC:USDC,23379746.639999967,1.25e-05,31.4245
2026-02-12T16:00:00+00:00,hyperliquid,HYPE/USDC:USDC,23484440.959999997,1.25e-05,30.6925
2026-02-12T17:00:00+00:00,hyperliquid,HYPE/USDC:USDC,23576304.120000016,1.25e-05,30.0305
2026-02-12T18:00:00+00:00,hyperliquid,HYPE/USDC:USDC,23610947.180000007,1.25e-05,29.4875
2026-02-12T19:00:00+00:00,hyperliquid,HYPE/USDC:USDC,23692306.859999973,1.25e-05,29.7055
2026-02-12T20:00:00+00:00,hyperliquid,HYPE/USDC:USDC,23652250.060000002,1.25e-05,29.7475
2026-02-12T21:00:00+00:00,hyperliquid,HYPE/USDC:USDC,23637484.980000008,1.25e-05,29.6445
2026-02-12T22:00:00+00:00,hyperliquid,HYPE/USDC:USDC,23677788.820000015,1.25e-05,29.8295
2026-02-12T23:00:00+00:00,hyperliquid,HYPE/USDC:USDC,23689555.67999999,1.25e-05,30.3565
2026-02-13T00:00:00+00:00,hyperliquid,HYPE/USDC:USDC,23804604.499999993,1.25e-05,31.134
2026-02-13T01:00:00+00:00,hyperliquid,HYPE/USDC:USDC,23791644.46000001,1.25e-05,30.4925
2026-02-13T02:00:00+00:00,hyperliquid,HYPE/USDC:USDC,23832008.699999988,1.25e-05,30.8195
2026-02-13T03:00:00+00:00,hyperliquid,HYPE/USDC:USDC,23895442.54,1.25e-05,31.3
2026-02-13T04:00:00+00:00,hyperliquid,HYPE/USDC:USDC,23823280.779999997,1.25e-05,30.7265
2026-02-13T05:00:00+00:00,hyperliquid,HYPE/USDC:USDC,23839761.02000001,1.25e-05,30.8495
2026-02-13T06:00:00+00:00,hyperliquid,HYPE/USDC:USDC,23849359.78000001,1.25e-05,30.6585
2026-02-13T07:00:00+00:00,hyperliquid,HYPE/USDC:USDC,23838298.22000001,1.25e-05,30.6795
2026-02-13T08:00:00+00:00,hyperliquid,HYPE/USDC:USDC,23862768.159999993,1.25e-05,30.7055
2026-02-13T09:00:00+00:00,hyperliquid,HYPE/USDC:USDC,23736295.50000002,-3.7565e-06,30.5785
2026-02-13T10:00:00+00:00,hyperliquid,HYPE/USDC:USDC,23626719.340000007,-3.4178e-05,30.3085
2026-02-13T11:00:00+00:00,hyperliquid,HYPE/USDC:USDC,23601081.48000001,1.25e-05,30.4885
2026-02-13T12:00:00+00:00,hyperliquid,HYPE/USDC:USDC,23577399.900000002,-2.63985e-05,30.3825
2026-02-13T13:00:00+00:00,hyperliquid,HYPE/USDC:USDC,23585455.66,2e-10,30.3185
2026-02-13T14:00:00+00:00,hyperliquid,HYPE/USDC:USDC,23467544.96,-1.9648e-06,30.5785
2026-02-13T15:00:00+00:00,hyperliquid,HYPE/USDC:USDC,23449493.519999992,1.25e-05,30.8645
2026-02-13T16:00:00+00:00,hyperliquid,HYPE/USDC:USDC,23292088.179999974,-1.4421e-06,31.611
2026-02-13T17:00:00+00:00,hyperliquid,HYPE/USDC:USDC,23364418.460000027,1.25e-05,31.504
2026-02-13T18:00:00+00:00,hyperliquid,HYPE/USDC:USDC,23313128.020000003,1.25e-05,31.7895
2026-02-13T19:00:00+00:00,hyperliquid,HYPE/USDC:USDC,23261969.460000005,1.25e-05,31.9455
2026-02-13T20:00:00+00:00,hyperliquid,HYPE/USDC:USDC,23221950.919999987,1.25e-05,31.338
2026-02-13T21:00:00+00:00,hyperliquid,HYPE/USDC:USDC,23187961.779999994,1.25e-05,31.189
2026-02-13T22:00:00+00:00,hyperliquid,HYPE/USDC:USDC,23200606.260000013,1.25e-05,31.4385
2026-02-13T23:00:00+00:00,hyperliquid,HYPE/USDC:USDC,23218370.900000006,1.25e-05,31.5735
2026-02-14T00:00:00+00:00,hyperliquid,HYPE/USDC:USDC,23219175.34000001,1.25e-05,31.548
2026-02-14T01:00:00+00:00,hyperliquid,HYPE/USDC:USDC,23243984.080000006,1.25e-05,31.9205
2026-02-14T02:00:00+00:00,hyperliquid,HYPE/USDC:USDC,23213428.840000004,1.25e-05,32.1005
2026-02-14T03:00:00+00:00,hyperliquid,HYPE/USDC:USDC,23232621.099999994,1.25e-05,31.7365
2026-02-14T04:00:00+00:00,hyperliquid,HYPE/USDC:USDC,23229576.159999993,1.25e-05,31.8135
2026-02-14T05:00:00+00:00,hyperliquid,HYPE/USDC:USDC,23213424.819999993,1.25e-05,31.468
2026-02-14T06:00:00+00:00,hyperliquid,HYPE/USDC:USDC,23172358.11999999,4.8909e-06,31.3005
2026-02-14T07:00:00+00:00,hyperliquid,HYPE/USDC:USDC,23224962.619999997,1.25e-05,31.5105
2026-02-14T08:00:00+00:00,hyperliquid,HYPE/USDC:USDC,23167608.259999994,1.25e-05,31.8205
2026-02-14T09:00:00+00:00,hyperliquid,HYPE/USDC:USDC,23126661.55999999,1.25e-05,31.7215
2026-02-14T10:00:00+00:00,hyperliquid,HYPE/USDC:USDC,23134674.679999996,1.25e-05,31.5115
2026-02-14T11:00:00+00:00,hyperliquid,HYPE/USDC:USDC,23219242.979999997,1.25e-05,31.7845
2026-02-14T12:00:00+00:00,hyperliquid,HYPE/USDC:USDC,23170570.699999996,1.25e-05,32.1155
2026-02-14T13:00:00+00:00,hyperliquid,HYPE/USDC:USDC,23095775.94,1.25e-05,31.4245
2026-02-14T14:00:00+00:00,hyperliquid,HYPE/USDC:USDC,23153807.859999985,-3.535e-07,31.098
2026-02-14T15:00:00+00:00,hyperliquid,HYPE/USDC:USDC,23190754.000000007,1.25e-05,31.4215
2026-02-14T16:00:00+00:00,hyperliquid,HYPE/USDC:USDC,23216353.84,-2.495e-06,31.4275
2026-02-14T17:00:00+00:00,hyperliquid,HYPE/USDC:USDC,23126554.259999998,1.25e-05,31.3665
2026-02-14T18:00:00+00:00,hyperliquid,HYPE/USDC:USDC,22989178.800000004,-1.29099e-05,30.8165
2026-02-14T19:00:00+00:00,hyperliquid,HYPE/USDC:USDC,23005223.080000002,-4.17379e-05,30.925
2026-02-14T20:00:00+00:00,hyperliquid,HYPE/USDC:USDC,23089808.719999995,1.25e-05,31.4845
2026-02-14T21:00:00+00:00,hyperliquid,HYPE/USDC:USDC,23026478.700000007,1.25e-05,31.8355
2026-02-14T22:00:00+00:00,hyperliquid,HYPE/USDC:USDC,22998525.239999995,1.25e-05,31.6045
2026-02-14T23:00:00+00:00,hyperliquid,HYPE/USDC:USDC,23003948.400000006,9.7522e-06,31.6165
2026-02-15T00:00:00+00:00,hyperliquid,HYPE/USDC:USDC,23006402.040000007,1.25e-05,31.7875
2026-02-15T01:00:00+00:00,hyperliquid,HYPE/USDC:USDC,23196439.940000005,1.25e-05,31.9405
2026-02-15T02:00:00+00:00,hyperliquid,HYPE/USDC:USDC,23129955.19999999,1.25e-05,31.4325
2026-02-15T03:00:00+00:00,hyperliquid,HYPE/USDC:USDC,23116310.279999983,1.25e-05,31.5125
2026-02-15T04:00:00+00:00,hyperliquid,HYPE/USDC:USDC,23036733.439999983,1.25e-05,31.5235
2026-02-15T05:00:00+00:00,hyperliquid,HYPE/USDC:USDC,22891640.879999995,1.25e-05,31.6685
2026-02-15T06:00:00+00:00,hyperliquid,HYPE/USDC:USDC,22922727.899999995,1.25e-05,31.6535
2026-02-15T07:00:00+00:00,hyperliquid,HYPE/USDC:USDC,22973369.179999996,1.25e-05,31.3665
2026-02-15T08:00:00+00:00,hyperliquid,HYPE/USDC:USDC,22988104.559999984,1.25e-05,31.3535
2026-02-15T09:00:00+00:00,hyperliquid,HYPE/USDC:USDC,23122319.67999998,1.25e-05,30.9085
2026-02-15T10:00:00+00:00,hyperliquid,HYPE/USDC:USDC,23143462.39999998,8.4244e-06,31.1255
2026-02-15T11:00:00+00:00,hyperliquid,HYPE/USDC:USDC,23178751.18000001,1.25e-05,31.3645
2026-02-15T12:00:00+00:00,hyperliquid,HYPE/USDC:USDC,23135772.619999964,1.25e-05,31.4725
2026-02-15T13:00:00+00:00,hyperliquid,HYPE/USDC:USDC,23135044.41999999,1.25e-05,31.216
2026-02-15T14:00:00+00:00,hyperliquid,HYPE/USDC:USDC,23337532.33999999,1.25e-05,30.7125
2026-02-15T15:00:00+00:00,hyperliquid,HYPE/USDC:USDC,23365315.079999987,1.25e-05,30.9985
2026-02-15T16:00:00+00:00,hyperliquid,HYPE/USDC:USDC,23311278.460000005,7.909e-06,30.9735
2026-02-15T17:00:00+00:00,hyperliquid,HYPE/USDC:USDC,23289157.96,-4.5145e-06,31.0155
2026-02-15T18:00:00+00:00,hyperliquid,HYPE/USDC:USDC,23244905.14000001,-2.1471e-06,30.973
2026-02-15T19:00:00+00:00,hyperliquid,HYPE/USDC:USDC,23251216.959999975,1.25e-05,30.6785
2026-02-15T20:00:00+00:00,hyperliquid,HYPE/USDC:USDC,23294616.580000024,-8.0631e-06,30.3655
2026-02-15T21:00:00+00:00,hyperliquid,HYPE/USDC:USDC,23292137.259999998,-2.6264e-05,30.4895
2026-02-15T22:00:00+00:00,hyperliquid,HYPE/USDC:USDC,23304307.580000002,-2.82606e-05,30.4135
2026-02-15T23:00:00+00:00,hyperliquid,HYPE/USDC:USDC,23304685.900000017,2.5208e-06,30.5045
2026-02-16T00:00:00+00:00,hyperliquid,HYPE/USDC:USDC,23283883.7,5.9913e-06,30.6905
2026-02-16T01:00:00+00:00,hyperliquid,HYPE/USDC:USDC,23265071.78000001,-3.69284e-05,30.4165
2026-02-16T02:00:00+00:00,hyperliquid,HYPE/USDC:USDC,23289749.6,4.1435e-06,30.2685
2026-02-16T03:00:00+00:00,hyperliquid,HYPE/USDC:USDC,23322460.86,1.25e-05,30.1415
2026-02-16T04:00:00+00:00,hyperliquid,HYPE/USDC:USDC,23318149.060000032,1.25e-05,30.3155
2026-02-16T05:00:00+00:00,hyperliquid,HYPE/USDC:USDC,23276313.599999987,-8.2345e-06,29.8835
2026-02-16T06:00:00+00:00,hyperliquid,HYPE/USDC:USDC,23266845.379999995,1.25e-05,29.8245
2026-02-16T07:00:00+00:00,hyperliquid,HYPE/USDC:USDC,23255835.039999988,1.25e-05,29.7825
2026-02-16T08:00:00+00:00,hyperliquid,HYPE/USDC:USDC,23375514.78,-3.40614e-05,29.6485
2026-02-16T09:00:00+00:00,hyperliquid,HYPE/USDC:USDC,23343569.26,1.2695e-06,29.7505
2026-02-16T10:00:00+00:00,hyperliquid,HYPE/USDC:USDC,23329134.180000007,8.5615e-06,29.8145
2026-02-16T11:00:00+00:00,hyperliquid,HYPE/USDC:USDC,23322219.720000003,-1.01994e-05,29.9445
2026-02-16T12:00:00+00:00,hyperliquid,HYPE/USDC:USDC,23296698.86000001,-3.30054e-05,29.8975
2026-02-16T13:00:00+00:00,hyperliquid,HYPE/USDC:USDC,23253853.62000001,1.25e-05,30.485
2026-02-16T14:00:00+00:00,hyperliquid,HYPE/USDC:USDC,23163645.06000001,-4.7036e-05,30.228
2026-02-16T15:00:00+00:00,hyperliquid,HYPE/USDC:USDC,23108748.92,7.1915e-06,30.371
2026-02-16T16:00:00+00:00,hyperliquid,HYPE/USDC:USDC,23157773.740000013,-1.12693e-05,29.7795
2026-02-16T17:00:00+00:00,hyperliquid,HYPE/USDC:USDC,23167148.459999993,1.25e-05,29.9405
2026-02-16T18:00:00+00:00,hyperliquid,HYPE/USDC:USDC,23190419.600000016,1.25e-05,29.834
2026-02-16T19:00:00+00:00,hyperliquid,HYPE/USDC:USDC,23169542.56,1.25e-05,29.8845
2026-02-16T20:00:00+00:00,hyperliquid,HYPE/USDC:USDC,23079110.560000014,1.25e-05,29.8595
2026-02-16T21:00:00+00:00,hyperliquid,HYPE/USDC:USDC,22954971.8,1.25e-05,30.2065
2026-02-16T22:00:00+00:00,hyperliquid,HYPE/USDC:USDC,22970205.02000001,1.25e-05,30.5465
2026-02-16T23:00:00+00:00,hyperliquid,HYPE/USDC:USDC,22937424.28,1.25e-05,30.6945
2026-02-17T00:00:00+00:00,hyperliquid,HYPE/USDC:USDC,22917953.66000003,1.25e-05,31.3325
2026-02-17T01:00:00+00:00,hyperliquid,HYPE/USDC:USDC,22967826.08000001,1.25e-05,31.3415
2026-02-17T02:00:00+00:00,hyperliquid,HYPE/USDC:USDC,22919962.960000005,1.25e-05,31.0155
2026-02-17T03:00:00+00:00,hyperliquid,HYPE/USDC:USDC,22966619.06000001,1.25e-05,31.0325
2026-02-17T04:00:00+00:00,hyperliquid,HYPE/USDC:USDC,23005271.39999999,1.25e-05,30.9115
2026-02-17T05:00:00+00:00,hyperliquid,HYPE/USDC:USDC,22998413.680000022,1.25e-05,30.6005
2026-02-17T06:00:00+00:00,hyperliquid,HYPE/USDC:USDC,22823299.31999999,1.25e-05,30.2655
2026-02-17T07:00:00+00:00,hyperliquid,HYPE/USDC:USDC,22799882.36000002,1.25e-05,30.2255
2026-02-17T08:00:00+00:00,hyperliquid,HYPE/USDC:USDC,22807970.3,1.25e-05,30.1655
2026-02-17T09:00:00+00:00,hyperliquid,HYPE/USDC:USDC,22751349.579999965,1.25e-05,29.7505
2026-02-17T10:00:00+00:00,hyperliquid,HYPE/USDC:USDC,22771574.48000001,1.25e-05,29.8835
2026-02-17T11:00:00+00:00,hyperliquid,HYPE/USDC:USDC,22802475.179999996,1.25e-05,29.6535
2026-02-17T12:00:00+00:00,hyperliquid,HYPE/USDC:USDC,22810991.95999999,1.25e-05,29.3225
2026-02-17T13:00:00+00:00,hyperliquid,HYPE/USDC:USDC,22844342.239999995,1.25e-05,29.4475
2026-02-17T14:00:00+00:00,hyperliquid,HYPE/USDC:USDC,22986801.520000007,1.74938e-05,29.6615
2026-02-17T15:00:00+00:00,hyperliquid,HYPE/USDC:USDC,22961216.94,1.25e-05,29.1165
2026-02-17T16:00:00+00:00,hyperliquid,HYPE/USDC:USDC,22863243.200000018,1.25e-05,29.6485
2026-02-17T17:00:00+00:00,hyperliquid,HYPE/USDC:USDC,22743217.239999995,1.25e-05,30.028
2026-02-17T18:00:00+00:00,hyperliquid,HYPE/USDC:USDC,22676766.12,1.25e-05,29.3355
2026-02-17T19:00:00+00:00,hyperliquid,HYPE/USDC:USDC,22691524.86000001,1.25e-05,29.6675
2026-02-17T20:00:00+00:00,hyperliquid,HYPE/USDC:USDC,22752415.64,1.25e-05,29.5485
2026-02-17T21:00:00+00:00,hyperliquid,HYPE/USDC:USDC,22728703.099999994,1.25e-05,29.7125
2026-02-17T22:00:00+00:00,hyperliquid,HYPE/USDC:USDC,22697362.61999999,1.25e-05,29.8595
2026-02-17T23:00:00+00:00,hyperliquid,HYPE/USDC:USDC,22709890.180000007,1.05899e-05,29.4685
2026-02-18T00:00:00+00:00,hyperliquid,HYPE/USDC:USDC,22759054.839999963,1.25e-05,29.4715
2026-02-18T01:00:00+00:00,hyperliquid,HYPE/USDC:USDC,22781076.22,1.25e-05,29.117
2026-02-18T02:00:00+00:00,hyperliquid,HYPE/USDC:USDC,22880253.879999995,1.25e-05,29.089
2026-02-18T03:00:00+00:00,hyperliquid,HYPE/USDC:USDC,22831842.28,1.25e-05,29.1995
2026-02-18T04:00:00+00:00,hyperliquid,HYPE/USDC:USDC,22826647.04000001,1.25e-05,29.3075
2026-02-18T05:00:00+00:00,hyperliquid,HYPE/USDC:USDC,22810110.740000006,1.25e-05,29.3365
2026-02-18T06:00:00+00:00,hyperliquid,HYPE/USDC:USDC,22838230.960000005,1.25e-05,29.3435
2026-02-18T07:00:00+00:00,hyperliquid,HYPE/USDC:USDC,22805681.200000003,1.25e-05,29.5755
2026-02-18T08:00:00+00:00,hyperliquid,HYPE/USDC:USDC,22737543.640000008,1.25e-05,29.6895
2026-02-18T09:00:00+00:00,hyperliquid,HYPE/USDC:USDC,22761598.719999988,1.25e-05,29.4255
2026-02-18T10:00:00+00:00,hyperliquid,HYPE/USDC:USDC,22753166.380000018,1.25e-05,29.3445
2026-02-18T11:00:00+00:00,hyperliquid,HYPE/USDC:USDC,22764082.880000006,1.25e-05,29.077
2026-02-18T12:00:00+00:00,hyperliquid,HYPE/USDC:USDC,22745008.959999997,1.25e-05,28.9435
2026-02-18T13:00:00+00:00,hyperliquid,HYPE/USDC:USDC,22741067.30000002,1.25e-05,29.1465
2026-02-18T14:00:00+00:00,hyperliquid,HYPE/USDC:USDC,22796604.78,1.25e-05,29.1735
2026-02-18T15:00:00+00:00,hyperliquid,HYPE/USDC:USDC,22793019.939999994,1.02921e-05,28.8825
2026-02-18T16:00:00+00:00,hyperliquid,HYPE/USDC:USDC,22807142.700000014,6.8083e-06,29.2125
2026-02-18T17:00:00+00:00,hyperliquid,HYPE/USDC:USDC,22847829.339999996,-5.1261e-06,28.8695
2026-02-18T18:00:00+00:00,hyperliquid,HYPE/USDC:USDC,22899613.68000003,8.6976e-06,28.827
2026-02-18T19:00:00+00:00,hyperliquid,HYPE/USDC:USDC,22946211.2,8.2669e-06,28.6385
2026-02-18T20:00:00+00:00,hyperliquid,HYPE/USDC:USDC,23031262.220000003,7.2111e-06,28.776
2026-02-18T21:00:00+00:00,hyperliquid,HYPE/USDC:USDC,23056834.60000001,1.25e-05,28.7825
2026-02-18T22:00:00+00:00,hyperliquid,HYPE/USDC:USDC,23089454.19999999,-1.83271e-05,28.4645
2026-02-18T23:00:00+00:00,hyperliquid,HYPE/USDC:USDC,23115495.779999986,4.8588e-06,28.6025
2026-02-19T00:00:00+00:00,hyperliquid,HYPE/USDC:USDC,23109429.620000016,1.25e-05,28.5675
2026-02-19T01:00:00+00:00,hyperliquid,HYPE/USDC:USDC,23117349.78,1.25e-05,28.3945
2026-02-19T02:00:00+00:00,hyperliquid,HYPE/USDC:USDC,23095255.4,1.25e-05,28.3855
2026-02-19T03:00:00+00:00,hyperliquid,HYPE/USDC:USDC,23127241.560000002,-6.6816e-06,28.4965
2026-02-19T04:00:00+00:00,hyperliquid,HYPE/USDC:USDC,23142015.779999983,1.25e-05,28.7705
2026-02-19T05:00:00+00:00,hyperliquid,HYPE/USDC:USDC,23112514.26,1.25e-05,28.683
2026-02-19T06:00:00+00:00,hyperliquid,HYPE/USDC:USDC,23100727.019999996,1.25e-05,28.6275
2026-02-19T07:00:00+00:00,hyperliquid,HYPE/USDC:USDC,23067165.07999999,1.25e-05,28.8015
2026-02-19T08:00:00+00:00,hyperliquid,HYPE/USDC:USDC,23001794.81999998,1.25e-05,29.1395
2026-02-19T09:00:00+00:00,hyperliquid,HYPE/USDC:USDC,23036564.899999995,1.25e-05,28.8995
2026-02-19T10:00:00+00:00,hyperliquid,HYPE/USDC:USDC,23003070.900000006,1.25e-05,28.6415
2026-02-19T11:00:00+00:00,hyperliquid,HYPE/USDC:USDC,23054015.02,1.25e-05,28.4305
2026-02-19T12:00:00+00:00,hyperliquid,HYPE/USDC:USDC,23168551.87999999,1.25e-05,28.2995
2026-02-19T13:00:00+00:00,hyperliquid,HYPE/USDC:USDC,23199006.339999996,1.25e-05,28.188
2026-02-19T14:00:00+00:00,hyperliquid,HYPE/USDC:USDC,23190462.759999998,1.25e-05,28.0485
2026-02-19T15:00:00+00:00,hyperliquid,HYPE/USDC:USDC,23072776.32000001,-5.2379e-06,28.1375
2026-02-19T16:00:00+00:00,hyperliquid,HYPE/USDC:USDC,23078296.780000005,1.25e-05,28.3085
2026-02-19T17:00:00+00:00,hyperliquid,HYPE/USDC:USDC,23023280.639999986,1.25e-05,28.2835
2026-02-19T18:00:00+00:00,hyperliquid,HYPE/USDC:USDC,23019471.959999997,1.25e-05,28.3535
2026-02-19T19:00:00+00:00,hyperliquid,HYPE/USDC:USDC,22949415.200000014,8.6888e-06,28.7065
2026-02-19T20:00:00+00:00,hyperliquid,HYPE/USDC:USDC,22930605.9,7.9079e-06,28.6815
2026-02-19T21:00:00+00:00,hyperliquid,HYPE/USDC:USDC,22990794.400000017,1.25e-05,29.0535
2026-02-19T22:00:00+00:00,hyperliquid,HYPE/USDC:USDC,23019833.21999999,1.25e-05,29.1295
2026-02-19T23:00:00+00:00,hyperliquid,HYPE/USDC:USDC,22964048.740000002,1.25e-05,28.9505
2026-02-20T00:00:00+00:00,hyperliquid,HYPE/USDC:USDC,22974104.259999998,1.25e-05,29.0085
2026-02-20T01:00:00+00:00,hyperliquid,HYPE/USDC:USDC,22933765.320000008,1.25e-05,29.2315
2026-02-20T02:00:00+00:00,hyperliquid,HYPE/USDC:USDC,22818108.040000003,-1.70849e-05,29.4615
2026-02-20T03:00:00+00:00,hyperliquid,HYPE/USDC:USDC,22753670.36000001,-1.20219e-05,29.4095
2026-02-20T04:00:00+00:00,hyperliquid,HYPE/USDC:USDC,22714340.94000001,-2.84632e-05,29.4045
2026-02-20T05:00:00+00:00,hyperliquid,HYPE/USDC:USDC,22717544.520000003,1.19561e-05,29.351
2026-02-20T06:00:00+00:00,hyperliquid,HYPE/USDC:USDC,22723888.040000003,-5.9297e-06,29.4305
2026-02-20T07:00:00+00:00,hyperliquid,HYPE/USDC:USDC,22687155.78,2.8363e-06,29.2495
2026-02-20T08:00:00+00:00,hyperliquid,HYPE/USDC:USDC,22704932.060000006,5.1826e-06,29.0605
2026-02-20T09:00:00+00:00,hyperliquid,HYPE/USDC:USDC,22684273.300000004,-3.1962e-06,29.0405
2026-02-20T10:00:00+00:00,hyperliquid,HYPE/USDC:USDC,22696762.04000001,1.25e-05,29.3845
2026-02-20T11:00:00+00:00,hyperliquid,HYPE/USDC:USDC,22624738.46,-3.5605e-06,29.5795
2026-02-20T12:00:00+00:00,hyperliquid,HYPE/USDC:USDC,22582064.04,-2.10168e-05,29.344
2026-02-20T13:00:00+00:00,hyperliquid,HYPE/USDC:USDC,22647938.740000013,9.2052e-06,29.2335
2026-02-20T14:00:00+00:00,hyperliquid,HYPE/USDC:USDC,22510691.740000002,8.1198e-06,28.8005
2026-02-20T15:00:00+00:00,hyperliquid,HYPE/USDC:USDC,22494029.279999983,1.3836e-06,29.2245
2026-02-20T16:00:00+00:00,hyperliquid,HYPE/USDC:USDC,22394878.140000015,1.25e-05,29.8325
2026-02-20T17:00:00+00:00,hyperliquid,HYPE/USDC:USDC,22196951.92000002,1.25e-05,30.0565
2026-02-20T18:00:00+00:00,hyperliquid,HYPE/USDC:USDC,22077059.18,1.25e-05,29.8515
2026-02-20T19:00:00+00:00,hyperliquid,HYPE/USDC:USDC,22170755.360000014,1.25e-05,30.0805
2026-02-20T20:00:00+00:00,hyperliquid,HYPE/USDC:USDC,22228946.060000017,1.25e-05,30.1445
2026-02-20T21:00:00+00:00,hyperliquid,HYPE/USDC:USDC,22301008.30000002,1.25e-05,30.1205
2026-02-20T22:00:00+00:00,hyperliquid,HYPE/USDC:USDC,22321979.240000006,1.25e-05,30.0075
2026-02-20T23:00:00+00:00,hyperliquid,HYPE/USDC:USDC,22333312.940000016,1.25e-05,30.3445
2026-02-21T00:00:00+00:00,hyperliquid,HYPE/USDC:USDC,22413470.04000001,1.25e-05,30.354
2026-02-21T01:00:00+00:00,hyperliquid,HYPE/USDC:USDC,22398214.799999997,1.25e-05,30.1425
2026-02-21T02:00:00+00:00,hyperliquid,HYPE/USDC:USDC,22431675.62000002,1.25e-05,30.3555
2026-02-21T03:00:00+00:00,hyperliquid,HYPE/USDC:USDC,22485736.280000012,1.25e-05,30.4555
2026-02-21T04:00:00+00:00,hyperliquid,HYPE/USDC:USDC,22476335.280000005,1.25e-05,30.2235
2026-02-21T05:00:00+00:00,hyperliquid,HYPE/USDC:USDC,22446943.42000001,1.25e-05,30.3325
2026-02-21T06:00:00+00:00,hyperliquid,HYPE/USDC:USDC,22446644.960000005,1.25e-05,30.3515
2026-02-21T07:00:00+00:00,hyperliquid,HYPE/USDC:USDC,22450692.180000003,1.25e-05,30.2015
2026-02-21T08:00:00+00:00,hyperliquid,HYPE/USDC:USDC,22438333.62,1.25e-05,30.0915
2026-02-21T09:00:00+00:00,hyperliquid,HYPE/USDC:USDC,22450805.780000016,1.25e-05,30.3215
2026-02-21T10:00:00+00:00,hyperliquid,HYPE/USDC:USDC,22479088.9,1.25e-05,30.3805
2026-02-21T11:00:00+00:00,hyperliquid,HYPE/USDC:USDC,22481522.60000002,1.25e-05,30.3315
2026-02-21T12:00:00+00:00,hyperliquid,HYPE/USDC:USDC,22484312.620000016,1.25e-05,30.1275
2026-02-21T13:00:00+00:00,hyperliquid,HYPE/USDC:USDC,22388148.660000015,1.25e-05,29.8745
2026-02-21T14:00:00+00:00,hyperliquid,HYPE/USDC:USDC,22386928.52000001,1.25e-05,29.9865
2026-02-21T15:00:00+00:00,hyperliquid,HYPE/USDC:USDC,22445878.580000013,1.25e-05,30.0195
2026-02-21T16:00:00+00:00,hyperliquid,HYPE/USDC:USDC,22458555.26,1.25e-05,29.8095
2026-02-21T17:00:00+00:00,hyperliquid,HYPE/USDC:USDC,22448892.480000004,1.25e-05,29.8025
2026-02-21T18:00:00+00:00,hyperliquid,HYPE/USDC:USDC,22477373.280000012,1.25e-05,29.8845
2026-02-21T19:00:00+00:00,hyperliquid,HYPE/USDC:USDC,22419381.540000018,1.25e-05,29.9055
2026-02-21T20:00:00+00:00,hyperliquid,HYPE/USDC:USDC,22390485.580000024,1.25e-05,29.7835
2026-02-21T21:00:00+00:00,hyperliquid,HYPE/USDC:USDC,22389169.94000001,1.25e-05,29.6645
2026-02-21T22:00:00+00:00,hyperliquid,HYPE/USDC:USDC,22394066.88000001,1.25e-05,29.7185
2026-02-21T23:00:00+00:00,hyperliquid,HYPE/USDC:USDC,22405648.300000004,8.6997e-06,29.6065
2026-02-22T00:00:00+00:00,hyperliquid,HYPE/USDC:USDC,22501933.82,1.25e-05,29.7025
2026-02-22T01:00:00+00:00,hyperliquid,HYPE/USDC:USDC,22484729.560000002,1.25e-05,29.6835
2026-02-22T02:00:00+00:00,hyperliquid,HYPE/USDC:USDC,22492368.68000001,1.25e-05,29.8715
2026-02-22T03:00:00+00:00,hyperliquid,HYPE/USDC:USDC,22498930.840000004,1.25e-05,29.7985
2026-02-22T04:00:00+00:00,hyperliquid,HYPE/USDC:USDC,22494489.560000002,1.25e-05,29.6915
2026-02-22T05:00:00+00:00,hyperliquid,HYPE/USDC:USDC,22486787.620000012,1.25e-05,29.6625
2026-02-22T06:00:00+00:00,hyperliquid,HYPE/USDC:USDC,22482450.080000002,1.25e-05,29.7225
2026-02-22T07:00:00+00:00,hyperliquid,HYPE/USDC:USDC,22488178.26000001,1.25e-05,29.5695
2026-02-22T08:00:00+00:00,hyperliquid,HYPE/USDC:USDC,22472821.14,7.9347e-06,29.4245
2026-02-22T09:00:00+00:00,hyperliquid,HYPE/USDC:USDC,22476004.96,1.25e-05,29.4545
2026-02-22T10:00:00+00:00,hyperliquid,HYPE/USDC:USDC,22477379.020000007,7.9088e-06,29.4745
2026-02-22T11:00:00+00:00,hyperliquid,HYPE/USDC:USDC,22450291.88000001,1.25e-05,29.7205
2026-02-22T12:00:00+00:00,hyperliquid,HYPE/USDC:USDC,22429130.68000001,1.25e-05,29.6985
2026-02-22T13:00:00+00:00,hyperliquid,HYPE/USDC:USDC,22396004.120000005,9.7166e-06,29.3005
2026-02-22T14:00:00+00:00,hyperliquid,HYPE/USDC:USDC,22400953.659999985,2.817e-06,29.3095
2026-02-22T15:00:00+00:00,hyperliquid,HYPE/USDC:USDC,22456581.24,1.25e-05,29.2375
2026-02-22T16:00:00+00:00,hyperliquid,HYPE/USDC:USDC,22514699.40000001,1.25e-05,29.1825
2026-02-22T17:00:00+00:00,hyperliquid,HYPE/USDC:USDC,22500101.36,8.9804e-06,28.9915
2026-02-22T18:00:00+00:00,hyperliquid,HYPE/USDC:USDC,22498658.160000008,1.25e-05,28.9235
2026-02-22T19:00:00+00:00,hyperliquid,HYPE/USDC:USDC,22439992.800000016,1.25e-05,28.8045
2026-02-22T20:00:00+00:00,hyperliquid,HYPE/USDC:USDC,22467237.340000004,1.25e-05,28.7815
2026-02-22T21:00:00+00:00,hyperliquid,HYPE/USDC:USDC,22514633.360000003,1.25e-05,28.8855
2026-02-22T22:00:00+00:00,hyperliquid,HYPE/USDC:USDC,22513986.020000003,1.25e-05,28.9395
2026-02-22T23:00:00+00:00,hyperliquid,HYPE/USDC:USDC,22538209.02000002,1.25e-05,29.0005
2026-02-23T00:00:00+00:00,hyperliquid,HYPE/USDC:USDC,22543569.380000014,1.25e-05,29.0245
2026-02-23T01:00:00+00:00,hyperliquid,HYPE/USDC:USDC,22579893.940000027,1.25e-05,28.3425
2026-02-23T02:00:00+00:00,hyperliquid,HYPE/USDC:USDC,22480517.90000001,-4.26768e-05,27.51
2026-02-23T03:00:00+00:00,hyperliquid,HYPE/USDC:USDC,22435633.57999999,-1.31415e-05,27.5125
2026-02-23T04:00:00+00:00,hyperliquid,HYPE/USDC:USDC,22151399.139999982,-3.59818e-05,27.2195
2026-02-23T05:00:00+00:00,hyperliquid,HYPE/USDC:USDC,21929594.14,1.25e-05,27.1685
2026-02-23T06:00:00+00:00,hyperliquid,HYPE/USDC:USDC,21874845.260000005,1.25e-05,27.5565
2026-02-23T07:00:00+00:00,hyperliquid,HYPE/USDC:USDC,21696661.019999992,1.25e-05,27.8425
2026-02-23T08:00:00+00:00,hyperliquid,HYPE/USDC:USDC,21605426.539999977,-2.88876e-05,27.6725
2026-02-23T09:00:00+00:00,hyperliquid,HYPE/USDC:USDC,21492234.32,1.25e-05,27.5705
2026-02-23T10:00:00+00:00,hyperliquid,HYPE/USDC:USDC,21438625.639999967,1.25e-05,28.1585
2026-02-23T11:00:00+00:00,hyperliquid,HYPE/USDC:USDC,21418223.319999985,1.25e-05,27.7175
2026-02-23T12:00:00+00:00,hyperliquid,HYPE/USDC:USDC,21325456.339999996,1.25e-05,27.5525
2026-02-23T13:00:00+00:00,hyperliquid,HYPE/USDC:USDC,21195702.699999984,6.0124e-06,27.6185
2026-02-23T14:00:00+00:00,hyperliquid,HYPE/USDC:USDC,21156209.179999955,1.25e-05,26.995
2026-02-23T15:00:00+00:00,hyperliquid,HYPE/USDC:USDC,21114326.039999984,1.25e-05,26.562
2026-02-23T16:00:00+00:00,hyperliquid,HYPE/USDC:USDC,21190114.88000001,1.25e-05,26.4575
2026-02-23T17:00:00+00:00,hyperliquid,HYPE/USDC:USDC,21158935.400000002,1.25e-05,26.3515
2026-02-23T18:00:00+00:00,hyperliquid,HYPE/USDC:USDC,21065645.359999992,-1.47207e-05,25.978
2026-02-23T19:00:00+00:00,hyperliquid,HYPE/USDC:USDC,21380442.9,1.25e-05,26.4565
2026-02-23T20:00:00+00:00,hyperliquid,HYPE/USDC:USDC,21325239.32,-7.9275e-06,26.2785
2026-02-23T21:00:00+00:00,hyperliquid,HYPE/USDC:USDC,21337822.200000007,-1.22849e-05,26.4995
2026-02-23T22:00:00+00:00,hyperliquid,HYPE/USDC:USDC,21340355.93999999,9.861e-06,26.484
2026-02-23T23:00:00+00:00,hyperliquid,HYPE/USDC:USDC,21233369.89999999,1.02612e-05,26.1615
2026-02-24T00:00:00+00:00,hyperliquid,HYPE/USDC:USDC,21214852.760000017,1.23451e-05,26.367
2026-02-24T01:00:00+00:00,hyperliquid,HYPE/USDC:USDC,21195970.4,-8.8803e-06,26.4325
2026-02-24T02:00:00+00:00,hyperliquid,HYPE/USDC:USDC,21002386.420000006,1.25e-05,26.0465
2026-02-24T03:00:00+00:00,hyperliquid,HYPE/USDC:USDC,21069688.520000007,1.25e-05,25.7315
2026-02-24T04:00:00+00:00,hyperliquid,HYPE/USDC:USDC,21024827.599999998,1.25e-05,26.2515
2026-02-24T05:00:00+00:00,hyperliquid,HYPE/USDC:USDC,20894345.160000004,1.25e-05,26.1535
2026-02-24T06:00:00+00:00,hyperliquid,HYPE/USDC:USDC,20894549.56000001,1.25e-05,26.2825
2026-02-24T07:00:00+00:00,hyperliquid,HYPE/USDC:USDC,20887120.16000002,1.25e-05,26.2535
2026-02-24T08:00:00+00:00,hyperliquid,HYPE/USDC:USDC,20924700.100000005,1.25e-05,26.2185
2026-02-24T09:00:00+00:00,hyperliquid,HYPE/USDC:USDC,20907802.13999999,1.25e-05,26.502
2026-02-24T10:00:00+00:00,hyperliquid,HYPE/USDC:USDC,20898779.69999998,1.25e-05,26.504
2026-02-24T11:00:00+00:00,hyperliquid,HYPE/USDC:USDC,20865184.360000003,1.25e-05,26.479
2026-02-24T12:00:00+00:00,hyperliquid,HYPE/USDC:USDC,20811914.020000003,1.25e-05,26.4255
2026-02-24T13:00:00+00:00,hyperliquid,HYPE/USDC:USDC,20821552.700000007,1.25e-05,26.3375
2026-02-24T14:00:00+00:00,hyperliquid,HYPE/USDC:USDC,20815408.900000017,1.25e-05,26.5235
2026-02-24T15:00:00+00:00,hyperliquid,HYPE/USDC:USDC,20781441.100000013,-4.66526e-05,26.4695
2026-02-24T16:00:00+00:00,hyperliquid,HYPE/USDC:USDC,20642509.180000007,1.25e-05,26.8335
2026-02-24T17:00:00+00:00,hyperliquid,HYPE/USDC:USDC,20659130.98000001,1.25e-05,27.178
2026-02-24T18:00:00+00:00,hyperliquid,HYPE/USDC:USDC,20522341.820000008,-4.7503e-06,26.9795
2026-02-24T19:00:00+00:00,hyperliquid,HYPE/USDC:USDC,20413218.019999973,-2.89132e-05,26.99
2026-02-24T20:00:00+00:00,hyperliquid,HYPE/USDC:USDC,20397138.04000001,-3.42635e-05,27.2055
2026-02-24T21:00:00+00:00,hyperliquid,HYPE/USDC:USDC,20245996.859999925,-0.0001074913,27.001
2026-02-24T22:00:00+00:00,hyperliquid,HYPE/USDC:USDC,20306459.65999998,-2.446e-07,27.1885
2026-02-24T23:00:00+00:00,hyperliquid,HYPE/USDC:USDC,20251995.899999987,-2.58522e-05,27.198
2026-02-25T00:00:00+00:00,hyperliquid,HYPE/USDC:USDC,20203288.539999966,-2.62725e-05,27.118
2026-02-25T01:00:00+00:00,hyperliquid,HYPE/USDC:USDC,20179730.919999994,1.25e-05,27.4255
2026-02-25T02:00:00+00:00,hyperliquid,HYPE/USDC:USDC,20081579.439999968,-1.57118e-05,27.699
2026-02-25T03:00:00+00:00,hyperliquid,HYPE/USDC:USDC,20046732.119999986,-4.2446e-05,27.5125
2026-02-25T04:00:00+00:00,hyperliquid,HYPE/USDC:USDC,19955083.859999996,1.20904e-05,26.903
2026-02-25T05:00:00+00:00,hyperliquid,HYPE/USDC:USDC,19859238.220000006,-8.2913e-06,27.1785
2026-02-25T06:00:00+00:00,hyperliquid,HYPE/USDC:USDC,19829588.61999999,-5.23461e-05,26.901
2026-02-25T07:00:00+00:00,hyperliquid,HYPE/USDC:USDC,19822112.080000006,-3.15965e-05,26.815
2026-02-25T08:00:00+00:00,hyperliquid,HYPE/USDC:USDC,19828185.039999984,-2.84876e-05,26.919
2026-02-25T09:00:00+00:00,hyperliquid,HYPE/USDC:USDC,19755018.239999983,-6.95261e-05,26.9445
2026-02-25T10:00:00+00:00,hyperliquid,HYPE/USDC:USDC,19629823.460000023,3.3476e-06,26.8615
2026-02-25T11:00:00+00:00,hyperliquid,HYPE/USDC:USDC,19606835.360000003,-4.86362e-05,26.887
2026-02-25T12:00:00+00:00,hyperliquid,HYPE/USDC:USDC,19588700.32,-5.23362e-05,27.1605
2026-02-25T13:00:00+00:00,hyperliquid,HYPE/USDC:USDC,19622524.320000023,-4.75224e-05,27.6115
2026-02-25T14:00:00+00:00,hyperliquid,HYPE/USDC:USDC,19544682.719999995,-3.02237e-05,27.727
2026-02-25T15:00:00+00:00,hyperliquid,HYPE/USDC:USDC,19358398.180000003,-1.95724e-05,28.2755
2026-02-25T16:00:00+00:00,hyperliquid,HYPE/USDC:USDC,19295623.240000006,1.25e-05,28.0405
2026-02-25T17:00:00+00:00,hyperliquid,HYPE/USDC:USDC,19225988.12,1.25e-05,28.4985
2026-02-25T18:00:00+00:00,hyperliquid,HYPE/USDC:USDC,19056717.939999998,7.5412e-06,28.7185
2026-02-25T19:00:00+00:00,hyperliquid,HYPE/USDC:USDC,19050175.919999987,1.0724e-05,28.8445
2026-02-25T20:00:00+00:00,hyperliquid,HYPE/USDC:USDC,19020253.54000001,-4.25886e-05,28.7505
2026-02-25T21:00:00+00:00,hyperliquid,HYPE/USDC:USDC,18989750.46,-3.86999e-05,28.753
2026-02-25T22:00:00+00:00,hyperliquid,HYPE/USDC:USDC,18740560.380000014,-4.94343e-05,28.6525
2026-02-25T23:00:00+00:00,hyperliquid,HYPE/USDC:USDC,18610881.720000003,-2.71754e-05,28.275
2026-02-26T00:00:00+00:00,hyperliquid,HYPE/USDC:USDC,18348592.060000006,-6.98092e-05,27.7625
2026-02-26T01:00:00+00:00,hyperliquid,HYPE/USDC:USDC,18331956.900000017,1.25e-05,28.2705
2026-02-26T02:00:00+00:00,hyperliquid,HYPE/USDC:USDC,18360563.320000004,1.25e-05,28.0745
2026-02-26T03:00:00+00:00,hyperliquid,HYPE/USDC:USDC,18370132.720000003,1.25e-05,27.9625
2026-02-26T04:00:00+00:00,hyperliquid,HYPE/USDC:USDC,18365424.100000005,1.25e-05,28.066
2026-02-26T05:00:00+00:00,hyperliquid,HYPE/USDC:USDC,18363410.76000001,1.25e-05,28.1695
2026-02-26T06:00:00+00:00,hyperliquid,HYPE/USDC:USDC,18363605.200000007,7.5648e-06,28.1615
2026-02-26T07:00:00+00:00,hyperliquid,HYPE/USDC:USDC,18364257.580000013,1.25e-05,28.3485
2026-02-26T08:00:00+00:00,hyperliquid,HYPE/USDC:USDC,18370722.83999999,-3.1846e-06,28.1905
2026-02-26T09:00:00+00:00,hyperliquid,HYPE/USDC:USDC,18362242.12,5.102e-07,28.1845
2026-02-26T10:00:00+00:00,hyperliquid,HYPE/USDC:USDC,18344547.480000004,-2.06359e-05,29.1955
2026-02-26T11:00:00+00:00,hyperliquid,HYPE/USDC:USDC,18255033.039999995,1.18965e-05,28.971
2026-02-26T12:00:00+00:00,hyperliquid,HYPE/USDC:USDC,18209708.700000007,3.5812e-06,28.4835
2026-02-26T13:00:00+00:00,hyperliquid,HYPE/USDC:USDC,18206420.920000017,-3.01871e-05,28.7955
2026-02-26T14:00:00+00:00,hyperliquid,HYPE/USDC:USDC,18211344.919999987,1.2809e-06,28.923
2026-02-26T15:00:00+00:00,hyperliquid,HYPE/USDC:USDC,18269593.14000001,-6.21626e-05,29.128
2026-02-26T16:00:00+00:00,hyperliquid,HYPE/USDC:USDC,18212954.240000002,-5.3598e-06,28.405
2026-02-26T17:00:00+00:00,hyperliquid,HYPE/USDC:USDC,18260408.039999988,4.227e-06,28.27
2026-02-26T18:00:00+00:00,hyperliquid,HYPE/USDC:USDC,18221154.86,1.25e-05,28.055
2026-02-26T19:00:00+00:00,hyperliquid,HYPE/USDC:USDC,18170545.279999983,1.25e-05,28.3055
2026-02-26T20:00:00+00:00,hyperliquid,HYPE/USDC:USDC,18140581.20000001,1.25e-05,28.6065
2026-02-26T21:00:00+00:00,hyperliquid,HYPE/USDC:USDC,18108935.319999997,1.25e-05,28.3155
2026-02-26T22:00:00+00:00,hyperliquid,HYPE/USDC:USDC,18091950.54,-2.18189e-05,28.1325
2026-02-26T23:00:00+00:00,hyperliquid,HYPE/USDC:USDC,18153001.26000001,1.25e-05,28.3955
2026-02-27T00:00:00+00:00,hyperliquid,HYPE/USDC:USDC,18097086.98,-9.959e-06,28.1545
2026-02-27T01:00:00+00:00,hyperliquid,HYPE/USDC:USDC,18108585.640000004,1.25e-05,28.1385
2026-02-27T02:00:00+00:00,hyperliquid,HYPE/USDC:USDC,18086280.279999997,-7.6056e-06,28.2755
2026-02-27T03:00:00+00:00,hyperliquid,HYPE/USDC:USDC,18121519.63999999,1.25e-05,28.5055
2026-02-27T04:00:00+00:00,hyperliquid,HYPE/USDC:USDC,18200464.02000001,8.4429e-06,28.8995
2026-02-27T05:00:00+00:00,hyperliquid,HYPE/USDC:USDC,18106867.15999998,-1.47374e-05,29.0985
2026-02-27T06:00:00+00:00,hyperliquid,HYPE/USDC:USDC,18008558.740000017,1.25e-05,29.1105
2026-02-27T07:00:00+00:00,hyperliquid,HYPE/USDC:USDC,18004758.759999998,-2.7462e-06,29.0345
2026-02-27T08:00:00+00:00,hyperliquid,HYPE/USDC:USDC,18057727.24,1.25e-05,29.4065
2026-02-27T09:00:00+00:00,hyperliquid,HYPE/USDC:USDC,18062253.099999994,-4.8225e-06,29.4055
2026-02-27T10:00:00+00:00,hyperliquid,HYPE/USDC:USDC,17982305.399999987,-6.1652e-06,29.4975
2026-02-27T11:00:00+00:00,hyperliquid,HYPE/USDC:USDC,18065762.92000002,-2.80104e-05,29.0405
2026-02-27T12:00:00+00:00,hyperliquid,HYPE/USDC:USDC,18161226.960000005,-6.71826e-05,28.2295
2026-02-27T13:00:00+00:00,hyperliquid,HYPE/USDC:USDC,18085322.41999999,-2.21719e-05,28.0805
2026-02-27T14:00:00+00:00,hyperliquid,HYPE/USDC:USDC,18095735.22,1.25e-05,28.102
2026-02-27T15:00:00+00:00,hyperliquid,HYPE/USDC:USDC,18138102.14000002,1.25e-05,28.152
2026-02-27T16:00:00+00:00,hyperliquid,HYPE/USDC:USDC,18158469.14000001,1.25e-05,28.1585
2026-02-27T17:00:00+00:00,hyperliquid,HYPE/USDC:USDC,18106740.14000001,-2.66446e-05,27.373
2026-02-27T18:00:00+00:00,hyperliquid,HYPE/USDC:USDC,18032373.540000007,4.8042e-06,27.4945
2026-02-27T19:00:00+00:00,hyperliquid,HYPE/USDC:USDC,18048318.460000005,3.1588e-06,27.2075
2026-02-27T20:00:00+00:00,hyperliquid,HYPE/USDC:USDC,18081005.15999999,3.4656e-06,27.138
2026-02-27T21:00:00+00:00,hyperliquid,HYPE/USDC:USDC,18069668.23999999,-4.00026e-05,27.2915
2026-02-27T22:00:00+00:00,hyperliquid,HYPE/USDC:USDC,18031148.619999986,-3.74931e-05,27.0915
2026-02-27T23:00:00+00:00,hyperliquid,HYPE/USDC:USDC,18029183.580000013,1.03871e-05,27.1335
2026-02-28T00:00:00+00:00,hyperliquid,HYPE/USDC:USDC,18038329.3,-3.08836e-05,27.3095
2026-02-28T01:00:00+00:00,hyperliquid,HYPE/USDC:USDC,18073085.140000004,1.25e-05,27.4905
2026-02-28T02:00:00+00:00,hyperliquid,HYPE/USDC:USDC,18049533.299999982,-6.91268e-05,27.0285
2026-02-28T03:00:00+00:00,hyperliquid,HYPE/USDC:USDC,18190539.04,1.25e-05,26.9785
2026-02-28T04:00:00+00:00,hyperliquid,HYPE/USDC:USDC,18099343.82,1.25e-05,26.92
2026-02-28T05:00:00+00:00,hyperliquid,HYPE/USDC:USDC,18121169.060000002,1.13656e-05,26.9905
2026-02-28T06:00:00+00:00,hyperliquid,HYPE/USDC:USDC,18127751.5,-1.5256e-05,26.8855
2026-02-28T07:00:00+00:00,hyperliquid,HYPE/USDC:USDC,17804893.14,1.25e-05,26.3525
2026-02-28T08:00:00+00:00,hyperliquid,HYPE/USDC:USDC,17940218.56,1.25e-05,26.6315
2026-02-28T09:00:00+00:00,hyperliquid,HYPE/USDC:USDC,18079289.28,1.25e-05,26.84
2026-02-28T10:00:00+00:00,hyperliquid,HYPE/USDC:USDC,18082004.999999996,1.25e-05,27.1925
2026-02-28T11:00:00+00:00,hyperliquid,HYPE/USDC:USDC,18049528.03999999,-5.8111e-06,27.3635
2026-02-28T12:00:00+00:00,hyperliquid,HYPE/USDC:USDC,17978332.98,1.25e-05,27.2815
2026-02-28T13:00:00+00:00,hyperliquid,HYPE/USDC:USDC,17966578.779999994,1.25e-05,27.3265
2026-02-28T14:00:00+00:00,hyperliquid,HYPE/USDC:USDC,17971671.399999987,1.25e-05,27.447
2026-02-28T15:00:00+00:00,hyperliquid,HYPE/USDC:USDC,18178614.84000001,1.25e-05,27.8835
2026-02-28T16:00:00+00:00,hyperliquid,HYPE/USDC:USDC,18217786.40000002,1.25e-05,28.0795
2026-02-28T17:00:00+00:00,hyperliquid,HYPE/USDC:USDC,18275514.56000002,1.25e-05,28.6295
2026-02-28T18:00:00+00:00,hyperliquid,HYPE/USDC:USDC,18276860.32000001,1.25e-05,29.531
2026-02-28T19:00:00+00:00,hyperliquid,HYPE/USDC:USDC,18222864.76,1.25e-05,29.3715
2026-02-28T20:00:00+00:00,hyperliquid,HYPE/USDC:USDC,18123285.98000001,1.25e-05,29.4415
2026-02-28T21:00:00+00:00,hyperliquid,HYPE/USDC:USDC,18148702.440000005,-7.251e-06,30.2175
2026-02-28T22:00:00+00:00,hyperliquid,HYPE/USDC:USDC,18117875.320000015,-7.3618e-06,30.537
2026-02-28T23:00:00+00:00,hyperliquid,HYPE/USDC:USDC,18017468.28,1.25e-05,30.7995
2026-03-01T00:00:00+00:00,hyperliquid,HYPE/USDC:USDC,18082929.619999994,1.25e-05,31.2125
2026-03-01T01:00:00+00:00,hyperliquid,HYPE/USDC:USDC,18073545.49999999,1.25e-05,30.6625
2026-03-01T02:00:00+00:00,hyperliquid,HYPE/USDC:USDC,18115721.520000007,1.25e-05,30.9635
2026-03-01T03:00:00+00:00,hyperliquid,HYPE/USDC:USDC,18109977.079999994,-4.88744e-05,30.945
2026-03-01T04:00:00+00:00,hyperliquid,HYPE/USDC:USDC,18194151.080000024,1.25e-05,31.0405
2026-03-01T05:00:00+00:00,hyperliquid,HYPE/USDC:USDC,18177931.67999999,-1.018e-06,30.8975
2026-03-01T06:00:00+00:00,hyperliquid,HYPE/USDC:USDC,18204800.040000014,-3.51776e-05,31.1755
2026-03-01T07:00:00+00:00,hyperliquid,HYPE/USDC:USDC,18232595.22000001,-4.2592e-06,30.9845
2026-03-01T08:00:00+00:00,hyperliquid,HYPE/USDC:USDC,18250083.300000016,-9.0882e-06,30.914
2026-03-01T09:00:00+00:00,hyperliquid,HYPE/USDC:USDC,18216659.039999995,-3.9561e-06,30.549
2026-03-01T10:00:00+00:00,hyperliquid,HYPE/USDC:USDC,18219805.26,9.231e-07,30.716
2026-03-01T11:00:00+00:00,hyperliquid,HYPE/USDC:USDC,18209412.380000003,1.25e-05,30.9725
2026-03-01T12:00:00+00:00,hyperliquid,HYPE/USDC:USDC,18282074.76000001,-1.83471e-05,31.0515
2026-03-01T13:00:00+00:00,hyperliquid,HYPE/USDC:USDC,18111956.56,-3.7123e-06,30.7625
2026-03-01T14:00:00+00:00,hyperliquid,HYPE/USDC:USDC,18098171.460000005,1.25e-05,30.9855
2026-03-01T15:00:00+00:00,hyperliquid,HYPE/USDC:USDC,18149626.700000007,1.25e-05,31.0285
2026-03-01T16:00:00+00:00,hyperliquid,HYPE/USDC:USDC,18307203.579999987,1.25e-05,31.503
2026-03-01T17:00:00+00:00,hyperliquid,HYPE/USDC:USDC,18333946.740000002,-1.65829e-05,30.9275
2026-03-01T18:00:00+00:00,hyperliquid,HYPE/USDC:USDC,18219775.519999985,9.0156e-06,31.0475
2026-03-01T19:00:00+00:00,hyperliquid,HYPE/USDC:USDC,18271320.160000008,-1.86068e-05,31.7005
2026-03-01T20:00:00+00:00,hyperliquid,HYPE/USDC:USDC,18253809.47999999,7.6122e-06,31.5205
2026-03-01T21:00:00+00:00,hyperliquid,HYPE/USDC:USDC,18314404.480000008,6.9906e-06,31.5
2026-03-01T22:00:00+00:00,hyperliquid,HYPE/USDC:USDC,18359370.159999996,1.09093e-05,31.7725
2026-03-01T23:00:00+00:00,hyperliquid,HYPE/USDC:USDC,18314680.739999976,1.3609e-06,31.6185
2026-03-02T00:00:00+00:00,hyperliquid,HYPE/USDC:USDC,18334798.480000023,-7.292e-06,31.5355
2026-03-02T01:00:00+00:00,hyperliquid,HYPE/USDC:USDC,18355933.920000006,-5.8069e-06,32.35
2026-03-02T02:00:00+00:00,hyperliquid,HYPE/USDC:USDC,18347941.839999985,-2.54319e-05,32.309
2026-03-02T03:00:00+00:00,hyperliquid,HYPE/USDC:USDC,18301544.859999992,-6.67881e-05,31.7145
2026-03-02T04:00:00+00:00,hyperliquid,HYPE/USDC:USDC,18259512.960000012,1.25e-05,32.0015
2026-03-02T05:00:00+00:00,hyperliquid,HYPE/USDC:USDC,18035876.799999997,-9.2768e-06,31.2325
2026-03-02T06:00:00+00:00,hyperliquid,HYPE/USDC:USDC,17876666.440000013,-2.96741e-05,30.7925
2026-03-02T07:00:00+00:00,hyperliquid,HYPE/USDC:USDC,17778906.380000003,1.25e-05,30.2615
2026-03-02T08:00:00+00:00,hyperliquid,HYPE/USDC:USDC,17807308.50000002,1.25e-05,30.2145
2026-03-02T09:00:00+00:00,hyperliquid,HYPE/USDC:USDC,17832775.620000005,-2.71697e-05,30.5255
2026-03-02T10:00:00+00:00,hyperliquid,HYPE/USDC:USDC,17792907.979999993,1.25e-05,30.3795
2026-03-02T11:00:00+00:00,hyperliquid,HYPE/USDC:USDC,17758683.139999993,1.25e-05,30.5725
2026-03-02T12:00:00+00:00,hyperliquid,HYPE/USDC:USDC,17774788.119999994,1.25e-05,30.741
2026-03-02T13:00:00+00:00,hyperliquid,HYPE/USDC:USDC,17663430.499999993,1.25e-05,30.475
2026-03-02T14:00:00+00:00,hyperliquid,HYPE/USDC:USDC,17594988.68,1.25e-05,30.5835
2026-03-02T15:00:00+00:00,hyperliquid,HYPE/USDC:USDC,17760361.340000007,1.25e-05,31.9685
2026-03-02T16:00:00+00:00,hyperliquid,HYPE/USDC:USDC,17762510.980000004,-8.816e-07,32.031
2026-03-02T17:00:00+00:00,hyperliquid,HYPE/USDC:USDC,17796323.799999967,-2.14287e-05,33.068
2026-03-02T18:00:00+00:00,hyperliquid,HYPE/USDC:USDC,17678806.10000001,-9.4198e-06,32.6035
2026-03-02T19:00:00+00:00,hyperliquid,HYPE/USDC:USDC,17656171.200000003,-5.302e-06,32.1995
2026-03-02T20:00:00+00:00,hyperliquid,HYPE/USDC:USDC,17630047.939999986,1.25e-05,32.542
2026-03-02T21:00:00+00:00,hyperliquid,HYPE/USDC:USDC,17789127.720000017,-4.17123e-05,32.4015
2026-03-02T22:00:00+00:00,hyperliquid,HYPE/USDC:USDC,17802628.260000005,-4.26693e-05,32.569
2026-03-02T23:00:00+00:00,hyperliquid,HYPE/USDC:USDC,17882970.90000001,-9.9791e-06,33.0325
2026-03-03T00:00:00+00:00,hyperliquid,HYPE/USDC:USDC,17640940.04000002,-1.18019e-05,32.8435
2026-03-03T01:00:00+00:00,hyperliquid,HYPE/USDC:USDC,17557083.64,-9.8135e-06,32.3635
2026-03-03T02:00:00+00:00,hyperliquid,HYPE/USDC:USDC,17620172.240000002,-4.09633e-05,32.754
2026-03-03T03:00:00+00:00,hyperliquid,HYPE/USDC:USDC,17656674.739999995,1.25e-05,32.8735
2026-03-03T04:00:00+00:00,hyperliquid,HYPE/USDC:USDC,17696288.599999987,1.25e-05,33.1085
2026-03-03T05:00:00+00:00,hyperliquid,HYPE/USDC:USDC,17669731.759999998,-1.98903e-05,32.9405
2026-03-03T06:00:00+00:00,hyperliquid,HYPE/USDC:USDC,17646737.719999995,-9.7332e-06,32.6415
2026-03-03T07:00:00+00:00,hyperliquid,HYPE/USDC:USDC,17580322.06000001,-3.4687e-06,32.5325
2026-03-03T08:00:00+00:00,hyperliquid,HYPE/USDC:USDC,17536989.74,1.1273e-05,33.0295
2026-03-03T09:00:00+00:00,hyperliquid,HYPE/USDC:USDC,17502971.099999987,1.25e-05,31.8005
2026-03-03T10:00:00+00:00,hyperliquid,HYPE/USDC:USDC,17445548.08,1.25e-05,31.6095
2026-03-03T11:00:00+00:00,hyperliquid,HYPE/USDC:USDC,17543941.399999995,1.25e-05,31.956
2026-03-03T12:00:00+00:00,hyperliquid,HYPE/USDC:USDC,17525722.699999988,1.25e-05,32.001
2026-03-03T13:00:00+00:00,hyperliquid,HYPE/USDC:USDC,17507356.72,1.25e-05,31.6945
2026-03-03T14:00:00+00:00,hyperliquid,HYPE/USDC:USDC,17495068.259999987,1.25e-05,31.3705
2026-03-03T15:00:00+00:00,hyperliquid,HYPE/USDC:USDC,17420322.459999993,1.25e-05,31.2365
2026-03-03T16:00:00+00:00,hyperliquid,HYPE/USDC:USDC,17493255.620000012,1.25e-05,31.8575
2026-03-03T17:00:00+00:00,hyperliquid,HYPE/USDC:USDC,17497794.34,1.25e-05,31.999
2026-03-03T18:00:00+00:00,hyperliquid,HYPE/USDC:USDC,17418144.42,-1.31131e-05,32.0415
2026-03-03T19:00:00+00:00,hyperliquid,HYPE/USDC:USDC,17450115.759999968,1.25e-05,32.2105
2026-03-03T20:00:00+00:00,hyperliquid,HYPE/USDC:USDC,17397249.680000015,1.25e-05,31.6905
2026-03-03T21:00:00+00:00,hyperliquid,HYPE/USDC:USDC,17363759.600000013,1.25e-05,31.378
2026-03-03T22:00:00+00:00,hyperliquid,HYPE/USDC:USDC,17284649.41999999,-1.69112e-05,30.914
2026-03-03T23:00:00+00:00,hyperliquid,HYPE/USDC:USDC,17362266.600000016,1.25e-05,31.487
2026-03-04T00:00:00+00:00,hyperliquid,HYPE/USDC:USDC,17374347.740000002,9.1707e-06,31.2485
2026-03-04T01:00:00+00:00,hyperliquid,HYPE/USDC:USDC,17415059.719999995,1.25e-05,31.284
2026-03-04T02:00:00+00:00,hyperliquid,HYPE/USDC:USDC,17450742.83999999,1.24172e-05,31.1955
2026-03-04T03:00:00+00:00,hyperliquid,HYPE/USDC:USDC,17458132.58,1.25e-05,31.1355
2026-03-04T04:00:00+00:00,hyperliquid,HYPE/USDC:USDC,17482873.080000002,6.2382e-06,30.9895
2026-03-04T05:00:00+00:00,hyperliquid,HYPE/USDC:USDC,17450632.059999995,1.25e-05,30.9935
2026-03-04T06:00:00+00:00,hyperliquid,HYPE/USDC:USDC,17467328.65999999,1.25e-05,31.2085
2026-03-04T07:00:00+00:00,hyperliquid,HYPE/USDC:USDC,17476712.480000004,1.25e-05,31.4205
2026-03-04T08:00:00+00:00,hyperliquid,HYPE/USDC:USDC,17588671.040000014,1.25e-05,32.1145
2026-03-04T09:00:00+00:00,hyperliquid,HYPE/USDC:USDC,17504008.500000007,1.25e-05,32.379
2026-03-04T10:00:00+00:00,hyperliquid,HYPE/USDC:USDC,17707688.859999985,1.25e-05,32.9205
2026-03-04T11:00:00+00:00,hyperliquid,HYPE/USDC:USDC,17712823.039999977,-4.39705e-05,32.4625
2026-03-04T12:00:00+00:00,hyperliquid,HYPE/USDC:USDC,17731643.08000001,-2.41515e-05,32.5705
2026-03-04T13:00:00+00:00,hyperliquid,HYPE/USDC:USDC,17715084.180000007,7.9598e-06,32.3395
2026-03-04T14:00:00+00:00,hyperliquid,HYPE/USDC:USDC,17631022.77999998,-1.52149e-05,32.5555
2026-03-04T15:00:00+00:00,hyperliquid,HYPE/USDC:USDC,17627234.679999974,-6.65864e-05,32.706
2026-03-04T16:00:00+00:00,hyperliquid,HYPE/USDC:USDC,17661060.53999998,-1.5951e-06,33.1505
2026-03-04T17:00:00+00:00,hyperliquid,HYPE/USDC:USDC,17713070.979999978,6.7486e-06,32.7945
2026-03-04T18:00:00+00:00,hyperliquid,HYPE/USDC:USDC,17585391.040000007,1.25e-05,32.2495
2026-03-04T19:00:00+00:00,hyperliquid,HYPE/USDC:USDC,17327376.420000013,-2.8474e-06,32.3495
2026-03-04T20:00:00+00:00,hyperliquid,HYPE/USDC:USDC,17501042.700000007,-2.57209e-05,32.423
2026-03-04T21:00:00+00:00,hyperliquid,HYPE/USDC:USDC,17444569.540000003,-4.40448e-05,31.6725
2026-03-04T22:00:00+00:00,hyperliquid,HYPE/USDC:USDC,17541560.139999982,1.25e-05,31.9545
2026-03-04T23:00:00+00:00,hyperliquid,HYPE/USDC:USDC,17564529.160000008,1.25e-05,31.8315
2026-03-05T00:00:00+00:00,hyperliquid,HYPE/USDC:USDC,17632295.319999974,1.25e-05,32.164
2026-03-05T01:00:00+00:00,hyperliquid,HYPE/USDC:USDC,17759823.53999998,1.25e-05,31.932
2026-03-05T02:00:00+00:00,hyperliquid,HYPE/USDC:USDC,17713644.739999995,1.25e-05,31.5525
2026-03-05T03:00:00+00:00,hyperliquid,HYPE/USDC:USDC,17507301.25999999,1.25e-05,31.5375
2026-03-05T04:00:00+00:00,hyperliquid,HYPE/USDC:USDC,17439352.45999999,1.25e-05,31.4945
2026-03-05T05:00:00+00:00,hyperliquid,HYPE/USDC:USDC,17522054.87999997,1.25e-05,31.772
2026-03-05T06:00:00+00:00,hyperliquid,HYPE/USDC:USDC,17508826.759999998,1.25e-05,31.5145
2026-03-05T07:00:00+00:00,hyperliquid,HYPE/USDC:USDC,17455201.899999995,1.25e-05,31.7775
2026-03-05T08:00:00+00:00,hyperliquid,HYPE/USDC:USDC,17389423.820000004,1.25e-05,31.58
2026-03-05T09:00:00+00:00,hyperliquid,HYPE/USDC:USDC,17534610.75999998,1.25e-05,31.9085
2026-03-05T10:00:00+00:00,hyperliquid,HYPE/USDC:USDC,17535957.34,1.25e-05,31.6665
2026-03-05T11:00:00+00:00,hyperliquid,HYPE/USDC:USDC,17550623.82000002,1.25e-05,31.9505
2026-03-05T12:00:00+00:00,hyperliquid,HYPE/USDC:USDC,17693536.559999995,1.25e-05,31.8165
2026-03-05T13:00:00+00:00,hyperliquid,HYPE/USDC:USDC,17684317.419999976,1.25e-05,31.8705
2026-03-05T14:00:00+00:00,hyperliquid,HYPE/USDC:USDC,17648057.320000004,1.25e-05,31.4205
2026-03-05T15:00:00+00:00,hyperliquid,HYPE/USDC:USDC,17698323.520000037,1.25e-05,31.7765
2026-03-05T16:00:00+00:00,hyperliquid,HYPE/USDC:USDC,17415400.259999998,1.25e-05,31.2125
2026-03-05T18:00:00+00:00,hyperliquid,HYPE/USDC:USDC,17352088.800000012,1.25e-05,30.5955
2026-03-05T20:00:00+00:00,hyperliquid,HYPE/USDC:USDC,17283245.26,1.25e-05,30.4335
2026-03-05T21:00:00+00:00,hyperliquid,HYPE/USDC:USDC,17253144.439999975,1.25e-05,30.6895
2026-03-05T22:00:00+00:00,hyperliquid,HYPE/USDC:USDC,17202468.419999994,1.25e-05,30.6425
2026-03-05T23:00:00+00:00,hyperliquid,HYPE/USDC:USDC,17213716.819999997,1.25e-05,30.544
2026-03-06T00:00:00+00:00,hyperliquid,HYPE/USDC:USDC,17168207.599999987,1.25e-05,30.5115
2026-03-06T01:00:00+00:00,hyperliquid,HYPE/USDC:USDC,17180013.039999988,1.25e-05,30.643
2026-03-06T02:00:00+00:00,hyperliquid,HYPE/USDC:USDC,17209338.060000032,1.25e-05,30.5305
2026-03-06T03:00:00+00:00,hyperliquid,HYPE/USDC:USDC,17232291.739999983,1.25e-05,30.6675
2026-03-06T04:00:00+00:00,hyperliquid,HYPE/USDC:USDC,17226783.32,1.25e-05,30.6585
2026-03-06T05:00:00+00:00,hyperliquid,HYPE/USDC:USDC,17195367.819999997,1.25e-05,30.659
2026-03-06T06:00:00+00:00,hyperliquid,HYPE/USDC:USDC,17196344.139999993,1.25e-05,30.8225
2026-03-06T07:00:00+00:00,hyperliquid,HYPE/USDC:USDC,17242827.41999999,1.25e-05,31.0505
2026-03-06T08:00:00+00:00,hyperliquid,HYPE/USDC:USDC,17184134.799999982,1.25e-05,30.776
2026-03-06T09:00:00+00:00,hyperliquid,HYPE/USDC:USDC,17201050.719999995,1.25e-05,30.7275
2026-03-06T10:00:00+00:00,hyperliquid,HYPE/USDC:USDC,17150012.959999993,1.25e-05,30.4805
2026-03-06T11:00:00+00:00,hyperliquid,HYPE/USDC:USDC,17131229.56,1.25e-05,30.4795
2026-03-06T12:00:00+00:00,hyperliquid,HYPE/USDC:USDC,17172704.360000003,1.25e-05,30.3405
2026-03-06T13:00:00+00:00,hyperliquid,HYPE/USDC:USDC,17237004.08000001,1.25e-05,30.4745
2026-03-06T14:00:00+00:00,hyperliquid,HYPE/USDC:USDC,17311549.33999998,1.08109e-05,29.9645
2026-03-06T15:00:00+00:00,hyperliquid,HYPE/USDC:USDC,17166842.61999999,1.25e-05,29.7425
2026-03-06T16:00:00+00:00,hyperliquid,HYPE/USDC:USDC,17116425.179999996,1.25e-05,29.8495
2026-03-06T17:00:00+00:00,hyperliquid,HYPE/USDC:USDC,17122343.88000001,1.25e-05,29.8465
2026-03-06T18:00:00+00:00,hyperliquid,HYPE/USDC:USDC,17111950.319999997,1.25e-05,29.7765
2026-03-06T19:00:00+00:00,hyperliquid,HYPE/USDC:USDC,17146436.40000002,1.25e-05,29.9535
2026-03-06T20:00:00+00:00,hyperliquid,HYPE/USDC:USDC,17273769.120000005,1.25e-05,30.765
2026-03-06T21:00:00+00:00,hyperliquid,HYPE/USDC:USDC,17536311.600000013,1.25e-05,31.1005
2026-03-06T22:00:00+00:00,hyperliquid,HYPE/USDC:USDC,17492027.139999986,1.25e-05,31.0675
2026-03-06T23:00:00+00:00,hyperliquid,HYPE/USDC:USDC,17513622.94000002,1.25e-05,31.1545
2026-03-07T00:00:00+00:00,hyperliquid,HYPE/USDC:USDC,17540598.30000001,1.25e-05,31.0135
2026-03-07T01:00:00+00:00,hyperliquid,HYPE/USDC:USDC,17435176.019999985,1.25e-05,30.9255
2026-03-07T02:00:00+00:00,hyperliquid,HYPE/USDC:USDC,17498405.55999999,1.25e-05,31.0355
2026-03-07T03:00:00+00:00,hyperliquid,HYPE/USDC:USDC,17665845.22,1.25e-05,30.766
2026-03-07T04:00:00+00:00,hyperliquid,HYPE/USDC:USDC,17709866.539999984,1.25e-05,30.746
2026-03-07T05:00:00+00:00,hyperliquid,HYPE/USDC:USDC,17639189.140000008,1.25e-05,30.6125
2026-03-07T06:00:00+00:00,hyperliquid,HYPE/USDC:USDC,17703712.699999988,1.25e-05,30.6675
2026-03-07T07:00:00+00:00,hyperliquid,HYPE/USDC:USDC,17710662.46,1.25e-05,30.3995
2026-03-07T08:00:00+00:00,hyperliquid,HYPE/USDC:USDC,17751306.100000035,1.25e-05,30.5745
2026-03-07T09:00:00+00:00,hyperliquid,HYPE/USDC:USDC,17764517.04000003,1.25e-05,30.2825
2026-03-07T10:00:00+00:00,hyperliquid,HYPE/USDC:USDC,17979719.719999984,2.95969e-05,30.7245
2026-03-07T11:00:00+00:00,hyperliquid,HYPE/USDC:USDC,18023474.619999982,1.25e-05,30.6795
2026-03-07T12:00:00+00:00,hyperliquid,HYPE/USDC:USDC,18226344.319999993,1.25e-05,30.898
2026-03-07T13:00:00+00:00,hyperliquid,HYPE/USDC:USDC,18122368.680000007,1.25e-05,30.7265
2026-03-07T14:00:00+00:00,hyperliquid,HYPE/USDC:USDC,18165270.560000017,1.25e-05,30.9065
2026-03-07T15:00:00+00:00,hyperliquid,HYPE/USDC:USDC,18161719.380000003,1.25e-05,30.968
2026-03-07T16:00:00+00:00,hyperliquid,HYPE/USDC:USDC,18163982.84000001,1.25e-05,30.639
2026-03-07T17:00:00+00:00,hyperliquid,HYPE/USDC:USDC,18179661.379999988,1.25e-05,30.7925
2026-03-07T18:00:00+00:00,hyperliquid,HYPE/USDC:USDC,18213369.51999999,1.25e-05,30.691
2026-03-07T19:00:00+00:00,hyperliquid,HYPE/USDC:USDC,18109471.340000007,1.25e-05,30.4095
2026-03-07T20:00:00+00:00,hyperliquid,HYPE/USDC:USDC,17796409.700000014,-4.8261e-06,30.2105
2026-03-07T21:00:00+00:00,hyperliquid,HYPE/USDC:USDC,17801392.520000003,1.25e-05,30.065
2026-03-07T22:00:00+00:00,hyperliquid,HYPE/USDC:USDC,17895505.14000002,1.25e-05,30.056
2026-03-07T23:00:00+00:00,hyperliquid,HYPE/USDC:USDC,17912253.30000001,1.25e-05,30.1025
2026-03-08T00:00:00+00:00,hyperliquid,HYPE/USDC:USDC,17921737.180000003,1.25e-05,30.3095
2026-03-08T01:00:00+00:00,hyperliquid,HYPE/USDC:USDC,17896660.260000013,1.25e-05,30.0585
2026-03-08T02:00:00+00:00,hyperliquid,HYPE/USDC:USDC,17918985.960000016,1.25e-05,30.1765
2026-03-08T03:00:00+00:00,hyperliquid,HYPE/USDC:USDC,17918171.34000001,1.25e-05,30.1375
2026-03-08T04:00:00+00:00,hyperliquid,HYPE/USDC:USDC,17902171.220000006,1.25e-05,30.0535
2026-03-08T05:00:00+00:00,hyperliquid,HYPE/USDC:USDC,17919499.87999999,1.25e-05,29.9745
2026-03-08T06:00:00+00:00,hyperliquid,HYPE/USDC:USDC,17885165.579999987,1.25e-05,30.042
2026-03-08T07:00:00+00:00,hyperliquid,HYPE/USDC:USDC,17859486.920000006,1.25e-05,29.8565
2026-03-08T08:00:00+00:00,hyperliquid,HYPE/USDC:USDC,17942630.480000004,1.25e-05,30.1435
2026-03-08T09:00:00+00:00,hyperliquid,HYPE/USDC:USDC,17945150.960000005,1.25e-05,30.2945
2026-03-08T10:00:00+00:00,hyperliquid,HYPE/USDC:USDC,17901499.599999994,1.25e-05,30.3775
2026-03-08T11:00:00+00:00,hyperliquid,HYPE/USDC:USDC,17930848.380000006,1.25e-05,30.4395
2026-03-08T12:00:00+00:00,hyperliquid,HYPE/USDC:USDC,17909432.4,1.25e-05,30.3475
2026-03-08T13:00:00+00:00,hyperliquid,HYPE/USDC:USDC,17903547.18,1.25e-05,30.293
2026-03-08T14:00:00+00:00,hyperliquid,HYPE/USDC:USDC,17873175.579999987,1.25e-05,30.5185
2026-03-08T15:00:00+00:00,hyperliquid,HYPE/USDC:USDC,17848384.56,1.25e-05,30.7195
2026-03-08T16:00:00+00:00,hyperliquid,HYPE/USDC:USDC,17767322.84,1.25e-05,30.6555
2026-03-08T17:00:00+00:00,hyperliquid,HYPE/USDC:USDC,17760348.219999988,1.25e-05,30.134
2026-03-08T18:00:00+00:00,hyperliquid,HYPE/USDC:USDC,17745820.019999996,1.01819e-05,30.2945
2026-03-08T19:00:00+00:00,hyperliquid,HYPE/USDC:USDC,17733367.380000018,1.25e-05,30.1945
2026-03-08T20:00:00+00:00,hyperliquid,HYPE/USDC:USDC,17788400.89999998,1.25e-05,30.7425
2026-03-08T21:00:00+00:00,hyperliquid,HYPE/USDC:USDC,17822003.679999977,1.25e-05,30.8045
2026-03-08T22:00:00+00:00,hyperliquid,HYPE/USDC:USDC,17858918.96000002,-1.30115e-05,30.3465
2026-03-08T23:00:00+00:00,hyperliquid,HYPE/USDC:USDC,17838227.600000005,1.25e-05,30.554
2026-03-09T00:00:00+00:00,hyperliquid,HYPE/USDC:USDC,17749974.159999993,1.25e-05,30.765
2026-03-09T01:00:00+00:00,hyperliquid,HYPE/USDC:USDC,17820906.59999998,1.25e-05,30.7015
2026-03-09T02:00:00+00:00,hyperliquid,HYPE/USDC:USDC,17779048.279999994,5.2603e-06,30.395
2026-03-09T03:00:00+00:00,hyperliquid,HYPE/USDC:USDC,17772556.139999982,1.25e-05,30.637
2026-03-09T04:00:00+00:00,hyperliquid,HYPE/USDC:USDC,17776055.179999992,1.25e-05,30.6265
2026-03-09T05:00:00+00:00,hyperliquid,HYPE/USDC:USDC,17684684.15999998,1.25e-05,30.7045
2026-03-09T06:00:00+00:00,hyperliquid,HYPE/USDC:USDC,17732383.220000003,1.25e-05,31.0085
2026-03-09T07:00:00+00:00,hyperliquid,HYPE/USDC:USDC,17783997.96,1.25e-05,30.5845
2026-03-09T08:00:00+00:00,hyperliquid,HYPE/USDC:USDC,17784008.84000002,1.25e-05,30.7345
2026-03-09T09:00:00+00:00,hyperliquid,HYPE/USDC:USDC,17798885.359999985,1.25e-05,31.03
2026-03-09T10:00:00+00:00,hyperliquid,HYPE/USDC:USDC,17774974.459999993,1.25e-05,31.2685
2026-03-09T11:00:00+00:00,hyperliquid,HYPE/USDC:USDC,17764597.19999998,1.25e-05,31.019
2026-03-09T12:00:00+00:00,hyperliquid,HYPE/USDC:USDC,17890974.10000002,1.25e-05,31.6085
2026-03-09T13:00:00+00:00,hyperliquid,HYPE/USDC:USDC,18031020.66,1.25e-05,31.8035
2026-03-09T14:00:00+00:00,hyperliquid,HYPE/USDC:USDC,18164830.779999997,-6.29887e-05,32.7165
2026-03-09T15:00:00+00:00,hyperliquid,HYPE/USDC:USDC,18018018.060000006,-1.42564e-05,33.0195
2026-03-09T16:00:00+00:00,hyperliquid,HYPE/USDC:USDC,18390851.040000003,-3.51759e-05,32.3935
2026-03-09T17:00:00+00:00,hyperliquid,HYPE/USDC:USDC,19025561.220000003,1.25e-05,34.2045
2026-03-09T18:00:00+00:00,hyperliquid,HYPE/USDC:USDC,19001283.140000008,1.25e-05,34.3035
2026-03-09T19:00:00+00:00,hyperliquid,HYPE/USDC:USDC,18412741.380000006,1.25e-05,34.1395
2026-03-09T20:00:00+00:00,hyperliquid,HYPE/USDC:USDC,18384124.340000004,-5.9627e-06,34.0995
2026-03-09T21:00:00+00:00,hyperliquid,HYPE/USDC:USDC,18393033.640000004,1.25e-05,34.4205
2026-03-09T22:00:00+00:00,hyperliquid,HYPE/USDC:USDC,18442097.78000001,7.3861e-06,35.0785
2026-03-09T23:00:00+00:00,hyperliquid,HYPE/USDC:USDC,18405942.560000002,-1.13341e-05,35.0455
2026-03-10T00:00:00+00:00,hyperliquid,HYPE/USDC:USDC,18298945.88000001,-5.4094e-06,34.618
2026-03-10T01:00:00+00:00,hyperliquid,HYPE/USDC:USDC,18011362.079999994,-8.9951e-06,34.4225
2026-03-10T02:00:00+00:00,hyperliquid,HYPE/USDC:USDC,17866520.819999997,-4.973e-06,34.2645
2026-03-10T03:00:00+00:00,hyperliquid,HYPE/USDC:USDC,17571108.180000007,-5.6644e-06,34.235
2026-03-10T04:00:00+00:00,hyperliquid,HYPE/USDC:USDC,17620924.88,1.21673e-05,34.7255
2026-03-10T05:00:00+00:00,hyperliquid,HYPE/USDC:USDC,17524514.380000014,1.4055e-06,34.5755
2026-03-10T06:00:00+00:00,hyperliquid,HYPE/USDC:USDC,17476349.14,-3.5802e-06,34.1105
2026-03-10T07:00:00+00:00,hyperliquid,HYPE/USDC:USDC,17444341.32000002,3.9435e-06,34.045
2026-03-10T08:00:00+00:00,hyperliquid,HYPE/USDC:USDC,17489071.4,1.25e-05,34.7085
2026-03-10T09:00:00+00:00,hyperliquid,HYPE/USDC:USDC,17753562.88,-2.10568e-05,34.7875
2026-03-10T10:00:00+00:00,hyperliquid,HYPE/USDC:USDC,17779012.920000006,-8.3369e-06,34.7645
2026-03-10T11:00:00+00:00,hyperliquid,HYPE/USDC:USDC,17663747.939999986,8.482e-06,34.5995
2026-03-10T12:00:00+00:00,hyperliquid,HYPE/USDC:USDC,17770126.580000006,1.25e-05,34.8855
2026-03-10T13:00:00+00:00,hyperliquid,HYPE/USDC:USDC,17792635.65999999,-6.3016e-06,34.8635
2026-03-10T14:00:00+00:00,hyperliquid,HYPE/USDC:USDC,17700696.540000003,-0.0001148053,34.1995
2026-03-10T15:00:00+00:00,hyperliquid,HYPE/USDC:USDC,17660370.999999996,-5.0889e-06,34.7085
2026-03-10T16:00:00+00:00,hyperliquid,HYPE/USDC:USDC,17856074.340000007,6.1724e-06,34.6805
2026-03-10T17:00:00+00:00,hyperliquid,HYPE/USDC:USDC,17907003.339999996,1.25e-05,34.0925
2026-03-10T18:00:00+00:00,hyperliquid,HYPE/USDC:USDC,17899256.360000003,1.25e-05,34.166
2026-03-10T19:00:00+00:00,hyperliquid,HYPE/USDC:USDC,17850085.78000004,1.25e-05,33.735
2026-03-10T20:00:00+00:00,hyperliquid,HYPE/USDC:USDC,17777276.979999993,1.25e-05,34.0295
2026-03-10T21:00:00+00:00,hyperliquid,HYPE/USDC:USDC,17769310.459999993,8.3991e-06,34.0695
2026-03-10T22:00:00+00:00,hyperliquid,HYPE/USDC:USDC,17770670.799999997,1.25e-05,33.7625
2026-03-10T23:00:00+00:00,hyperliquid,HYPE/USDC:USDC,17895827.499999985,1.25e-05,34.1105
2026-03-11T00:00:00+00:00,hyperliquid,HYPE/USDC:USDC,17912160.62,1.25e-05,34.1145
2026-03-11T01:00:00+00:00,hyperliquid,HYPE/USDC:USDC,18008706.92000002,1.25e-05,34.4525
2026-03-11T02:00:00+00:00,hyperliquid,HYPE/USDC:USDC,17961237.15999999,1.25e-05,34.5715
2026-03-11T03:00:00+00:00,hyperliquid,HYPE/USDC:USDC,18028350.78,1.25e-05,34.5375
2026-03-11T04:00:00+00:00,hyperliquid,HYPE/USDC:USDC,18059746.299999986,1.25e-05,34.444
2026-03-11T05:00:00+00:00,hyperliquid,HYPE/USDC:USDC,18068469.65999999,1.25e-05,34.917
2026-03-11T06:00:00+00:00,hyperliquid,HYPE/USDC:USDC,18106605.69999999,5.2922e-06,34.6145
2026-03-11T07:00:00+00:00,hyperliquid,HYPE/USDC:USDC,18079505.960000012,2.6668e-06,34.7755
2026-03-11T08:00:00+00:00,hyperliquid,HYPE/USDC:USDC,18023391.64000001,-3.9251e-06,34.4065
2026-03-11T09:00:00+00:00,hyperliquid,HYPE/USDC:USDC,18010751.799999997,-3.6926e-06,34.4195
2026-03-11T10:00:00+00:00,hyperliquid,HYPE/USDC:USDC,18016158.84,1.10292e-05,34.3165
2026-03-11T11:00:00+00:00,hyperliquid,HYPE/USDC:USDC,18024165.96000001,-3.9705e-06,34.6225
2026-03-11T12:00:00+00:00,hyperliquid,HYPE/USDC:USDC,18114937.95999999,1.25e-05,34.9215
2026-03-11T13:00:00+00:00,hyperliquid,HYPE/USDC:USDC,18232065.799999993,1.25e-05,35.4965
2026-03-11T14:00:00+00:00,hyperliquid,HYPE/USDC:USDC,18317222.37999998,-2.52009e-05,36.1215
2026-03-11T15:00:00+00:00,hyperliquid,HYPE/USDC:USDC,18341752.400000025,-4.1346e-06,36.827
2026-03-11T16:00:00+00:00,hyperliquid,HYPE/USDC:USDC,18323281.98000002,-5.51353e-05,36.2665
2026-03-11T17:00:00+00:00,hyperliquid,HYPE/USDC:USDC,18257259.119999994,-6.26724e-05,36.5185
2026-03-11T18:00:00+00:00,hyperliquid,HYPE/USDC:USDC,18180073.439999986,-6.56735e-05,36.0425
2026-03-11T19:00:00+00:00,hyperliquid,HYPE/USDC:USDC,18008362.920000013,-0.0001347616,36.356
2026-03-11T20:00:00+00:00,hyperliquid,HYPE/USDC:USDC,17865811.700000018,-1.26316e-05,36.1915
2026-03-11T21:00:00+00:00,hyperliquid,HYPE/USDC:USDC,17761984.179999985,-1.54334e-05,36.2075
2026-03-11T22:00:00+00:00,hyperliquid,HYPE/USDC:USDC,17794435.240000013,-2.2249e-05,36.4035
2026-03-11T23:00:00+00:00,hyperliquid,HYPE/USDC:USDC,17790072.1,-3.25957e-05,36.2305
2026-03-12T00:00:00+00:00,hyperliquid,HYPE/USDC:USDC,17769377.64,-2.7593e-05,36.247
2026-03-12T01:00:00+00:00,hyperliquid,HYPE/USDC:USDC,17819780.100000013,-2.43383e-05,36.8005
2026-03-12T02:00:00+00:00,hyperliquid,HYPE/USDC:USDC,17829868.499999985,2.6409e-06,36.269
2026-03-12T03:00:00+00:00,hyperliquid,HYPE/USDC:USDC,17726432.199999973,-7.4348e-06,35.9685
2026-03-12T04:00:00+00:00,hyperliquid,HYPE/USDC:USDC,17656135.099999987,1.25e-05,35.952
2026-03-12T05:00:00+00:00,hyperliquid,HYPE/USDC:USDC,17645276.539999988,1.25e-05,36.3895
2026-03-12T06:00:00+00:00,hyperliquid,HYPE/USDC:USDC,17779815.50000002,-1.25938e-05,37.0995
2026-03-12T07:00:00+00:00,hyperliquid,HYPE/USDC:USDC,17673247.06000001,-2.4153e-05,36.915
2026-03-12T08:00:00+00:00,hyperliquid,HYPE/USDC:USDC,17615458.56,-2.1612e-06,36.9485
2026-03-12T09:00:00+00:00,hyperliquid,HYPE/USDC:USDC,17643959.200000018,-6.25829e-05,37.3115
2026-03-12T10:00:00+00:00,hyperliquid,HYPE/USDC:USDC,17677153.73999998,-4.7385e-06,37.6085
2026-03-12T11:00:00+00:00,hyperliquid,HYPE/USDC:USDC,17738319.14000002,-1.97891e-05,37.6515
2026-03-12T12:00:00+00:00,hyperliquid,HYPE/USDC:USDC,17710129.499999985,-1.63489e-05,37.2805
2026-03-12T13:00:00+00:00,hyperliquid,HYPE/USDC:USDC,17774911.600000005,-1.3079e-06,37.4665
2026-03-12T14:00:00+00:00,hyperliquid,HYPE/USDC:USDC,17782997.56000003,6.818e-07,37.47
2026-03-12T15:00:00+00:00,hyperliquid,HYPE/USDC:USDC,17811957.500000015,1.25e-05,37.2495
2026-03-12T16:00:00+00:00,hyperliquid,HYPE/USDC:USDC,17792099.56,-1.01212e-05,37.3155
2026-03-12T17:00:00+00:00,hyperliquid,HYPE/USDC:USDC,17740082.95999999,-2.875e-07,37.585
2026-03-12T18:00:00+00:00,hyperliquid,HYPE/USDC:USDC,17721270.1,-4.01388e-05,37.3975
2026-03-12T19:00:00+00:00,hyperliquid,HYPE/USDC:USDC,17703961.120000005,-2.07462e-05,37.1025
2026-03-12T20:00:00+00:00,hyperliquid,HYPE/USDC:USDC,17675318.54,-2.49349e-05,37.0385
2026-03-12T21:00:00+00:00,hyperliquid,HYPE/USDC:USDC,17585312.919999994,-1.92313e-05,37.1715
2026-03-12T22:00:00+00:00,hyperliquid,HYPE/USDC:USDC,17587603.000000007,7.2619e-06,37.395
2026-03-12T23:00:00+00:00,hyperliquid,HYPE/USDC:USDC,17564689.180000007,-1.81443e-05,37.2145
2026-03-13T00:00:00+00:00,hyperliquid,HYPE/USDC:USDC,17564999.43999999,-2.08882e-05,37.1785
2026-03-13T01:00:00+00:00,hyperliquid,HYPE/USDC:USDC,17502509.34,-2.88798e-05,37.5775
2026-03-13T02:00:00+00:00,hyperliquid,HYPE/USDC:USDC,17623071.44000002,-2.4325e-05,38.2525
2026-03-13T03:00:00+00:00,hyperliquid,HYPE/USDC:USDC,17621737.340000004,-2.1811e-06,37.988
2026-03-13T04:00:00+00:00,hyperliquid,HYPE/USDC:USDC,17721269.820000026,-5.11649e-05,38.0295
2026-03-13T05:00:00+00:00,hyperliquid,HYPE/USDC:USDC,17671947.799999982,1.25e-05,38.054
2026-03-13T06:00:00+00:00,hyperliquid,HYPE/USDC:USDC,17555866.339999996,-9.1331e-06,37.5205
2026-03-13T07:00:00+00:00,hyperliquid,HYPE/USDC:USDC,17527535.380000003,-8.858e-06,37.4565
2026-03-13T08:00:00+00:00,hyperliquid,HYPE/USDC:USDC,17561050.33999999,1.25e-05,37.6665
2026-03-13T09:00:00+00:00,hyperliquid,HYPE/USDC:USDC,17545666.619999982,1.25e-05,37.1205
2026-03-13T10:00:00+00:00,hyperliquid,HYPE/USDC:USDC,17496868.919999994,1.25e-05,37.3375
2026-03-13T11:00:00+00:00,hyperliquid,HYPE/USDC:USDC,17505700.460000005,1.02787e-05,37.267
2026-03-13T12:00:00+00:00,hyperliquid,HYPE/USDC:USDC,17555446.300000004,1.25e-05,37.3215
2026-03-13T13:00:00+00:00,hyperliquid,HYPE/USDC:USDC,17562640.780000016,2.8067e-06,37.447
2026-03-13T14:00:00+00:00,hyperliquid,HYPE/USDC:USDC,17672062.18000002,9.048e-06,37.4845
2026-03-13T15:00:00+00:00,hyperliquid,HYPE/USDC:USDC,17626125.679999992,1.25e-05,36.5065
2026-03-13T16:00:00+00:00,hyperliquid,HYPE/USDC:USDC,17476075.82000002,1.25e-05,36.364
2026-03-13T17:00:00+00:00,hyperliquid,HYPE/USDC:USDC,17439045.640000008,1.25e-05,36.3055
2026-03-13T18:00:00+00:00,hyperliquid,HYPE/USDC:USDC,17399731.019999985,1.25e-05,36.6845
2026-03-13T19:00:00+00:00,hyperliquid,HYPE/USDC:USDC,17387450.459999982,-1.55785e-05,36.5055
2026-03-13T20:00:00+00:00,hyperliquid,HYPE/USDC:USDC,17366914.039999988,5.3429e-06,36.7855
2026-03-13T21:00:00+00:00,hyperliquid,HYPE/USDC:USDC,17335356.40000003,3.4214e-06,36.6635
2026-03-13T22:00:00+00:00,hyperliquid,HYPE/USDC:USDC,17291317.96000001,1.25e-05,36.308
2026-03-13T23:00:00+00:00,hyperliquid,HYPE/USDC:USDC,17270788.46000002,-2.34559e-05,36.3405
2026-03-14T00:00:00+00:00,hyperliquid,HYPE/USDC:USDC,17243675.500000004,-6.296e-06,36.4895
2026-03-14T01:00:00+00:00,hyperliquid,HYPE/USDC:USDC,17240664.280000005,-3.502e-06,36.683
2026-03-14T02:00:00+00:00,hyperliquid,HYPE/USDC:USDC,17231855.060000006,-3.54309e-05,36.7465
2026-03-14T03:00:00+00:00,hyperliquid,HYPE/USDC:USDC,17248164.96000001,2.8067e-06,36.9265
2026-03-14T04:00:00+00:00,hyperliquid,HYPE/USDC:USDC,17265308.78000001,-1.13463e-05,36.9845
2026-03-14T05:00:00+00:00,hyperliquid,HYPE/USDC:USDC,17263048.8,-3.0984e-06,37.2285
2026-03-14T06:00:00+00:00,hyperliquid,HYPE/USDC:USDC,17278856.880000014,-3.39262e-05,37.2105
2026-03-14T07:00:00+00:00,hyperliquid,HYPE/USDC:USDC,17191613.539999988,1.25e-05,37.2345
2026-03-14T08:00:00+00:00,hyperliquid,HYPE/USDC:USDC,17201217.520000026,-1.47936e-05,37.1675
2026-03-14T09:00:00+00:00,hyperliquid,HYPE/USDC:USDC,17158430.55999999,4.566e-06,37.0495
2026-03-14T10:00:00+00:00,hyperliquid,HYPE/USDC:USDC,17143163.860000014,-2.4746e-06,36.9935
2026-03-14T11:00:00+00:00,hyperliquid,HYPE/USDC:USDC,17126452.679999992,-6.5703e-06,36.6365
2026-03-14T12:00:00+00:00,hyperliquid,HYPE/USDC:USDC,17131307.080000006,1.25e-05,36.9605
2026-03-14T13:00:00+00:00,hyperliquid,HYPE/USDC:USDC,17260966.860000007,1.25e-05,37.672
2026-03-14T14:00:00+00:00,hyperliquid,HYPE/USDC:USDC,17324796.90000001,-1.9443e-06,38.0525
2026-03-14T15:00:00+00:00,hyperliquid,HYPE/USDC:USDC,17224421.82,-5.3879e-06,37.581
2026-03-14T16:00:00+00:00,hyperliquid,HYPE/USDC:USDC,17326046.580000006,-3.52996e-05,38.0175
2026-03-14T17:00:00+00:00,hyperliquid,HYPE/USDC:USDC,17381746.640000015,1.0618e-05,38.2985
2026-03-14T18:00:00+00:00,hyperliquid,HYPE/USDC:USDC,17471465.699999984,1.25e-05,38.1595
2026-03-14T19:00:00+00:00,hyperliquid,HYPE/USDC:USDC,17500855.919999994,7.3874e-06,37.962
2026-03-14T20:00:00+00:00,hyperliquid,HYPE/USDC:USDC,17545161.89999999,-3.072e-06,38.0025
2026-03-14T21:00:00+00:00,hyperliquid,HYPE/USDC:USDC,17582010.09999999,1.25e-05,37.8135
2026-03-14T22:00:00+00:00,hyperliquid,HYPE/USDC:USDC,17602745.039999988,1.25e-05,38.016
2026-03-14T23:00:00+00:00,hyperliquid,HYPE/USDC:USDC,17637205.58000001,1.25e-05,38.0385
2026-03-15T00:00:00+00:00,hyperliquid,HYPE/USDC:USDC,17673038.88,1.25e-05,37.835
2026-03-15T01:00:00+00:00,hyperliquid,HYPE/USDC:USDC,17691654.319999993,1.25e-05,37.7935
2026-03-15T02:00:00+00:00,hyperliquid,HYPE/USDC:USDC,17709867.460000005,1.25e-05,37.9305
2026-03-15T03:00:00+00:00,hyperliquid,HYPE/USDC:USDC,17736882.980000008,1.25e-05,38.1045
2026-03-15T04:00:00+00:00,hyperliquid,HYPE/USDC:USDC,17704778.07999998,1.25e-05,38.1045
2026-03-15T05:00:00+00:00,hyperliquid,HYPE/USDC:USDC,17660473.959999993,1.25e-05,37.9065
2026-03-15T06:00:00+00:00,hyperliquid,HYPE/USDC:USDC,17597650.04000001,1.08897e-05,37.5995
2026-03-15T07:00:00+00:00,hyperliquid,HYPE/USDC:USDC,17668645.920000028,8.9693e-06,37.668
2026-03-15T08:00:00+00:00,hyperliquid,HYPE/USDC:USDC,17677222.380000044,-6.1642e-06,37.523
2026-03-15T09:00:00+00:00,hyperliquid,HYPE/USDC:USDC,17694755.54000002,1.25e-05,37.3925
2026-03-15T10:00:00+00:00,hyperliquid,HYPE/USDC:USDC,17685099.740000024,-1.1361e-06,37.157
2026-03-15T11:00:00+00:00,hyperliquid,HYPE/USDC:USDC,17742866.400000025,1.25e-05,37.34
2026-03-15T12:00:00+00:00,hyperliquid,HYPE/USDC:USDC,17927881.660000026,1.25e-05,37.57
2026-03-15T13:00:00+00:00,hyperliquid,HYPE/USDC:USDC,17894513.340000022,1.25e-05,37.4995
2026-03-15T14:00:00+00:00,hyperliquid,HYPE/USDC:USDC,17855548.459999997,1.25e-05,37.5105
2026-03-15T15:00:00+00:00,hyperliquid,HYPE/USDC:USDC,17874712.140000015,1.25e-05,37.4585
2026-03-15T16:00:00+00:00,hyperliquid,HYPE/USDC:USDC,17882635.660000008,1.25e-05,37.2555
2026-03-15T17:00:00+00:00,hyperliquid,HYPE/USDC:USDC,17830935.539999995,1.6923e-06,37.1035
2026-03-15T18:00:00+00:00,hyperliquid,HYPE/USDC:USDC,17781738.960000005,4.966e-06,37.3615
2026-03-15T19:00:00+00:00,hyperliquid,HYPE/USDC:USDC,17770125.90000002,1.25e-05,36.8255
2026-03-15T20:00:00+00:00,hyperliquid,HYPE/USDC:USDC,17767255.16,1.25e-05,37.1145
2026-03-15T21:00:00+00:00,hyperliquid,HYPE/USDC:USDC,17795499.520000003,1.25e-05,36.9715
2026-03-15T22:00:00+00:00,hyperliquid,HYPE/USDC:USDC,17843654.499999985,1.25e-05,37.2455
2026-03-15T23:00:00+00:00,hyperliquid,HYPE/USDC:USDC,17937534.259999994,1.25e-05,37.5695
2026-03-16T00:00:00+00:00,hyperliquid,HYPE/USDC:USDC,17780598.900000025,1.10801e-05,37.4285
2026-03-16T01:00:00+00:00,hyperliquid,HYPE/USDC:USDC,17742832.50000001,-3.00546e-05,37.5235
2026-03-16T02:00:00+00:00,hyperliquid,HYPE/USDC:USDC,17675919.17999999,-1.8838e-05,37.4565
2026-03-16T03:00:00+00:00,hyperliquid,HYPE/USDC:USDC,17629718.380000018,-2.07767e-05,37.4565
2026-03-16T04:00:00+00:00,hyperliquid,HYPE/USDC:USDC,17635406.720000017,1.25e-05,37.9425
2026-03-16T05:00:00+00:00,hyperliquid,HYPE/USDC:USDC,17699039.05999999,1.25e-05,38.0995
2026-03-16T06:00:00+00:00,hyperliquid,HYPE/USDC:USDC,17731842.01999998,1.25e-05,38.2665
2026-03-16T07:00:00+00:00,hyperliquid,HYPE/USDC:USDC,17903911.020000014,1.25e-05,38.652
2026-03-16T08:00:00+00:00,hyperliquid,HYPE/USDC:USDC,18485635.080000002,1.25e-05,38.8265
2026-03-16T09:00:00+00:00,hyperliquid,HYPE/USDC:USDC,18784507.14000001,1.25e-05,39.2345
2026-03-16T10:00:00+00:00,hyperliquid,HYPE/USDC:USDC,18865229.059999984,1.25e-05,39.1875
2026-03-16T11:00:00+00:00,hyperliquid,HYPE/USDC:USDC,18901933.120000023,1.25e-05,39.2555
2026-03-16T12:00:00+00:00,hyperliquid,HYPE/USDC:USDC,19046752.920000006,3.87431e-05,39.5675
2026-03-16T13:00:00+00:00,hyperliquid,HYPE/USDC:USDC,19043854.180000033,1.25e-05,39.5605
2026-03-16T14:00:00+00:00,hyperliquid,HYPE/USDC:USDC,18998263.419999998,1.25e-05,39.1935
2026-03-16T15:00:00+00:00,hyperliquid,HYPE/USDC:USDC,18920655.279999994,1.25e-05,38.6325
2026-03-16T16:00:00+00:00,hyperliquid,HYPE/USDC:USDC,18915470.099999987,-1.629e-05,38.9825
2026-03-16T17:00:00+00:00,hyperliquid,HYPE/USDC:USDC,18849587.85999999,1.23493e-05,39.042
2026-03-16T18:00:00+00:00,hyperliquid,HYPE/USDC:USDC,18867857.92,1.25e-05,38.7185
2026-03-16T19:00:00+00:00,hyperliquid,HYPE/USDC:USDC,18840018.179999985,-1.7144e-06,38.9285
2026-03-16T20:00:00+00:00,hyperliquid,HYPE/USDC:USDC,18741301.359999985,1.25e-05,39.464
2026-03-16T21:00:00+00:00,hyperliquid,HYPE/USDC:USDC,19037413.919999998,1.25e-05,40.5295
2026-03-16T22:00:00+00:00,hyperliquid,HYPE/USDC:USDC,19042630.900000006,1.25e-05,41.113
2026-03-16T23:00:00+00:00,hyperliquid,HYPE/USDC:USDC,19006496.119999994,1.25e-05,41.1625
2026-03-17T00:00:00+00:00,hyperliquid,HYPE/USDC:USDC,18889204.339999985,1.25e-05,40.7645
2026-03-17T01:00:00+00:00,hyperliquid,HYPE/USDC:USDC,19006884.160000004,1.25e-05,40.577
2026-03-17T02:00:00+00:00,hyperliquid,HYPE/USDC:USDC,19100058.91999999,1.25e-05,40.7665
2026-03-17T03:00:00+00:00,hyperliquid,HYPE/USDC:USDC,18992465.41999999,1.25e-05,40.3715
2026-03-17T04:00:00+00:00,hyperliquid,HYPE/USDC:USDC,18829923.879999995,1.25e-05,40.5545
2026-03-17T05:00:00+00:00,hyperliquid,HYPE/USDC:USDC,18844819.660000004,1.25e-05,40.421
2026-03-17T06:00:00+00:00,hyperliquid,HYPE/USDC:USDC,18907655.800000012,1.25e-05,40.668
2026-03-17T07:00:00+00:00,hyperliquid,HYPE/USDC:USDC,18858308.61999999,1.25e-05,41.134
2026-03-17T08:00:00+00:00,hyperliquid,HYPE/USDC:USDC,18894915.50000003,1.25e-05,41.5195
2026-03-17T09:00:00+00:00,hyperliquid,HYPE/USDC:USDC,18926037.7,1.25e-05,40.9575
2026-03-17T10:00:00+00:00,hyperliquid,HYPE/USDC:USDC,18946749.420000017,1.25e-05,40.7895
2026-03-17T11:00:00+00:00,hyperliquid,HYPE/USDC:USDC,19023189.560000002,1.25e-05,41.4335
2026-03-17T12:00:00+00:00,hyperliquid,HYPE/USDC:USDC,18951515.360000007,1.25e-05,41.4555
2026-03-17T13:00:00+00:00,hyperliquid,HYPE/USDC:USDC,18861825.259999994,1.25e-05,40.9575
2026-03-17T14:00:00+00:00,hyperliquid,HYPE/USDC:USDC,18851214.760000005,1.25e-05,40.7685
2026-03-17T15:00:00+00:00,hyperliquid,HYPE/USDC:USDC,18755128.559999958,1.25e-05,40.2415
2026-03-17T16:00:00+00:00,hyperliquid,HYPE/USDC:USDC,18790899.059999995,1.25e-05,39.9685
2026-03-17T17:00:00+00:00,hyperliquid,HYPE/USDC:USDC,18810508.439999998,1.25e-05,40.4555
2026-03-17T18:00:00+00:00,hyperliquid,HYPE/USDC:USDC,18886433.68,1.25e-05,40.425
2026-03-17T19:00:00+00:00,hyperliquid,HYPE/USDC:USDC,19249305.69999999,1.25e-05,41.1095
2026-03-17T20:00:00+00:00,hyperliquid,HYPE/USDC:USDC,19241028.39999999,1.25e-05,40.9405
2026-03-17T21:00:00+00:00,hyperliquid,HYPE/USDC:USDC,19413858.9,1.25e-05,41.8505
2026-03-17T22:00:00+00:00,hyperliquid,HYPE/USDC:USDC,19454567.060000002,1.74505e-05,41.948
2026-03-17T23:00:00+00:00,hyperliquid,HYPE/USDC:USDC,19465533.699999988,1.25e-05,41.4005
2026-03-18T00:00:00+00:00,hyperliquid,HYPE/USDC:USDC,19405253.539999977,1.25e-05,41.354
2026-03-18T01:00:00+00:00,hyperliquid,HYPE/USDC:USDC,19256637.920000006,1.25e-05,41.273
2026-03-18T02:00:00+00:00,hyperliquid,HYPE/USDC:USDC,19353111.58,2.09122e-05,41.9595
2026-03-18T03:00:00+00:00,hyperliquid,HYPE/USDC:USDC,19386324.119999982,1.25e-05,41.8455
2026-03-18T04:00:00+00:00,hyperliquid,HYPE/USDC:USDC,19581781.059999987,1.25e-05,42.2195
2026-03-18T05:00:00+00:00,hyperliquid,HYPE/USDC:USDC,19520504.919999994,1.25e-05,41.855
2026-03-18T06:00:00+00:00,hyperliquid,HYPE/USDC:USDC,19382003.279999997,1.25e-05,41.5305
2026-03-18T07:00:00+00:00,hyperliquid,HYPE/USDC:USDC,19391386.84,1.25e-05,41.9975
2026-03-18T08:00:00+00:00,hyperliquid,HYPE/USDC:USDC,19437100.700000007,4.12313e-05,41.7685
2026-03-18T09:00:00+00:00,hyperliquid,HYPE/USDC:USDC,19348993.76000001,1.25e-05,41.401
2026-03-18T10:00:00+00:00,hyperliquid,HYPE/USDC:USDC,19271047.48000001,1.25e-05,41.4535
2026-03-18T11:00:00+00:00,hyperliquid,HYPE/USDC:USDC,19288465.000000015,1.25e-05,41.5055
2026-03-18T12:00:00+00:00,hyperliquid,HYPE/USDC:USDC,19302087.46000001,1.25e-05,41.1925
2026-03-18T13:00:00+00:00,hyperliquid,HYPE/USDC:USDC,19238208.619999997,1.25e-05,40.264
2026-03-18T14:00:00+00:00,hyperliquid,HYPE/USDC:USDC,19721744.16,1.25e-05,41.3155
2026-03-18T15:00:00+00:00,hyperliquid,HYPE/USDC:USDC,19856160.499999993,1.25e-05,41.421
2026-03-18T16:00:00+00:00,hyperliquid,HYPE/USDC:USDC,19734515.959999964,1.25e-05,41.9665
2026-03-18T17:00:00+00:00,hyperliquid,HYPE/USDC:USDC,19873347.93999995,1.25e-05,42.7175
2026-03-18T18:00:00+00:00,hyperliquid,HYPE/USDC:USDC,20029520.199999973,8.0785e-06,43.2575
2026-03-18T19:00:00+00:00,hyperliquid,HYPE/USDC:USDC,19998554.22,1.25e-05,42.6025
2026-03-18T20:00:00+00:00,hyperliquid,HYPE/USDC:USDC,19998327.639999967,1.25e-05,42.386
2026-03-18T21:00:00+00:00,hyperliquid,HYPE/USDC:USDC,20149662.35999997,1.25e-05,42.719
2026-03-18T22:00:00+00:00,hyperliquid,HYPE/USDC:USDC,20165043.72,1.25e-05,42.086
2026-03-18T23:00:00+00:00,hyperliquid,HYPE/USDC:USDC,20205464.46,1.25e-05,42.1425
2026-03-19T00:00:00+00:00,hyperliquid,HYPE/USDC:USDC,20220447.91999999,1.25e-05,41.8895
2026-03-19T01:00:00+00:00,hyperliquid,HYPE/USDC:USDC,20235755.39999999,1.25e-05,41.6495
2026-03-19T02:00:00+00:00,hyperliquid,HYPE/USDC:USDC,20227874.4,2.95019e-05,41.3035
2026-03-19T03:00:00+00:00,hyperliquid,HYPE/USDC:USDC,20249087.439999998,1.25e-05,41.2125
2026-03-19T04:00:00+00:00,hyperliquid,HYPE/USDC:USDC,20274016.559999995,1.25e-05,41.5385
2026-03-19T05:00:00+00:00,hyperliquid,HYPE/USDC:USDC,20243151.47999999,1.25e-05,41.0325
2026-03-19T06:00:00+00:00,hyperliquid,HYPE/USDC:USDC,20372990.100000016,1.25e-05,41.274
2026-03-19T07:00:00+00:00,hyperliquid,HYPE/USDC:USDC,20338950.06000001,1.25e-05,40.7565
2026-03-19T08:00:00+00:00,hyperliquid,HYPE/USDC:USDC,20253927.920000006,2.35285e-05,40.241
2026-03-19T09:00:00+00:00,hyperliquid,HYPE/USDC:USDC,20253840.559999976,1.25e-05,39.5825
2026-03-19T10:00:00+00:00,hyperliquid,HYPE/USDC:USDC,20363922.840000004,1.25e-05,39.815
2026-03-19T11:00:00+00:00,hyperliquid,HYPE/USDC:USDC,20420260.100000005,1.25e-05,39.9025
2026-03-19T12:00:00+00:00,hyperliquid,HYPE/USDC:USDC,20447371.680000007,1.25e-05,39.3365
2026-03-19T13:00:00+00:00,hyperliquid,HYPE/USDC:USDC,20395849.259999976,1.25e-05,38.9045
2026-03-19T14:00:00+00:00,hyperliquid,HYPE/USDC:USDC,20431871.379999988,1.48951e-05,39.5195
2026-03-19T15:00:00+00:00,hyperliquid,HYPE/USDC:USDC,20619464.920000006,1.25e-05,39.7165
2026-03-19T16:00:00+00:00,hyperliquid,HYPE/USDC:USDC,20609247.719999984,1.25e-05,39.6975
2026-03-19T17:00:00+00:00,hyperliquid,HYPE/USDC:USDC,20654372.019999936,1.25e-05,39.3495
2026-03-19T18:00:00+00:00,hyperliquid,HYPE/USDC:USDC,20822507.959999993,2.0189e-05,40.092
2026-03-19T19:00:00+00:00,hyperliquid,HYPE/USDC:USDC,20797288.539999988,4.29266e-05,40.1795
2026-03-19T20:00:00+00:00,hyperliquid,HYPE/USDC:USDC,20638824.199999984,1.25e-05,39.8665
2026-03-19T21:00:00+00:00,hyperliquid,HYPE/USDC:USDC,20679283.899999987,1.25e-05,39.4295
2026-03-19T22:00:00+00:00,hyperliquid,HYPE/USDC:USDC,20628183.78000001,1.25e-05,39.1865
2026-03-19T23:00:00+00:00,hyperliquid,HYPE/USDC:USDC,20609453.399999987,1.25e-05,39.4445
2026-03-20T00:00:00+00:00,hyperliquid,HYPE/USDC:USDC,20636527.379999995,1.25e-05,39.2955
2026-03-20T01:00:00+00:00,hyperliquid,HYPE/USDC:USDC,20589834.939999994,1.25e-05,40.196
2026-03-20T02:00:00+00:00,hyperliquid,HYPE/USDC:USDC,20431495.559999976,1.25e-05,39.852
2026-03-20T03:00:00+00:00,hyperliquid,HYPE/USDC:USDC,20373638.139999982,1.25e-05,39.6265
2026-03-20T04:00:00+00:00,hyperliquid,HYPE/USDC:USDC,20366575.680000003,1.25e-05,39.947
2026-03-20T05:00:00+00:00,hyperliquid,HYPE/USDC:USDC,20411758.519999977,1.25e-05,39.6335
2026-03-20T06:00:00+00:00,hyperliquid,HYPE/USDC:USDC,20475680.77999997,1.25e-05,39.8175
2026-03-20T07:00:00+00:00,hyperliquid,HYPE/USDC:USDC,20530301.8,1.25e-05,39.2205
2026-03-20T08:00:00+00:00,hyperliquid,HYPE/USDC:USDC,20562284.09999996,4.99395e-05,40.2075
2026-03-20T09:00:00+00:00,hyperliquid,HYPE/USDC:USDC,20481401.09999999,1.25e-05,39.6845
2026-03-20T10:00:00+00:00,hyperliquid,HYPE/USDC:USDC,20668480.639999993,1.25e-05,39.4185
2026-03-20T11:00:00+00:00,hyperliquid,HYPE/USDC:USDC,20826399.059999987,1.25e-05,39.553
2026-03-20T12:00:00+00:00,hyperliquid,HYPE/USDC:USDC,20778124.779999983,1.25e-05,39.569
2026-03-20T13:00:00+00:00,hyperliquid,HYPE/USDC:USDC,20815151.899999984,4.25983e-05,39.5845
2026-03-20T14:00:00+00:00,hyperliquid,HYPE/USDC:USDC,20794642.45999998,1.25e-05,38.9575
2026-03-20T15:00:00+00:00,hyperliquid,HYPE/USDC:USDC,20739943.39999997,1.25e-05,38.9475
2026-03-20T16:00:00+00:00,hyperliquid,HYPE/USDC:USDC,20758154.099999998,1.25e-05,39.4135
2026-03-20T17:00:00+00:00,hyperliquid,HYPE/USDC:USDC,20851690.78,1.25e-05,39.3935
2026-03-20T18:00:00+00:00,hyperliquid,HYPE/USDC:USDC,20868811.499999996,1.25e-05,39.2095
2026-03-20T19:00:00+00:00,hyperliquid,HYPE/USDC:USDC,20897163.51999999,1.25e-05,39.0845
2026-03-20T20:00:00+00:00,hyperliquid,HYPE/USDC:USDC,20888807.75999998,1.25e-05,39.3165
2026-03-20T21:00:00+00:00,hyperliquid,HYPE/USDC:USDC,20928459.720000006,1.25e-05,39.1455
2026-03-20T22:00:00+00:00,hyperliquid,HYPE/USDC:USDC,20981669.12000001,1.25e-05,39.7295
2026-03-20T23:00:00+00:00,hyperliquid,HYPE/USDC:USDC,21050595.79999999,1.25e-05,39.9735
2026-03-21T00:00:00+00:00,hyperliquid,HYPE/USDC:USDC,21030474.479999993,1.25e-05,39.6335
2026-03-21T01:00:00+00:00,hyperliquid,HYPE/USDC:USDC,21018434.979999993,1.25e-05,39.5025
2026-03-21T02:00:00+00:00,hyperliquid,HYPE/USDC:USDC,21013921.05999999,1.25e-05,39.4295
2026-03-21T03:00:00+00:00,hyperliquid,HYPE/USDC:USDC,21001420.239999995,1.25e-05,39.6915
2026-03-21T04:00:00+00:00,hyperliquid,HYPE/USDC:USDC,20976179.240000002,1.25e-05,39.734
2026-03-21T05:00:00+00:00,hyperliquid,HYPE/USDC:USDC,20978088.660000004,1.25e-05,39.5395
2026-03-21T06:00:00+00:00,hyperliquid,HYPE/USDC:USDC,20967224.86,1.25e-05,39.3965
2026-03-21T07:00:00+00:00,hyperliquid,HYPE/USDC:USDC,20996627.62,1.25e-05,39.424
2026-03-21T08:00:00+00:00,hyperliquid,HYPE/USDC:USDC,21011728.45999999,1.25e-05,39.6935
2026-03-21T09:00:00+00:00,hyperliquid,HYPE/USDC:USDC,20985614.61999999,1.25e-05,39.5065
2026-03-21T10:00:00+00:00,hyperliquid,HYPE/USDC:USDC,20982942.81999999,1.25e-05,39.619
2026-03-21T11:00:00+00:00,hyperliquid,HYPE/USDC:USDC,20951050.19999998,1.25e-05,39.857
2026-03-21T12:00:00+00:00,hyperliquid,HYPE/USDC:USDC,20933119.6,1.25e-05,40.1205
2026-03-21T13:00:00+00:00,hyperliquid,HYPE/USDC:USDC,20888545.020000003,1.25e-05,39.801
2026-03-21T14:00:00+00:00,hyperliquid,HYPE/USDC:USDC,20895864.719999984,1.25e-05,39.9245
2026-03-21T15:00:00+00:00,hyperliquid,HYPE/USDC:USDC,20892063.26,1.25e-05,39.8225
2026-03-21T16:00:00+00:00,hyperliquid,HYPE/USDC:USDC,20895432.63999999,1.25e-05,39.9245
2026-03-21T17:00:00+00:00,hyperliquid,HYPE/USDC:USDC,20882822.09999999,1.25e-05,39.9675
2026-03-21T18:00:00+00:00,hyperliquid,HYPE/USDC:USDC,20893801.539999995,1.25e-05,40.2005
2026-03-21T19:00:00+00:00,hyperliquid,HYPE/USDC:USDC,20902288.58,1.25e-05,40.3245
2026-03-21T20:00:00+00:00,hyperliquid,HYPE/USDC:USDC,20921626.419999998,1.25e-05,40.1625
2026-03-21T21:00:00+00:00,hyperliquid,HYPE/USDC:USDC,20927361.480000004,1.25e-05,40.2435
2026-03-21T22:00:00+00:00,hyperliquid,HYPE/USDC:USDC,20933369.379999984,1.25e-05,40.0505
2026-03-21T23:00:00+00:00,hyperliquid,HYPE/USDC:USDC,20915057.099999994,1.25e-05,39.8235
2026-03-22T00:00:00+00:00,hyperliquid,HYPE/USDC:USDC,20918698.42,1.25e-05,38.7525
2026-03-22T01:00:00+00:00,hyperliquid,HYPE/USDC:USDC,21054466.47999999,1.25e-05,39.3765
2026-03-22T02:00:00+00:00,hyperliquid,HYPE/USDC:USDC,20979361.980000004,1.25e-05,38.749
2026-03-22T03:00:00+00:00,hyperliquid,HYPE/USDC:USDC,21001994.159999993,1.25e-05,39.0855
2026-03-22T04:00:00+00:00,hyperliquid,HYPE/USDC:USDC,21011250.19999998,1.25e-05,39.1415
2026-03-22T05:00:00+00:00,hyperliquid,HYPE/USDC:USDC,21024338.05999998,1.25e-05,38.9345
2026-03-22T06:00:00+00:00,hyperliquid,HYPE/USDC:USDC,20974137.180000015,1.25e-05,38.3875
2026-03-22T07:00:00+00:00,hyperliquid,HYPE/USDC:USDC,20927998.72000001,1.25e-05,38.491
2026-03-22T08:00:00+00:00,hyperliquid,HYPE/USDC:USDC,20974260.679999992,1.25e-05,38.1175
2026-03-22T09:00:00+00:00,hyperliquid,HYPE/USDC:USDC,20951606.320000026,1.25e-05,38.3085
2026-03-22T10:00:00+00:00,hyperliquid,HYPE/USDC:USDC,20958316.460000034,1.25e-05,38.108
2026-03-22T11:00:00+00:00,hyperliquid,HYPE/USDC:USDC,20976092.1,1.25e-05,37.9815
2026-03-22T12:00:00+00:00,hyperliquid,HYPE/USDC:USDC,20943927.71999999,1.25e-05,38.0445
2026-03-22T13:00:00+00:00,hyperliquid,HYPE/USDC:USDC,20935771.460000005,1.25e-05,38.3045
2026-03-22T14:00:00+00:00,hyperliquid,HYPE/USDC:USDC,20909850.720000003,1.25e-05,38.2435
2026-03-22T15:00:00+00:00,hyperliquid,HYPE/USDC:USDC,20942820.5,1.25e-05,38.2615
2026-03-22T16:00:00+00:00,hyperliquid,HYPE/USDC:USDC,20872825.40000001,1.25e-05,38.097
2026-03-22T17:00:00+00:00,hyperliquid,HYPE/USDC:USDC,20944894.519999992,1.25e-05,38.0305
2026-03-22T18:00:00+00:00,hyperliquid,HYPE/USDC:USDC,20968063.980000004,1.25e-05,38.0695
2026-03-22T19:00:00+00:00,hyperliquid,HYPE/USDC:USDC,20987502.58000001,1.25e-05,38.0245
2026-03-22T20:00:00+00:00,hyperliquid,HYPE/USDC:USDC,20987106.320000004,1.25e-05,38.0085
2026-03-22T21:00:00+00:00,hyperliquid,HYPE/USDC:USDC,20967717.000000015,1.25e-05,37.9825
2026-03-22T22:00:00+00:00,hyperliquid,HYPE/USDC:USDC,20911611.620000005,1.25e-05,37.5195
2026-03-22T23:00:00+00:00,hyperliquid,HYPE/USDC:USDC,20831184.060000025,1.25e-05,38.5285
2026-03-23T00:00:00+00:00,hyperliquid,HYPE/USDC:USDC,20868125.759999998,1.25e-05,38.3075
2026-03-23T01:00:00+00:00,hyperliquid,HYPE/USDC:USDC,21053086.14000002,1.25e-05,37.5545
2026-03-23T02:00:00+00:00,hyperliquid,HYPE/USDC:USDC,21094780.12000001,1.25e-05,38.0145
2026-03-23T03:00:00+00:00,hyperliquid,HYPE/USDC:USDC,21131668.039999988,1.25e-05,38.2725
2026-03-23T04:00:00+00:00,hyperliquid,HYPE/USDC:USDC,21214861.96000001,1.25e-05,38.0265
2026-03-23T05:00:00+00:00,hyperliquid,HYPE/USDC:USDC,21300213.159999993,1.25e-05,38.4165
2026-03-23T06:00:00+00:00,hyperliquid,HYPE/USDC:USDC,21292350.92000002,1.25e-05,38.134
2026-03-23T07:00:00+00:00,hyperliquid,HYPE/USDC:USDC,21356473.860000007,1.25e-05,37.6415
2026-03-23T08:00:00+00:00,hyperliquid,HYPE/USDC:USDC,21328275.919999998,1.25e-05,37.5415
2026-03-23T09:00:00+00:00,hyperliquid,HYPE/USDC:USDC,21322222.120000012,1.62268e-05,37.2735
2026-03-23T10:00:00+00:00,hyperliquid,HYPE/USDC:USDC,21357519.94000002,1.25e-05,36.98
2026-03-23T11:00:00+00:00,hyperliquid,HYPE/USDC:USDC,21442931.640000008,4.4507e-05,37.101
2026-03-23T12:00:00+00:00,hyperliquid,HYPE/USDC:USDC,21526533.46000001,1.25e-05,37.2545
2026-03-23T13:00:00+00:00,hyperliquid,HYPE/USDC:USDC,21703423.39999998,1.25e-05,38.424
2026-03-23T14:00:00+00:00,hyperliquid,HYPE/USDC:USDC,21623897.38,1.25e-05,38.666
2026-03-23T15:00:00+00:00,hyperliquid,HYPE/USDC:USDC,21714340.40000001,1.25e-05,38.306
2026-03-23T16:00:00+00:00,hyperliquid,HYPE/USDC:USDC,21736969.97999999,1.25e-05,37.6605
2026-03-23T17:00:00+00:00,hyperliquid,HYPE/USDC:USDC,21680841.240000002,1.25e-05,37.6885
2026-03-23T18:00:00+00:00,hyperliquid,HYPE/USDC:USDC,21657235.35999997,1.25e-05,38.1905
2026-03-23T19:00:00+00:00,hyperliquid,HYPE/USDC:USDC,21633796.080000002,1.25e-05,37.669
2026-03-23T20:00:00+00:00,hyperliquid,HYPE/USDC:USDC,21563573.199999988,1.25e-05,37.9725
2026-03-23T21:00:00+00:00,hyperliquid,HYPE/USDC:USDC,21568745.12,1.25e-05,38.1395
2026-03-23T22:00:00+00:00,hyperliquid,HYPE/USDC:USDC,21554575.380000014,1.25e-05,37.741
2026-03-23T23:00:00+00:00,hyperliquid,HYPE/USDC:USDC,21579226.419999998,1.25e-05,37.5235
2026-03-24T00:00:00+00:00,hyperliquid,HYPE/USDC:USDC,21713435.81999999,1.25e-05,37.4235
2026-03-24T01:00:00+00:00,hyperliquid,HYPE/USDC:USDC,21607948.639999986,1.25e-05,37.5055
2026-03-24T02:00:00+00:00,hyperliquid,HYPE/USDC:USDC,21567839.939999986,1.25e-05,37.388
2026-03-24T03:00:00+00:00,hyperliquid,HYPE/USDC:USDC,21561800.85999999,1.25e-05,37.5085
2026-03-24T04:00:00+00:00,hyperliquid,HYPE/USDC:USDC,21508152.18000001,1.25e-05,37.9555
2026-03-24T05:00:00+00:00,hyperliquid,HYPE/USDC:USDC,21451082.679999996,1.25e-05,38.0675
2026-03-24T06:00:00+00:00,hyperliquid,HYPE/USDC:USDC,21384731.619999986,1.25e-05,37.9035
2026-03-24T07:00:00+00:00,hyperliquid,HYPE/USDC:USDC,21368162.599999994,1.25e-05,38.1295
2026-03-24T08:00:00+00:00,hyperliquid,HYPE/USDC:USDC,21255585.67999999,1.25e-05,38.5555
2026-03-24T09:00:00+00:00,hyperliquid,HYPE/USDC:USDC,21162648.019999973,1.25e-05,38.2955
2026-03-24T10:00:00+00:00,hyperliquid,HYPE/USDC:USDC,21132857.740000006,1.25e-05,38.46
2026-03-24T11:00:00+00:00,hyperliquid,HYPE/USDC:USDC,21129688.020000003,1.25e-05,38.5315
2026-03-24T12:00:00+00:00,hyperliquid,HYPE/USDC:USDC,21132386.060000006,1.25e-05,38.5635
2026-03-24T13:00:00+00:00,hyperliquid,HYPE/USDC:USDC,21113886.92000001,-1.69475e-05,38.6755
2026-03-24T14:00:00+00:00,hyperliquid,HYPE/USDC:USDC,21130064.74000003,1.25e-05,38.5315
2026-03-24T15:00:00+00:00,hyperliquid,HYPE/USDC:USDC,21088488.64000001,1.25e-05,38.7515
2026-03-24T16:00:00+00:00,hyperliquid,HYPE/USDC:USDC,20967468.88000003,1.9672e-06,39.2205
2026-03-24T17:00:00+00:00,hyperliquid,HYPE/USDC:USDC,20907356.02,1.25e-05,39.3185
2026-03-24T18:00:00+00:00,hyperliquid,HYPE/USDC:USDC,20956728.71999997,1.25e-05,39.016
2026-03-24T19:00:00+00:00,hyperliquid,HYPE/USDC:USDC,21097319.58000001,1.25e-05,39.7845
2026-03-24T20:00:00+00:00,hyperliquid,HYPE/USDC:USDC,21071551.91999998,1.25e-05,39.8645
2026-03-24T21:00:00+00:00,hyperliquid,HYPE/USDC:USDC,21120080.260000028,1.25e-05,40.2965
2026-03-24T22:00:00+00:00,hyperliquid,HYPE/USDC:USDC,20969527.78000001,9.3088e-06,39.8395
2026-03-24T23:00:00+00:00,hyperliquid,HYPE/USDC:USDC,20897858.17999999,1.25e-05,40.0265
2026-03-25T00:00:00+00:00,hyperliquid,HYPE/USDC:USDC,20891578.080000002,1.25e-05,40.356
2026-03-25T01:00:00+00:00,hyperliquid,HYPE/USDC:USDC,20845523.199999988,1.25e-05,40.4165
2026-03-25T02:00:00+00:00,hyperliquid,HYPE/USDC:USDC,20855663.36000001,1.25e-05,40.1385
2026-03-25T03:00:00+00:00,hyperliquid,HYPE/USDC:USDC,20826435.85999998,1.25e-05,40.1535
2026-03-25T04:00:00+00:00,hyperliquid,HYPE/USDC:USDC,20942453.120000016,1.25e-05,40.2965
2026-03-25T05:00:00+00:00,hyperliquid,HYPE/USDC:USDC,20962493.040000003,1.25e-05,40.3025
2026-03-25T06:00:00+00:00,hyperliquid,HYPE/USDC:USDC,20977463.50000003,1.25e-05,40.1795
2026-03-25T07:00:00+00:00,hyperliquid,HYPE/USDC:USDC,20987163.979999997,1.25e-05,40.0765
2026-03-25T08:00:00+00:00,hyperliquid,HYPE/USDC:USDC,21007698.59999999,1.25e-05,40.5835
2026-03-25T09:00:00+00:00,hyperliquid,HYPE/USDC:USDC,21027962.659999985,1.25e-05,40.5935
2026-03-25T10:00:00+00:00,hyperliquid,HYPE/USDC:USDC,21032683.259999987,1.25e-05,40.6715
2026-03-25T11:00:00+00:00,hyperliquid,HYPE/USDC:USDC,20979625.199999988,1.25e-05,40.8365
2026-03-25T12:00:00+00:00,hyperliquid,HYPE/USDC:USDC,21013833.71999999,1.25e-05,41.2395
2026-03-25T13:00:00+00:00,hyperliquid,HYPE/USDC:USDC,20996007.81999998,1.25e-05,40.93
2026-03-25T14:00:00+00:00,hyperliquid,HYPE/USDC:USDC,21036283.799999963,1.25e-05,40.8685
2026-03-25T15:00:00+00:00,hyperliquid,HYPE/USDC:USDC,21115081.279999983,1.25e-05,40.345
2026-03-25T16:00:00+00:00,hyperliquid,HYPE/USDC:USDC,21121597.760000013,1.25e-05,40.401
2026-03-25T17:00:00+00:00,hyperliquid,HYPE/USDC:USDC,21271203.680000003,1.25e-05,40.5915
2026-03-25T18:00:00+00:00,hyperliquid,HYPE/USDC:USDC,21233060.79999999,1.25e-05,40.4795
2026-03-25T19:00:00+00:00,hyperliquid,HYPE/USDC:USDC,21295565.799999982,1.25e-05,40.3365
2026-03-25T20:00:00+00:00,hyperliquid,HYPE/USDC:USDC,21340951.519999996,1.25e-05,40.4485
2026-03-25T21:00:00+00:00,hyperliquid,HYPE/USDC:USDC,21214803.539999995,1.25e-05,39.8075
2026-03-25T22:00:00+00:00,hyperliquid,HYPE/USDC:USDC,21292856.580000013,1.25e-05,40.2495
2026-03-25T23:00:00+00:00,hyperliquid,HYPE/USDC:USDC,21373122.259999987,1.25e-05,40.261
2026-03-26T00:00:00+00:00,hyperliquid,HYPE/USDC:USDC,21402116.080000006,1.25e-05,40.2955
2026-03-26T01:00:00+00:00,hyperliquid,HYPE/USDC:USDC,21415839.759999994,1.25e-05,40.0345
2026-03-26T02:00:00+00:00,hyperliquid,HYPE/USDC:USDC,21431507.140000004,1.25e-05,40.0935
2026-03-26T03:00:00+00:00,hyperliquid,HYPE/USDC:USDC,21441750.91999999,1.25e-05,39.6235
2026-03-26T04:00:00+00:00,hyperliquid,HYPE/USDC:USDC,21462076.759999983,1.25e-05,39.4075
2026-03-26T05:00:00+00:00,hyperliquid,HYPE/USDC:USDC,21425247.319999937,4.6375e-06,39.2145
2026-03-26T06:00:00+00:00,hyperliquid,HYPE/USDC:USDC,21428384.759999983,1.25e-05,38.959
2026-03-26T07:00:00+00:00,hyperliquid,HYPE/USDC:USDC,21396289.139999997,1.25e-05,38.7425
2026-03-26T08:00:00+00:00,hyperliquid,HYPE/USDC:USDC,21457426.419999994,1.25e-05,39.0355
2026-03-26T09:00:00+00:00,hyperliquid,HYPE/USDC:USDC,21441835.799999975,1.2452e-05,39.1125
2026-03-26T10:00:00+00:00,hyperliquid,HYPE/USDC:USDC,21503865.719999984,1.25e-05,39.1725
2026-03-26T11:00:00+00:00,hyperliquid,HYPE/USDC:USDC,21556234.300000016,1.25e-05,38.9725
2026-03-26T12:00:00+00:00,hyperliquid,HYPE/USDC:USDC,21570169.68,1.25e-05,39.1085
2026-03-26T13:00:00+00:00,hyperliquid,HYPE/USDC:USDC,21552052.000000007,1.25e-05,39.3955
2026-03-26T14:00:00+00:00,hyperliquid,HYPE/USDC:USDC,21392234.699999984,1.25e-05,39.5235
2026-03-26T15:00:00+00:00,hyperliquid,HYPE/USDC:USDC,21433341.859999992,1.25e-05,39.5835
2026-03-26T16:00:00+00:00,hyperliquid,HYPE/USDC:USDC,21452737.960000005,1.25e-05,39.1685
2026-03-26T17:00:00+00:00,hyperliquid,HYPE/USDC:USDC,21481899.139999997,1.25e-05,39.041
2026-03-26T18:00:00+00:00,hyperliquid,HYPE/USDC:USDC,21546364.660000008,1.25e-05,38.6005
2026-03-26T19:00:00+00:00,hyperliquid,HYPE/USDC:USDC,21682009.50000001,1.25e-05,38.5805
2026-03-26T20:00:00+00:00,hyperliquid,HYPE/USDC:USDC,21728781.30000001,1.25e-05,38.3945
2026-03-26T21:00:00+00:00,hyperliquid,HYPE/USDC:USDC,21713179.240000002,1.25e-05,38.782
2026-03-26T22:00:00+00:00,hyperliquid,HYPE/USDC:USDC,21725430.67999999,1.25e-05,38.9985
2026-03-26T23:00:00+00:00,hyperliquid,HYPE/USDC:USDC,21717570.899999995,1.25e-05,39.016
2026-03-27T00:00:00+00:00,hyperliquid,HYPE/USDC:USDC,21741526.359999985,1.25e-05,39.241
2026-03-27T01:00:00+00:00,hyperliquid,HYPE/USDC:USDC,21713294.819999997,1.25e-05,38.9375
2026-03-27T02:00:00+00:00,hyperliquid,HYPE/USDC:USDC,21683784.440000005,1.25e-05,38.9015
2026-03-27T03:00:00+00:00,hyperliquid,HYPE/USDC:USDC,21670211.400000013,1.25e-05,38.529
2026-03-27T04:00:00+00:00,hyperliquid,HYPE/USDC:USDC,21660419.319999993,1.25e-05,38.6025
2026-03-27T05:00:00+00:00,hyperliquid,HYPE/USDC:USDC,21695131.90000001,1.25e-05,38.7555
2026-03-27T06:00:00+00:00,hyperliquid,HYPE/USDC:USDC,21695941.120000012,1.25e-05,38.7375
2026-03-27T07:00:00+00:00,hyperliquid,HYPE/USDC:USDC,21694766.500000004,1.25e-05,38.6585
2026-03-27T08:00:00+00:00,hyperliquid,HYPE/USDC:USDC,21762734.300000023,1.25e-05,39.3475
2026-03-27T09:00:00+00:00,hyperliquid,HYPE/USDC:USDC,21847282.6,1.25e-05,38.8315
2026-03-27T10:00:00+00:00,hyperliquid,HYPE/USDC:USDC,21849422.62,1.25e-05,38.7885
2026-03-27T11:00:00+00:00,hyperliquid,HYPE/USDC:USDC,21851351.519999996,3.19e-07,38.0425
2026-03-27T12:00:00+00:00,hyperliquid,HYPE/USDC:USDC,21866913.71999998,1.25e-05,38.313
2026-03-27T13:00:00+00:00,hyperliquid,HYPE/USDC:USDC,21853606.099999983,1.25e-05,38.3935
2026-03-27T14:00:00+00:00,hyperliquid,HYPE/USDC:USDC,21896857.019999977,1.25e-05,38.241
2026-03-27T15:00:00+00:00,hyperliquid,HYPE/USDC:USDC,21968855.74,1.25e-05,38.5605
2026-03-27T16:00:00+00:00,hyperliquid,HYPE/USDC:USDC,21899445.980000004,1.25e-05,38.5805
2026-03-27T17:00:00+00:00,hyperliquid,HYPE/USDC:USDC,21947378.240000013,1.25e-05,38.455
2026-03-27T18:00:00+00:00,hyperliquid,HYPE/USDC:USDC,21961645.58,1.25e-05,38.1985
2026-03-27T19:00:00+00:00,hyperliquid,HYPE/USDC:USDC,21979004.44000001,1.25e-05,38.3805
2026-03-27T20:00:00+00:00,hyperliquid,HYPE/USDC:USDC,22062873.919999998,1.25e-05,38.7595
2026-03-27T21:00:00+00:00,hyperliquid,HYPE/USDC:USDC,22023343.640000004,1.25e-05,38.4505
2026-03-27T22:00:00+00:00,hyperliquid,HYPE/USDC:USDC,22026243.800000012,1.25e-05,38.4795
2026-03-27T23:00:00+00:00,hyperliquid,HYPE/USDC:USDC,22017769.36000001,1.25e-05,38.3775
2026-03-28T00:00:00+00:00,hyperliquid,HYPE/USDC:USDC,22015258.68000002,1.25e-05,38.5985
2026-03-28T01:00:00+00:00,hyperliquid,HYPE/USDC:USDC,22066844.399999995,1.25e-05,38.064
2026-03-28T02:00:00+00:00,hyperliquid,HYPE/USDC:USDC,22063383.740000017,1.25e-05,38.2745
2026-03-28T03:00:00+00:00,hyperliquid,HYPE/USDC:USDC,22101570.21999999,1.25e-05,38.4145
2026-03-28T04:00:00+00:00,hyperliquid,HYPE/USDC:USDC,22116656.599999994,1.25e-05,38.4405
2026-03-28T05:00:00+00:00,hyperliquid,HYPE/USDC:USDC,22120538.259999998,1.13701e-05,38.45
2026-03-28T06:00:00+00:00,hyperliquid,HYPE/USDC:USDC,22096718.45999999,1.25e-05,38.5535
2026-03-28T07:00:00+00:00,hyperliquid,HYPE/USDC:USDC,22182324.640000015,1.25e-05,39.1435
2026-03-28T08:00:00+00:00,hyperliquid,HYPE/USDC:USDC,22172277.46,1.25e-05,39.3645
2026-03-28T09:00:00+00:00,hyperliquid,HYPE/USDC:USDC,22180475.74,1.25e-05,39.5585
2026-03-28T10:00:00+00:00,hyperliquid,HYPE/USDC:USDC,22188867.119999994,1.25e-05,39.479
2026-03-28T11:00:00+00:00,hyperliquid,HYPE/USDC:USDC,22157624.28,1.25e-05,39.3145
2026-03-28T12:00:00+00:00,hyperliquid,HYPE/USDC:USDC,22169239.42,6.5083e-06,39.5145
2026-03-28T13:00:00+00:00,hyperliquid,HYPE/USDC:USDC,22083599.01999999,1.25e-05,40.0905
2026-03-28T14:00:00+00:00,hyperliquid,HYPE/USDC:USDC,22114126.980000008,1.25e-05,39.8255
2026-03-28T15:00:00+00:00,hyperliquid,HYPE/USDC:USDC,22077916.619999994,1.25e-05,39.9255
2026-03-28T16:00:00+00:00,hyperliquid,HYPE/USDC:USDC,22032799.119999982,1.25e-05,40.167
2026-03-28T17:00:00+00:00,hyperliquid,HYPE/USDC:USDC,21948397.559999984,1.25e-05,39.8095
2026-03-28T18:00:00+00:00,hyperliquid,HYPE/USDC:USDC,21908681.5,1.25e-05,39.7515
2026-03-28T19:00:00+00:00,hyperliquid,HYPE/USDC:USDC,21920215.639999986,1.25e-05,39.7035
2026-03-28T20:00:00+00:00,hyperliquid,HYPE/USDC:USDC,21894332.02,1.25e-05,39.8445
2026-03-28T21:00:00+00:00,hyperliquid,HYPE/USDC:USDC,21890072.279999994,1.25e-05,39.8925
2026-03-28T22:00:00+00:00,hyperliquid,HYPE/USDC:USDC,21859638.93999999,1.25e-05,39.6925
2026-03-28T23:00:00+00:00,hyperliquid,HYPE/USDC:USDC,21864367.72,1.25e-05,39.8225
2026-03-29T00:00:00+00:00,hyperliquid,HYPE/USDC:USDC,21804652.380000006,1.25e-05,39.497
2026-03-29T01:00:00+00:00,hyperliquid,HYPE/USDC:USDC,21781551.580000017,1.25e-05,39.5045
2026-03-29T02:00:00+00:00,hyperliquid,HYPE/USDC:USDC,21723633.199999996,1.25e-05,39.4815
2026-03-29T03:00:00+00:00,hyperliquid,HYPE/USDC:USDC,21728308.34,1.25e-05,39.7275
2026-03-29T04:00:00+00:00,hyperliquid,HYPE/USDC:USDC,21746130.739999983,1.25e-05,39.8495
2026-03-29T05:00:00+00:00,hyperliquid,HYPE/USDC:USDC,21744273.400000006,1.25e-05,39.7715
2026-03-29T06:00:00+00:00,hyperliquid,HYPE/USDC:USDC,21763227.19999999,1.25e-05,39.8215
2026-03-29T07:00:00+00:00,hyperliquid,HYPE/USDC:USDC,21765874.91999999,1.876e-06,39.7015
2026-03-29T08:00:00+00:00,hyperliquid,HYPE/USDC:USDC,21763355.440000005,9.5859e-06,39.6675
2026-03-29T09:00:00+00:00,hyperliquid,HYPE/USDC:USDC,21768272.65999999,1.25e-05,39.8455
2026-03-29T10:00:00+00:00,hyperliquid,HYPE/USDC:USDC,21759647.91999998,-1.9554e-06,39.529
2026-03-29T11:00:00+00:00,hyperliquid,HYPE/USDC:USDC,21758486.32,1.25e-05,39.4105
2026-03-29T12:00:00+00:00,hyperliquid,HYPE/USDC:USDC,21746384.29999999,1.25e-05,39.3025
2026-03-29T13:00:00+00:00,hyperliquid,HYPE/USDC:USDC,21758239.300000004,1.25e-05,39.1205
2026-03-29T14:00:00+00:00,hyperliquid,HYPE/USDC:USDC,21776415.459999993,4.394e-07,39.0425
2026-03-29T15:00:00+00:00,hyperliquid,HYPE/USDC:USDC,21700487.320000008,4.2682e-06,38.8505
2026-03-29T16:00:00+00:00,hyperliquid,HYPE/USDC:USDC,21731149.899999987,1.25e-05,38.9495
2026-03-29T17:00:00+00:00,hyperliquid,HYPE/USDC:USDC,21691914.319999997,1.25e-05,38.9335
2026-03-29T18:00:00+00:00,hyperliquid,HYPE/USDC:USDC,21699551.360000007,-5.1806e-06,38.7285
2026-03-29T19:00:00+00:00,hyperliquid,HYPE/USDC:USDC,21644857.979999997,9.6993e-06,38.6815
2026-03-29T20:00:00+00:00,hyperliquid,HYPE/USDC:USDC,21610156.279999994,-2.17578e-05,38.5715
2026-03-29T21:00:00+00:00,hyperliquid,HYPE/USDC:USDC,21541432.82,1.8903e-06,38.7335
2026-03-29T22:00:00+00:00,hyperliquid,HYPE/USDC:USDC,21494584.09999998,7.393e-07,38.4365
2026-03-29T23:00:00+00:00,hyperliquid,HYPE/USDC:USDC,21487505.480000008,-9.8904e-06,38.236
2026-03-30T00:00:00+00:00,hyperliquid,HYPE/USDC:USDC,21586149.17999999,9.7183e-06,37.8095
2026-03-30T01:00:00+00:00,hyperliquid,HYPE/USDC:USDC,21413011.58,6.6774e-06,37.7695
2026-03-30T02:00:00+00:00,hyperliquid,HYPE/USDC:USDC,21376862.060000017,1.25e-05,38.0875
2026-03-30T03:00:00+00:00,hyperliquid,HYPE/USDC:USDC,21369018.080000006,1.25e-05,38.42
2026-03-30T04:00:00+00:00,hyperliquid,HYPE/USDC:USDC,21332448.92,1.18894e-05,38.335
2026-03-30T05:00:00+00:00,hyperliquid,HYPE/USDC:USDC,21325863.880000018,-3.2048e-06,38.671
2026-03-30T06:00:00+00:00,hyperliquid,HYPE/USDC:USDC,21208813.82000003,1.25e-05,38.3145
2026-03-30T07:00:00+00:00,hyperliquid,HYPE/USDC:USDC,21201003.840000022,1.25e-05,38.2225
2026-03-30T08:00:00+00:00,hyperliquid,HYPE/USDC:USDC,21269936.899999995,1.25e-05,38.4525
2026-03-30T09:00:00+00:00,hyperliquid,HYPE/USDC:USDC,21396871.84000002,-2.3157e-06,38.1925
2026-03-30T10:00:00+00:00,hyperliquid,HYPE/USDC:USDC,21377577.15999998,1.25e-05,37.9895
2026-03-30T11:00:00+00:00,hyperliquid,HYPE/USDC:USDC,21376876.479999986,7.2711e-06,38.0065
2026-03-30T12:00:00+00:00,hyperliquid,HYPE/USDC:USDC,21410565.119999982,7.5157e-06,38.054
2026-03-30T13:00:00+00:00,hyperliquid,HYPE/USDC:USDC,21417535.999999985,9.181e-06,38.212
2026-03-30T14:00:00+00:00,hyperliquid,HYPE/USDC:USDC,21405048.35999999,1.25e-05,38.048
2026-03-30T15:00:00+00:00,hyperliquid,HYPE/USDC:USDC,21411858.259999987,-1.49164e-05,38.2035
2026-03-30T16:00:00+00:00,hyperliquid,HYPE/USDC:USDC,21429156.800000012,1.25e-05,38.1855
2026-03-30T17:00:00+00:00,hyperliquid,HYPE/USDC:USDC,21433296.11999999,1.25e-05,37.9045
2026-03-30T18:00:00+00:00,hyperliquid,HYPE/USDC:USDC,21549479.979999978,1.25e-05,37.3435
2026-03-30T19:00:00+00:00,hyperliquid,HYPE/USDC:USDC,21625660.06,1.25e-05,37.2645
2026-03-30T20:00:00+00:00,hyperliquid,HYPE/USDC:USDC,21455601.23999999,1.25e-05,37.0285
2026-03-30T21:00:00+00:00,hyperliquid,HYPE/USDC:USDC,21602978.319999985,1.25e-05,36.9025
2026-03-30T22:00:00+00:00,hyperliquid,HYPE/USDC:USDC,21669079.000000007,1.25e-05,37.111
2026-03-30T23:00:00+00:00,hyperliquid,HYPE/USDC:USDC,21687503.319999993,1.25e-05,36.9985
2026-03-31T00:00:00+00:00,hyperliquid,HYPE/USDC:USDC,21623430.279999986,1.25e-05,36.862
2026-03-31T01:00:00+00:00,hyperliquid,HYPE/USDC:USDC,21637287.040000007,1.25e-05,37.0575
2026-03-31T02:00:00+00:00,hyperliquid,HYPE/USDC:USDC,21592005.060000006,1.25e-05,37.3585
2026-03-31T03:00:00+00:00,hyperliquid,HYPE/USDC:USDC,21637023.299999982,1.25e-05,37.2675
2026-03-31T04:00:00+00:00,hyperliquid,HYPE/USDC:USDC,21647844.52,1.25e-05,37.2605
2026-03-31T05:00:00+00:00,hyperliquid,HYPE/USDC:USDC,21613494.840000015,1.25e-05,36.9805
2026-03-31T06:00:00+00:00,hyperliquid,HYPE/USDC:USDC,21613413.979999986,1.25e-05,37.1205
2026-03-31T07:00:00+00:00,hyperliquid,HYPE/USDC:USDC,21628675.84,1.25e-05,37.0505
2026-03-31T08:00:00+00:00,hyperliquid,HYPE/USDC:USDC,21567430.359999992,1.25e-05,36.6105
2026-03-31T09:00:00+00:00,hyperliquid,HYPE/USDC:USDC,21613693.999999993,1.25e-05,36.1475
2026-03-31T10:00:00+00:00,hyperliquid,HYPE/USDC:USDC,21651508.579999994,1.25e-05,35.8895
2026-03-31T11:00:00+00:00,hyperliquid,HYPE/USDC:USDC,21612811.559999995,1.25e-05,35.9815
2026-03-31T12:00:00+00:00,hyperliquid,HYPE/USDC:USDC,21620335.360000007,1.25e-05,35.8545
2026-03-31T13:00:00+00:00,hyperliquid,HYPE/USDC:USDC,21626316.060000006,1.25e-05,35.9915
2026-03-31T14:00:00+00:00,hyperliquid,HYPE/USDC:USDC,21708876.500000015,2.54785e-05,36.708
2026-03-31T15:00:00+00:00,hyperliquid,HYPE/USDC:USDC,21699311.1,1.25e-05,36.1445
2026-03-31T16:00:00+00:00,hyperliquid,HYPE/USDC:USDC,21646555.199999977,1.25e-05,36.078
2026-03-31T17:00:00+00:00,hyperliquid,HYPE/USDC:USDC,21680799.699999988,1.25e-05,36.997
2026-03-31T18:00:00+00:00,hyperliquid,HYPE/USDC:USDC,21776144.819999997,1.25e-05,36.6875
2026-03-31T19:00:00+00:00,hyperliquid,HYPE/USDC:USDC,21884008.459999986,1.25e-05,36.6355
2026-03-31T20:00:00+00:00,hyperliquid,HYPE/USDC:USDC,21931315.019999992,1.25e-05,36.8595
2026-03-31T21:00:00+00:00,hyperliquid,HYPE/USDC:USDC,21900685.040000007,1.25e-05,36.5585
2026-03-31T22:00:00+00:00,hyperliquid,HYPE/USDC:USDC,21952970.039999977,1.25e-05,36.3325
2026-03-31T23:00:00+00:00,hyperliquid,HYPE/USDC:USDC,21896324.660000004,1.25e-05,36.1665
2026-04-01T00:00:00+00:00,hyperliquid,HYPE/USDC:USDC,21884271.959999997,1.25e-05,36.5435
2026-04-01T01:00:00+00:00,hyperliquid,HYPE/USDC:USDC,21895532.259999987,1.25e-05,36.565
2026-04-01T02:00:00+00:00,hyperliquid,HYPE/USDC:USDC,21756687.100000005,1.25e-05,36.132
2026-04-01T03:00:00+00:00,hyperliquid,HYPE/USDC:USDC,21782151.119999982,1.25e-05,36.23
2026-04-01T04:00:00+00:00,hyperliquid,HYPE/USDC:USDC,21760317.820000023,1.25e-05,36.431
2026-04-01T05:00:00+00:00,hyperliquid,HYPE/USDC:USDC,21743644.36000001,1.25e-05,36.5095
2026-04-01T06:00:00+00:00,hyperliquid,HYPE/USDC:USDC,21742788.140000023,1.25e-05,36.9735
2026-04-01T07:00:00+00:00,hyperliquid,HYPE/USDC:USDC,21775048.14000002,1.25e-05,37.652
2026-04-01T08:00:00+00:00,hyperliquid,HYPE/USDC:USDC,21894841.400000002,1.25e-05,37.4095
2026-04-01T09:00:00+00:00,hyperliquid,HYPE/USDC:USDC,21780359.200000003,1.25e-05,37.1545
2026-04-01T10:00:00+00:00,hyperliquid,HYPE/USDC:USDC,21634099.520000003,1.25e-05,36.995
2026-04-01T11:00:00+00:00,hyperliquid,HYPE/USDC:USDC,21606269.160000008,1.25e-05,37.0855
2026-04-01T12:00:00+00:00,hyperliquid,HYPE/USDC:USDC,21606083.48,1.25e-05,37.1365
2026-04-01T13:00:00+00:00,hyperliquid,HYPE/USDC:USDC,21650336.88000001,1.25e-05,36.91
2026-04-01T14:00:00+00:00,hyperliquid,HYPE/USDC:USDC,21635020.28000001,1.25e-05,36.7405
2026-04-01T15:00:00+00:00,hyperliquid,HYPE/USDC:USDC,21625659.980000004,1.25e-05,37.1125
2026-04-01T16:00:00+00:00,hyperliquid,HYPE/USDC:USDC,21636105.94,1.25e-05,37.4265
2026-04-01T17:00:00+00:00,hyperliquid,HYPE/USDC:USDC,21630108.86000002,1.25e-05,36.8165
2026-04-01T18:00:00+00:00,hyperliquid,HYPE/USDC:USDC,21489323.779999986,8.6297e-06,36.2945
2026-04-01T19:00:00+00:00,hyperliquid,HYPE/USDC:USDC,21516817.300000004,1.25e-05,36.145
2026-04-01T20:00:00+00:00,hyperliquid,HYPE/USDC:USDC,21542698.419999998,1.25e-05,36.2565
2026-04-01T21:00:00+00:00,hyperliquid,HYPE/USDC:USDC,21537890.259999994,1.25e-05,36.062
2026-04-01T22:00:00+00:00,hyperliquid,HYPE/USDC:USDC,21531475.960000005,1.25e-05,36.1755
2026-04-01T23:00:00+00:00,hyperliquid,HYPE/USDC:USDC,21533087.36,1.25e-05,36.0515
2026-04-02T00:00:00+00:00,hyperliquid,HYPE/USDC:USDC,21511176.680000003,1.25e-05,35.9805
2026-04-02T01:00:00+00:00,hyperliquid,HYPE/USDC:USDC,21423208.700000014,1.25e-05,36.0835
2026-04-02T02:00:00+00:00,hyperliquid,HYPE/USDC:USDC,21577173.439999994,1.25e-05,35.4405
2026-04-02T03:00:00+00:00,hyperliquid,HYPE/USDC:USDC,21557760.03999998,1.25e-05,35.5265
2026-04-02T04:00:00+00:00,hyperliquid,HYPE/USDC:USDC,21547036.759999994,1.25e-05,35.2275
2026-04-02T05:00:00+00:00,hyperliquid,HYPE/USDC:USDC,21655942.919999987,1.25e-05,35.071
2026-04-02T06:00:00+00:00,hyperliquid,HYPE/USDC:USDC,21576289.660000004,1.25e-05,35.2735
2026-04-02T07:00:00+00:00,hyperliquid,HYPE/USDC:USDC,21513995.279999997,1.25e-05,35.1635
2026-04-02T08:00:00+00:00,hyperliquid,HYPE/USDC:USDC,21580225.18,1.25e-05,35.053
2026-04-02T09:00:00+00:00,hyperliquid,HYPE/USDC:USDC,21574683.41999999,1.25e-05,34.992
2026-04-02T10:00:00+00:00,hyperliquid,HYPE/USDC:USDC,21596446.03999999,-6.2136e-06,35.0255
2026-04-02T11:00:00+00:00,hyperliquid,HYPE/USDC:USDC,21486292.36000001,-1.31688e-05,34.7425
2026-04-02T12:00:00+00:00,hyperliquid,HYPE/USDC:USDC,21422163.239999995,1.25e-05,34.8065
2026-04-02T13:00:00+00:00,hyperliquid,HYPE/USDC:USDC,21453282.83999999,1.25e-05,34.612
2026-04-02T14:00:00+00:00,hyperliquid,HYPE/USDC:USDC,21406148.920000017,1.25e-05,34.6985
2026-04-02T15:00:00+00:00,hyperliquid,HYPE/USDC:USDC,21362911.84000001,1.25e-05,34.7915
2026-04-02T16:00:00+00:00,hyperliquid,HYPE/USDC:USDC,21330917.760000005,1.25e-05,34.913
2026-04-02T17:00:00+00:00,hyperliquid,HYPE/USDC:USDC,21337933.18,1.25e-05,34.9125
2026-04-02T18:00:00+00:00,hyperliquid,HYPE/USDC:USDC,21388865.680000003,1.08384e-05,34.6915
2026-04-02T19:00:00+00:00,hyperliquid,HYPE/USDC:USDC,21391586.800000004,1.25e-05,34.8165
2026-04-02T20:00:00+00:00,hyperliquid,HYPE/USDC:USDC,21427333.419999987,1.25e-05,34.8505
2026-04-02T21:00:00+00:00,hyperliquid,HYPE/USDC:USDC,21433367.759999998,1.25e-05,35.1105
2026-04-02T22:00:00+00:00,hyperliquid,HYPE/USDC:USDC,21434650.160000008,1.02086e-05,35.0895
2026-04-02T23:00:00+00:00,hyperliquid,HYPE/USDC:USDC,21448422.180000015,1.25e-05,35.1515
2026-04-03T00:00:00+00:00,hyperliquid,HYPE/USDC:USDC,21432627.139999986,3.2322e-06,35.212
2026-04-03T01:00:00+00:00,hyperliquid,HYPE/USDC:USDC,21376260.19999999,1.25e-05,35.418
2026-04-03T02:00:00+00:00,hyperliquid,HYPE/USDC:USDC,21444970.81999998,1.25e-05,35.5365
2026-04-03T03:00:00+00:00,hyperliquid,HYPE/USDC:USDC,21487361.13999997,3.5556e-06,35.4855
2026-04-03T04:00:00+00:00,hyperliquid,HYPE/USDC:USDC,21489870.81999998,7.783e-06,35.4415
2026-04-03T05:00:00+00:00,hyperliquid,HYPE/USDC:USDC,21468100.54000001,1.8549e-06,35.5505
2026-04-03T06:00:00+00:00,hyperliquid,HYPE/USDC:USDC,21449495.260000005,1.25e-05,35.4665
2026-04-03T07:00:00+00:00,hyperliquid,HYPE/USDC:USDC,21525502.220000017,1.25e-05,35.7375
2026-04-03T08:00:00+00:00,hyperliquid,HYPE/USDC:USDC,21606989.920000024,-4.09923e-05,35.9365
2026-04-03T09:00:00+00:00,hyperliquid,HYPE/USDC:USDC,21595131.14000002,1.25e-05,35.9085
2026-04-03T10:00:00+00:00,hyperliquid,HYPE/USDC:USDC,21594580.12000002,1.25e-05,35.954
2026-04-03T11:00:00+00:00,hyperliquid,HYPE/USDC:USDC,21599032.39999999,1.25e-05,35.8835
2026-04-03T12:00:00+00:00,hyperliquid,HYPE/USDC:USDC,21649773.759999994,-2.54087e-05,35.968
2026-04-03T13:00:00+00:00,hyperliquid,HYPE/USDC:USDC,21577011.43999999,-3.74284e-05,35.6085
2026-04-03T14:00:00+00:00,hyperliquid,HYPE/USDC:USDC,21541156.44,-1.5909e-06,35.6165
2026-04-03T15:00:00+00:00,hyperliquid,HYPE/USDC:USDC,21509528.340000004,1.25e-05,35.9405
2026-04-03T16:00:00+00:00,hyperliquid,HYPE/USDC:USDC,21525175.259999998,-1.31561e-05,35.8125
2026-04-03T17:00:00+00:00,hyperliquid,HYPE/USDC:USDC,21525995.500000004,-1.01587e-05,35.9085
2026-04-03T18:00:00+00:00,hyperliquid,HYPE/USDC:USDC,21546388.02,-4.1205e-06,35.6665
2026-04-03T19:00:00+00:00,hyperliquid,HYPE/USDC:USDC,21535368.240000002,-4.125e-07,35.5115
2026-04-03T20:00:00+00:00,hyperliquid,HYPE/USDC:USDC,21515109.88,1.25e-05,35.7245
2026-04-03T21:00:00+00:00,hyperliquid,HYPE/USDC:USDC,21566086.42,1.25e-05,35.8815
2026-04-03T22:00:00+00:00,hyperliquid,HYPE/USDC:USDC,21551054.839999996,-1.9608e-05,35.8195
2026-04-03T23:00:00+00:00,hyperliquid,HYPE/USDC:USDC,21492131.2,-2.29735e-05,35.6465
2026-04-04T00:00:00+00:00,hyperliquid,HYPE/USDC:USDC,21485555.14000001,1.25e-05,35.5835
2026-04-04T01:00:00+00:00,hyperliquid,HYPE/USDC:USDC,21488706.240000002,1.02422e-05,35.6135
2026-04-04T02:00:00+00:00,hyperliquid,HYPE/USDC:USDC,21481463.040000007,7.7856e-06,35.6815
2026-04-04T03:00:00+00:00,hyperliquid,HYPE/USDC:USDC,21470649.83999999,1.09298e-05,35.8635
2026-04-04T04:00:00+00:00,hyperliquid,HYPE/USDC:USDC,21438256.359999992,1.25e-05,35.8115
2026-04-04T05:00:00+00:00,hyperliquid,HYPE/USDC:USDC,21419170.079999994,4.5556e-06,35.6935
2026-04-04T06:00:00+00:00,hyperliquid,HYPE/USDC:USDC,21393804.899999987,-1.28583e-05,35.6985
2026-04-04T07:00:00+00:00,hyperliquid,HYPE/USDC:USDC,21294981.879999995,5.286e-06,35.7805
2026-04-04T08:00:00+00:00,hyperliquid,HYPE/USDC:USDC,21296232.16,1.25e-05,35.7565
2026-04-04T09:00:00+00:00,hyperliquid,HYPE/USDC:USDC,21340143.060000002,1.25e-05,35.6745
2026-04-04T10:00:00+00:00,hyperliquid,HYPE/USDC:USDC,21337225.040000007,1.22737e-05,35.6935
2026-04-04T11:00:00+00:00,hyperliquid,HYPE/USDC:USDC,21355101.36,-6.4665e-06,35.8165
2026-04-04T12:00:00+00:00,hyperliquid,HYPE/USDC:USDC,21347079.639999986,1.25e-05,35.8315
2026-04-04T13:00:00+00:00,hyperliquid,HYPE/USDC:USDC,21341241.85999999,4.655e-07,35.6935
2026-04-04T14:00:00+00:00,hyperliquid,HYPE/USDC:USDC,21378166.2,4.0491e-06,35.6235
2026-04-04T15:00:00+00:00,hyperliquid,HYPE/USDC:USDC,21367319.979999993,6.9086e-06,35.7705
2026-04-04T16:00:00+00:00,hyperliquid,HYPE/USDC:USDC,21384111.740000002,1.25e-05,35.9705
2026-04-04T17:00:00+00:00,hyperliquid,HYPE/USDC:USDC,21374907.55999999,1.25e-05,35.8805
2026-04-04T18:00:00+00:00,hyperliquid,HYPE/USDC:USDC,21413189.919999987,1.25e-05,36.1195
2026-04-04T19:00:00+00:00,hyperliquid,HYPE/USDC:USDC,21414835.400000006,1.25e-05,36.0755
2026-04-04T20:00:00+00:00,hyperliquid,HYPE/USDC:USDC,21439371.58,1.25e-05,35.9465
2026-04-04T21:00:00+00:00,hyperliquid,HYPE/USDC:USDC,21471521.26000001,1.25e-05,36.105
2026-04-04T22:00:00+00:00,hyperliquid,HYPE/USDC:USDC,21552874.720000017,1.25e-05,36.3335
2026-04-04T23:00:00+00:00,hyperliquid,HYPE/USDC:USDC,21571635.72000001,1.25e-05,36.3575
2026-04-05T00:00:00+00:00,hyperliquid,HYPE/USDC:USDC,21555704.33999999,1.25e-05,36.3755
2026-04-05T01:00:00+00:00,hyperliquid,HYPE/USDC:USDC,21543152.599999994,1.25e-05,36.0585
2026-04-05T02:00:00+00:00,hyperliquid,HYPE/USDC:USDC,21590742.659999993,1.25e-05,35.9795
2026-04-05T03:00:00+00:00,hyperliquid,HYPE/USDC:USDC,21609445.339999996,1.25e-05,36.0825
2026-04-05T04:00:00+00:00,hyperliquid,HYPE/USDC:USDC,21597751.759999987,9.2572e-06,35.8325
2026-04-05T05:00:00+00:00,hyperliquid,HYPE/USDC:USDC,21577665.69999998,1.25e-05,35.888
2026-04-05T06:00:00+00:00,hyperliquid,HYPE/USDC:USDC,21635218.500000004,1.20602e-05,35.6285
2026-04-05T07:00:00+00:00,hyperliquid,HYPE/USDC:USDC,21611048.300000004,1.25e-05,35.7735
2026-04-05T08:00:00+00:00,hyperliquid,HYPE/USDC:USDC,21605550.439999994,1.5531e-06,35.6495
2026-04-05T09:00:00+00:00,hyperliquid,HYPE/USDC:USDC,21659098.61999999,1.25e-05,35.7395
2026-04-05T10:00:00+00:00,hyperliquid,HYPE/USDC:USDC,21647177.020000003,1.18921e-05,35.7975
2026-04-05T11:00:00+00:00,hyperliquid,HYPE/USDC:USDC,21663922.180000003,1.25e-05,35.7575
2026-04-05T12:00:00+00:00,hyperliquid,HYPE/USDC:USDC,21652585.499999985,-1.67059e-05,35.6355
2026-04-05T13:00:00+00:00,hyperliquid,HYPE/USDC:USDC,21609212.35999999,1.8586e-06,35.3245
2026-04-05T14:00:00+00:00,hyperliquid,HYPE/USDC:USDC,21602805.16000001,1.25e-05,35.4825
2026-04-05T15:00:00+00:00,hyperliquid,HYPE/USDC:USDC,21609503.540000003,1.25e-05,35.4685
2026-04-05T16:00:00+00:00,hyperliquid,HYPE/USDC:USDC,21662710.68,2.6392e-06,35.6065
2026-04-05T17:00:00+00:00,hyperliquid,HYPE/USDC:USDC,21669595.48000001,1.25e-05,35.4625
2026-04-05T18:00:00+00:00,hyperliquid,HYPE/USDC:USDC,21666074.639999993,1.10509e-05,35.5185
2026-04-05T19:00:00+00:00,hyperliquid,HYPE/USDC:USDC,21655675.740000006,1.25e-05,35.7225
2026-04-05T20:00:00+00:00,hyperliquid,HYPE/USDC:USDC,21631480.50000001,1.25e-05,35.8335
2026-04-05T21:00:00+00:00,hyperliquid,HYPE/USDC:USDC,21691592.3,1.25e-05,35.9115
2026-04-05T22:00:00+00:00,hyperliquid,HYPE/USDC:USDC,21718099.080000013,1.25e-05,35.9365
2026-04-05T23:00:00+00:00,hyperliquid,HYPE/USDC:USDC,21788923.140000008,1.25e-05,36.3615
2026-04-06T00:00:00+00:00,hyperliquid,HYPE/USDC:USDC,21710974.679999974,1.25e-05,36.933
2026-04-06T01:00:00+00:00,hyperliquid,HYPE/USDC:USDC,21658001.919999987,1.25e-05,36.7395
2026-04-06T02:00:00+00:00,hyperliquid,HYPE/USDC:USDC,21741502.759999994,1.25e-05,37.0555
2026-04-06T03:00:00+00:00,hyperliquid,HYPE/USDC:USDC,21763019.699999988,1.25e-05,36.9885
2026-04-06T04:00:00+00:00,hyperliquid,HYPE/USDC:USDC,21780952.779999975,1.25e-05,37.181
2026-04-06T05:00:00+00:00,hyperliquid,HYPE/USDC:USDC,21645861.74,-7.781e-06,36.8165
2026-04-06T06:00:00+00:00,hyperliquid,HYPE/USDC:USDC,21638302.439999975,-2.19731e-05,36.9005
2026-04-06T07:00:00+00:00,hyperliquid,HYPE/USDC:USDC,21619592.900000006,1.25e-05,36.9705
2026-04-06T08:00:00+00:00,hyperliquid,HYPE/USDC:USDC,21578835.059999973,-0.0001064584,37.1665
2026-04-06T09:00:00+00:00,hyperliquid,HYPE/USDC:USDC,21554895.8,-1.37143e-05,37.2505
2026-04-06T10:00:00+00:00,hyperliquid,HYPE/USDC:USDC,21592189.359999996,-1.95402e-05,37.37
2026-04-06T11:00:00+00:00,hyperliquid,HYPE/USDC:USDC,21597310.480000008,-1.93365e-05,37.4935
2026-04-06T12:00:00+00:00,hyperliquid,HYPE/USDC:USDC,21554912.72000001,7.5835e-06,37.2665
2026-04-06T13:00:00+00:00,hyperliquid,HYPE/USDC:USDC,21560767.42000002,1.25e-05,37.0975
2026-04-06T14:00:00+00:00,hyperliquid,HYPE/USDC:USDC,21556547.619999986,1.25e-05,37.2265
2026-04-06T15:00:00+00:00,hyperliquid,HYPE/USDC:USDC,21552775.020000014,1.08767e-05,37.6035
2026-04-06T16:00:00+00:00,hyperliquid,HYPE/USDC:USDC,21538406.780000024,-1.16038e-05,37.6425
2026-04-06T17:00:00+00:00,hyperliquid,HYPE/USDC:USDC,21440313.95999997,-1.35522e-05,36.9475
2026-04-06T18:00:00+00:00,hyperliquid,HYPE/USDC:USDC,21406423.700000033,1.00823e-05,36.9205
2026-04-06T19:00:00+00:00,hyperliquid,HYPE/USDC:USDC,21409869.5,-6.7088e-06,37.0995
2026-04-06T20:00:00+00:00,hyperliquid,HYPE/USDC:USDC,21422513.03999999,-4.41105e-05,37.3155
2026-04-06T21:00:00+00:00,hyperliquid,HYPE/USDC:USDC,21428892.360000007,-4.1471e-06,37.1495
2026-04-06T22:00:00+00:00,hyperliquid,HYPE/USDC:USDC,21393213.540000007,-4.70285e-05,36.9145
2026-04-06T23:00:00+00:00,hyperliquid,HYPE/USDC:USDC,21407914.03999994,-1.16994e-05,36.2385
2026-04-07T00:00:00+00:00,hyperliquid,HYPE/USDC:USDC,21378204.340000004,1.62e-08,36.2695
2026-04-07T01:00:00+00:00,hyperliquid,HYPE/USDC:USDC,21441256.500000004,1.25e-05,36.4115
2026-04-07T02:00:00+00:00,hyperliquid,HYPE/USDC:USDC,21411093.440000005,-2.39477e-05,36.2335
2026-04-07T03:00:00+00:00,hyperliquid,HYPE/USDC:USDC,21349079.3,1.25e-05,36.3705
2026-04-07T04:00:00+00:00,hyperliquid,HYPE/USDC:USDC,21315947.82,1.25e-05,36.4505
2026-04-07T05:00:00+00:00,hyperliquid,HYPE/USDC:USDC,21281841.799999993,1.25e-05,36.4045
2026-04-07T06:00:00+00:00,hyperliquid,HYPE/USDC:USDC,21244408.56,7.2411e-06,36.1635
2026-04-07T07:00:00+00:00,hyperliquid,HYPE/USDC:USDC,21216689.46,1.25e-05,36.2175
2026-04-07T08:00:00+00:00,hyperliquid,HYPE/USDC:USDC,21214479.12,1.25e-05,36.3155
2026-04-07T09:00:00+00:00,hyperliquid,HYPE/USDC:USDC,21212232.019999996,1.25e-05,36.4305
2026-04-07T10:00:00+00:00,hyperliquid,HYPE/USDC:USDC,21293882.62000004,1.25e-05,36.8945
2026-04-07T11:00:00+00:00,hyperliquid,HYPE/USDC:USDC,21178217.519999996,4.8072e-06,36.2845
2026-04-07T12:00:00+00:00,hyperliquid,HYPE/USDC:USDC,21202525.0,1.25e-05,36.4105
2026-04-07T13:00:00+00:00,hyperliquid,HYPE/USDC:USDC,21281911.96,3.5074e-06,36.0965
2026-04-07T14:00:00+00:00,hyperliquid,HYPE/USDC:USDC,21270240.139999993,1.14616e-05,35.9465
2026-04-07T15:00:00+00:00,hyperliquid,HYPE/USDC:USDC,21276249.280000016,9.0081e-06,35.9075
2026-04-07T16:00:00+00:00,hyperliquid,HYPE/USDC:USDC,21229808.279999983,1.25e-05,36.1485
2026-04-07T17:00:00+00:00,hyperliquid,HYPE/USDC:USDC,21275601.760000017,1.25e-05,36.2665
2026-04-07T18:00:00+00:00,hyperliquid,HYPE/USDC:USDC,21204462.200000018,8.2555e-06,36.5255
2026-04-07T19:00:00+00:00,hyperliquid,HYPE/USDC:USDC,21180359.279999997,1.25e-05,36.4215
2026-04-07T20:00:00+00:00,hyperliquid,HYPE/USDC:USDC,21208565.07999999,-5.25573e-05,37.2275
2026-04-07T21:00:00+00:00,hyperliquid,HYPE/USDC:USDC,21178688.759999994,1.25e-05,37.2285
2026-04-07T22:00:00+00:00,hyperliquid,HYPE/USDC:USDC,21217701.080000006,1.25e-05,37.7625
2026-04-07T23:00:00+00:00,hyperliquid,HYPE/USDC:USDC,21284850.520000033,-9.4961e-06,38.6925
2026-04-08T00:00:00+00:00,hyperliquid,HYPE/USDC:USDC,21037062.32000003,1.25e-05,38.774
2026-04-08T01:00:00+00:00,hyperliquid,HYPE/USDC:USDC,20955115.040000007,1.25e-05,38.3335
2026-04-08T02:00:00+00:00,hyperliquid,HYPE/USDC:USDC,20974019.180000015,1.25e-05,38.2495
2026-04-08T03:00:00+00:00,hyperliquid,HYPE/USDC:USDC,21068629.780000005,1.25e-05,38.6495
2026-04-08T04:00:00+00:00,hyperliquid,HYPE/USDC:USDC,21047992.959999982,1.25e-05,38.293
2026-04-08T05:00:00+00:00,hyperliquid,HYPE/USDC:USDC,21341669.399999965,1.25e-05,38.905
2026-04-08T06:00:00+00:00,hyperliquid,HYPE/USDC:USDC,21519079.779999964,1.25e-05,39.0955
2026-04-08T07:00:00+00:00,hyperliquid,HYPE/USDC:USDC,21439459.939999968,1.25e-05,39.0345
2026-04-08T08:00:00+00:00,hyperliquid,HYPE/USDC:USDC,21383849.799999993,1.4372e-06,39.5205
2026-04-08T09:00:00+00:00,hyperliquid,HYPE/USDC:USDC,21304699.799999982,1.25e-05,39.555
2026-04-08T10:00:00+00:00,hyperliquid,HYPE/USDC:USDC,21259391.939999975,1.25e-05,39.4455
2026-04-08T11:00:00+00:00,hyperliquid,HYPE/USDC:USDC,21188176.0,1.25e-05,39.2845
2026-04-08T12:00:00+00:00,hyperliquid,HYPE/USDC:USDC,21124351.200000003,1.16984e-05,39.1955
2026-04-08T13:00:00+00:00,hyperliquid,HYPE/USDC:USDC,21108223.059999995,-3.95444e-05,39.6465
2026-04-08T14:00:00+00:00,hyperliquid,HYPE/USDC:USDC,21049008.780000012,1.019e-07,39.2345
2026-04-08T15:00:00+00:00,hyperliquid,HYPE/USDC:USDC,21088495.879999965,-3.08064e-05,38.6255
2026-04-08T16:00:00+00:00,hyperliquid,HYPE/USDC:USDC,21122063.500000004,1.25e-05,38.9015
2026-04-08T17:00:00+00:00,hyperliquid,HYPE/USDC:USDC,20914559.41999999,1.25e-05,38.7175
2026-04-08T18:00:00+00:00,hyperliquid,HYPE/USDC:USDC,20816520.25999999,-3.3901e-06,38.5385
2026-04-08T19:00:00+00:00,hyperliquid,HYPE/USDC:USDC,20654902.619999982,-3.4276e-05,38.0375
2026-04-08T20:00:00+00:00,hyperliquid,HYPE/USDC:USDC,20692341.759999994,-4.21621e-05,38.0895
2026-04-08T21:00:00+00:00,hyperliquid,HYPE/USDC:USDC,20826035.800000016,1.25e-05,38.736
2026-04-08T22:00:00+00:00,hyperliquid,HYPE/USDC:USDC,21017151.45999996,8.967e-06,39.3715
2026-04-08T23:00:00+00:00,hyperliquid,HYPE/USDC:USDC,20772948.139999997,-5.78043e-05,38.6835
2026-04-09T00:00:00+00:00,hyperliquid,HYPE/USDC:USDC,20658231.37999998,-2.94229e-05,38.5305
2026-04-09T01:00:00+00:00,hyperliquid,HYPE/USDC:USDC,20586812.059999987,-3.66646e-05,38.1565
2026-04-09T02:00:00+00:00,hyperliquid,HYPE/USDC:USDC,20592314.059999984,-1.40447e-05,38.4155
2026-04-09T03:00:00+00:00,hyperliquid,HYPE/USDC:USDC,20608834.33999999,1.0034e-05,38.5655
2026-04-09T04:00:00+00:00,hyperliquid,HYPE/USDC:USDC,20634024.219999984,9.5123e-06,38.6465
2026-04-09T05:00:00+00:00,hyperliquid,HYPE/USDC:USDC,20616017.240000006,-1.72947e-05,38.3685
2026-04-09T06:00:00+00:00,hyperliquid,HYPE/USDC:USDC,20643063.859999996,-2.2954e-06,38.6585
2026-04-09T07:00:00+00:00,hyperliquid,HYPE/USDC:USDC,20693836.699999984,-2.28284e-05,38.7745
2026-04-09T08:00:00+00:00,hyperliquid,HYPE/USDC:USDC,20687010.319999963,1.25e-05,38.8625
2026-04-09T09:00:00+00:00,hyperliquid,HYPE/USDC:USDC,20632003.959999986,-4.8132e-06,39.0115
2026-04-09T10:00:00+00:00,hyperliquid,HYPE/USDC:USDC,20803559.63999998,1.25e-05,39.1455
2026-04-09T11:00:00+00:00,hyperliquid,HYPE/USDC:USDC,20816824.079999994,5.5992e-06,38.9835
2026-04-09T12:00:00+00:00,hyperliquid,HYPE/USDC:USDC,20792430.67999999,6.2836e-06,38.9115
2026-04-09T13:00:00+00:00,hyperliquid,HYPE/USDC:USDC,20765395.55999999,-6.9653e-06,39.1335
2026-04-09T14:00:00+00:00,hyperliquid,HYPE/USDC:USDC,20638760.35999998,-1.12609e-05,38.9595
2026-04-09T15:00:00+00:00,hyperliquid,HYPE/USDC:USDC,20637521.180000007,-3.9506e-06,39.292
2026-04-09T16:00:00+00:00,hyperliquid,HYPE/USDC:USDC,20586709.14000002,1.25e-05,39.7845
2026-04-09T17:00:00+00:00,hyperliquid,HYPE/USDC:USDC,20553479.900000002,1.25e-05,39.6035
2026-04-09T18:00:00+00:00,hyperliquid,HYPE/USDC:USDC,20646812.94,-7.042e-06,39.7985
2026-04-09T19:00:00+00:00,hyperliquid,HYPE/USDC:USDC,20748714.660000004,1.25e-05,39.9695
2026-04-09T20:00:00+00:00,hyperliquid,HYPE/USDC:USDC,20699973.080000017,1.19152e-05,39.9925
2026-04-09T21:00:00+00:00,hyperliquid,HYPE/USDC:USDC,20769628.83999998,-9.191e-07,40.1125
2026-04-09T22:00:00+00:00,hyperliquid,HYPE/USDC:USDC,20714954.219999973,1.25e-05,39.8695
2026-04-09T23:00:00+00:00,hyperliquid,HYPE/USDC:USDC,20605231.360000033,1.25e-05,39.5655
2026-04-10T00:00:00+00:00,hyperliquid,HYPE/USDC:USDC,20583914.680000003,1.25e-05,39.5235
2026-04-10T01:00:00+00:00,hyperliquid,HYPE/USDC:USDC,20596268.90000001,-1.64859e-05,39.8305
2026-04-10T02:00:00+00:00,hyperliquid,HYPE/USDC:USDC,20816511.980000008,1.25e-05,40.6975
2026-04-10T03:00:00+00:00,hyperliquid,HYPE/USDC:USDC,20807191.919999972,-1.96674e-05,40.3695
2026-04-10T04:00:00+00:00,hyperliquid,HYPE/USDC:USDC,20631109.160000008,-5.1578e-05,40.1495
2026-04-10T05:00:00+00:00,hyperliquid,HYPE/USDC:USDC,20627235.939999994,1.25e-05,40.665
2026-04-10T06:00:00+00:00,hyperliquid,HYPE/USDC:USDC,20645315.559999987,1.25e-05,40.4545
2026-04-10T07:00:00+00:00,hyperliquid,HYPE/USDC:USDC,20652623.899999995,-8.643e-07,40.292
2026-04-10T08:00:00+00:00,hyperliquid,HYPE/USDC:USDC,20629228.91999999,8.13e-06,40.0945
2026-04-10T09:00:00+00:00,hyperliquid,HYPE/USDC:USDC,20594574.979999986,1.25e-05,40.4005
2026-04-10T10:00:00+00:00,hyperliquid,HYPE/USDC:USDC,20636617.43999994,-6.1974e-06,40.9215
2026-04-10T11:00:00+00:00,hyperliquid,HYPE/USDC:USDC,20637059.640000004,-1.25206e-05,40.9675
2026-04-10T12:00:00+00:00,hyperliquid,HYPE/USDC:USDC,20560916.879999973,-9.945e-07,41.0825
2026-04-10T13:00:00+00:00,hyperliquid,HYPE/USDC:USDC,20663923.26,1.747e-06,41.2575
2026-04-10T14:00:00+00:00,hyperliquid,HYPE/USDC:USDC,20695237.419999946,-1.2249e-06,41.6185
2026-04-10T15:00:00+00:00,hyperliquid,HYPE/USDC:USDC,20695291.71999999,3.5743e-06,42.0865
2026-04-10T16:00:00+00:00,hyperliquid,HYPE/USDC:USDC,20623156.560000017,1.25e-05,41.895
2026-04-10T17:00:00+00:00,hyperliquid,HYPE/USDC:USDC,20583137.780000005,-3.33071e-05,42.0005
2026-04-10T18:00:00+00:00,hyperliquid,HYPE/USDC:USDC,20633864.880000003,-4.1705e-05,42.1605
2026-04-10T19:00:00+00:00,hyperliquid,HYPE/USDC:USDC,20604674.200000007,1.25e-05,41.9405
2026-04-10T20:00:00+00:00,hyperliquid,HYPE/USDC:USDC,20502960.760000013,-4.9781e-06,41.8055
2026-04-10T21:00:00+00:00,hyperliquid,HYPE/USDC:USDC,20404814.199999996,1.25e-05,41.5495
2026-04-10T22:00:00+00:00,hyperliquid,HYPE/USDC:USDC,20393138.54,-5.9343e-06,41.5855
2026-04-10T23:00:00+00:00,hyperliquid,HYPE/USDC:USDC,20422390.50000001,1.25e-05,41.6895
2026-04-11T00:00:00+00:00,hyperliquid,HYPE/USDC:USDC,20423450.66,1.25e-05,41.6005
2026-04-11T01:00:00+00:00,hyperliquid,HYPE/USDC:USDC,20520175.4,1.25e-05,41.7875
2026-04-11T02:00:00+00:00,hyperliquid,HYPE/USDC:USDC,20531159.200000014,1.25e-05,42.0565
2026-04-11T03:00:00+00:00,hyperliquid,HYPE/USDC:USDC,20549291.880000003,1.25e-05,41.7655
2026-04-11T04:00:00+00:00,hyperliquid,HYPE/USDC:USDC,20590371.139999982,1.25e-05,41.9005
2026-04-11T05:00:00+00:00,hyperliquid,HYPE/USDC:USDC,20649518.139999997,1.25e-05,41.9515
2026-04-11T06:00:00+00:00,hyperliquid,HYPE/USDC:USDC,20642593.899999995,1.25e-05,41.8595
2026-04-11T07:00:00+00:00,hyperliquid,HYPE/USDC:USDC,20674835.57999999,1.25e-05,42.1295
2026-04-11T08:00:00+00:00,hyperliquid,HYPE/USDC:USDC,20498341.49999999,1.25e-05,42.5615
2026-04-11T09:00:00+00:00,hyperliquid,HYPE/USDC:USDC,20490815.25999999,1.25e-05,42.2905
2026-04-11T10:00:00+00:00,hyperliquid,HYPE/USDC:USDC,20548023.559999995,1.25e-05,42.4875
2026-04-11T11:00:00+00:00,hyperliquid,HYPE/USDC:USDC,20496251.580000013,1.25e-05,42.2715
2026-04-11T12:00:00+00:00,hyperliquid,HYPE/USDC:USDC,20545519.999999985,1.25e-05,42.4895
2026-04-11T13:00:00+00:00,hyperliquid,HYPE/USDC:USDC,20573843.160000015,1.25e-05,42.2985
2026-04-11T14:00:00+00:00,hyperliquid,HYPE/USDC:USDC,20385170.02,1.25e-05,42.1595
2026-04-11T15:00:00+00:00,hyperliquid,HYPE/USDC:USDC,20296047.079999987,1.25e-05,41.7875
2026-04-11T16:00:00+00:00,hyperliquid,HYPE/USDC:USDC,20272558.140000015,1.25e-05,41.9185
2026-04-11T17:00:00+00:00,hyperliquid,HYPE/USDC:USDC,20280696.059999995,1.0783e-05,42.1765
2026-04-11T18:00:00+00:00,hyperliquid,HYPE/USDC:USDC,20256166.559999984,1.25e-05,42.5625
2026-04-11T19:00:00+00:00,hyperliquid,HYPE/USDC:USDC,20250814.079999983,1.25e-05,42.526
2026-04-11T20:00:00+00:00,hyperliquid,HYPE/USDC:USDC,20261907.07999999,1.25e-05,42.826
2026-04-11T21:00:00+00:00,hyperliquid,HYPE/USDC:USDC,20235080.899999965,1.25e-05,42.5685
2026-04-11T22:00:00+00:00,hyperliquid,HYPE/USDC:USDC,20281098.66,1.25e-05,42.5525
2026-04-11T23:00:00+00:00,hyperliquid,HYPE/USDC:USDC,20314567.799999997,1.25e-05,42.2895
2026-04-12T00:00:00+00:00,hyperliquid,HYPE/USDC:USDC,20308781.840000004,1.25e-05,42.3335
2026-04-12T01:00:00+00:00,hyperliquid,HYPE/USDC:USDC,20390510.539999995,1.25e-05,42.7845
2026-04-12T02:00:00+00:00,hyperliquid,HYPE/USDC:USDC,20337864.85999998,1.25e-05,41.1855
2026-04-12T03:00:00+00:00,hyperliquid,HYPE/USDC:USDC,20292006.920000013,1.25e-05,41.2765
2026-04-12T04:00:00+00:00,hyperliquid,HYPE/USDC:USDC,20225892.840000015,5.1701e-06,40.9235
2026-04-12T05:00:00+00:00,hyperliquid,HYPE/USDC:USDC,20158276.539999995,1.25e-05,40.8835
2026-04-12T06:00:00+00:00,hyperliquid,HYPE/USDC:USDC,20152235.400000006,-9.8198e-06,40.9025
2026-04-12T07:00:00+00:00,hyperliquid,HYPE/USDC:USDC,20097248.400000043,-2.23048e-05,40.6605
2026-04-12T08:00:00+00:00,hyperliquid,HYPE/USDC:USDC,20083273.219999988,1.25e-05,40.8415
2026-04-12T09:00:00+00:00,hyperliquid,HYPE/USDC:USDC,20087869.319999993,-2.11737e-05,40.7335
2026-04-12T10:00:00+00:00,hyperliquid,HYPE/USDC:USDC,20134528.45999997,1.25e-05,40.9175
2026-04-12T11:00:00+00:00,hyperliquid,HYPE/USDC:USDC,20018058.96,-1.3917e-06,40.5005
2026-04-12T12:00:00+00:00,hyperliquid,HYPE/USDC:USDC,20043369.73999999,7.5788e-06,40.4115
2026-04-12T13:00:00+00:00,hyperliquid,HYPE/USDC:USDC,20042863.03999999,-8.5138e-06,40.3205
2026-04-12T14:00:00+00:00,hyperliquid,HYPE/USDC:USDC,20039155.519999973,1.25e-05,40.2425
2026-04-12T15:00:00+00:00,hyperliquid,HYPE/USDC:USDC,20036795.83999998,1.25e-05,40.595
2026-04-12T16:00:00+00:00,hyperliquid,HYPE/USDC:USDC,19932530.199999977,-8.866e-07,40.9585
2026-04-12T17:00:00+00:00,hyperliquid,HYPE/USDC:USDC,19804417.919999994,1.3149e-06,41.1695
2026-04-12T18:00:00+00:00,hyperliquid,HYPE/USDC:USDC,19786098.26000001,1.25e-05,41.2725
2026-04-12T19:00:00+00:00,hyperliquid,HYPE/USDC:USDC,19869358.06,-1.83055e-05,40.9555
2026-04-12T20:00:00+00:00,hyperliquid,HYPE/USDC:USDC,19820762.859999996,-9.1818e-06,41.1055
2026-04-12T21:00:00+00:00,hyperliquid,HYPE/USDC:USDC,19836370.919999987,1.25e-05,41.1405
2026-04-12T22:00:00+00:00,hyperliquid,HYPE/USDC:USDC,19816405.62,3.2914e-06,40.6085
2026-04-12T23:00:00+00:00,hyperliquid,HYPE/USDC:USDC,19880011.159999996,1.25e-05,40.9165
2026-04-13T00:00:00+00:00,hyperliquid,HYPE/USDC:USDC,19854444.219999995,1.25e-05,40.9065
2026-04-13T01:00:00+00:00,hyperliquid,HYPE/USDC:USDC,19877760.240000006,1.25e-05,41.161
2026-04-13T02:00:00+00:00,hyperliquid,HYPE/USDC:USDC,19998398.099999994,1.25e-05,41.9025
2026-04-13T03:00:00+00:00,hyperliquid,HYPE/USDC:USDC,20036549.340000004,1.25e-05,41.6585
2026-04-13T04:00:00+00:00,hyperliquid,HYPE/USDC:USDC,20058234.419999972,1.25e-05,41.5815
2026-04-13T05:00:00+00:00,hyperliquid,HYPE/USDC:USDC,20014256.61999999,4.2677e-06,41.2825
2026-04-13T06:00:00+00:00,hyperliquid,HYPE/USDC:USDC,20019596.560000017,1.25e-05,41.2775
2026-04-13T07:00:00+00:00,hyperliquid,HYPE/USDC:USDC,20039007.399999995,6.737e-06,41.4905
2026-04-13T08:00:00+00:00,hyperliquid,HYPE/USDC:USDC,20015263.659999996,8.0286e-06,41.296
2026-04-13T09:00:00+00:00,hyperliquid,HYPE/USDC:USDC,20017563.079999983,1.25e-05,41.5455
2026-04-13T10:00:00+00:00,hyperliquid,HYPE/USDC:USDC,20080259.459999982,1.25e-05,41.5485
2026-04-13T11:00:00+00:00,hyperliquid,HYPE/USDC:USDC,20115249.77999999,1.25e-05,41.5625
2026-04-13T12:00:00+00:00,hyperliquid,HYPE/USDC:USDC,20118184.420000006,1.25e-05,41.8485
2026-04-13T13:00:00+00:00,hyperliquid,HYPE/USDC:USDC,20128792.57999999,1.25e-05,41.9805
2026-04-13T14:00:00+00:00,hyperliquid,HYPE/USDC:USDC,20220375.620000027,1.25e-05,42.569
2026-04-13T15:00:00+00:00,hyperliquid,HYPE/USDC:USDC,20240564.159999993,-5.13774e-05,42.4245
2026-04-13T16:00:00+00:00,hyperliquid,HYPE/USDC:USDC,20164059.420000024,-6.6866e-06,42.3105
2026-04-13T17:00:00+00:00,hyperliquid,HYPE/USDC:USDC,20366628.900000006,1.03066e-05,43.1195
2026-04-13T18:00:00+00:00,hyperliquid,HYPE/USDC:USDC,20298901.239999983,-2.71865e-05,43.2665
2026-04-13T19:00:00+00:00,hyperliquid,HYPE/USDC:USDC,20433336.27999999,1.25e-05,43.6985
2026-04-13T20:00:00+00:00,hyperliquid,HYPE/USDC:USDC,20460638.320000004,-4.48118e-05,43.4835
2026-04-13T21:00:00+00:00,hyperliquid,HYPE/USDC:USDC,20409969.280000016,3.8798e-06,43.4
2026-04-13T22:00:00+00:00,hyperliquid,HYPE/USDC:USDC,20404729.02,9.3039e-06,43.5405
2026-04-13T23:00:00+00:00,hyperliquid,HYPE/USDC:USDC,20597761.620000016,1.25e-05,44.4185
2026-04-14T00:00:00+00:00,hyperliquid,HYPE/USDC:USDC,20745466.720000003,-2.27894e-05,44.4275
2026-04-14T01:00:00+00:00,hyperliquid,HYPE/USDC:USDC,20766720.06000002,-5.85646e-05,44.6175
2026-04-14T02:00:00+00:00,hyperliquid,HYPE/USDC:USDC,20863834.9,1.25e-05,44.7275
2026-04-14T03:00:00+00:00,hyperliquid,HYPE/USDC:USDC,20805402.179999992,-4.55334e-05,44.7115
2026-04-14T04:00:00+00:00,hyperliquid,HYPE/USDC:USDC,20753386.799999997,-1.77056e-05,44.6875
2026-04-14T05:00:00+00:00,hyperliquid,HYPE/USDC:USDC,20779177.360000018,9.1297e-06,44.8945
2026-04-14T06:00:00+00:00,hyperliquid,HYPE/USDC:USDC,20756566.84000002,-1.40869e-05,44.7365
2026-04-14T07:00:00+00:00,hyperliquid,HYPE/USDC:USDC,20783173.399999995,-2.0975e-06,44.8065
2026-04-14T08:00:00+00:00,hyperliquid,HYPE/USDC:USDC,20803300.659999996,-1.50352e-05,44.4205
2026-04-14T09:00:00+00:00,hyperliquid,HYPE/USDC:USDC,20877616.040000018,1.12542e-05,44.9765
2026-04-14T10:00:00+00:00,hyperliquid,HYPE/USDC:USDC,20948382.099999998,7.4116e-06,44.8705
2026-04-14T11:00:00+00:00,hyperliquid,HYPE/USDC:USDC,20913639.959999997,1.25e-05,44.8705
2026-04-14T12:00:00+00:00,hyperliquid,HYPE/USDC:USDC,20912010.100000005,1.25e-05,44.7625
2026-04-14T13:00:00+00:00,hyperliquid,HYPE/USDC:USDC,20951503.000000022,1.25e-05,44.9875
2026-04-14T14:00:00+00:00,hyperliquid,HYPE/USDC:USDC,20891853.079999972,-1.87249e-05,44.2885
2026-04-14T15:00:00+00:00,hyperliquid,HYPE/USDC:USDC,20937709.339999985,1.25e-05,43.625
2026-04-14T16:00:00+00:00,hyperliquid,HYPE/USDC:USDC,21160297.65999997,1.25e-05,43.6095
2026-04-14T17:00:00+00:00,hyperliquid,HYPE/USDC:USDC,21190157.71999996,-3.1552e-05,43.2
2026-04-14T18:00:00+00:00,hyperliquid,HYPE/USDC:USDC,20940813.299999975,-9.147e-06,43.5205
2026-04-14T19:00:00+00:00,hyperliquid,HYPE/USDC:USDC,20896280.47999999,-1.34413e-05,43.5135
2026-04-14T20:00:00+00:00,hyperliquid,HYPE/USDC:USDC,21013575.85999998,1.25e-05,43.4105
2026-04-14T21:00:00+00:00,hyperliquid,HYPE/USDC:USDC,20991314.37999998,-2.8812e-06,43.1985
2026-04-14T22:00:00+00:00,hyperliquid,HYPE/USDC:USDC,21020170.98000001,-3.37819e-05,43.3285
2026-04-14T23:00:00+00:00,hyperliquid,HYPE/USDC:USDC,20966818.799999975,-1.36585e-05,43.4075
2026-04-15T00:00:00+00:00,hyperliquid,HYPE/USDC:USDC,20980151.83999999,1.25e-05,43.622
2026-04-15T01:00:00+00:00,hyperliquid,HYPE/USDC:USDC,21006005.4,1.1887e-06,43.811
2026-04-15T02:00:00+00:00,hyperliquid,HYPE/USDC:USDC,21072258.479999986,1.51e-08,44.3995
2026-04-15T03:00:00+00:00,hyperliquid,HYPE/USDC:USDC,21028955.019999996,-3.48291e-05,44.124
2026-04-15T04:00:00+00:00,hyperliquid,HYPE/USDC:USDC,20988507.19999999,-1.82587e-05,44.0375
2026-04-15T05:00:00+00:00,hyperliquid,HYPE/USDC:USDC,20989315.639999997,-1.88138e-05,43.8525
2026-04-15T06:00:00+00:00,hyperliquid,HYPE/USDC:USDC,20958065.01999999,-1.48737e-05,43.3215
2026-04-15T07:00:00+00:00,hyperliquid,HYPE/USDC:USDC,20966370.499999993,2.7971e-06,43.4405
2026-04-15T08:00:00+00:00,hyperliquid,HYPE/USDC:USDC,20963733.58,1.25e-05,43.2985
2026-04-15T09:00:00+00:00,hyperliquid,HYPE/USDC:USDC,20911922.89999999,1.0198e-05,43.6215
2026-04-15T10:00:00+00:00,hyperliquid,HYPE/USDC:USDC,20944684.45999999,1.25e-05,43.8415
2026-04-15T11:00:00+00:00,hyperliquid,HYPE/USDC:USDC,20906827.020000003,8.0653e-06,43.7855
2026-04-15T12:00:00+00:00,hyperliquid,HYPE/USDC:USDC,20930246.88000001,1.25e-05,44.2885
2026-04-15T13:00:00+00:00,hyperliquid,HYPE/USDC:USDC,20989265.44,1.25e-05,44.35
2026-04-15T14:00:00+00:00,hyperliquid,HYPE/USDC:USDC,20990632.18,1.25e-05,44.3425
2026-04-15T15:00:00+00:00,hyperliquid,HYPE/USDC:USDC,21051868.180000015,1.13835e-05,44.619
2026-04-15T16:00:00+00:00,hyperliquid,HYPE/USDC:USDC,21049353.660000008,-3.6754e-06,44.5595
2026-04-15T17:00:00+00:00,hyperliquid,HYPE/USDC:USDC,20998695.879999965,-1.23886e-05,44.3765
2026-04-15T18:00:00+00:00,hyperliquid,HYPE/USDC:USDC,21024767.559999995,1.25e-05,44.2635
2026-04-15T19:00:00+00:00,hyperliquid,HYPE/USDC:USDC,21190256.220000036,1.25e-05,44.8545
2026-04-15T20:00:00+00:00,hyperliquid,HYPE/USDC:USDC,21155992.62000001,1.13984e-05,44.7875
2026-04-15T21:00:00+00:00,hyperliquid,HYPE/USDC:USDC,21132310.04,1.25e-05,44.6195
2026-04-15T22:00:00+00:00,hyperliquid,HYPE/USDC:USDC,21098295.940000016,1.25e-05,44.8905
2026-04-15T23:00:00+00:00,hyperliquid,HYPE/USDC:USDC,21153291.79999999,4.85e-06,44.5775
2026-04-16T00:00:00+00:00,hyperliquid,HYPE/USDC:USDC,21135409.379999977,2.2593e-06,44.5385
2026-04-16T01:00:00+00:00,hyperliquid,HYPE/USDC:USDC,21118002.39999997,-9.7839e-06,44.3515
2026-04-16T02:00:00+00:00,hyperliquid,HYPE/USDC:USDC,21123535.779999975,7.9315e-06,44.5235
2026-04-16T03:00:00+00:00,hyperliquid,HYPE/USDC:USDC,21109667.119999994,1.25e-05,44.7745
2026-04-16T04:00:00+00:00,hyperliquid,HYPE/USDC:USDC,21130815.199999977,-5.5439e-06,44.8505
2026-04-16T05:00:00+00:00,hyperliquid,HYPE/USDC:USDC,21156765.859999985,-8.7381e-06,45.0435
2026-04-16T06:00:00+00:00,hyperliquid,HYPE/USDC:USDC,21139564.039999995,-4.12978e-05,45.5045
2026-04-16T07:00:00+00:00,hyperliquid,HYPE/USDC:USDC,21124464.840000007,-3.0123e-05,45.4515
2026-04-16T08:00:00+00:00,hyperliquid,HYPE/USDC:USDC,21108726.040000003,-4.17965e-05,45.2845
2026-04-16T09:00:00+00:00,hyperliquid,HYPE/USDC:USDC,21066566.50000002,6.5855e-06,45.2995
2026-04-16T10:00:00+00:00,hyperliquid,HYPE/USDC:USDC,21043004.919999994,3.8007e-06,45.3285
2026-04-16T11:00:00+00:00,hyperliquid,HYPE/USDC:USDC,20993044.180000022,-2.48116e-05,45.3635
2026-04-16T12:00:00+00:00,hyperliquid,HYPE/USDC:USDC,20917733.579999994,1.25e-05,44.7735
2026-04-16T13:00:00+00:00,hyperliquid,HYPE/USDC:USDC,21053526.020000007,1.25e-05,44.9905
2026-04-16T14:00:00+00:00,hyperliquid,HYPE/USDC:USDC,20954055.860000033,-7.06337e-05,44.3835
2026-04-16T15:00:00+00:00,hyperliquid,HYPE/USDC:USDC,20938799.78000002,-5.3509e-06,44.4795
2026-04-16T16:00:00+00:00,hyperliquid,HYPE/USDC:USDC,21039820.520000007,4.3426e-06,44.7045
2026-04-16T17:00:00+00:00,hyperliquid,HYPE/USDC:USDC,21055063.319999993,5.5665e-06,44.0255
2026-04-16T18:00:00+00:00,hyperliquid,HYPE/USDC:USDC,21184024.53999999,1.25e-05,43.7955
2026-04-16T19:00:00+00:00,hyperliquid,HYPE/USDC:USDC,21351397.43999999,1.25e-05,43.8995
2026-04-16T20:00:00+00:00,hyperliquid,HYPE/USDC:USDC,21542537.52000004,1.25e-05,44.1185
2026-04-16T21:00:00+00:00,hyperliquid,HYPE/USDC:USDC,21548634.579999946,1.25e-05,43.619
2026-04-16T22:00:00+00:00,hyperliquid,HYPE/USDC:USDC,21485500.90000001,-3.12397e-05,43.6325
2026-04-16T23:00:00+00:00,hyperliquid,HYPE/USDC:USDC,21504009.12000001,-1.12221e-05,43.6345
2026-04-17T00:00:00+00:00,hyperliquid,HYPE/USDC:USDC,21529830.379999995,-3.9011e-06,43.8175
2026-04-17T01:00:00+00:00,hyperliquid,HYPE/USDC:USDC,21420064.77999998,1.10943e-05,43.9265
2026-04-17T02:00:00+00:00,hyperliquid,HYPE/USDC:USDC,21475443.799999982,1.5325e-06,43.7485
2026-04-17T03:00:00+00:00,hyperliquid,HYPE/USDC:USDC,21449321.799999975,8.6918e-06,43.2225
2026-04-17T04:00:00+00:00,hyperliquid,HYPE/USDC:USDC,21477411.68,1.05078e-05,43.2845
2026-04-17T05:00:00+00:00,hyperliquid,HYPE/USDC:USDC,21536113.839999974,1.25e-05,43.4615
2026-04-17T06:00:00+00:00,hyperliquid,HYPE/USDC:USDC,21550284.95999999,1.25e-05,43.557
2026-04-17T07:00:00+00:00,hyperliquid,HYPE/USDC:USDC,21597498.800000004,1.25e-05,43.8455
2026-04-17T08:00:00+00:00,hyperliquid,HYPE/USDC:USDC,21644561.340000015,1.77766e-05,43.9445
2026-04-17T09:00:00+00:00,hyperliquid,HYPE/USDC:USDC,21636368.35999999,1.25e-05,44.1525
2026-04-17T10:00:00+00:00,hyperliquid,HYPE/USDC:USDC,21585326.53999999,1.65655e-05,44.2115
2026-04-17T11:00:00+00:00,hyperliquid,HYPE/USDC:USDC,21262214.37999998,1.25e-05,43.4295
2026-04-17T12:00:00+00:00,hyperliquid,HYPE/USDC:USDC,21272571.6,1.25e-05,43.6625
2026-04-17T13:00:00+00:00,hyperliquid,HYPE/USDC:USDC,21286185.759999983,1.25e-05,44.0785
2026-04-17T14:00:00+00:00,hyperliquid,HYPE/USDC:USDC,21394506.119999986,1.25e-05,44.6395
2026-04-17T15:00:00+00:00,hyperliquid,HYPE/USDC:USDC,21471966.49999998,1.25e-05,44.752
2026-04-17T16:00:00+00:00,hyperliquid,HYPE/USDC:USDC,21429008.980000015,1.25e-05,45.3695
2026-04-17T17:00:00+00:00,hyperliquid,HYPE/USDC:USDC,21396159.059999987,1.25e-05,44.9925
2026-04-17T18:00:00+00:00,hyperliquid,HYPE/USDC:USDC,21334208.220000017,1.25e-05,44.5655
2026-04-17T19:00:00+00:00,hyperliquid,HYPE/USDC:USDC,21160666.199999984,-1.79389e-05,44.1625
2026-04-17T20:00:00+00:00,hyperliquid,HYPE/USDC:USDC,21151634.72,1.25e-05,44.4325
2026-04-17T21:00:00+00:00,hyperliquid,HYPE/USDC:USDC,21168273.900000013,1.09328e-05,44.7595
2026-04-17T22:00:00+00:00,hyperliquid,HYPE/USDC:USDC,21152561.79999998,-7.5745e-06,44.5585
2026-04-17T23:00:00+00:00,hyperliquid,HYPE/USDC:USDC,21162645.7,-2.2736e-06,44.6645
2026-04-18T00:00:00+00:00,hyperliquid,HYPE/USDC:USDC,21090068.53999999,-3.55974e-05,44.5185
2026-04-18T01:00:00+00:00,hyperliquid,HYPE/USDC:USDC,21085165.85999999,-3.5566e-05,44.8705
2026-04-18T02:00:00+00:00,hyperliquid,HYPE/USDC:USDC,21029347.84,-1.31171e-05,44.9965
2026-04-18T03:00:00+00:00,hyperliquid,HYPE/USDC:USDC,21029731.98000001,-1.29936e-05,45.1715
2026-04-18T04:00:00+00:00,hyperliquid,HYPE/USDC:USDC,21009226.839999992,-1.59068e-05,45.1095
2026-04-18T05:00:00+00:00,hyperliquid,HYPE/USDC:USDC,21021997.39999999,1.24e-08,45.0425
2026-04-18T06:00:00+00:00,hyperliquid,HYPE/USDC:USDC,20952917.199999984,1.25e-05,44.7575
2026-04-18T07:00:00+00:00,hyperliquid,HYPE/USDC:USDC,20984752.96000001,1.25e-05,44.7685
2026-04-18T08:00:00+00:00,hyperliquid,HYPE/USDC:USDC,20952699.019999985,1.25e-05,44.627
2026-04-18T09:00:00+00:00,hyperliquid,HYPE/USDC:USDC,20909976.46,-1.40962e-05,44.7875
2026-04-18T10:00:00+00:00,hyperliquid,HYPE/USDC:USDC,20894526.64000001,-1.2863e-06,44.7085
2026-04-18T11:00:00+00:00,hyperliquid,HYPE/USDC:USDC,20866649.599999987,1.25e-05,44.4155
2026-04-18T12:00:00+00:00,hyperliquid,HYPE/USDC:USDC,20868091.25999999,1.25e-05,44.408
2026-04-18T13:00:00+00:00,hyperliquid,HYPE/USDC:USDC,20874819.459999997,-8.2999e-06,44.2135
2026-04-18T14:00:00+00:00,hyperliquid,HYPE/USDC:USDC,20861816.439999994,-9.4612e-06,44.0655
2026-04-18T15:00:00+00:00,hyperliquid,HYPE/USDC:USDC,20819730.96,-6.0274e-06,44.4225
2026-04-18T16:00:00+00:00,hyperliquid,HYPE/USDC:USDC,20798010.059999976,-2.851e-05,44.4685
2026-04-18T17:00:00+00:00,hyperliquid,HYPE/USDC:USDC,20774408.96000001,-5.5831e-06,44.1805
2026-04-18T18:00:00+00:00,hyperliquid,HYPE/USDC:USDC,20768665.37999999,1.21109e-05,44.1525
2026-04-18T19:00:00+00:00,hyperliquid,HYPE/USDC:USDC,20781774.959999993,5.645e-06,44.2705
2026-04-18T20:00:00+00:00,hyperliquid,HYPE/USDC:USDC,20711535.159999993,-5.4632e-06,43.9775
2026-04-18T21:00:00+00:00,hyperliquid,HYPE/USDC:USDC,20727606.54,1.5931e-06,44.1495
2026-04-18T22:00:00+00:00,hyperliquid,HYPE/USDC:USDC,20750276.83999998,-5.9724e-06,44.1405
2026-04-18T23:00:00+00:00,hyperliquid,HYPE/USDC:USDC,20732785.479999986,1.25e-05,44.2075
2026-04-19T00:00:00+00:00,hyperliquid,HYPE/USDC:USDC,20647903.89999999,-1.73988e-05,43.8675
2026-04-19T01:00:00+00:00,hyperliquid,HYPE/USDC:USDC,20557040.379999902,-3.05869e-05,43.6955
2026-04-19T02:00:00+00:00,hyperliquid,HYPE/USDC:USDC,20476539.799999993,-1.08135e-05,43.5505
2026-04-19T03:00:00+00:00,hyperliquid,HYPE/USDC:USDC,20153822.299999986,-1.85697e-05,43.2875
2026-04-19T04:00:00+00:00,hyperliquid,HYPE/USDC:USDC,20055705.259999994,-1.59424e-05,43.3905
2026-04-19T05:00:00+00:00,hyperliquid,HYPE/USDC:USDC,20011872.600000005,-2.86466e-05,43.5585
2026-04-19T06:00:00+00:00,hyperliquid,HYPE/USDC:USDC,19981631.119999994,-4.83908e-05,43.4385
2026-04-19T07:00:00+00:00,hyperliquid,HYPE/USDC:USDC,19962349.120000023,-8.5018e-06,43.4235
2026-04-19T08:00:00+00:00,hyperliquid,HYPE/USDC:USDC,19881228.660000023,-5.38375e-05,43.1085
2026-04-19T09:00:00+00:00,hyperliquid,HYPE/USDC:USDC,19882873.65999999,-1.10297e-05,43.2505
2026-04-19T10:00:00+00:00,hyperliquid,HYPE/USDC:USDC,19898484.05999998,9.908e-06,42.9825
2026-04-19T11:00:00+00:00,hyperliquid,HYPE/USDC:USDC,19808652.900000002,3.7822e-06,43.0515
2026-04-19T12:00:00+00:00,hyperliquid,HYPE/USDC:USDC,19761895.100000013,-5.3829e-06,43.4065
2026-04-19T13:00:00+00:00,hyperliquid,HYPE/USDC:USDC,19699482.960000023,-2.59419e-05,43.6185
2026-04-19T14:00:00+00:00,hyperliquid,HYPE/USDC:USDC,19687197.660000004,-1.37088e-05,43.5345
2026-04-19T15:00:00+00:00,hyperliquid,HYPE/USDC:USDC,19738741.29999999,-2.11384e-05,43.5315
2026-04-19T16:00:00+00:00,hyperliquid,HYPE/USDC:USDC,19700175.500000022,-9.2013e-06,43.2725
2026-04-19T17:00:00+00:00,hyperliquid,HYPE/USDC:USDC,19656279.88000001,1.25e-05,43.1795
2026-04-19T18:00:00+00:00,hyperliquid,HYPE/USDC:USDC,19474897.020000022,-1.99042e-05,41.6205
2026-04-19T19:00:00+00:00,hyperliquid,HYPE/USDC:USDC,19354514.999999996,1.25e-05,41.5425
2026-04-19T20:00:00+00:00,hyperliquid,HYPE/USDC:USDC,19356886.19999999,1.25e-05,41.5195
2026-04-19T21:00:00+00:00,hyperliquid,HYPE/USDC:USDC,19385556.44,1.25e-05,41.4025
2026-04-19T22:00:00+00:00,hyperliquid,HYPE/USDC:USDC,19389222.060000014,1.25e-05,41.0525
2026-04-19T23:00:00+00:00,hyperliquid,HYPE/USDC:USDC,19406888.64000001,1.25e-05,41.0255
2026-04-20T00:00:00+00:00,hyperliquid,HYPE/USDC:USDC,19288127.579999976,1.25e-05,40.7145
2026-04-20T01:00:00+00:00,hyperliquid,HYPE/USDC:USDC,19283640.380000006,1.25e-05,41.3405
2026-04-20T02:00:00+00:00,hyperliquid,HYPE/USDC:USDC,19271687.140000008,1.25e-05,41.3435
2026-04-20T03:00:00+00:00,hyperliquid,HYPE/USDC:USDC,19272044.259999987,1.25e-05,40.9695
2026-04-20T04:00:00+00:00,hyperliquid,HYPE/USDC:USDC,19272009.32,1.25e-05,41.1925
2026-04-20T05:00:00+00:00,hyperliquid,HYPE/USDC:USDC,19249063.299999997,1.25e-05,40.897
2026-04-20T06:00:00+00:00,hyperliquid,HYPE/USDC:USDC,19159798.099999998,1.25e-05,41.0045
2026-04-20T07:00:00+00:00,hyperliquid,HYPE/USDC:USDC,19069651.459999986,1.25e-05,41.1905
2026-04-20T08:00:00+00:00,hyperliquid,HYPE/USDC:USDC,19183674.879999988,1.25e-05,40.8565
2026-04-20T09:00:00+00:00,hyperliquid,HYPE/USDC:USDC,19183827.35999999,1.25e-05,40.8675
2026-04-20T10:00:00+00:00,hyperliquid,HYPE/USDC:USDC,19226268.52,1.25e-05,41.0255
2026-04-20T11:00:00+00:00,hyperliquid,HYPE/USDC:USDC,19239498.599999975,1.25e-05,40.9915
2026-04-20T12:00:00+00:00,hyperliquid,HYPE/USDC:USDC,19266338.239999987,1.25e-05,41.1985
2026-04-20T13:00:00+00:00,hyperliquid,HYPE/USDC:USDC,19321549.460000016,-1.3073e-06,41.248
2026-04-20T14:00:00+00:00,hyperliquid,HYPE/USDC:USDC,19271677.05999997,-1.03225e-05,41.1545
2026-04-20T15:00:00+00:00,hyperliquid,HYPE/USDC:USDC,19228657.24000001,-8.4481e-06,40.7615
2026-04-20T16:00:00+00:00,hyperliquid,HYPE/USDC:USDC,19289436.08,4.6e-06,41.058
2026-04-20T17:00:00+00:00,hyperliquid,HYPE/USDC:USDC,19368182.02000002,3.6462e-06,40.7675
2026-04-20T18:00:00+00:00,hyperliquid,HYPE/USDC:USDC,19427631.879999973,1.25e-05,41.365
2026-04-20T19:00:00+00:00,hyperliquid,HYPE/USDC:USDC,19603322.33999999,1.25e-05,41.404
2026-04-20T20:00:00+00:00,hyperliquid,HYPE/USDC:USDC,19702370.220000003,1.25e-05,41.3235
2026-04-20T21:00:00+00:00,hyperliquid,HYPE/USDC:USDC,19790014.259999994,1.25e-05,41.4615
2026-04-20T22:00:00+00:00,hyperliquid,HYPE/USDC:USDC,19679036.03999999,1.25e-05,41.0575
2026-04-20T23:00:00+00:00,hyperliquid,HYPE/USDC:USDC,19682449.399999987,1.25e-05,40.7465
2026-04-21T00:00:00+00:00,hyperliquid,HYPE/USDC:USDC,19715294.819999993,1.25e-05,40.6255
2026-04-21T01:00:00+00:00,hyperliquid,HYPE/USDC:USDC,19825812.620000005,1.25e-05,40.5355
2026-04-21T02:00:00+00:00,hyperliquid,HYPE/USDC:USDC,19849866.199999977,1.25e-05,40.7015
2026-04-21T03:00:00+00:00,hyperliquid,HYPE/USDC:USDC,19825007.959999982,1.25e-05,40.8165
2026-04-21T04:00:00+00:00,hyperliquid,HYPE/USDC:USDC,19847397.320000026,1.25e-05,41.3205
2026-04-21T05:00:00+00:00,hyperliquid,HYPE/USDC:USDC,19804697.14000002,1.25e-05,41.192
2026-04-21T06:00:00+00:00,hyperliquid,HYPE/USDC:USDC,19844273.14000001,1.25e-05,41.0535
2026-04-21T07:00:00+00:00,hyperliquid,HYPE/USDC:USDC,19852296.07999999,1.25e-05,40.8755
2026-04-21T08:00:00+00:00,hyperliquid,HYPE/USDC:USDC,19889630.639999993,1.25e-05,40.8525
2026-04-21T09:00:00+00:00,hyperliquid,HYPE/USDC:USDC,19854493.419999994,1.25e-05,40.8665
2026-04-21T10:00:00+00:00,hyperliquid,HYPE/USDC:USDC,19993353.919999998,1.25e-05,40.7955
2026-04-21T11:00:00+00:00,hyperliquid,HYPE/USDC:USDC,20024805.460000005,1.25e-05,40.9845
2026-04-21T12:00:00+00:00,hyperliquid,HYPE/USDC:USDC,20038350.84000001,-1.70125e-05,40.8245
2026-04-21T13:00:00+00:00,hyperliquid,HYPE/USDC:USDC,20134021.22000001,1.25e-05,40.6965
2026-04-21T14:00:00+00:00,hyperliquid,HYPE/USDC:USDC,20054259.959999997,1.25e-05,40.358
2026-04-21T15:00:00+00:00,hyperliquid,HYPE/USDC:USDC,20094711.16000002,1.25e-05,40.0955
2026-04-21T16:00:00+00:00,hyperliquid,HYPE/USDC:USDC,20165325.759999987,1.14774e-05,40.0055
2026-04-21T17:00:00+00:00,hyperliquid,HYPE/USDC:USDC,19985530.97999997,-2.0283e-05,39.8705
2026-04-21T18:00:00+00:00,hyperliquid,HYPE/USDC:USDC,19895562.959999975,1.25e-05,39.5955
2026-04-21T19:00:00+00:00,hyperliquid,HYPE/USDC:USDC,19929120.079999965,1.25e-05,39.2625
2026-04-21T20:00:00+00:00,hyperliquid,HYPE/USDC:USDC,20007797.020000014,1.25e-05,39.0695
2026-04-21T21:00:00+00:00,hyperliquid,HYPE/USDC:USDC,19959072.599999998,1.25e-05,39.3595
2026-04-21T22:00:00+00:00,hyperliquid,HYPE/USDC:USDC,19955299.119999982,1.25e-05,39.428
2026-04-21T23:00:00+00:00,hyperliquid,HYPE/USDC:USDC,19972030.479999986,1.25e-05,39.6405
2026-04-22T00:00:00+00:00,hyperliquid,HYPE/USDC:USDC,19944782.69999999,1.25e-05,39.7685
2026-04-22T01:00:00+00:00,hyperliquid,HYPE/USDC:USDC,20003202.239999987,1.25e-05,39.9475
2026-04-22T02:00:00+00:00,hyperliquid,HYPE/USDC:USDC,19965914.13999999,1.25e-05,39.8005
2026-04-22T03:00:00+00:00,hyperliquid,HYPE/USDC:USDC,20055873.559999973,1.25e-05,40.405
2026-04-22T04:00:00+00:00,hyperliquid,HYPE/USDC:USDC,20108279.97999999,1.25e-05,40.0865
2026-04-22T05:00:00+00:00,hyperliquid,HYPE/USDC:USDC,20088533.89999999,-2.6199e-06,40.307
2026-04-22T06:00:00+00:00,hyperliquid,HYPE/USDC:USDC,20021372.019999996,-3.50317e-05,40.2705
2026-04-22T07:00:00+00:00,hyperliquid,HYPE/USDC:USDC,20123169.37999998,1.25e-05,40.5505
2026-04-22T08:00:00+00:00,hyperliquid,HYPE/USDC:USDC,20208556.399999995,1.25e-05,40.3975
2026-04-22T09:00:00+00:00,hyperliquid,HYPE/USDC:USDC,20244621.160000008,7.8888e-06,40.5585
2026-04-22T10:00:00+00:00,hyperliquid,HYPE/USDC:USDC,20246454.220000003,1.25e-05,40.5245
2026-04-22T11:00:00+00:00,hyperliquid,HYPE/USDC:USDC,20212264.699999984,9.0959e-06,41.0025
2026-04-22T12:00:00+00:00,hyperliquid,HYPE/USDC:USDC,20293338.359999985,1.25e-05,41.0735
2026-04-22T13:00:00+00:00,hyperliquid,HYPE/USDC:USDC,20300424.640000004,1.25e-05,41.227
2026-04-22T14:00:00+00:00,hyperliquid,HYPE/USDC:USDC,20317925.8,-2.503e-06,41.3585
2026-04-22T15:00:00+00:00,hyperliquid,HYPE/USDC:USDC,20144076.91999999,1.07828e-05,41.0225
2026-04-22T16:00:00+00:00,hyperliquid,HYPE/USDC:USDC,20169677.820000004,-1.0184e-06,41.0245
2026-04-22T17:00:00+00:00,hyperliquid,HYPE/USDC:USDC,20167476.500000004,-6.2378e-06,40.9905
2026-04-22T18:00:00+00:00,hyperliquid,HYPE/USDC:USDC,20161660.219999995,2.8466e-06,40.8755
2026-04-22T19:00:00+00:00,hyperliquid,HYPE/USDC:USDC,20064019.84,-2.805e-06,41.1185
2026-04-22T20:00:00+00:00,hyperliquid,HYPE/USDC:USDC,20046169.279999975,-7.9042e-06,41.2585
2026-04-22T21:00:00+00:00,hyperliquid,HYPE/USDC:USDC,20025860.84,4.3771e-06,41.0225
2026-04-22T22:00:00+00:00,hyperliquid,HYPE/USDC:USDC,20074224.740000006,1.25e-05,41.5525
2026-04-22T23:00:00+00:00,hyperliquid,HYPE/USDC:USDC,20080939.039999995,1.25e-05,41.2995
2026-04-23T00:00:00+00:00,hyperliquid,HYPE/USDC:USDC,20085546.919999994,1.20588e-05,41.1465
2026-04-23T01:00:00+00:00,hyperliquid,HYPE/USDC:USDC,19955069.720000006,1.6156e-06,41.4015
2026-04-23T02:00:00+00:00,hyperliquid,HYPE/USDC:USDC,19937523.340000007,-5.49736e-05,40.9445
2026-04-23T03:00:00+00:00,hyperliquid,HYPE/USDC:USDC,19926928.65999999,-1.40035e-05,41.009
2026-04-23T04:00:00+00:00,hyperliquid,HYPE/USDC:USDC,19829471.419999987,-4.11709e-05,40.5885
2026-04-23T05:00:00+00:00,hyperliquid,HYPE/USDC:USDC,19830291.54,4.9277e-06,41.0505
2026-04-23T06:00:00+00:00,hyperliquid,HYPE/USDC:USDC,19851450.159999993,1.25e-05,41.0335
2026-04-23T07:00:00+00:00,hyperliquid,HYPE/USDC:USDC,19825128.319999993,-2.2674e-06,40.9275
2026-04-23T08:00:00+00:00,hyperliquid,HYPE/USDC:USDC,19838661.379999995,1.25e-05,41.1675
2026-04-23T09:00:00+00:00,hyperliquid,HYPE/USDC:USDC,19821814.199999973,1.25e-05,41.0915
2026-04-23T10:00:00+00:00,hyperliquid,HYPE/USDC:USDC,19839418.979999978,1.452e-07,40.8815
2026-04-23T11:00:00+00:00,hyperliquid,HYPE/USDC:USDC,19830793.919999987,2.8332e-06,40.8455
2026-04-23T12:00:00+00:00,hyperliquid,HYPE/USDC:USDC,19818184.819999993,1.25e-05,41.1745
2026-04-23T13:00:00+00:00,hyperliquid,HYPE/USDC:USDC,19852213.500000007,1.25e-05,41.2585
2026-04-23T14:00:00+00:00,hyperliquid,HYPE/USDC:USDC,19886317.440000013,1.25e-05,41.2235
2026-04-23T15:00:00+00:00,hyperliquid,HYPE/USDC:USDC,20088899.539999995,1.25e-05,41.5975
2026-04-23T16:00:00+00:00,hyperliquid,HYPE/USDC:USDC,20075142.99999999,4.9806e-06,41.699
2026-04-23T17:00:00+00:00,hyperliquid,HYPE/USDC:USDC,20027295.219999988,-5.4558e-06,41.4595
2026-04-23T18:00:00+00:00,hyperliquid,HYPE/USDC:USDC,19993242.92000002,1.25e-05,41.2375
2026-04-23T19:00:00+00:00,hyperliquid,HYPE/USDC:USDC,20058977.260000005,9.7902e-06,41.2235
2026-04-23T20:00:00+00:00,hyperliquid,HYPE/USDC:USDC,19888198.59999999,-9.8632e-06,41.0005
2026-04-23T21:00:00+00:00,hyperliquid,HYPE/USDC:USDC,19877578.419999994,-9.4173e-06,41.0605
2026-04-23T22:00:00+00:00,hyperliquid,HYPE/USDC:USDC,19898834.95999999,1.25e-05,41.2185
2026-04-23T23:00:00+00:00,hyperliquid,HYPE/USDC:USDC,19857483.02,1.25e-05,41.259
2026-04-24T00:00:00+00:00,hyperliquid,HYPE/USDC:USDC,19838236.619999997,1.25e-05,41.3295
2026-04-24T01:00:00+00:00,hyperliquid,HYPE/USDC:USDC,19854194.039999995,1.25e-05,41.322
2026-04-24T02:00:00+00:00,hyperliquid,HYPE/USDC:USDC,19866642.560000002,1.25e-05,41.4765
2026-04-24T03:00:00+00:00,hyperliquid,HYPE/USDC:USDC,19891497.68,1.25e-05,41.1765
2026-04-24T04:00:00+00:00,hyperliquid,HYPE/USDC:USDC,19843925.62000001,4.8001e-06,40.9925
2026-04-24T05:00:00+00:00,hyperliquid,HYPE/USDC:USDC,19836187.200000018,7.1033e-06,40.9945
2026-04-24T06:00:00+00:00,hyperliquid,HYPE/USDC:USDC,19818052.939999998,3.0682e-06,41.0435
2026-04-24T07:00:00+00:00,hyperliquid,HYPE/USDC:USDC,19790298.499999996,1.25e-05,41.2095
2026-04-24T08:00:00+00:00,hyperliquid,HYPE/USDC:USDC,19715530.84000001,1.25e-05,41.0165
2026-04-24T09:00:00+00:00,hyperliquid,HYPE/USDC:USDC,19729836.999999985,1.25e-05,40.9985
2026-04-24T10:00:00+00:00,hyperliquid,HYPE/USDC:USDC,19640868.220000003,1.25e-05,40.7225
2026-04-24T11:00:00+00:00,hyperliquid,HYPE/USDC:USDC,19614561.35999998,1.25e-05,40.8705
2026-04-24T12:00:00+00:00,hyperliquid,HYPE/USDC:USDC,19669543.68,1.25e-05,41.0655
2026-04-24T13:00:00+00:00,hyperliquid,HYPE/USDC:USDC,19627829.559999995,1.25e-05,41.1095
2026-04-24T14:00:00+00:00,hyperliquid,HYPE/USDC:USDC,19607348.819999978,1.25e-05,40.7495
2026-04-24T15:00:00+00:00,hyperliquid,HYPE/USDC:USDC,19642400.179999974,1.25e-05,40.9745
2026-04-24T16:00:00+00:00,hyperliquid,HYPE/USDC:USDC,19712781.91999998,-1.26674e-05,41.1475
2026-04-24T17:00:00+00:00,hyperliquid,HYPE/USDC:USDC,19744136.319999978,1.25e-05,41.0545
2026-04-24T18:00:00+00:00,hyperliquid,HYPE/USDC:USDC,19731761.119999968,1.25e-05,41.0495
2026-04-24T19:00:00+00:00,hyperliquid,HYPE/USDC:USDC,19780029.79999999,1.25e-05,41.2445
2026-04-24T20:00:00+00:00,hyperliquid,HYPE/USDC:USDC,19752896.95999997,1.25e-05,41.2975
2026-04-24T21:00:00+00:00,hyperliquid,HYPE/USDC:USDC,19796101.260000005,1.25e-05,41.4295
2026-04-24T22:00:00+00:00,hyperliquid,HYPE/USDC:USDC,19911113.419999983,1.25e-05,41.2915
2026-04-24T23:00:00+00:00,hyperliquid,HYPE/USDC:USDC,19939605.639999993,1.25e-05,41.2345
2026-04-25T00:00:00+00:00,hyperliquid,HYPE/USDC:USDC,19938223.719999988,1.25e-05,41.2065
2026-04-25T01:00:00+00:00,hyperliquid,HYPE/USDC:USDC,19866250.219999995,1.25e-05,41.1815
2026-04-25T02:00:00+00:00,hyperliquid,HYPE/USDC:USDC,19782683.859999992,1.25e-05,41.1335
2026-04-25T03:00:00+00:00,hyperliquid,HYPE/USDC:USDC,19865682.67999999,1.25e-05,41.2025
2026-04-25T04:00:00+00:00,hyperliquid,HYPE/USDC:USDC,19865144.580000002,1.25e-05,41.1915
2026-04-25T05:00:00+00:00,hyperliquid,HYPE/USDC:USDC,19854714.05999998,1.25e-05,41.0625
2026-04-25T06:00:00+00:00,hyperliquid,HYPE/USDC:USDC,19857298.559999984,1.25e-05,41.189
2026-04-25T07:00:00+00:00,hyperliquid,HYPE/USDC:USDC,19878521.99999999,1.25e-05,41.2265
2026-04-25T08:00:00+00:00,hyperliquid,HYPE/USDC:USDC,19872968.87999999,1.25e-05,41.2795
2026-04-25T09:00:00+00:00,hyperliquid,HYPE/USDC:USDC,19851786.7,1.25e-05,41.2935
2026-04-25T10:00:00+00:00,hyperliquid,HYPE/USDC:USDC,19967524.859999992,1.25e-05,41.6365
2026-04-25T11:00:00+00:00,hyperliquid,HYPE/USDC:USDC,20085223.4,1.25e-05,41.8595
2026-04-25T12:00:00+00:00,hyperliquid,HYPE/USDC:USDC,20095248.959999993,1.25e-05,41.6985
2026-04-25T13:00:00+00:00,hyperliquid,HYPE/USDC:USDC,20070880.419999987,1.25e-05,41.3555
2026-04-25T14:00:00+00:00,hyperliquid,HYPE/USDC:USDC,20090398.899999987,1.25e-05,41.4865
2026-04-25T15:00:00+00:00,hyperliquid,HYPE/USDC:USDC,20134643.979999993,1.25e-05,41.5525
2026-04-25T16:00:00+00:00,hyperliquid,HYPE/USDC:USDC,20162584.039999995,1.25e-05,41.4305
2026-04-25T17:00:00+00:00,hyperliquid,HYPE/USDC:USDC,19944954.65999999,1.25e-05,41.0295
2026-04-25T18:00:00+00:00,hyperliquid,HYPE/USDC:USDC,19902215.239999983,1.25e-05,41.1195
2026-04-25T19:00:00+00:00,hyperliquid,HYPE/USDC:USDC,19869981.879999988,1.25e-05,41.2405
2026-04-25T20:00:00+00:00,hyperliquid,HYPE/USDC:USDC,19865715.379999995,1.25e-05,41.2055
2026-04-25T21:00:00+00:00,hyperliquid,HYPE/USDC:USDC,19867526.64,1.25e-05,41.4445
2026-04-25T22:00:00+00:00,hyperliquid,HYPE/USDC:USDC,19927133.579999994,1.25e-05,41.4525
2026-04-25T23:00:00+00:00,hyperliquid,HYPE/USDC:USDC,19920493.979999986,1.25e-05,41.4005
2026-04-26T00:00:00+00:00,hyperliquid,HYPE/USDC:USDC,19906813.479999993,1.25e-05,41.5075
2026-04-26T01:00:00+00:00,hyperliquid,HYPE/USDC:USDC,19855737.779999986,4.6833e-06,41.2715
2026-04-26T02:00:00+00:00,hyperliquid,HYPE/USDC:USDC,19884376.120000005,1.25e-05,41.4605
2026-04-26T03:00:00+00:00,hyperliquid,HYPE/USDC:USDC,19882859.979999986,1.25e-05,41.4455
2026-04-26T04:00:00+00:00,hyperliquid,HYPE/USDC:USDC,19897721.899999995,1.25e-05,41.3265
2026-04-26T05:00:00+00:00,hyperliquid,HYPE/USDC:USDC,19888739.739999995,1.25e-05,41.4045
2026-04-26T06:00:00+00:00,hyperliquid,HYPE/USDC:USDC,19768312.979999978,-3.161e-05,41.1545
2026-04-26T07:00:00+00:00,hyperliquid,HYPE/USDC:USDC,19730440.020000003,9.7389e-06,41.3175
2026-04-26T08:00:00+00:00,hyperliquid,HYPE/USDC:USDC,19736032.180000007,1.25e-05,41.3135
2026-04-26T09:00:00+00:00,hyperliquid,HYPE/USDC:USDC,19669170.43999997,-1.54628e-05,41.1375
2026-04-26T10:00:00+00:00,hyperliquid,HYPE/USDC:USDC,19664060.719999995,-8.9836e-06,41.2155
2026-04-26T11:00:00+00:00,hyperliquid,HYPE/USDC:USDC,19661077.439999994,1.25e-05,41.1915
2026-04-26T12:00:00+00:00,hyperliquid,HYPE/USDC:USDC,19667543.45999998,-2.27318e-05,41.1115
2026-04-26T13:00:00+00:00,hyperliquid,HYPE/USDC:USDC,19674481.48,1.25e-05,40.9765
2026-04-26T14:00:00+00:00,hyperliquid,HYPE/USDC:USDC,19678745.679999977,1.25e-05,41.1175
2026-04-26T15:00:00+00:00,hyperliquid,HYPE/USDC:USDC,19709041.919999976,1.25e-05,41.3255
2026-04-26T16:00:00+00:00,hyperliquid,HYPE/USDC:USDC,19685173.199999988,-9.1024e-06,41.3255
2026-04-26T17:00:00+00:00,hyperliquid,HYPE/USDC:USDC,19663110.959999997,-2.4461e-06,41.2725
2026-04-26T18:00:00+00:00,hyperliquid,HYPE/USDC:USDC,19647691.26,-2.5781e-06,41.4465
2026-04-26T19:00:00+00:00,hyperliquid,HYPE/USDC:USDC,19569902.639999975,-4.41689e-05,41.6375
2026-04-26T20:00:00+00:00,hyperliquid,HYPE/USDC:USDC,19607133.399999965,1.25e-05,42.0515
2026-04-26T21:00:00+00:00,hyperliquid,HYPE/USDC:USDC,19638052.77999998,-4.6276e-06,41.9625
2026-04-26T22:00:00+00:00,hyperliquid,HYPE/USDC:USDC,19669298.87999998,-2.20638e-05,41.9805
2026-04-26T23:00:00+00:00,hyperliquid,HYPE/USDC:USDC,19647493.03999999,1.25e-05,42.4085
2026-04-27T00:00:00+00:00,hyperliquid,HYPE/USDC:USDC,19719490.400000002,1.25e-05,42.5575
2026-04-27T01:00:00+00:00,hyperliquid,HYPE/USDC:USDC,19707450.97999999,1.25e-05,42.8295
2026-04-27T02:00:00+00:00,hyperliquid,HYPE/USDC:USDC,19716396.339999974,1.25e-05,42.8795
2026-04-27T03:00:00+00:00,hyperliquid,HYPE/USDC:USDC,19699327.39999999,1.25e-05,43.0415
2026-04-27T04:00:00+00:00,hyperliquid,HYPE/USDC:USDC,19751560.220000003,1.25e-05,43.3175
2026-04-27T05:00:00+00:00,hyperliquid,HYPE/USDC:USDC,19705679.52000002,1.25e-05,43.1035
2026-04-27T06:00:00+00:00,hyperliquid,HYPE/USDC:USDC,19625564.62000003,1.25e-05,42.6125
2026-04-27T07:00:00+00:00,hyperliquid,HYPE/USDC:USDC,19646392.14000001,1.25e-05,42.6095
2026-04-27T08:00:00+00:00,hyperliquid,HYPE/USDC:USDC,19619730.880000014,1.25e-05,42.4695
2026-04-27T09:00:00+00:00,hyperliquid,HYPE/USDC:USDC,19593246.82,1.25e-05,42.4515
2026-04-27T10:00:00+00:00,hyperliquid,HYPE/USDC:USDC,19600110.59999999,1.25e-05,42.3415
2026-04-27T11:00:00+00:00,hyperliquid,HYPE/USDC:USDC,19603708.01999999,1.25e-05,42.2345
2026-04-27T12:00:00+00:00,hyperliquid,HYPE/USDC:USDC,19631661.58,1.25e-05,42.3515
2026-04-27T13:00:00+00:00,hyperliquid,HYPE/USDC:USDC,19643019.16,9.9901e-06,42.2465
2026-04-27T14:00:00+00:00,hyperliquid,HYPE/USDC:USDC,19660026.480000004,1.25e-05,42.372
2026-04-27T15:00:00+00:00,hyperliquid,HYPE/USDC:USDC,19659787.859999996,-2.55327e-05,42.4565
2026-04-27T16:00:00+00:00,hyperliquid,HYPE/USDC:USDC,19635064.220000017,1.00525e-05,41.6225
2026-04-27T17:00:00+00:00,hyperliquid,HYPE/USDC:USDC,19539444.560000014,1.25e-05,41.7025
2026-04-27T18:00:00+00:00,hyperliquid,HYPE/USDC:USDC,19475286.419999972,1.25e-05,41.6995
2026-04-27T19:00:00+00:00,hyperliquid,HYPE/USDC:USDC,19403926.21999997,1.25e-05,41.5945
2026-04-27T20:00:00+00:00,hyperliquid,HYPE/USDC:USDC,19406309.640000004,1.25e-05,41.6005
2026-04-27T21:00:00+00:00,hyperliquid,HYPE/USDC:USDC,19402980.65999998,1.25e-05,41.4745
2026-04-27T22:00:00+00:00,hyperliquid,HYPE/USDC:USDC,19406694.99999998,1.25e-05,41.3195
2026-04-27T23:00:00+00:00,hyperliquid,HYPE/USDC:USDC,19402597.819999985,-1.19798e-05,41.3745
2026-04-28T00:00:00+00:00,hyperliquid,HYPE/USDC:USDC,19386947.499999978,5.1364e-06,41.6565
2026-04-28T01:00:00+00:00,hyperliquid,HYPE/USDC:USDC,19414856.78,1.25e-05,41.6615
2026-04-28T02:00:00+00:00,hyperliquid,HYPE/USDC:USDC,19471693.240000006,1.25e-05,41.42
2026-04-28T03:00:00+00:00,hyperliquid,HYPE/USDC:USDC,19394657.320000008,-3.7328e-06,40.9415
2026-04-28T04:00:00+00:00,hyperliquid,HYPE/USDC:USDC,19399826.000000015,1.25e-05,41.0475
2026-04-28T05:00:00+00:00,hyperliquid,HYPE/USDC:USDC,19416111.33999997,1.25e-05,41.2805
2026-04-28T06:00:00+00:00,hyperliquid,HYPE/USDC:USDC,19416117.959999986,1.25e-05,41.1775
2026-04-28T07:00:00+00:00,hyperliquid,HYPE/USDC:USDC,19626706.540000007,1.25e-05,40.4015
2026-04-28T08:00:00+00:00,hyperliquid,HYPE/USDC:USDC,19597528.95999998,1.25e-05,40.4555
2026-04-28T09:00:00+00:00,hyperliquid,HYPE/USDC:USDC,19678384.620000005,7.1941e-06,40.4735
2026-04-28T10:00:00+00:00,hyperliquid,HYPE/USDC:USDC,19679600.87999997,1.25e-05,40.2865
2026-04-28T11:00:00+00:00,hyperliquid,HYPE/USDC:USDC,19511980.279999997,-4.31832e-05,39.6965
2026-04-28T12:00:00+00:00,hyperliquid,HYPE/USDC:USDC,19561423.35999999,1.25e-05,40.0805
2026-04-28T13:00:00+00:00,hyperliquid,HYPE/USDC:USDC,19517462.539999966,-1.98333e-05,39.9765
2026-04-28T14:00:00+00:00,hyperliquid,HYPE/USDC:USDC,19745734.399999987,1.25e-05,39.9225
2026-04-28T15:00:00+00:00,hyperliquid,HYPE/USDC:USDC,19696415.73999999,1.25e-05,39.8205
2026-04-28T16:00:00+00:00,hyperliquid,HYPE/USDC:USDC,19719427.959999993,1.25e-05,39.7995
2026-04-28T17:00:00+00:00,hyperliquid,HYPE/USDC:USDC,19825128.12000001,-2.19873e-05,39.7215
2026-04-28T18:00:00+00:00,hyperliquid,HYPE/USDC:USDC,19758413.859999992,1.25e-05,39.7355
2026-04-28T19:00:00+00:00,hyperliquid,HYPE/USDC:USDC,19732540.25999999,7.2353e-06,39.8965
2026-04-28T20:00:00+00:00,hyperliquid,HYPE/USDC:USDC,19750197.339999996,-9.6818e-06,40.0875
2026-04-28T21:00:00+00:00,hyperliquid,HYPE/USDC:USDC,19713985.660000004,8.5012e-06,39.9995
2026-04-28T22:00:00+00:00,hyperliquid,HYPE/USDC:USDC,19717966.08,2.7726e-06,39.9725
2026-04-28T23:00:00+00:00,hyperliquid,HYPE/USDC:USDC,19703774.12,-9.0729e-06,39.9895
2026-04-29T00:00:00+00:00,hyperliquid,HYPE/USDC:USDC,19702730.61999998,-7.0049e-06,40.0955
2026-04-29T01:00:00+00:00,hyperliquid,HYPE/USDC:USDC,19659714.739999995,-1.73611e-05,40.0095
2026-04-29T02:00:00+00:00,hyperliquid,HYPE/USDC:USDC,19637265.88,-3.191e-07,40.1515
2026-04-29T03:00:00+00:00,hyperliquid,HYPE/USDC:USDC,19651452.56,1.25e-05,40.1465
2026-04-29T04:00:00+00:00,hyperliquid,HYPE/USDC:USDC,19692000.319999967,-2.15747e-05,40.2065
2026-04-29T05:00:00+00:00,hyperliquid,HYPE/USDC:USDC,19817420.539999995,9.392e-07,40.5545
2026-04-29T06:00:00+00:00,hyperliquid,HYPE/USDC:USDC,19819766.739999942,7.289e-07,40.7405
2026-04-29T07:00:00+00:00,hyperliquid,HYPE/USDC:USDC,19805750.239999987,-1.17792e-05,40.6115
2026-04-29T08:00:00+00:00,hyperliquid,HYPE/USDC:USDC,19822716.119999964,2.021e-07,40.5725
2026-04-29T09:00:00+00:00,hyperliquid,HYPE/USDC:USDC,19685013.93999997,-3.42554e-05,40.3155
2026-04-29T10:00:00+00:00,hyperliquid,HYPE/USDC:USDC,19591061.01999998,-9.127e-07,40.5785
2026-04-29T11:00:00+00:00,hyperliquid,HYPE/USDC:USDC,19560477.499999993,-2.6452e-05,40.5065
2026-04-29T12:00:00+00:00,hyperliquid,HYPE/USDC:USDC,19510020.579999983,-1.36154e-05,40.3875
2026-04-29T13:00:00+00:00,hyperliquid,HYPE/USDC:USDC,19453906.37999999,-8.5682e-06,40.0675
2026-04-29T14:00:00+00:00,hyperliquid,HYPE/USDC:USDC,19501008.579999965,1.25e-05,39.7195
2026-04-29T15:00:00+00:00,hyperliquid,HYPE/USDC:USDC,19435818.019999992,1.25e-05,39.9005
2026-04-29T16:00:00+00:00,hyperliquid,HYPE/USDC:USDC,19405203.99999999,1.25e-05,39.6065
2026-04-29T17:00:00+00:00,hyperliquid,HYPE/USDC:USDC,19415505.699999984,1.25e-05,39.4405
2026-04-29T18:00:00+00:00,hyperliquid,HYPE/USDC:USDC,19397751.799999997,-1.01432e-05,39.641
2026-04-29T19:00:00+00:00,hyperliquid,HYPE/USDC:USDC,19459059.02000002,1.25e-05,39.6365
2026-04-29T20:00:00+00:00,hyperliquid,HYPE/USDC:USDC,19634139.2,1.25e-05,39.9995
2026-04-29T21:00:00+00:00,hyperliquid,HYPE/USDC:USDC,19631988.279999997,1.25e-05,39.787
2026-04-29T22:00:00+00:00,hyperliquid,HYPE/USDC:USDC,19664326.100000013,1.25e-05,40.1105
2026-04-29T23:00:00+00:00,hyperliquid,HYPE/USDC:USDC,19629675.29999999,5.3549e-06,39.9445
2026-04-30T00:00:00+00:00,hyperliquid,HYPE/USDC:USDC,19614141.25999998,1.25e-05,39.9245
2026-04-30T01:00:00+00:00,hyperliquid,HYPE/USDC:USDC,19560927.599999983,1.25e-05,40.0885
2026-04-30T02:00:00+00:00,hyperliquid,HYPE/USDC:USDC,19535011.17999998,1.25e-05,40.2455
2026-04-30T03:00:00+00:00,hyperliquid,HYPE/USDC:USDC,19510667.979999997,1.25e-05,39.6855
2026-04-30T04:00:00+00:00,hyperliquid,HYPE/USDC:USDC,19504029.839999985,-8.4087e-06,39.6255
2026-04-30T05:00:00+00:00,hyperliquid,HYPE/USDC:USDC,19517830.019999992,-2.8688e-06,39.3915
2026-04-30T06:00:00+00:00,hyperliquid,HYPE/USDC:USDC,19495924.060000006,3.3012e-06,39.5175
2026-04-30T07:00:00+00:00,hyperliquid,HYPE/USDC:USDC,19500551.019999992,-3.7553e-06,39.5745
2026-04-30T08:00:00+00:00,hyperliquid,HYPE/USDC:USDC,19483625.620000012,-2.28078e-05,39.4175
2026-04-30T09:00:00+00:00,hyperliquid,HYPE/USDC:USDC,19533152.560000002,1.25e-05,39.2565
2026-04-30T10:00:00+00:00,hyperliquid,HYPE/USDC:USDC,19433488.38,9.1872e-06,39.1145
2026-04-30T11:00:00+00:00,hyperliquid,HYPE/USDC:USDC,19431994.140000023,5.9487e-06,38.9955
2026-04-30T12:00:00+00:00,hyperliquid,HYPE/USDC:USDC,19410549.580000002,1.25e-05,38.8195
2026-04-30T13:00:00+00:00,hyperliquid,HYPE/USDC:USDC,19439886.979999978,1.25e-05,39.0095
2026-04-30T14:00:00+00:00,hyperliquid,HYPE/USDC:USDC,19611833.26,1.25e-05,39.238
2026-04-30T15:00:00+00:00,hyperliquid,HYPE/USDC:USDC,19654963.100000005,1.25e-05,39.1455
2026-04-30T16:00:00+00:00,hyperliquid,HYPE/USDC:USDC,19565187.30000001,-7.2646e-06,39.0975
2026-04-30T17:00:00+00:00,hyperliquid,HYPE/USDC:USDC,19709112.359999977,1.25e-05,39.1675
2026-04-30T18:00:00+00:00,hyperliquid,HYPE/USDC:USDC,19661534.339999977,1.25e-05,39.283
2026-04-30T19:00:00+00:00,hyperliquid,HYPE/USDC:USDC,19645312.4,1.25e-05,39.1075
2026-04-30T20:00:00+00:00,hyperliquid,HYPE/USDC:USDC,19625299.239999983,1.25e-05,39.2575
2026-04-30T21:00:00+00:00,hyperliquid,HYPE/USDC:USDC,19497211.739999983,-1.13461e-05,39.3285
2026-04-30T22:00:00+00:00,hyperliquid,HYPE/USDC:USDC,19470478.699999996,-1.73648e-05,39.4835
2026-04-30T23:00:00+00:00,hyperliquid,HYPE/USDC:USDC,19487050.899999987,7.0362e-06,39.5975
2026-05-01T00:00:00+00:00,hyperliquid,HYPE/USDC:USDC,19487402.159999978,-7.9912e-06,39.7455
2026-05-01T01:00:00+00:00,hyperliquid,HYPE/USDC:USDC,19308798.459999975,1.25e-05,40.0595
2026-05-01T02:00:00+00:00,hyperliquid,HYPE/USDC:USDC,19271041.779999986,1.25e-05,40.3475
2026-05-01T03:00:00+00:00,hyperliquid,HYPE/USDC:USDC,19297821.859999973,1.25e-05,40.3615
2026-05-01T04:00:00+00:00,hyperliquid,HYPE/USDC:USDC,19263070.339999992,1.25e-05,40.2665
2026-05-01T05:00:00+00:00,hyperliquid,HYPE/USDC:USDC,19274570.65999999,1.25e-05,40.2835
2026-05-01T06:00:00+00:00,hyperliquid,HYPE/USDC:USDC,19278003.579999994,1.25e-05,40.2035
2026-05-01T07:00:00+00:00,hyperliquid,HYPE/USDC:USDC,19312035.199999996,1.25e-05,39.8705
2026-05-01T08:00:00+00:00,hyperliquid,HYPE/USDC:USDC,19323234.499999948,1.25e-05,39.9115
2026-05-01T09:00:00+00:00,hyperliquid,HYPE/USDC:USDC,19336015.439999986,1.25e-05,40.4535
2026-05-01T10:00:00+00:00,hyperliquid,HYPE/USDC:USDC,19536109.48000001,1.25e-05,40.7475
2026-05-01T11:00:00+00:00,hyperliquid,HYPE/USDC:USDC,19514648.85999998,1.0815e-06,40.6745
2026-05-01T12:00:00+00:00,hyperliquid,HYPE/USDC:USDC,19423642.780000005,3.0843e-06,40.6215
2026-05-01T13:00:00+00:00,hyperliquid,HYPE/USDC:USDC,19338225.379999984,1.25e-05,40.8045
2026-05-01T14:00:00+00:00,hyperliquid,HYPE/USDC:USDC,19375461.71999999,1.25e-05,40.7945
2026-05-01T15:00:00+00:00,hyperliquid,HYPE/USDC:USDC,19311447.580000002,1.07491e-05,40.8325
2026-05-01T16:00:00+00:00,hyperliquid,HYPE/USDC:USDC,19321483.75999997,1.25e-05,41.0275
2026-05-01T17:00:00+00:00,hyperliquid,HYPE/USDC:USDC,19257777.57999999,1.25e-05,40.8165
2026-05-01T18:00:00+00:00,hyperliquid,HYPE/USDC:USDC,19246225.01999998,1.25e-05,41.0075
2026-05-01T19:00:00+00:00,hyperliquid,HYPE/USDC:USDC,19200853.199999988,5.8765e-06,40.8805
2026-05-01T20:00:00+00:00,hyperliquid,HYPE/USDC:USDC,19175133.959999986,1.25e-05,40.879
2026-05-01T21:00:00+00:00,hyperliquid,HYPE/USDC:USDC,19155589.740000002,-2.4786e-06,40.8575
2026-05-01T22:00:00+00:00,hyperliquid,HYPE/USDC:USDC,19153143.199999988,1.25e-05,41.0335
2026-05-01T23:00:00+00:00,hyperliquid,HYPE/USDC:USDC,19171476.4,-3.4877e-06,40.9275
2026-05-02T00:00:00+00:00,hyperliquid,HYPE/USDC:USDC,19167438.719999995,1.0319e-05,41.1405
2026-05-02T01:00:00+00:00,hyperliquid,HYPE/USDC:USDC,19164877.719999984,1.25e-05,41.2305
2026-05-02T02:00:00+00:00,hyperliquid,HYPE/USDC:USDC,19133403.420000017,1.25e-05,41.2705
2026-05-02T03:00:00+00:00,hyperliquid,HYPE/USDC:USDC,19114976.719999995,1.25e-05,41.2265
2026-05-02T04:00:00+00:00,hyperliquid,HYPE/USDC:USDC,19147308.479999986,1.25e-05,41.3395
2026-05-02T05:00:00+00:00,hyperliquid,HYPE/USDC:USDC,19247185.479999993,1.25e-05,41.3555
2026-05-02T06:00:00+00:00,hyperliquid,HYPE/USDC:USDC,19256188.67999999,1.25e-05,41.3775
2026-05-02T07:00:00+00:00,hyperliquid,HYPE/USDC:USDC,19302182.819999997,1.25e-05,41.4215
2026-05-02T08:00:00+00:00,hyperliquid,HYPE/USDC:USDC,19366677.819999993,2.16092e-05,41.7465
2026-05-02T09:00:00+00:00,hyperliquid,HYPE/USDC:USDC,19547090.24,1.25e-05,42.147
2026-05-02T10:00:00+00:00,hyperliquid,HYPE/USDC:USDC,19627512.859999996,1.25e-05,41.892
2026-05-02T11:00:00+00:00,hyperliquid,HYPE/USDC:USDC,19610957.640000004,1.25e-05,41.7365
2026-05-02T12:00:00+00:00,hyperliquid,HYPE/USDC:USDC,19653806.62,1.25e-05,41.5755
2026-05-02T13:00:00+00:00,hyperliquid,HYPE/USDC:USDC,19670078.47999999,1.25e-05,41.6085
2026-05-02T14:00:00+00:00,hyperliquid,HYPE/USDC:USDC,19692686.79999997,1.25e-05,41.5415
2026-05-02T15:00:00+00:00,hyperliquid,HYPE/USDC:USDC,19646396.01999999,1.25e-05,41.5315
2026-05-02T16:00:00+00:00,hyperliquid,HYPE/USDC:USDC,19640421.999999996,1.25e-05,41.6565
2026-05-02T17:00:00+00:00,hyperliquid,HYPE/USDC:USDC,19647357.900000013,1.25e-05,41.6995
2026-05-02T18:00:00+00:00,hyperliquid,HYPE/USDC:USDC,19639409.340000004,1.25e-05,41.4915
2026-05-02T19:00:00+00:00,hyperliquid,HYPE/USDC:USDC,19625109.74,1.25e-05,41.7865
2026-05-02T20:00:00+00:00,hyperliquid,HYPE/USDC:USDC,19609259.44,1.25e-05,41.5335
2026-05-02T21:00:00+00:00,hyperliquid,HYPE/USDC:USDC,19599760.03999999,1.25e-05,41.4395
2026-05-02T22:00:00+00:00,hyperliquid,HYPE/USDC:USDC,19592566.519999992,1.25e-05,41.3155
2026-05-02T23:00:00+00:00,hyperliquid,HYPE/USDC:USDC,19557704.81999999,1.25e-05,41.3495
2026-05-03T00:00:00+00:00,hyperliquid,HYPE/USDC:USDC,19555161.279999975,1.25e-05,41.279
2026-05-03T01:00:00+00:00,hyperliquid,HYPE/USDC:USDC,19513555.44000001,1.25e-05,41.1645
2026-05-03T02:00:00+00:00,hyperliquid,HYPE/USDC:USDC,19496464.720000003,1.25e-05,41.1175
2026-05-03T03:00:00+00:00,hyperliquid,HYPE/USDC:USDC,19492918.879999984,1.25e-05,40.9105
2026-05-03T04:00:00+00:00,hyperliquid,HYPE/USDC:USDC,19467030.679999996,1.25e-05,41.0435
2026-05-03T05:00:00+00:00,hyperliquid,HYPE/USDC:USDC,19469397.65999999,1.25e-05,40.9355
2026-05-03T06:00:00+00:00,hyperliquid,HYPE/USDC:USDC,19476167.88,1.25e-05,40.9545
2026-05-03T07:00:00+00:00,hyperliquid,HYPE/USDC:USDC,19462573.69999999,1.25e-05,40.9895
2026-05-03T08:00:00+00:00,hyperliquid,HYPE/USDC:USDC,19490811.400000002,1.25e-05,41.0075
2026-05-03T09:00:00+00:00,hyperliquid,HYPE/USDC:USDC,19492847.03999998,1.25e-05,41.1585
2026-05-03T10:00:00+00:00,hyperliquid,HYPE/USDC:USDC,19463931.039999995,1.25e-05,41.0675
2026-05-03T11:00:00+00:00,hyperliquid,HYPE/USDC:USDC,19483000.42,1.25e-05,41.0645
2026-05-03T12:00:00+00:00,hyperliquid,HYPE/USDC:USDC,19443876.020000003,1.25e-05,41.0285
2026-05-03T13:00:00+00:00,hyperliquid,HYPE/USDC:USDC,19436915.69999999,1.25e-05,41.1135
2026-05-03T14:00:00+00:00,hyperliquid,HYPE/USDC:USDC,19416263.340000022,1.25e-05,41.0045
2026-05-03T15:00:00+00:00,hyperliquid,HYPE/USDC:USDC,19488977.280000005,1.25e-05,40.9355
2026-05-03T16:00:00+00:00,hyperliquid,HYPE/USDC:USDC,19474787.099999994,1.25e-05,40.7505
2026-05-03T17:00:00+00:00,hyperliquid,HYPE/USDC:USDC,19616343.279999997,1.25e-05,40.9615
2026-05-03T18:00:00+00:00,hyperliquid,HYPE/USDC:USDC,19644967.20000003,1.25e-05,41.1155
2026-05-03T19:00:00+00:00,hyperliquid,HYPE/USDC:USDC,19661023.399999987,1.25e-05,41.1365
2026-05-03T20:00:00+00:00,hyperliquid,HYPE/USDC:USDC,19688829.259999994,1.25e-05,41.2355
2026-05-03T21:00:00+00:00,hyperliquid,HYPE/USDC:USDC,19752102.45999998,1.25e-05,41.2875
2026-05-03T22:00:00+00:00,hyperliquid,HYPE/USDC:USDC,19728933.779999994,1.25e-05,41.283
2026-05-03T23:00:00+00:00,hyperliquid,HYPE/USDC:USDC,19891924.32000001,1.25e-05,41.7135
2026-05-04T00:00:00+00:00,hyperliquid,HYPE/USDC:USDC,19846260.339999974,1.25e-05,41.5165
2026-05-04T01:00:00+00:00,hyperliquid,HYPE/USDC:USDC,19710978.659999967,1.25e-05,41.2245
2026-05-04T02:00:00+00:00,hyperliquid,HYPE/USDC:USDC,19698719.919999994,1.25e-05,41.7815
2026-05-04T03:00:00+00:00,hyperliquid,HYPE/USDC:USDC,19700980.09999998,1.25e-05,41.9525
2026-05-04T04:00:00+00:00,hyperliquid,HYPE/USDC:USDC,19689381.519999985,1.25e-05,42.1595
2026-05-04T05:00:00+00:00,hyperliquid,HYPE/USDC:USDC,19609711.480000004,1.25e-05,42.518
2026-05-04T06:00:00+00:00,hyperliquid,HYPE/USDC:USDC,19639263.37999998,1.25e-05,42.0535
2026-05-04T07:00:00+00:00,hyperliquid,HYPE/USDC:USDC,19583526.039999984,1.25e-05,41.9455
2026-05-04T08:00:00+00:00,hyperliquid,HYPE/USDC:USDC,19592388.199999996,1.25e-05,41.7645
2026-05-04T09:00:00+00:00,hyperliquid,HYPE/USDC:USDC,19595179.180000007,1.25e-05,41.6665
2026-05-04T10:00:00+00:00,hyperliquid,HYPE/USDC:USDC,19601415.199999962,1.25e-05,41.6625
2026-05-04T11:00:00+00:00,hyperliquid,HYPE/USDC:USDC,19659252.19999999,1.25e-05,41.4065
2026-05-04T12:00:00+00:00,hyperliquid,HYPE/USDC:USDC,19643321.37999997,1.25e-05,41.3575
2026-05-04T13:00:00+00:00,hyperliquid,HYPE/USDC:USDC,19680759.819999997,1.25e-05,41.0735
2026-05-04T14:00:00+00:00,hyperliquid,HYPE/USDC:USDC,19532937.119999982,1.25e-05,40.9605
2026-05-04T15:00:00+00:00,hyperliquid,HYPE/USDC:USDC,19663928.15999997,1.25e-05,41.5925
2026-05-04T16:00:00+00:00,hyperliquid,HYPE/USDC:USDC,19574990.09999999,-1.85734e-05,41.2555
2026-05-04T17:00:00+00:00,hyperliquid,HYPE/USDC:USDC,19556916.29999999,1.25e-05,41.4815
2026-05-04T18:00:00+00:00,hyperliquid,HYPE/USDC:USDC,19646261.91999999,1.25e-05,41.5735
2026-05-04T19:00:00+00:00,hyperliquid,HYPE/USDC:USDC,19652283.48,1.25e-05,41.3975
2026-05-04T20:00:00+00:00,hyperliquid,HYPE/USDC:USDC,19745894.660000004,1.25e-05,41.5315
2026-05-04T21:00:00+00:00,hyperliquid,HYPE/USDC:USDC,19746467.360000018,1.25e-05,41.7005
2026-05-04T22:00:00+00:00,hyperliquid,HYPE/USDC:USDC,19688364.91999999,1.25e-05,42.3825
2026-05-04T23:00:00+00:00,hyperliquid,HYPE/USDC:USDC,19640497.679999996,1.25e-05,42.0205
2026-05-05T00:00:00+00:00,hyperliquid,HYPE/USDC:USDC,19619047.080000117,1.25e-05,41.8875
2026-05-05T01:00:00+00:00,hyperliquid,HYPE/USDC:USDC,19644534.040000007,1.25e-05,42.0435
2026-05-05T02:00:00+00:00,hyperliquid,HYPE/USDC:USDC,19736046.13999997,1.25e-05,42.2115
2026-05-05T03:00:00+00:00,hyperliquid,HYPE/USDC:USDC,19762570.199999984,1.25e-05,42.0955
2026-05-05T04:00:00+00:00,hyperliquid,HYPE/USDC:USDC,19855686.980000008,1.25e-05,42.4405
2026-05-05T05:00:00+00:00,hyperliquid,HYPE/USDC:USDC,19868463.479999974,1.25e-05,42.5225
2026-05-05T06:00:00+00:00,hyperliquid,HYPE/USDC:USDC,19835175.899999995,1.25e-05,42.8345
2026-05-05T07:00:00+00:00,hyperliquid,HYPE/USDC:USDC,19858318.439999994,1.25e-05,43.1335
2026-05-05T08:00:00+00:00,hyperliquid,HYPE/USDC:USDC,19912900.900000002,1.25e-05,43.1575
2026-05-05T09:00:00+00:00,hyperliquid,HYPE/USDC:USDC,19838342.680000044,1.25e-05,43.1465
2026-05-05T10:00:00+00:00,hyperliquid,HYPE/USDC:USDC,19855005.040000007,1.25e-05,42.9055
2026-05-05T11:00:00+00:00,hyperliquid,HYPE/USDC:USDC,20119552.019999996,1.25e-05,43.7025
2026-05-05T12:00:00+00:00,hyperliquid,HYPE/USDC:USDC,20285351.080000035,1.25e-05,43.7985
2026-05-05T13:00:00+00:00,hyperliquid,HYPE/USDC:USDC,20206961.11999995,1.25e-05,43.7875
2026-05-05T14:00:00+00:00,hyperliquid,HYPE/USDC:USDC,20171422.900000002,1.00362e-05,43.6395
2026-05-05T15:00:00+00:00,hyperliquid,HYPE/USDC:USDC,20149262.619999994,1.25e-05,43.9475
2026-05-05T16:00:00+00:00,hyperliquid,HYPE/USDC:USDC,20231098.419999983,1.25e-05,44.0715
2026-05-05T17:00:00+00:00,hyperliquid,HYPE/USDC:USDC,20108744.499999996,-1.4081e-05,43.9805
2026-05-05T18:00:00+00:00,hyperliquid,HYPE/USDC:USDC,20246355.899999943,1.25e-05,44.3
2026-05-05T19:00:00+00:00,hyperliquid,HYPE/USDC:USDC,20337512.26,1.25e-05,44.2255
2026-05-05T20:00:00+00:00,hyperliquid,HYPE/USDC:USDC,20364562.259999976,1.25e-05,44.2275
2026-05-05T21:00:00+00:00,hyperliquid,HYPE/USDC:USDC,20488289.139999986,1.25e-05,44.5055
2026-05-05T22:00:00+00:00,hyperliquid,HYPE/USDC:USDC,20450412.600000013,1.25e-05,44.3665
2026-05-05T23:00:00+00:00,hyperliquid,HYPE/USDC:USDC,20490372.54000001,1.25e-05,44.092
2026-05-06T00:00:00+00:00,hyperliquid,HYPE/USDC:USDC,20341683.93999998,1.25e-05,43.7835
2026-05-06T01:00:00+00:00,hyperliquid,HYPE/USDC:USDC,20307120.259999998,-1.07572e-05,43.7065
2026-05-06T02:00:00+00:00,hyperliquid,HYPE/USDC:USDC,20264359.459999997,-2.1747e-05,43.9885
2026-05-06T03:00:00+00:00,hyperliquid,HYPE/USDC:USDC,20171854.279999997,1.25e-05,43.9785
2026-05-06T04:00:00+00:00,hyperliquid,HYPE/USDC:USDC,20180365.179999985,1.8293e-06,44.1735
2026-05-06T05:00:00+00:00,hyperliquid,HYPE/USDC:USDC,20121230.980000004,-3.24425e-05,43.9605
2026-05-06T06:00:00+00:00,hyperliquid,HYPE/USDC:USDC,20113036.47999999,-1.70804e-05,43.9485
2026-05-06T07:00:00+00:00,hyperliquid,HYPE/USDC:USDC,20243238.780000024,1.11813e-05,44.275
2026-05-06T08:00:00+00:00,hyperliquid,HYPE/USDC:USDC,20182562.260000017,-4.5425e-06,44.4135
2026-05-06T09:00:00+00:00,hyperliquid,HYPE/USDC:USDC,20190653.919999987,-3.14055e-05,44.0075
2026-05-06T10:00:00+00:00,hyperliquid,HYPE/USDC:USDC,20199065.83999999,-5.9873e-06,44.0845
2026-05-06T11:00:00+00:00,hyperliquid,HYPE/USDC:USDC,20260988.77999999,-5.27397e-05,44.4595
2026-05-06T12:00:00+00:00,hyperliquid,HYPE/USDC:USDC,20364347.840000015,-1.58312e-05,44.6785
2026-05-06T13:00:00+00:00,hyperliquid,HYPE/USDC:USDC,20266844.52000002,-4.33833e-05,44.2895
2026-05-06T14:00:00+00:00,hyperliquid,HYPE/USDC:USDC,20083933.42000003,1.25e-05,43.7335
2026-05-06T15:00:00+00:00,hyperliquid,HYPE/USDC:USDC,20147976.059999987,4.5445e-05,43.645
2026-05-06T16:00:00+00:00,hyperliquid,HYPE/USDC:USDC,19892658.739999995,1.25e-05,43.4675
2026-05-06T17:00:00+00:00,hyperliquid,HYPE/USDC:USDC,20045321.680000015,9.6937e-06,43.3155
2026-05-06T18:00:00+00:00,hyperliquid,HYPE/USDC:USDC,19998393.09999999,1.25e-05,42.9715
2026-05-06T19:00:00+00:00,hyperliquid,HYPE/USDC:USDC,19935864.70000001,1.25e-05,43.2375
2026-05-06T20:00:00+00:00,hyperliquid,HYPE/USDC:USDC,19910550.659999985,1.25e-05,43.3165
2026-05-06T21:00:00+00:00,hyperliquid,HYPE/USDC:USDC,19901785.64,1.25e-05,43.1675
2026-05-06T22:00:00+00:00,hyperliquid,HYPE/USDC:USDC,20021236.799999993,1.25e-05,43.2865
2026-05-06T23:00:00+00:00,hyperliquid,HYPE/USDC:USDC,20006483.199999984,1.25e-05,42.9725
2026-05-07T00:00:00+00:00,hyperliquid,HYPE/USDC:USDC,20022840.459999986,1.25e-05,43.1535
2026-05-07T01:00:00+00:00,hyperliquid,HYPE/USDC:USDC,19983609.760000024,2.62791e-05,42.9145
2026-05-07T02:00:00+00:00,hyperliquid,HYPE/USDC:USDC,20026421.259999994,1.25e-05,42.6445
2026-05-07T03:00:00+00:00,hyperliquid,HYPE/USDC:USDC,19980264.139999997,4.29105e-05,42.5515
2026-05-07T04:00:00+00:00,hyperliquid,HYPE/USDC:USDC,19928852.599999987,6.37035e-05,42.3625
2026-05-07T05:00:00+00:00,hyperliquid,HYPE/USDC:USDC,20035036.519999992,3.67825e-05,42.7225
2026-05-07T06:00:00+00:00,hyperliquid,HYPE/USDC:USDC,20117312.679999992,1.25e-05,42.9905
2026-05-07T07:00:00+00:00,hyperliquid,HYPE/USDC:USDC,20103206.380000006,1.25e-05,43.0475
2026-05-07T08:00:00+00:00,hyperliquid,HYPE/USDC:USDC,20129344.580000006,1.25e-05,43.3305
2026-05-07T09:00:00+00:00,hyperliquid,HYPE/USDC:USDC,20122326.680000003,1.25e-05,42.8545
2026-05-07T10:00:00+00:00,hyperliquid,HYPE/USDC:USDC,20099999.560000002,1.25e-05,42.8165
2026-05-07T11:00:00+00:00,hyperliquid,HYPE/USDC:USDC,20029199.04,1.25e-05,42.7805
2026-05-07T12:00:00+00:00,hyperliquid,HYPE/USDC:USDC,20021774.92000001,1.25e-05,42.8085
2026-05-07T13:00:00+00:00,hyperliquid,HYPE/USDC:USDC,20069077.36,1.25e-05,43.0805
2026-05-07T14:00:00+00:00,hyperliquid,HYPE/USDC:USDC,20014026.46,1.25e-05,42.5125
2026-05-07T15:00:00+00:00,hyperliquid,HYPE/USDC:USDC,20047197.460000005,1.25e-05,42.3605
2026-05-07T16:00:00+00:00,hyperliquid,HYPE/USDC:USDC,19989009.640000004,1.25e-05,42.0575
2026-05-07T17:00:00+00:00,hyperliquid,HYPE/USDC:USDC,19868691.05999999,1.25e-05,42.1455
2026-05-07T18:00:00+00:00,hyperliquid,HYPE/USDC:USDC,19898298.899999987,1.25e-05,42.5075
2026-05-07T19:00:00+00:00,hyperliquid,HYPE/USDC:USDC,19872068.980000008,1.25e-05,42.2015
2026-05-07T20:00:00+00:00,hyperliquid,HYPE/USDC:USDC,19827119.63999999,1.25e-05,42.449
2026-05-07T21:00:00+00:00,hyperliquid,HYPE/USDC:USDC,19854885.759999976,1.25e-05,42.4175
2026-05-07T22:00:00+00:00,hyperliquid,HYPE/USDC:USDC,19853816.579999976,1.25e-05,42.4525
2026-05-07T23:00:00+00:00,hyperliquid,HYPE/USDC:USDC,19846958.95999999,1.25e-05,42.5295
2026-05-08T00:00:00+00:00,hyperliquid,HYPE/USDC:USDC,19838306.64,1.25e-05,42.5815
2026-05-08T01:00:00+00:00,hyperliquid,HYPE/USDC:USDC,19884292.2,1.25e-05,42.6315
2026-05-08T02:00:00+00:00,hyperliquid,HYPE/USDC:USDC,19866348.61999999,1.25e-05,42.4265
2026-05-08T03:00:00+00:00,hyperliquid,HYPE/USDC:USDC,19848302.439999975,1.25e-05,42.2725
2026-05-08T04:00:00+00:00,hyperliquid,HYPE/USDC:USDC,19904351.840000007,1.25e-05,42.2795
2026-05-08T05:00:00+00:00,hyperliquid,HYPE/USDC:USDC,19911435.17999999,1.25e-05,42.1015
2026-05-08T06:00:00+00:00,hyperliquid,HYPE/USDC:USDC,19905809.799999986,1.25e-05,42.274
2026-05-08T07:00:00+00:00,hyperliquid,HYPE/USDC:USDC,19916997.480000008,1.25e-05,42.2515
2026-05-08T08:00:00+00:00,hyperliquid,HYPE/USDC:USDC,19962171.420000006,1.25e-05,42.7695
2026-05-08T09:00:00+00:00,hyperliquid,HYPE/USDC:USDC,20013204.46,1.25e-05,42.6755
2026-05-08T10:00:00+00:00,hyperliquid,HYPE/USDC:USDC,20003259.880000006,1.25e-05,42.6655
2026-05-08T11:00:00+00:00,hyperliquid,HYPE/USDC:USDC,19973525.56,1.25e-05,42.4505
2026-05-08T12:00:00+00:00,hyperliquid,HYPE/USDC:USDC,19967511.120000023,3.5563e-06,42.5805
2026-05-08T13:00:00+00:00,hyperliquid,HYPE/USDC:USDC,19970084.439999983,1.25e-05,42.5115
2026-05-08T14:00:00+00:00,hyperliquid,HYPE/USDC:USDC,19954070.580000002,1.25e-05,42.4095
2026-05-08T15:00:00+00:00,hyperliquid,HYPE/USDC:USDC,20059586.32,1.25e-05,42.8065
2026-05-08T16:00:00+00:00,hyperliquid,HYPE/USDC:USDC,20051117.500000015,1.25e-05,43.0225
2026-05-08T17:00:00+00:00,hyperliquid,HYPE/USDC:USDC,20086555.06000001,1.25e-05,42.8225
2026-05-08T18:00:00+00:00,hyperliquid,HYPE/USDC:USDC,20101129.600000046,1.25e-05,43.1085
2026-05-08T19:00:00+00:00,hyperliquid,HYPE/USDC:USDC,20209981.900000013,1.25e-05,43.2255
2026-05-08T20:00:00+00:00,hyperliquid,HYPE/USDC:USDC,20179772.839999963,1.25e-05,43.0995
2026-05-08T21:00:00+00:00,hyperliquid,HYPE/USDC:USDC,20210904.679999992,1.25e-05,43.1605
2026-05-08T22:00:00+00:00,hyperliquid,HYPE/USDC:USDC,20208395.42,1.25e-05,43.2675
2026-05-08T23:00:00+00:00,hyperliquid,HYPE/USDC:USDC,20246750.46,1.25e-05,43.2925
2026-05-09T00:00:00+00:00,hyperliquid,HYPE/USDC:USDC,20271627.560000006,1.25e-05,43.2765
2026-05-09T01:00:00+00:00,hyperliquid,HYPE/USDC:USDC,20263141.80000001,1.25e-05,43.2945
2026-05-09T02:00:00+00:00,hyperliquid,HYPE/USDC:USDC,20334019.540000007,1.25e-05,43.8545
2026-05-09T03:00:00+00:00,hyperliquid,HYPE/USDC:USDC,20327654.519999996,1.25e-05,43.8145
2026-05-09T04:00:00+00:00,hyperliquid,HYPE/USDC:USDC,20406431.15999999,1.25e-05,44.1825
2026-05-09T05:00:00+00:00,hyperliquid,HYPE/USDC:USDC,20403468.020000007,1.25e-05,43.889
2026-05-09T06:00:00+00:00,hyperliquid,HYPE/USDC:USDC,20426082.279999994,1.25e-05,44.2595
2026-05-09T07:00:00+00:00,hyperliquid,HYPE/USDC:USDC,20435034.680000003,1.25e-05,43.9685
2026-05-09T08:00:00+00:00,hyperliquid,HYPE/USDC:USDC,20428301.86,1.25e-05,43.9375
2026-05-09T09:00:00+00:00,hyperliquid,HYPE/USDC:USDC,20423271.84000002,1.25e-05,43.9325
2026-05-09T10:00:00+00:00,hyperliquid,HYPE/USDC:USDC,20362031.860000003,1.25e-05,43.5595
2026-05-09T11:00:00+00:00,hyperliquid,HYPE/USDC:USDC,20318855.699999988,1.25e-05,43.6185
2026-05-09T12:00:00+00:00,hyperliquid,HYPE/USDC:USDC,20316993.879999995,1.25e-05,43.8285
2026-05-09T13:00:00+00:00,hyperliquid,HYPE/USDC:USDC,20335404.14,1.25e-05,43.7305
2026-05-09T14:00:00+00:00,hyperliquid,HYPE/USDC:USDC,20329855.200000003,1.21279e-05,43.5755
2026-05-09T15:00:00+00:00,hyperliquid,HYPE/USDC:USDC,20321572.639999982,1.25e-05,43.2095
2026-05-09T16:00:00+00:00,hyperliquid,HYPE/USDC:USDC,20363040.719999988,1.18566e-05,43.0835
2026-05-09T17:00:00+00:00,hyperliquid,HYPE/USDC:USDC,20346075.620000016,1.25e-05,42.9895
2026-05-09T18:00:00+00:00,hyperliquid,HYPE/USDC:USDC,20409157.33999998,1.25e-05,42.9745
2026-05-09T19:00:00+00:00,hyperliquid,HYPE/USDC:USDC,20496970.519999996,1.01565e-05,42.9915
2026-05-09T20:00:00+00:00,hyperliquid,HYPE/USDC:USDC,20542936.260000005,1.25e-05,43.0845
2026-05-09T21:00:00+00:00,hyperliquid,HYPE/USDC:USDC,20494284.41999999,1.25e-05,42.8925
2026-05-09T22:00:00+00:00,hyperliquid,HYPE/USDC:USDC,20499875.860000014,-1.81442e-05,42.9555
2026-05-09T23:00:00+00:00,hyperliquid,HYPE/USDC:USDC,20539379.70000001,1.25e-05,43.0405
2026-05-10T00:00:00+00:00,hyperliquid,HYPE/USDC:USDC,20472959.219999984,1.25e-05,42.7725
2026-05-10T01:00:00+00:00,hyperliquid,HYPE/USDC:USDC,20444289.159999993,1.15926e-05,42.5925
2026-05-10T02:00:00+00:00,hyperliquid,HYPE/USDC:USDC,20436220.05999999,1.25e-05,42.5515
2026-05-10T03:00:00+00:00,hyperliquid,HYPE/USDC:USDC,20422130.28,1.25e-05,42.6385
2026-05-10T04:00:00+00:00,hyperliquid,HYPE/USDC:USDC,20476004.47999999,1.25e-05,42.9055
2026-05-10T05:00:00+00:00,hyperliquid,HYPE/USDC:USDC,20466085.019999985,-4.403e-06,42.8105
2026-05-10T06:00:00+00:00,hyperliquid,HYPE/USDC:USDC,20485552.58,9.5688e-06,42.9815
2026-05-10T07:00:00+00:00,hyperliquid,HYPE/USDC:USDC,20490266.13999998,1.25e-05,43.0735
2026-05-10T08:00:00+00:00,hyperliquid,HYPE/USDC:USDC,20478178.679999974,-8.1531e-06,43.0255
2026-05-10T09:00:00+00:00,hyperliquid,HYPE/USDC:USDC,20455250.540000007,1.25e-05,43.1225
2026-05-10T10:00:00+00:00,hyperliquid,HYPE/USDC:USDC,20448328.63999999,1.25e-05,42.8545
2026-05-10T11:00:00+00:00,hyperliquid,HYPE/USDC:USDC,20462607.69999999,1.25e-05,42.9055
2026-05-10T12:00:00+00:00,hyperliquid,HYPE/USDC:USDC,20461505.880000003,-3.84241e-05,42.7495
2026-05-10T13:00:00+00:00,hyperliquid,HYPE/USDC:USDC,20465058.780000012,1.25e-05,42.6925
2026-05-10T14:00:00+00:00,hyperliquid,HYPE/USDC:USDC,20445848.480000008,1.19212e-05,42.9675
2026-05-10T15:00:00+00:00,hyperliquid,HYPE/USDC:USDC,20451901.660000008,1.25e-05,42.9675
2026-05-10T16:00:00+00:00,hyperliquid,HYPE/USDC:USDC,20486783.31999999,1.25e-05,43.2585
2026-05-10T17:00:00+00:00,hyperliquid,HYPE/USDC:USDC,20451816.259999994,1.25e-05,43.146
2026-05-10T18:00:00+00:00,hyperliquid,HYPE/USDC:USDC,20435504.04000001,1.25e-05,43.6245
2026-05-10T19:00:00+00:00,hyperliquid,HYPE/USDC:USDC,20376911.599999994,-4.16635e-05,43.3265
2026-05-10T20:00:00+00:00,hyperliquid,HYPE/USDC:USDC,20401106.27999999,1.25e-05,43.4045
2026-05-10T21:00:00+00:00,hyperliquid,HYPE/USDC:USDC,20292445.27999996,1.25e-05,42.5305
2026-05-10T22:00:00+00:00,hyperliquid,HYPE/USDC:USDC,20246643.900000002,-2.7532e-05,42.332
2026-05-10T23:00:00+00:00,hyperliquid,HYPE/USDC:USDC,20271987.020000003,-3.6744e-06,42.8995
2026-05-11T00:00:00+00:00,hyperliquid,HYPE/USDC:USDC,20321443.67999998,1.25e-05,43.0735
2026-05-11T01:00:00+00:00,hyperliquid,HYPE/USDC:USDC,20289880.399999995,4.8132e-06,42.5505
2026-05-11T02:00:00+00:00,hyperliquid,HYPE/USDC:USDC,20272953.739999983,-1.64073e-05,42.5775
2026-05-11T03:00:00+00:00,hyperliquid,HYPE/USDC:USDC,20319238.479999986,-2.12584e-05,42.2835
2026-05-11T04:00:00+00:00,hyperliquid,HYPE/USDC:USDC,20253349.84000002,-5.9206e-06,42.1235
2026-05-11T05:00:00+00:00,hyperliquid,HYPE/USDC:USDC,20239611.719999995,-2.89195e-05,42.0725
2026-05-11T06:00:00+00:00,hyperliquid,HYPE/USDC:USDC,20197012.299999986,1.25e-05,42.0295
2026-05-11T07:00:00+00:00,hyperliquid,HYPE/USDC:USDC,20264479.41999999,1.25e-05,41.8715
2026-05-11T08:00:00+00:00,hyperliquid,HYPE/USDC:USDC,20222767.499999985,1.25e-05,41.8555
2026-05-11T09:00:00+00:00,hyperliquid,HYPE/USDC:USDC,20203410.179999992,1.25e-05,41.7655
2026-05-11T10:00:00+00:00,hyperliquid,HYPE/USDC:USDC,20191812.16000003,1.25e-05,41.9045
2026-05-11T11:00:00+00:00,hyperliquid,HYPE/USDC:USDC,20211225.72000001,1.25e-05,41.5445
2026-05-11T12:00:00+00:00,hyperliquid,HYPE/USDC:USDC,20209436.659999993,1.25e-05,41.4165
2026-05-11T13:00:00+00:00,hyperliquid,HYPE/USDC:USDC,20281633.060000014,1.25e-05,41.3225
2026-05-11T14:00:00+00:00,hyperliquid,HYPE/USDC:USDC,20387012.119999982,1.25e-05,41.2865
2026-05-11T15:00:00+00:00,hyperliquid,HYPE/USDC:USDC,20289818.14,1.25e-05,40.9985
2026-05-11T16:00:00+00:00,hyperliquid,HYPE/USDC:USDC,20241617.059999973,1.25e-05,41.5385
2026-05-11T17:00:00+00:00,hyperliquid,HYPE/USDC:USDC,20389521.53999998,1.25e-05,41.7175
2026-05-11T18:00:00+00:00,hyperliquid,HYPE/USDC:USDC,20217812.04,-3.90266e-05,41.9325
2026-05-11T19:00:00+00:00,hyperliquid,HYPE/USDC:USDC,20226884.300000004,-2.95477e-05,42.0815
2026-05-11T20:00:00+00:00,hyperliquid,HYPE/USDC:USDC,20140518.359999992,-2.60187e-05,42.1285
2026-05-11T21:00:00+00:00,hyperliquid,HYPE/USDC:USDC,20133539.159999978,-5.43656e-05,41.9895
2026-05-11T22:00:00+00:00,hyperliquid,HYPE/USDC:USDC,20092941.97999999,1.25e-05,41.9315
2026-05-11T23:00:00+00:00,hyperliquid,HYPE/USDC:USDC,20081075.419999983,-1.63109e-05,41.9245
2026-05-12T00:00:00+00:00,hyperliquid,HYPE/USDC:USDC,20159090.999999993,3.4472e-06,42.0085
2026-05-12T01:00:00+00:00,hyperliquid,HYPE/USDC:USDC,20043104.279999986,8.9154e-06,41.5905
2026-05-12T02:00:00+00:00,hyperliquid,HYPE/USDC:USDC,19982027.459999997,1.25e-05,41.3825
2026-05-12T03:00:00+00:00,hyperliquid,HYPE/USDC:USDC,20031864.47999999,1.25e-05,41.1965
2026-05-12T04:00:00+00:00,hyperliquid,HYPE/USDC:USDC,20014761.76,1.25e-05,40.9835
2026-05-12T05:00:00+00:00,hyperliquid,HYPE/USDC:USDC,20056131.980000004,1.25e-05,41.2075
2026-05-12T06:00:00+00:00,hyperliquid,HYPE/USDC:USDC,20027047.939999998,1.25e-05,41.2925
2026-05-12T07:00:00+00:00,hyperliquid,HYPE/USDC:USDC,20013823.88,1.25e-05,41.0765
2026-05-12T08:00:00+00:00,hyperliquid,HYPE/USDC:USDC,20000717.51999999,1.25e-05,41.2535
2026-05-12T09:00:00+00:00,hyperliquid,HYPE/USDC:USDC,20093934.98,1.25e-05,41.2415
2026-05-12T10:00:00+00:00,hyperliquid,HYPE/USDC:USDC,20071207.360000003,1.25e-05,41.0595
2026-05-12T11:00:00+00:00,hyperliquid,HYPE/USDC:USDC,20138009.239999957,1.25e-05,40.7785
2026-05-12T12:00:00+00:00,hyperliquid,HYPE/USDC:USDC,20206257.479999986,-6.5792e-06,41.0995
2026-05-12T13:00:00+00:00,hyperliquid,HYPE/USDC:USDC,20255746.05999998,1.25e-05,40.8425
2026-05-12T14:00:00+00:00,hyperliquid,HYPE/USDC:USDC,20266391.699999973,1.25e-05,40.6855
2026-05-12T15:00:00+00:00,hyperliquid,HYPE/USDC:USDC,20572754.23999999,1.25e-05,40.3165
2026-05-12T16:00:00+00:00,hyperliquid,HYPE/USDC:USDC,20406316.55999998,1.25e-05,40.3665
2026-05-12T17:00:00+00:00,hyperliquid,HYPE/USDC:USDC,20409434.219999995,1.25e-05,39.9125
2026-05-12T18:00:00+00:00,hyperliquid,HYPE/USDC:USDC,20415849.30000001,1.25e-05,40.2125
2026-05-12T19:00:00+00:00,hyperliquid,HYPE/USDC:USDC,20397402.879999988,1.25e-05,40.2265
2026-05-12T20:00:00+00:00,hyperliquid,HYPE/USDC:USDC,20431141.099999994,1.25e-05,40.4315
2026-05-12T21:00:00+00:00,hyperliquid,HYPE/USDC:USDC,20478743.139999963,1.25e-05,40.2995
2026-05-12T22:00:00+00:00,hyperliquid,HYPE/USDC:USDC,20496753.500000007,1.25e-05,40.4755
2026-05-12T23:00:00+00:00,hyperliquid,HYPE/USDC:USDC,20526301.379999995,1.25e-05,40.4895
2026-05-13T00:00:00+00:00,hyperliquid,HYPE/USDC:USDC,20518829.53999998,1.25e-05,40.128
2026-05-13T01:00:00+00:00,hyperliquid,HYPE/USDC:USDC,20525845.27999998,1.25e-05,40.3635
2026-05-13T02:00:00+00:00,hyperliquid,HYPE/USDC:USDC,20503360.119999994,1.25e-05,40.4445
2026-05-13T03:00:00+00:00,hyperliquid,HYPE/USDC:USDC,20554759.580000002,1.25e-05,40.4475
2026-05-13T04:00:00+00:00,hyperliquid,HYPE/USDC:USDC,20589390.639999993,1.25e-05,40.4245
2026-05-13T05:00:00+00:00,hyperliquid,HYPE/USDC:USDC,20595094.059999995,1.25e-05,40.2015
2026-05-13T06:00:00+00:00,hyperliquid,HYPE/USDC:USDC,20530047.999999985,-8.3057e-06,39.9185
2026-05-13T07:00:00+00:00,hyperliquid,HYPE/USDC:USDC,20543992.57999997,-4.6677e-06,40.2495
2026-05-13T08:00:00+00:00,hyperliquid,HYPE/USDC:USDC,20569439.89999998,-2.16391e-05,40.1145
2026-05-13T09:00:00+00:00,hyperliquid,HYPE/USDC:USDC,20551024.61999999,-1.0678e-05,40.1025
2026-05-13T10:00:00+00:00,hyperliquid,HYPE/USDC:USDC,20589131.140000015,1.25e-05,39.8235
2026-05-13T11:00:00+00:00,hyperliquid,HYPE/USDC:USDC,20576615.560000017,1.25e-05,39.5155
2026-05-13T12:00:00+00:00,hyperliquid,HYPE/USDC:USDC,20575826.200000018,1.25e-05,39.3295
2026-05-13T13:00:00+00:00,hyperliquid,HYPE/USDC:USDC,20330491.800000016,1.25e-05,39.3435
2026-05-13T14:00:00+00:00,hyperliquid,HYPE/USDC:USDC,20362939.560000006,1.25e-05,39.3285
2026-05-13T15:00:00+00:00,hyperliquid,HYPE/USDC:USDC,20537271.120000012,2.83275e-05,39.1155
2026-05-13T16:00:00+00:00,hyperliquid,HYPE/USDC:USDC,20551230.460000016,3.31834e-05,39.111
2026-05-13T17:00:00+00:00,hyperliquid,HYPE/USDC:USDC,20566701.259999957,1.25e-05,39.2135
2026-05-13T18:00:00+00:00,hyperliquid,HYPE/USDC:USDC,20585889.879999988,1.25e-05,39.1745
2026-05-13T19:00:00+00:00,hyperliquid,HYPE/USDC:USDC,20635540.85999999,1.25e-05,39.1345
2026-05-13T20:00:00+00:00,hyperliquid,HYPE/USDC:USDC,20731990.179999985,1.25e-05,39.0775
2026-05-13T21:00:00+00:00,hyperliquid,HYPE/USDC:USDC,20755968.05999999,1.25e-05,38.9495
2026-05-13T22:00:00+00:00,hyperliquid,HYPE/USDC:USDC,20911222.400000002,1.25e-05,38.7525
2026-05-13T23:00:00+00:00,hyperliquid,HYPE/USDC:USDC,20943480.580000006,1.25e-05,38.9445
2026-05-14T00:00:00+00:00,hyperliquid,HYPE/USDC:USDC,20870130.34000001,1.25e-05,38.8075
2026-05-14T01:00:00+00:00,hyperliquid,HYPE/USDC:USDC,20873637.580000002,1.25e-05,38.832
2026-05-14T02:00:00+00:00,hyperliquid,HYPE/USDC:USDC,20875928.46,1.25e-05,38.9335
2026-05-14T03:00:00+00:00,hyperliquid,HYPE/USDC:USDC,20918905.640000023,1.25e-05,38.7275
2026-05-14T04:00:00+00:00,hyperliquid,HYPE/USDC:USDC,20846831.660000008,1.25e-05,38.367
2026-05-14T05:00:00+00:00,hyperliquid,HYPE/USDC:USDC,20761573.96000001,1.25e-05,38.6505
2026-05-14T06:00:00+00:00,hyperliquid,HYPE/USDC:USDC,20682692.72,1.25e-05,39.2395
2026-05-14T07:00:00+00:00,hyperliquid,HYPE/USDC:USDC,20668598.279999968,1.25e-05,39.1395
2026-05-14T08:00:00+00:00,hyperliquid,HYPE/USDC:USDC,20683543.379999988,1.25e-05,38.8885
2026-05-14T09:00:00+00:00,hyperliquid,HYPE/USDC:USDC,20650377.939999998,1.25e-05,38.9955
2026-05-14T10:00:00+00:00,hyperliquid,HYPE/USDC:USDC,20742278.499999985,1.25e-05,39.0995
2026-05-14T11:00:00+00:00,hyperliquid,HYPE/USDC:USDC,20691837.53999999,-6.8452e-06,39.0635
2026-05-14T12:00:00+00:00,hyperliquid,HYPE/USDC:USDC,20780965.820000004,1.25e-05,39.3085
2026-05-14T13:00:00+00:00,hyperliquid,HYPE/USDC:USDC,21458638.339999963,1.25e-05,40.0215
2026-05-14T14:00:00+00:00,hyperliquid,HYPE/USDC:USDC,21928442.03999999,9.56817e-05,41.359
2026-05-14T15:00:00+00:00,hyperliquid,HYPE/USDC:USDC,21870830.25999998,1.90186e-05,42.2115
2026-05-14T16:00:00+00:00,hyperliquid,HYPE/USDC:USDC,21786975.840000037,1.25e-05,42.5755
2026-05-14T17:00:00+00:00,hyperliquid,HYPE/USDC:USDC,21812746.959999997,1.25e-05,43.7345
2026-05-14T18:00:00+00:00,hyperliquid,HYPE/USDC:USDC,21548084.81999999,3.2185e-06,43.8175
2026-05-14T19:00:00+00:00,hyperliquid,HYPE/USDC:USDC,21829556.29999997,1.25e-05,44.4685
2026-05-14T20:00:00+00:00,hyperliquid,HYPE/USDC:USDC,21877066.49999996,1.25e-05,44.2495
2026-05-14T21:00:00+00:00,hyperliquid,HYPE/USDC:USDC,21518943.89999999,-1.5792e-06,44.2855
2026-05-14T22:00:00+00:00,hyperliquid,HYPE/USDC:USDC,21293197.840000004,1.25e-05,43.9245
2026-05-14T23:00:00+00:00,hyperliquid,HYPE/USDC:USDC,21343516.04000003,1.25e-05,44.1585
2026-05-15T00:00:00+00:00,hyperliquid,HYPE/USDC:USDC,21434065.540000003,1.25e-05,44.2275
2026-05-15T01:00:00+00:00,hyperliquid,HYPE/USDC:USDC,21504480.64000001,1.25e-05,45.3545
2026-05-15T02:00:00+00:00,hyperliquid,HYPE/USDC:USDC,22050145.640000015,1.25e-05,45.9425
2026-05-15T03:00:00+00:00,hyperliquid,HYPE/USDC:USDC,22235853.32000003,1.25e-05,46.7355
2026-05-15T04:00:00+00:00,hyperliquid,HYPE/USDC:USDC,22281686.799999997,1.25e-05,46.4735
2026-05-15T05:00:00+00:00,hyperliquid,HYPE/USDC:USDC,22068813.619999938,1.25e-05,46.3755
2026-05-15T06:00:00+00:00,hyperliquid,HYPE/USDC:USDC,21573323.379999995,1.25e-05,45.8685
2026-05-15T07:00:00+00:00,hyperliquid,HYPE/USDC:USDC,21610678.579999994,1.25e-05,45.9025
2026-05-15T08:00:00+00:00,hyperliquid,HYPE/USDC:USDC,21635222.23999999,1.25e-05,46.2075
2026-05-15T09:00:00+00:00,hyperliquid,HYPE/USDC:USDC,21639574.32000001,3.26949e-05,45.4585
2026-05-15T10:00:00+00:00,hyperliquid,HYPE/USDC:USDC,21648320.360000007,1.25e-05,45.3495
2026-05-15T11:00:00+00:00,hyperliquid,HYPE/USDC:USDC,21689545.319999993,1.25e-05,45.4755
2026-05-15T12:00:00+00:00,hyperliquid,HYPE/USDC:USDC,21725612.519999996,-1.44582e-05,45.5025
2026-05-15T13:00:00+00:00,hyperliquid,HYPE/USDC:USDC,22556619.14000005,6.70482e-05,43.0595
2026-05-15T14:00:00+00:00,hyperliquid,HYPE/USDC:USDC,22789786.280000012,1.25e-05,43.7285
2026-05-15T15:00:00+00:00,hyperliquid,HYPE/USDC:USDC,23283287.04000002,1.25e-05,43.9485
2026-05-15T16:00:00+00:00,hyperliquid,HYPE/USDC:USDC,23118779.500000026,7.2224e-06,43.9165
2026-05-15T17:00:00+00:00,hyperliquid,HYPE/USDC:USDC,23061863.899999972,1.25e-05,44.1025
